time_min,time_days,m_sodium_mEq,v_ecf_L,prc_pg_per_mL,agt_fmol_per_mL,angi_fmol_per_mL,angii_fmol_per_mL,ang17_fmol_per_mL,angiv_fmol_per_mL,at1_bound_fmol_per_mL,at2_bound_fmol_per_mL,n_aldo,n_adh,baro_integral_min,ra_integral_min,vascularity,a_auto,a_baro,a_chemo,alpha_map,alpha_rap,arterial_resistance_mmHg_min_per_L,at1_bound_pg_per_mL,autonomic_adh_stimulus,basic_venous_resistance_mmHg_min_per_L,beta_rsna,blood_volume_L,c_adh_mU_per_L,c_aldo_ng_per_L,c_anp_hat,c_sodium_mEq_per_L,cardiac_output_L_per_min,cardiovascular_algebraic_residual_L_per_min,d_vascularity_per_min,delta_ra,delta_rihp_mmHg,epsilon_aum,epsilon_aum_adh,eta_cd,eta_dt,eta_pt,gamma_at1_tubule,gamma_filtered_sodium,gamma_rihp_cd,gamma_rihp_dt,gamma_rihp_pt,gamma_rsna_tubule,gfr_L_per_min,gfr_mL_per_min,implied_p_gh_mmHg,lambda_aldo_cd,lambda_anp,lambda_dt,mean_filling_pressure_mmHg,mu_adh,mu_aldo,n_adh_stimulus,n_aldo_stimulus,net_filtration_pressure_mmHg,p_b_cvp_mmHg,p_b_total_mmHg,p_gh_mmHg,p_gh_residual_mmHg,p_ma_mmHg,p_peritubular_mmHg,p_ra_mmHg,p_ra_raw_mmHg,phi_cd_reab_mEq_per_min,phi_dt_reab_mEq_per_min,phi_dt_sodium_mEq_per_min,phi_filtered_sodium_mEq_per_min,phi_md_sodium_mEq_per_min,phi_pt_reab_mEq_per_min,phi_tubular_water_reab_L_per_min,phi_urine_L_per_min,phi_urine_sodium_mEq_per_min,phi_water_in_L_per_min,pra_fmol_per_mL_per_min,psi_aldo_dt,psi_at1_aa,psi_at1_ea,psi_at1_preglom,r_aa_equivalent_mmHg_min_per_L,r_aa_single_mmHg_min_per_L,r_ea_equivalent_mmHg_min_per_L,r_ea_single_mmHg_min_per_L,r_preglom_mmHg_min_per_L,r_renal_mmHg_min_per_L,raw_v_at1,raw_v_md,raw_v_rsna,renal_blood_flow_L_per_min,renin_secretion_pg_per_mL_per_min,rsna,sigma_myo,sigma_tgf,sngfr_nL_per_min,sodium_adh_stimulus,sodium_intake_mEq_per_min,total_peripheral_resistance_mmHg_min_per_L,v_at1,v_md,v_rsna,vascularity,vascularity_destruction_per_min,vascularity_formation_per_min,venous_return_L_per_min,venous_return_resistance_mmHg_min_per_L,xi_at1,xi_k_sodium,xi_map
0.000000000000000000e+00,0.000000000000000000e+00,2.078067722193589816e+03,1.455389788539559959e+01,3.120844931479960138e+01,4.719962153689790284e+05,1.364889105142309944e+01,7.201935217769910302e+00,2.329838855661330044e+01,2.034746760431540125e+00,2.452086308741330001e+01,8.104353054314579197e+00,1.398430916791749912e+00,6.019913046987930283e-01,9.760737791209350007e+02,-8.970778869498499120e+00,1.080219019864820051e+00,1.086805494756500678e+00,7.500000000000091038e-01,2.717013736891251696e-01,1.185868131776307788e+00,1.000000000000000000e+00,1.570074447065564271e+01,2.565323654479004745e+01,2.170137368913427345e-02,3.399999999999999911e+00,1.278802197664461682e+00,4.939519124917522319e+00,2.407965218795172113e+00,1.188666279272987367e+02,1.017338892269923356e+00,1.427842725404077839e+02,4.839208550225182037e+00,-1.891820033961266745e-13,4.404571325722361763e-19,-3.444293461551950486e-15,0.000000000000000000e+00,1.021701373689134273e+00,1.021701373689134273e+00,9.336950659840858036e-01,5.031520295396928466e-01,6.155355083215949819e-01,1.008094318145335011e+00,8.824259341751337082e-01,1.000000000000000000e+00,1.000000000000000000e+00,1.000000000000000000e+00,8.649354428444959719e-01,6.967300932985479034e-02,6.967300932985479278e+01,5.491639072720808201e+01,9.856785740503927196e-01,1.018166110773007560e+00,1.000387280801167345e+00,6.665558707938369132e+00,9.240464405324488872e-01,1.023104251382157548e+00,6.019913046989738836e-01,1.398430916791757683e+00,8.920999914193956215e+00,-4.609186183150856819e-03,1.799539081381685079e+01,5.491639072801080346e+01,8.027214448702579830e-10,9.243248595806313972e+01,0.000000000000000000e+00,-3.139772604326196426e-02,8.404684414527584524e-01,1.774311068400302727e+00,1.924422414237750401e+00,1.900311068400295733e+00,9.948209952864360162e+00,3.824733482638046134e+00,6.123476470226314028e+00,7.967487368111927926e-02,2.999999999999999737e-04,1.259999999999930065e-01,2.999999999999981848e-04,3.172859013671292772e+01,1.006304059079385693e+00,2.203716444293093879e+00,2.201034983109983578e+00,2.203716444293093879e+00,5.080926392483141285e+01,1.016185278496628255e+08,1.100517491554991807e+02,2.201034983109983504e+08,2.437251417396720754e+01,1.852335272542977975e+02,9.017141301850212232e-01,1.210813518147121393e+01,1.138096261325589831e+00,4.990051602870317904e-01,1.802670721016806699e+00,1.185868131776307788e+00,5.763658940009005471e-01,1.042347612604978213e+00,3.483650466492739639e+01,1.784272540407783936e+00,1.260000000000000009e-01,1.910074447065564129e+01,9.017141295210733265e-01,1.180658089068093552e+00,1.047376677930312416e+00,1.080219019864820051e+00,1.080219019864820203e-05,1.080219019864864249e-05,4.839208550225371219e+00,1.383894982924375405e+00,1.102205897073869956e+00,9.341453444085718871e-01,1.358200333845800190e+00
1.200000000000000000e+02,8.333333333333332871e-02,2.078067722193590726e+03,1.455389788539564400e+01,3.120844931479980744e+01,4.719962153689789702e+05,1.364889105142319359e+01,7.201935217769964481e+00,2.329838855661344255e+01,2.034746760431560109e+00,2.452086308741352738e+01,8.104353054314641369e+00,1.398430916791780998e+00,6.019913046988529803e-01,9.760737791209359102e+02,-8.970778869498806429e+00,1.080219019864820051e+00,1.086805494756497348e+00,7.500000000000066613e-01,2.717013736891243370e-01,1.185868131776302903e+00,1.000000000000000000e+00,1.570074447065559120e+01,2.565323654479028548e+01,2.170137368913094278e-02,3.399999999999999911e+00,1.278802197664454354e+00,4.939519124917529425e+00,2.407965218795411921e+00,1.188666279273013799e+02,1.017338892269925132e+00,1.427842725404074145e+02,4.839208550225208683e+00,-1.900701818158267997e-13,3.032377951170395214e-19,-2.229987028368185520e-15,0.000000000000000000e+00,1.021701373689130943e+00,1.021701373689130943e+00,9.336950659840870248e-01,5.031520295396960663e-01,6.155355083215948708e-01,1.008094318145335233e+00,8.824259341751337082e-01,1.000000000000000000e+00,1.000000000000000000e+00,1.000000000000000000e+00,8.649354428444956389e-01,6.967300932985513728e-02,6.967300932985513384e+01,5.491639072720818859e+01,9.856785740503939408e-01,1.018166110773007338e+00,1.000387280801167789e+00,6.665558707938405547e+00,9.240464405324761987e-01,1.023104251382158658e+00,6.019913046988492056e-01,1.398430916791785883e+00,8.920999914193998848e+00,-4.609186183150123031e-03,1.799539081381685079e+01,5.491639072801085319e+01,8.026646014513971750e-10,9.243248595806342394e+01,0.000000000000000000e+00,-3.139772604325696825e-02,8.404684414527634484e-01,1.774311068400298508e+00,1.924422414237768164e+00,1.900311068400288628e+00,9.948209952864385031e+00,3.824733482638056792e+00,6.123476470226328239e+00,7.967487368111959845e-02,2.999999999999999737e-04,1.259999999999901199e-01,3.000000000002748732e-04,3.172859013671313733e+01,1.006304059079392133e+00,2.203716444293106758e+00,2.201034983109995125e+00,2.203716444293106758e+00,5.080926392483183918e+01,1.016185278496636748e+08,1.100517491554997633e+02,2.201034983109995127e+08,2.437251417396737807e+01,1.852335272542989628e+02,9.017141301850132296e-01,1.210813518147119794e+01,1.138096261325588054e+00,4.990051602870301806e-01,1.802670721016785382e+00,1.185868131776302903e+00,5.763658940009044329e-01,1.042347612604979545e+00,3.483650466492756692e+01,1.784272540407414454e+00,1.260000000000000009e-01,1.910074447065559156e+01,9.017141295210653329e-01,1.180658089068091998e+00,1.047376677930310862e+00,1.080219019864820051e+00,1.080219019864820203e-05,1.080219019864850527e-05,4.839208550225398753e+00,1.383894982924373851e+00,1.102205897073873953e+00,9.341453444085985325e-01,1.358200333845783758e+00
2.400000000000000000e+02,1.666666666666666574e-01,2.078067722193592090e+03,1.455389788539566176e+01,3.120844931479977902e+01,4.719962153689789120e+05,1.364889105142318115e+01,7.201935217769959152e+00,2.329838855661345320e+01,2.034746760431557888e+00,2.452086308741351672e+01,8.104353054314634264e+00,1.398430916791788325e+00,6.019913046988207839e-01,9.760737791209365923e+02,-8.970778869499016039e+00,1.080219019864820051e+00,1.086805494756496682e+00,7.500000000000059952e-01,2.717013736891241704e-01,1.185868131776301793e+00,1.000000000000000000e+00,1.570074447065557699e+01,2.565323654479027482e+01,2.170137368913005460e-02,3.399999999999999911e+00,1.278802197664452578e+00,4.939519124917532089e+00,2.407965218795283135e+00,1.188666279273020052e+02,1.017338892269925132e+00,1.427842725404073292e+02,4.839208550225215788e+00,-1.900701818158267997e-13,2.676624113323589071e-19,-1.837939522797427117e-15,0.000000000000000000e+00,1.021701373689130055e+00,1.021701373689130055e+00,9.336950659840871358e-01,5.031520295396969544e-01,6.155355083215947598e-01,1.008094318145335233e+00,8.824259341751337082e-01,1.000000000000000000e+00,1.000000000000000000e+00,1.000000000000000000e+00,8.649354428444955278e-01,6.967300932985535933e-02,6.967300932985536122e+01,5.491639072720816017e+01,9.856785740503942739e-01,1.018166110773007338e+00,1.000387280801167567e+00,6.665558707938414429e+00,9.240464405324615438e-01,1.023104251382158880e+00,6.019913046988203398e-01,1.398430916791789658e+00,8.920999914194027269e+00,-4.609186183149944355e-03,1.799539081381685079e+01,5.491639072801087451e+01,8.027143394429003820e-10,9.243248595806348078e+01,0.000000000000000000e+00,-3.139772604325574701e-02,8.404684414527646696e-01,1.774311068400300506e+00,1.924422414237776824e+00,1.900311068400290626e+00,9.948209952864409900e+00,3.824733482638067450e+00,6.123476470226342450e+00,7.967487368111975110e-02,2.999999999999999737e-04,1.259999999999901199e-01,3.000000000001265543e-04,3.172859013671310535e+01,1.006304059079393909e+00,2.203716444293106314e+00,2.201034983109995125e+00,2.203716444293106314e+00,5.080926392483199550e+01,1.016185278496639878e+08,1.100517491554997633e+02,2.201034983109995127e+08,2.437251417396741004e+01,1.852335272542991333e+02,9.017141301850135626e-01,1.210813518147118018e+01,1.138096261325587832e+00,4.990051602870300140e-01,1.802670721016783384e+00,1.185868131776301793e+00,5.763658940009060982e-01,1.042347612604981322e+00,3.483650466492767350e+01,1.784272540407329188e+00,1.260000000000000009e-01,1.910074447065557735e+01,9.017141295210656660e-01,1.180658089068090444e+00,1.047376677930310640e+00,1.080219019864820051e+00,1.080219019864820203e-05,1.080219019864846970e-05,4.839208550225405858e+00,1.383894982924373407e+00,1.102205897073873730e+00,9.341453444086038616e-01,1.358200333845780206e+00
3.600000000000000000e+02,2.500000000000000000e-01,2.078067722193592544e+03,1.455389788539566887e+01,3.120844931479976836e+01,4.719962153689788538e+05,1.364889105142317760e+01,7.201935217769956488e+00,2.329838855661344255e+01,2.034746760431557444e+00,2.452086308741350607e+01,8.104353054314630711e+00,1.398430916791786771e+00,6.019913046988183414e-01,9.760737791209370471e+02,-8.970778869499085317e+00,1.080219019864820051e+00,1.086805494756496238e+00,7.500000000000056621e-01,2.717013736891240594e-01,1.185868131776301126e+00,1.000000000000000000e+00,1.570074447065556988e+01,2.565323654479026416e+01,2.170137368912961051e-02,3.399999999999999911e+00,1.278802197664451690e+00,4.939519124917532977e+00,2.407965218795273366e+00,1.188666279273018773e+02,1.017338892269925132e+00,1.427842725404073008e+02,4.839208550225219341e+00,-1.900701818158267997e-13,2.473336205982556990e-19,-1.612425470920442194e-15,0.000000000000000000e+00,1.021701373689129611e+00,1.021701373689129611e+00,9.336950659840871358e-01,5.031520295396967324e-01,6.155355083215947598e-01,1.008094318145335233e+00,8.824259341751337082e-01,1.000000000000000000e+00,1.000000000000000000e+00,1.000000000000000000e+00,8.649354428444955278e-01,6.967300932985535933e-02,6.967300932985536122e+01,5.491639072720818149e+01,9.856785740503942739e-01,1.018166110773007338e+00,1.000387280801167567e+00,6.665558707938418870e+00,9.240464405324604336e-01,1.023104251382158658e+00,6.019913046988106808e-01,1.398430916791789658e+00,8.920999914194027269e+00,-4.609186183149813383e-03,1.799539081381685079e+01,5.491639072801088162e+01,8.027001285881851800e-10,9.243248595806352341e+01,0.000000000000000000e+00,-3.139772604325485883e-02,8.404684414527655578e-01,1.774311068400300728e+00,1.924422414237775714e+00,1.900311068400290848e+00,9.948209952864408123e+00,3.824733482638066562e+00,6.123476470226341561e+00,7.967487368111975110e-02,2.999999999999999737e-04,1.259999999999901199e-01,3.000000000001152786e-04,3.172859013671309825e+01,1.006304059079393465e+00,2.203716444293105869e+00,2.201034983109994236e+00,2.203716444293105869e+00,5.080926392483198839e+01,1.016185278496639729e+08,1.100517491554997065e+02,2.201034983109994233e+08,2.437251417396740294e+01,1.852335272542990765e+02,9.017141301850138957e-01,1.210813518147118373e+01,1.138096261325587388e+00,4.990051602870304026e-01,1.802670721016783828e+00,1.185868131776301126e+00,5.763658940009066534e-01,1.042347612604981322e+00,3.483650466492767350e+01,1.784272540407300767e+00,1.260000000000000009e-01,1.910074447065557024e+01,9.017141295210659990e-01,1.180658089068090666e+00,1.047376677930310196e+00,1.080219019864820051e+00,1.080219019864820203e-05,1.080219019864844937e-05,4.839208550225409411e+00,1.383894982924373185e+00,1.102205897073873508e+00,9.341453444086056379e-01,1.358200333845777763e+00
4.800000000000000000e+02,3.333333333333333148e-01,2.078067722193593454e+03,1.455389788539567419e+01,3.120844931479975770e+01,4.719962153689788538e+05,1.364889105142317227e+01,7.201935217769954711e+00,2.329838855661343544e+01,2.034746760431556556e+00,2.452086308741349541e+01,8.104353054314627158e+00,1.398430916791785217e+00,6.019913046988158989e-01,9.760737791209373881e+02,-8.970778869499154595e+00,1.080219019864820273e+00,1.086805494756495793e+00,7.500000000000053291e-01,2.717013736891239484e-01,1.185868131776300682e+00,1.000000000000000000e+00,1.570074447065555923e+01,2.565323654479025350e+01,2.170137368912916642e-02,3.399999999999999911e+00,1.278802197664451024e+00,4.939519124917533865e+00,2.407965218795263596e+00,1.188666279273017494e+02,1.017338892269925132e+00,1.427842725404073008e+02,4.839208550225223782e+00,-1.891820033961266745e-13,2.236166980751352895e-19,-1.386911419043457272e-15,0.000000000000000000e+00,1.021701373689129166e+00,1.021701373689129166e+00,9.336950659840870248e-01,5.031520295396966214e-01,6.155355083215946488e-01,1.008094318145335233e+00,8.824259341751337082e-01,1.000000000000000000e+00,1.000000000000000000e+00,1.000000000000000000e+00,8.649354428444954168e-01,6.967300932985545647e-02,6.967300932985546069e+01,5.491639072720818859e+01,9.856785740503941629e-01,1.018166110773007338e+00,1.000387280801167567e+00,6.665558707938423311e+00,9.240464405324594344e-01,1.023104251382158658e+00,6.019913046988104588e-01,1.398430916791788325e+00,8.920999914194041480e+00,-4.609186183149683279e-03,1.799539081381685079e+01,5.491639072801088872e+01,8.027001285881851800e-10,9.243248595806355183e+01,0.000000000000000000e+00,-3.139772604325397065e-02,8.404684414527664460e-01,1.774311068400303837e+00,1.924422414237778378e+00,1.900311068400294401e+00,9.948209952864422334e+00,3.824733482638072779e+00,6.123476470226349555e+00,7.967487368111983437e-02,2.999999999999999737e-04,1.259999999999905640e-01,3.000000000001040029e-04,3.172859013671308759e+01,1.006304059079393243e+00,2.203716444293104981e+00,2.201034983109993792e+00,2.203716444293104981e+00,5.080926392483202392e+01,1.016185278496640474e+08,1.100517491554996923e+02,2.201034983109993935e+08,2.437251417396739939e+01,1.852335272542991049e+02,9.017141301850142288e-01,1.210813518147117129e+01,1.138096261325587166e+00,4.990051602870304581e-01,1.802670721016782496e+00,1.185868131776300682e+00,5.763658940009072085e-01,1.042347612604982210e+00,3.483650466492773035e+01,1.784272540407300767e+00,1.260000000000000009e-01,1.910074447065555958e+01,9.017141295210663321e-01,1.180658089068089556e+00,1.047376677930309974e+00,1.080219019864820273e+00,1.080219019864820373e-05,1.080219019864842735e-05,4.839208550225412964e+00,1.383894982924372963e+00,1.102205897073873508e+00,9.341453444086056379e-01,1.358200333845776653e+00
6.000000000000000000e+02,4.166666666666666852e-01,2.078067722193594363e+03,1.455389788539568130e+01,3.120844931479974704e+01,4.719962153689787956e+05,1.364889105142316694e+01,7.201935217769952047e+00,2.329838855661342478e+01,2.034746760431555668e+00,2.452086308741348475e+01,8.104353054314625382e+00,1.398430916791783885e+00,6.019913046988133454e-01,9.760737791209378429e+02,-8.970778869499222097e+00,1.080219019864820273e+00,1.086805494756495571e+00,7.500000000000052180e-01,2.717013736891238929e-01,1.185868131776300238e+00,1.000000000000000000e+00,1.570074447065555923e+01,2.565323654479024285e+01,2.170137368912916642e-02,3.399999999999999911e+00,1.278802197664450357e+00,4.939519124917534754e+00,2.407965218795253382e+00,1.188666279273016357e+02,1.017338892269925132e+00,1.427842725404073008e+02,4.839208550225225558e+00,-1.927347170749271754e-13,2.151463686025922861e-19,-1.294971074816686496e-15,0.000000000000000000e+00,1.021701373689129166e+00,1.021701373689129166e+00,9.336950659840869138e-01,5.031520295396963993e-01,6.155355083215946488e-01,1.008094318145335233e+00,8.824259341751337082e-01,1.000000000000000000e+00,1.000000000000000000e+00,1.000000000000000000e+00,8.649354428444954168e-01,6.967300932985545647e-02,6.967300932985546069e+01,5.491639072720819570e+01,9.856785740503941629e-01,1.018166110773007338e+00,1.000387280801167345e+00,6.665558707938430416e+00,9.240464405324582131e-01,1.023104251382158658e+00,6.019913046988104588e-01,1.398430916791786549e+00,8.920999914194041480e+00,-4.609186183149650319e-03,1.799539081381685079e+01,5.491639072801089583e+01,8.027001285881851800e-10,9.243248595806358026e+01,0.000000000000000000e+00,-3.139772604325374861e-02,8.404684414527666680e-01,1.774311068400304503e+00,1.924422414237777490e+00,1.900311068400295289e+00,9.948209952864422334e+00,3.824733482638072779e+00,6.123476470226349555e+00,7.967487368111983437e-02,2.999999999999999737e-04,1.259999999999907860e-01,3.000000000000927272e-04,3.172859013671307693e+01,1.006304059079392799e+00,2.203716444293104537e+00,2.201034983109993348e+00,2.203716444293104537e+00,5.080926392483203813e+01,1.016185278496640772e+08,1.100517491554996639e+02,2.201034983109993339e+08,2.437251417396741004e+01,1.852335272542991049e+02,9.017141301850145618e-01,1.210813518147117129e+01,1.138096261325586944e+00,4.990051602870306247e-01,1.802670721016782718e+00,1.185868131776300238e+00,5.763658940009077636e-01,1.042347612604982210e+00,3.483650466492773035e+01,1.784272540407300767e+00,1.260000000000000009e-01,1.910074447065555958e+01,9.017141295210666652e-01,1.180658089068089556e+00,1.047376677930309752e+00,1.080219019864820273e+00,1.080219019864820373e-05,1.080219019864841887e-05,4.839208550225418293e+00,1.383894982924372963e+00,1.102205897073873508e+00,9.341453444086056379e-01,1.358200333845774654e+00
7.200000000000000000e+02,5.000000000000000000e-01,2.078067722193595273e+03,1.455389788539568663e+01,3.120844931479973283e+01,4.719962153689787956e+05,1.364889105142316161e+01,7.201935217769949382e+00,2.329838855661341768e+01,2.034746760431555224e+00,2.452086308741347764e+01,8.104353054314621829e+00,1.398430916791782330e+00,6.019913046988109029e-01,9.760737791209382976e+02,-8.970778869499291375e+00,1.080219019864820273e+00,1.086805494756494905e+00,7.500000000000045519e-01,2.717013736891237263e-01,1.185868131776299350e+00,1.000000000000000000e+00,1.570074447065554679e+01,2.565323654479023574e+01,2.170137368912827824e-02,3.399999999999999911e+00,1.278802197664449025e+00,4.939519124917535642e+00,2.407965218795243612e+00,1.188666279273014936e+02,1.017338892269925132e+00,1.427842725404073008e+02,4.839208550225230887e+00,-1.882938249764265493e-13,1.863472483959460746e-19,-1.024354212564304589e-15,0.000000000000000000e+00,1.021701373689128278e+00,1.021701373689128278e+00,9.336950659840866917e-01,5.031520295396962883e-01,6.155355083215945378e-01,1.008094318145335233e+00,8.824259341751335972e-01,1.000000000000000000e+00,1.000000000000000000e+00,1.000000000000000000e+00,8.649354428444953058e-01,6.967300932985558137e-02,6.967300932985557438e+01,5.491639072720819570e+01,9.856785740503941629e-01,1.018166110773007338e+00,1.000387280801167122e+00,6.665558707938431304e+00,9.240464405324571029e-01,1.023104251382158658e+00,6.019913046988100147e-01,1.398430916791783218e+00,8.920999914194055691e+00,-4.609186183149488122e-03,1.799539081381685079e+01,5.491639072801090293e+01,8.027072340155427810e-10,9.243248595806362289e+01,0.000000000000000000e+00,-3.139772604325263838e-02,8.404684414527677783e-01,1.774311068400308056e+00,1.924422414237781043e+00,1.900311068400299730e+00,9.948209952864440098e+00,3.824733482638080773e+00,6.123476470226359325e+00,7.967487368111993151e-02,2.999999999999999737e-04,1.259999999999916742e-01,3.000000000000814515e-04,3.172859013671306272e+01,1.006304059079392577e+00,2.203716444293104093e+00,2.201034983109992904e+00,2.203716444293104093e+00,5.080926392483208787e+01,1.016185278496641815e+08,1.100517491554996496e+02,2.201034983109993041e+08,2.437251417396740294e+01,1.852335272542991333e+02,9.017141301850148949e-01,1.210813518147116064e+01,1.138096261325586722e+00,4.990051602870307912e-01,1.802670721016781163e+00,1.185868131776299350e+00,5.763658940009083187e-01,1.042347612604983542e+00,3.483650466492778719e+01,1.784272540407300767e+00,1.260000000000000009e-01,1.910074447065554537e+01,9.017141295210669982e-01,1.180658089068088445e+00,1.047376677930309530e+00,1.080219019864820273e+00,1.080219019864820373e-05,1.080219019864839008e-05,4.839208550225419181e+00,1.383894982924372519e+00,1.102205897073873064e+00,9.341453444086056379e-01,1.358200333845772212e+00
8.400000000000000000e+02,5.833333333333333703e-01,2.078067722193595728e+03,1.455389788539569373e+01,3.120844931479972217e+01,4.719962153689787374e+05,1.364889105142315806e+01,7.201935217769946718e+00,2.329838855661341057e+01,2.034746760431554335e+00,2.452086308741346699e+01,8.104353054314618277e+00,1.398430916791780776e+00,6.019913046988083494e-01,9.760737791209387524e+02,-8.970778869499360653e+00,1.080219019864820273e+00,1.086805494756494683e+00,7.500000000000044409e-01,2.717013736891236708e-01,1.185868131776298906e+00,1.000000000000000000e+00,1.570074447065554324e+01,2.565323654479022508e+01,2.170137368912805620e-02,3.399999999999999911e+00,1.278802197664448359e+00,4.939519124917536530e+00,2.407965218795233397e+00,1.188666279273013657e+02,1.017338892269925132e+00,1.427842725404072723e+02,4.839208550225233552e+00,-1.909583602355269250e-13,1.727947212398772692e-19,-8.647596527744383366e-16,0.000000000000000000e+00,1.021701373689128056e+00,1.021701373689128056e+00,9.336950659840864697e-01,5.031520295396960663e-01,6.155355083215945378e-01,1.008094318145335233e+00,8.824259341751335972e-01,1.000000000000000000e+00,1.000000000000000000e+00,1.000000000000000000e+00,8.649354428444953058e-01,6.967300932985558137e-02,6.967300932985557438e+01,5.491639072720819570e+01,9.856785740503939408e-01,1.018166110773007338e+00,1.000387280801167122e+00,6.665558707938437522e+00,9.240464405324558816e-01,1.023104251382158658e+00,6.019913046988004668e-01,1.398430916791784329e+00,8.920999914194055691e+00,-4.609186183149406590e-03,1.799539081381685079e+01,5.491639072801091004e+01,8.027143394429003820e-10,9.243248595806365131e+01,0.000000000000000000e+00,-3.139772604325208327e-02,8.404684414527683334e-01,1.774311068400308056e+00,1.924422414237779710e+00,1.900311068400300174e+00,9.948209952864438321e+00,3.824733482638079884e+00,6.123476470226358437e+00,7.967487368111993151e-02,2.999999999999999737e-04,1.259999999999921183e-01,3.000000000000693084e-04,3.172859013671304851e+01,1.006304059079392133e+00,2.203716444293103649e+00,2.201034983109992460e+00,2.203716444293103649e+00,5.080926392483212339e+01,1.016185278496642411e+08,1.100517491554996212e+02,2.201034983109992445e+08,2.437251417396742781e+01,1.852335272542991618e+02,9.017141301850152280e-01,1.210813518147116064e+01,1.138096261325586500e+00,4.990051602870308467e-01,1.802670721016781608e+00,1.185868131776298906e+00,5.763658940009094289e-01,1.042347612604983098e+00,3.483650466492778719e+01,1.784272540407272345e+00,1.260000000000000009e-01,1.910074447065554182e+01,9.017141295210673313e-01,1.180658089068088445e+00,1.047376677930309308e+00,1.080219019864820273e+00,1.080219019864820373e-05,1.080219019864837652e-05,4.839208550225424510e+00,1.383894982924372297e+00,1.102205897073873064e+00,9.341453444086074143e-01,1.358200333845770658e+00
9.600000000000000000e+02,6.666666666666666297e-01,2.078067722193596637e+03,1.455389788539569906e+01,3.120844931479971152e+01,4.719962153689787374e+05,1.364889105142315273e+01,7.201935217769944053e+00,2.329838855661339991e+01,2.034746760431553891e+00,2.452086308741345633e+01,8.104353054314616500e+00,1.398430916791779444e+00,6.019913046988059069e-01,9.760737791209392071e+02,-8.970778869499429931e+00,1.080219019864820273e+00,1.086805494756494239e+00,7.500000000000039968e-01,2.717013736891235598e-01,1.185868131776298462e+00,1.000000000000000000e+00,1.570074447065553613e+01,2.565323654479021087e+01,2.170137368912761211e-02,3.399999999999999911e+00,1.278802197664447693e+00,4.939519124917537418e+00,2.407965218795223628e+00,1.188666279273012520e+02,1.017338892269926909e+00,1.427842725404072723e+02,4.839208550225237104e+00,-1.900701818158267997e-13,1.558540622947912624e-19,-7.051650929845720839e-16,0.000000000000000000e+00,1.021701373689127612e+00,1.021701373689127612e+00,9.336950659840862476e-01,5.031520295396960663e-01,6.155355083215945378e-01,1.008094318145335233e+00,8.824259341751335972e-01,1.000000000000000000e+00,1.000000000000000000e+00,1.000000000000000000e+00,8.649354428444953058e-01,6.967300932985570627e-02,6.967300932985570228e+01,5.491639072720818149e+01,9.856785740503939408e-01,1.018166110773007116e+00,1.000387280801167122e+00,6.665558707938441962e+00,9.240464405324547714e-01,1.023104251382158658e+00,6.019913046988002447e-01,1.398430916791782330e+00,8.920999914194069902e+00,-4.609186183149325058e-03,1.799539081381685079e+01,5.491639072801091714e+01,8.027356557249731850e-10,9.243248595806367973e+01,0.000000000000000000e+00,-3.139772604325152816e-02,8.404684414527688885e-01,1.774311068400310942e+00,1.924422414237783263e+00,1.900311068400303727e+00,9.948209952864456085e+00,3.824733482638086990e+00,6.123476470226369095e+00,7.967487368112002866e-02,2.999999999999999737e-04,1.259999999999927844e-01,3.000000000000580327e-04,3.172859013671303785e+01,1.006304059079392133e+00,2.203716444293102761e+00,2.201034983109991572e+00,2.203716444293102761e+00,5.080926392483219445e+01,1.016185278496643901e+08,1.100517491554995786e+02,2.201034983109991550e+08,2.437251417396743491e+01,1.852335272542991902e+02,9.017141301850157831e-01,1.210813518147114998e+01,1.138096261325586278e+00,4.990051602870309577e-01,1.802670721016780719e+00,1.185868131776298462e+00,5.763658940009099840e-01,1.042347612604984430e+00,3.483650466492784403e+01,1.784272540407272345e+00,1.260000000000000009e-01,1.910074447065553471e+01,9.017141295210678864e-01,1.180658089068087335e+00,1.047376677930309308e+00,1.080219019864820273e+00,1.080219019864820373e-05,1.080219019864835958e-05,4.839208550225427174e+00,1.383894982924372297e+00,1.102205897073873064e+00,9.341453444086074143e-01,1.358200333845768659e+00
1.080000000000000000e+03,7.500000000000000000e-01,2.078067722193597547e+03,1.455389788539570617e+01,3.120844931479970086e+01,4.719962153689787374e+05,1.364889105142314740e+01,7.201935217769941389e+00,2.329838855661339281e+01,2.034746760431553003e+00,2.452086308741344567e+01,8.104353054314612947e+00,1.398430916791777889e+00,6.019913046988034644e-01,9.760737791209395482e+02,-8.970778869499499208e+00,1.080219019864820273e+00,1.086805494756493795e+00,7.500000000000037748e-01,2.717013736891234488e-01,1.185868131776297574e+00,1.000000000000000000e+00,1.570074447065552903e+01,2.565323654479020021e+01,2.170137368912716802e-02,3.399999999999999911e+00,1.278802197664446361e+00,4.939519124917538306e+00,2.407965218795213858e+00,1.188666279273011241e+02,1.017338892269926909e+00,1.427842725404072723e+02,4.839208550225240657e+00,-1.900701818158267997e-13,1.372193374551966549e-19,-5.004677228193088467e-16,0.000000000000000000e+00,1.021701373689127168e+00,1.021701373689127168e+00,9.336950659840859146e-01,5.031520295396958442e-01,6.155355083215943157e-01,1.008094318145335233e+00,8.824259341751335972e-01,1.000000000000000000e+00,1.000000000000000000e+00,1.000000000000000000e+00,8.649354428444950837e-01,6.967300932985570627e-02,6.967300932985570228e+01,5.491639072720822412e+01,9.856785740503938298e-01,1.018166110773007116e+00,1.000387280801166900e+00,6.665558707938446403e+00,9.240464405324536612e-01,1.023104251382158658e+00,6.019913046988000227e-01,1.398430916791779888e+00,8.920999914194069902e+00,-4.609186183149210567e-03,1.799539081381685079e+01,5.491639072801091714e+01,8.026930231608275790e-10,9.243248595806372236e+01,0.000000000000000000e+00,-3.139772604325075100e-02,8.404684414527696656e-01,1.774311068400312275e+00,1.924422414237783929e+00,1.900311068400305725e+00,9.948209952864456085e+00,3.824733482638089654e+00,6.123476470226366430e+00,7.967487368112002866e-02,2.999999999999999737e-04,1.259999999999934506e-01,3.000000000000467570e-04,3.172859013671302719e+01,1.006304059079391688e+00,2.203716444293102317e+00,2.201034983109991128e+00,2.203716444293102317e+00,5.080926392483215892e+01,1.016185278496643156e+08,1.100517491554995644e+02,2.201034983109991252e+08,2.437251417396740294e+01,1.852335272542991049e+02,9.017141301850161161e-01,1.210813518147114465e+01,1.138096261325586056e+00,4.990051602870314018e-01,1.802670721016780497e+00,1.185868131776297574e+00,5.763658940009099840e-01,1.042347612604984874e+00,3.483650466492784403e+01,1.784272540407272345e+00,1.260000000000000009e-01,1.910074447065552761e+01,9.017141295210682195e-01,1.180658089068086891e+00,1.047376677930309086e+00,1.080219019864820273e+00,1.080219019864820373e-05,1.080219019864834095e-05,4.839208550225430727e+00,1.383894982924371853e+00,1.102205897073873064e+00,9.341453444086074143e-01,1.358200333845766217e+00
1.200000000000000000e+03,8.333333333333333703e-01,2.078067722193598456e+03,1.455389788539571150e+01,3.120844931479969020e+01,4.719962153689786792e+05,1.364889105142314385e+01,7.201935217769939612e+00,2.329838855661338215e+01,2.034746760431552115e+00,2.452086308741343856e+01,8.104353054314609395e+00,1.398430916791776335e+00,6.019913046988009109e-01,9.760737791209400029e+02,-8.970778869499568486e+00,1.080219019864820273e+00,1.086805494756493351e+00,7.500000000000032196e-01,2.717013736891233378e-01,1.185868131776297130e+00,1.000000000000000000e+00,1.570074447065551837e+01,2.565323654479019311e+01,2.170137368912650189e-02,3.399999999999999911e+00,1.278802197664445695e+00,4.939519124917539195e+00,2.407965218795203644e+00,1.188666279273009820e+02,1.017338892269926909e+00,1.427842725404072723e+02,4.839208550225245098e+00,-1.874056465567264240e-13,1.135024149320762454e-19,-2.966377143920340131e-16,0.000000000000000000e+00,1.021701373689126502e+00,1.021701373689126502e+00,9.336950659840856925e-01,5.031520295396957332e-01,6.155355083215943157e-01,1.008094318145335233e+00,8.824259341751335972e-01,1.000000000000000000e+00,1.000000000000000000e+00,1.000000000000000000e+00,8.649354428444950837e-01,6.967300932985578954e-02,6.967300932985578754e+01,5.491639072720820280e+01,9.856785740503938298e-01,1.018166110773007116e+00,1.000387280801166678e+00,6.665558707938449068e+00,9.240464405324525510e-01,1.023104251382158436e+00,6.019913046987996896e-01,1.398430916791777445e+00,8.920999914194084113e+00,-4.609186183149096942e-03,1.799539081381685079e+01,5.491639072801093135e+01,8.027285502976155840e-10,9.243248595806375079e+01,0.000000000000000000e+00,-3.139772604324997385e-02,8.404684414527704428e-01,1.774311068400314273e+00,1.924422414237785706e+00,1.900311068400308390e+00,9.948209952864468519e+00,3.824733482638094095e+00,6.123476470226374424e+00,7.967487368112008417e-02,2.999999999999999737e-04,1.259999999999941167e-01,3.000000000000346140e-04,3.172859013671302009e+01,1.006304059079391466e+00,2.203716444293101873e+00,2.201034983109990684e+00,2.203716444293101873e+00,5.080926392483223708e+01,1.016185278496644795e+08,1.100517491554995360e+02,2.201034983109990656e+08,2.437251417396742426e+01,1.852335272542991902e+02,9.017141301850162272e-01,1.210813518147114110e+01,1.138096261325585612e+00,4.990051602870312908e-01,1.802670721016779165e+00,1.185868131776297130e+00,5.763658940009110943e-01,1.042347612604985541e+00,3.483650466492789377e+01,1.784272540407272345e+00,1.260000000000000009e-01,1.910074447065551695e+01,9.017141295210683305e-01,1.180658089068086447e+00,1.047376677930308642e+00,1.080219019864820273e+00,1.080219019864820373e-05,1.080219019864831723e-05,4.839208550225432504e+00,1.383894982924371631e+00,1.102205897073872620e+00,9.341453444086074143e-01,1.358200333845764440e+00
1.320000000000000000e+03,9.166666666666666297e-01,2.078067722193598911e+03,1.455389788539571683e+01,3.120844931479968309e+01,4.719962153689786792e+05,1.364889105142314030e+01,7.201935217769937836e+00,2.329838855661337860e+01,2.034746760431552115e+00,2.452086308741343146e+01,8.104353054314607618e+00,1.398430916791775225e+00,6.019913046988002447e-01,9.760737791209403440e+02,-8.970778869499566710e+00,1.080219019864820273e+00,1.086805494756492907e+00,7.500000000000029976e-01,2.717013736891232267e-01,1.185868131776296241e+00,1.000000000000000000e+00,1.570074447065551659e+01,2.565323654479018600e+01,2.170137368912627984e-02,3.399999999999999911e+00,1.278802197664444362e+00,4.939519124917540083e+00,2.407965218795200979e+00,1.188666279273008968e+02,1.017338892269926909e+00,1.427842725404072723e+02,4.839208550225247762e+00,-1.891820033961266745e-13,9.994988777600744001e-20,-2.099015405931936584e-16,0.000000000000000000e+00,1.021701373689126280e+00,1.021701373689126280e+00,9.336950659840856925e-01,5.031520295396956222e-01,6.155355083215943157e-01,1.008094318145335233e+00,8.824259341751335972e-01,1.000000000000000000e+00,1.000000000000000000e+00,1.000000000000000000e+00,8.649354428444950837e-01,6.967300932985578954e-02,6.967300932985578754e+01,5.491639072720823833e+01,9.856785740503938298e-01,1.018166110773007116e+00,1.000387280801166678e+00,6.665558707938454397e+00,9.240464405324522179e-01,1.023104251382158436e+00,6.019913046987995786e-01,1.398430916791774559e+00,8.920999914194084113e+00,-4.609186183149031023e-03,1.799539081381685079e+01,5.491639072801093846e+01,8.027001285881851800e-10,9.243248595806379342e+01,0.000000000000000000e+00,-3.139772604324952976e-02,8.404684414527708869e-01,1.774311068400314717e+00,1.924422414237785262e+00,1.900311068400308834e+00,9.948209952864468519e+00,3.824733482638094095e+00,6.123476470226374424e+00,7.967487368112008417e-02,2.999999999999999737e-04,1.259999999999941167e-01,3.000000000000320119e-04,3.172859013671301298e+01,1.006304059079391244e+00,2.203716444293101429e+00,2.201034983109990684e+00,2.203716444293101429e+00,5.080926392483222287e+01,1.016185278496644497e+08,1.100517491554995360e+02,2.201034983109990656e+08,2.437251417396742426e+01,1.852335272542991618e+02,9.017141301850165602e-01,1.210813518147114110e+01,1.138096261325585612e+00,4.990051602870316239e-01,1.802670721016779831e+00,1.185868131776296241e+00,5.763658940009116494e-01,1.042347612604985541e+00,3.483650466492789377e+01,1.784272540407272345e+00,1.260000000000000009e-01,1.910074447065551695e+01,9.017141295210686636e-01,1.180658089068086447e+00,1.047376677930308642e+00,1.080219019864820273e+00,1.080219019864820373e-05,1.080219019864830368e-05,4.839208550225436944e+00,1.383894982924371631e+00,1.102205897073872398e+00,9.341453444086074143e-01,1.358200333845761998e+00
1.440000000000000000e+03,1.000000000000000000e+00,2.078067722193599366e+03,1.455389788539572038e+01,3.120844931479967599e+01,4.719962153689786792e+05,1.364889105142313674e+01,7.201935217769936948e+00,2.329838855661337504e+01,2.034746760431552115e+00,2.452086308741342791e+01,8.104353054314605842e+00,1.398430916791774115e+00,6.019913046988000227e-01,9.760737791209405714e+02,-8.970778869499550723e+00,1.080219019864820273e+00,1.086805494756492463e+00,7.500000000000025535e-01,2.717013736891231157e-01,1.185868131776295797e+00,1.000000000000000000e+00,1.570074447065550594e+01,2.565323654479018245e+01,2.170137368912561371e-02,3.399999999999999911e+00,1.278802197664443696e+00,4.939519124917540971e+00,2.407965218795200091e+00,1.188666279273007973e+02,1.017338892269926909e+00,1.427842725404072439e+02,4.839208550225252203e+00,-1.882938249764265493e-13,7.792703114739563119e-20,-2.081668171172168513e-17,0.000000000000000000e+00,1.021701373689125614e+00,1.021701373689125614e+00,9.336950659840855815e-01,5.031520295396954001e-01,6.155355083215943157e-01,1.008094318145335233e+00,8.824259341751335972e-01,1.000000000000000000e+00,1.000000000000000000e+00,1.000000000000000000e+00,8.649354428444950837e-01,6.967300932985591444e-02,6.967300932985591544e+01,5.491639072720823833e+01,9.856785740503937188e-01,1.018166110773007116e+00,1.000387280801166678e+00,6.665558707938457950e+00,9.240464405324521069e-01,1.023104251382158436e+00,6.019913046987898086e-01,1.398430916791774781e+00,8.920999914194098324e+00,-4.609186183148884439e-03,1.799539081381685079e+01,5.491639072801094557e+01,8.027072340155427810e-10,9.243248595806383605e+01,0.000000000000000000e+00,-3.139772604324853056e-02,8.404684414527718861e-01,1.774311068400317826e+00,1.924422414237787038e+00,1.900311068400312386e+00,9.948209952864482730e+00,3.824733482638099424e+00,6.123476470226383306e+00,7.967487368112018131e-02,2.999999999999999737e-04,1.259999999999945608e-01,3.000000000000311445e-04,3.172859013671300588e+01,1.006304059079390800e+00,2.203716444293101429e+00,2.201034983109990240e+00,2.203716444293101429e+00,5.080926392483228682e+01,1.016185278496645689e+08,1.100517491554995217e+02,2.201034983109990358e+08,2.437251417396743491e+01,1.852335272542992470e+02,9.017141301850167823e-01,1.210813518147113221e+01,1.138096261325585168e+00,4.990051602870316239e-01,1.802670721016778499e+00,1.185868131776295797e+00,5.763658940009122045e-01,1.042347612604986207e+00,3.483650466492795061e+01,1.784272540407243923e+00,1.260000000000000009e-01,1.910074447065550629e+01,9.017141295210688856e-01,1.180658089068085781e+00,1.047376677930308198e+00,1.080219019864820273e+00,1.080219019864820373e-05,1.080219019864828166e-05,4.839208550225440497e+00,1.383894982924371186e+00,1.102205897073872398e+00,9.341453444086091906e-01,1.358200333845759555e+00
1.560000000000000000e+03,1.083333333333333259e+00,2.078067722193600275e+03,1.455389788539572393e+01,3.120844931479967244e+01,4.719962153689786792e+05,1.364889105142313497e+01,7.201935217769936060e+00,2.329838855661337149e+01,2.034746760431551671e+00,2.452086308741342435e+01,8.104353054314605842e+00,1.398430916791773004e+00,6.019913046987996896e-01,9.760737791209407987e+02,-8.970778869499534736e+00,1.080219019864820273e+00,1.086805494756492463e+00,7.500000000000025535e-01,2.717013736891231157e-01,1.185868131776295797e+00,1.000000000000000000e+00,1.570074447065550594e+01,2.565323654479017890e+01,2.170137368912561371e-02,3.399999999999999911e+00,1.278802197664443696e+00,4.939519124917540971e+00,2.407965218795198759e+00,1.188666279273007120e+02,1.017338892269926909e+00,1.427842725404072723e+02,4.839208550225252203e+00,-1.882938249764265493e-13,7.792703114739563119e-20,-3.209238430557093125e-17,0.000000000000000000e+00,1.021701373689125614e+00,1.021701373689125614e+00,9.336950659840855815e-01,5.031520295396952891e-01,6.155355083215943157e-01,1.008094318145335233e+00,8.824259341751335972e-01,1.000000000000000000e+00,1.000000000000000000e+00,1.000000000000000000e+00,8.649354428444950837e-01,6.967300932985578954e-02,6.967300932985578754e+01,5.491639072720825965e+01,9.856785740503937188e-01,1.018166110773007116e+00,1.000387280801166678e+00,6.665558707938457950e+00,9.240464405324519959e-01,1.023104251382158436e+00,6.019913046987993566e-01,1.398430916791772116e+00,8.920999914194084113e+00,-4.609186183148884439e-03,1.799539081381685079e+01,5.491639072801093846e+01,8.026788123061123770e-10,9.243248595806383605e+01,0.000000000000000000e+00,-3.139772604324853056e-02,8.404684414527718861e-01,1.774311068400315827e+00,1.924422414237783929e+00,1.900311068400310166e+00,9.948209952864468519e+00,3.824733482638094095e+00,6.123476470226374424e+00,7.967487368112008417e-02,2.999999999999999737e-04,1.259999999999943388e-01,3.000000000000294098e-04,3.172859013671300232e+01,1.006304059079390578e+00,2.203716444293100984e+00,2.201034983109989795e+00,2.203716444293100984e+00,5.080926392483220155e+01,1.016185278496644050e+08,1.100517491554994933e+02,2.201034983109989762e+08,2.437251417396740649e+01,1.852335272542990765e+02,9.017141301850167823e-01,1.210813518147114110e+01,1.138096261325585168e+00,4.990051602870320679e-01,1.802670721016779609e+00,1.185868131776295797e+00,5.763658940009116494e-01,1.042347612604985541e+00,3.483650466492789377e+01,1.784272540407272345e+00,1.260000000000000009e-01,1.910074447065550629e+01,9.017141295210688856e-01,1.180658089068086447e+00,1.047376677930308198e+00,1.080219019864820273e+00,1.080219019864820373e-05,1.080219019864828166e-05,4.839208550225440497e+00,1.383894982924371186e+00,1.102205897073872398e+00,9.341453444086074143e-01,1.358200333845759555e+00
1.680000000000000000e+03,1.166666666666666741e+00,2.078067722193600730e+03,1.455389788539572571e+01,3.120844931479966888e+01,4.719962153689786210e+05,1.364889105142313319e+01,7.201935217769934283e+00,2.329838855661336794e+01,2.034746760431551227e+00,2.452086308741342080e+01,8.104353054314604066e+00,1.398430916791771894e+00,6.019913046987994676e-01,9.760737791209410261e+02,-8.970778869499518748e+00,1.080219019864820273e+00,1.086805494756492019e+00,7.500000000000023315e-01,2.717013736891230047e-01,1.185868131776295131e+00,1.000000000000000000e+00,1.570074447065550238e+01,2.565323654479017534e+01,2.170137368912539166e-02,3.399999999999999911e+00,1.278802197664442808e+00,4.939519124917541859e+00,2.407965218795197870e+00,1.188666279273006126e+02,1.017338892269926909e+00,1.427842725404073008e+02,4.839208550225254868e+00,-1.882938249764265493e-13,6.268043809681822509e-20,6.765421556309547668e-17,0.000000000000000000e+00,1.021701373689125392e+00,1.021701373689125392e+00,9.336950659840853595e-01,5.031520295396951781e-01,6.155355083215942047e-01,1.008094318145335233e+00,8.824259341751335972e-01,1.000000000000000000e+00,1.000000000000000000e+00,1.000000000000000000e+00,8.649354428444949727e-01,6.967300932985591444e-02,6.967300932985591544e+01,5.491639072720824544e+01,9.856785740503937188e-01,1.018166110773007116e+00,1.000387280801166456e+00,6.665558707938463279e+00,9.240464405324518848e-01,1.023104251382158214e+00,6.019913046988086824e-01,1.398430916791768119e+00,8.920999914194098324e+00,-4.609186183148802907e-03,1.799539081381685079e+01,5.491639072801095267e+01,8.027072340155427810e-10,9.243248595806386447e+01,0.000000000000000000e+00,-3.139772604324797545e-02,8.404684414527724412e-01,1.774311068400319824e+00,1.924422414237787926e+00,1.900311068400315051e+00,9.948209952864488059e+00,3.824733482638102977e+00,6.123476470226385082e+00,7.967487368112018131e-02,2.999999999999999737e-04,1.259999999999952269e-01,3.000000000000285424e-04,3.172859013671299877e+01,1.006304059079390356e+00,2.203716444293100540e+00,2.201034983109989795e+00,2.203716444293100540e+00,5.080926392483229392e+01,1.016185278496645838e+08,1.100517491554994933e+02,2.201034983109989762e+08,2.437251417396743136e+01,1.852335272542991902e+02,9.017141301850168933e-01,1.210813518147112511e+01,1.138096261325584946e+00,4.990051602870319014e-01,1.802670721016777167e+00,1.185868131776295131e+00,5.763658940009127596e-01,1.042347612604986651e+00,3.483650466492795061e+01,1.784272540407300767e+00,1.260000000000000009e-01,1.910074447065550274e+01,9.017141295210689966e-01,1.180658089068084893e+00,1.047376677930307975e+00,1.080219019864820273e+00,1.080219019864820373e-05,1.080219019864826641e-05,4.839208550225443162e+00,1.383894982924371186e+00,1.102205897073872398e+00,9.341453444086056379e-01,1.358200333845758445e+00
1.800000000000000000e+03,1.250000000000000000e+00,2.078067722193601185e+03,1.455389788539572926e+01,3.120844931479966533e+01,4.719962153689786210e+05,1.364889105142313142e+01,7.201935217769933395e+00,2.329838855661336083e+01,2.034746760431551227e+00,2.452086308741341369e+01,8.104353054314602289e+00,1.398430916791770784e+00,6.019913046987992455e-01,9.760737791209413672e+02,-8.970778869499502761e+00,1.080219019864820273e+00,1.086805494756492019e+00,7.500000000000023315e-01,2.717013736891230047e-01,1.185868131776295131e+00,1.000000000000000000e+00,1.570074447065550238e+01,2.565323654479016824e+01,2.170137368912539166e-02,3.399999999999999911e+00,1.278802197664442808e+00,4.939519124917541859e+00,2.407965218795196982e+00,1.188666279273005131e+02,1.017338892269926909e+00,1.427842725404073008e+02,4.839208550225254868e+00,-1.882938249764265493e-13,6.268043809681822509e-20,5.637851296924623057e-17,0.000000000000000000e+00,1.021701373689125392e+00,1.021701373689125392e+00,9.336950659840853595e-01,5.031520295396950671e-01,6.155355083215942047e-01,1.008094318145335233e+00,8.824259341751335972e-01,1.000000000000000000e+00,1.000000000000000000e+00,1.000000000000000000e+00,8.649354428444949727e-01,6.967300932985591444e-02,6.967300932985591544e+01,5.491639072720824544e+01,9.856785740503937188e-01,1.018166110773007116e+00,1.000387280801166456e+00,6.665558707938463279e+00,9.240464405324517738e-01,1.023104251382158214e+00,6.019913046988086824e-01,1.398430916791767897e+00,8.920999914194098324e+00,-4.609186183148802907e-03,1.799539081381685079e+01,5.491639072801095267e+01,8.027072340155427810e-10,9.243248595806386447e+01,0.000000000000000000e+00,-3.139772604324797545e-02,8.404684414527724412e-01,1.774311068400320268e+00,1.924422414237787482e+00,1.900311068400315495e+00,9.948209952864488059e+00,3.824733482638102977e+00,6.123476470226385082e+00,7.967487368112018131e-02,2.999999999999999737e-04,1.259999999999952269e-01,3.000000000000276751e-04,3.172859013671299167e+01,1.006304059079390134e+00,2.203716444293100540e+00,2.201034983109989795e+00,2.203716444293100540e+00,5.080926392483229392e+01,1.016185278496645838e+08,1.100517491554994933e+02,2.201034983109989762e+08,2.437251417396743136e+01,1.852335272542991902e+02,9.017141301850171153e-01,1.210813518147112511e+01,1.138096261325584946e+00,4.990051602870319014e-01,1.802670721016777611e+00,1.185868131776295131e+00,5.763658940009127596e-01,1.042347612604986651e+00,3.483650466492795061e+01,1.784272540407300767e+00,1.260000000000000009e-01,1.910074447065550274e+01,9.017141295210692187e-01,1.180658089068084893e+00,1.047376677930307975e+00,1.080219019864820273e+00,1.080219019864820373e-05,1.080219019864826641e-05,4.839208550225443162e+00,1.383894982924371186e+00,1.102205897073872176e+00,9.341453444086056379e-01,1.358200333845758445e+00
1.920000000000000000e+03,1.333333333333333259e+00,2.078067722193601639e+03,1.455389788539573281e+01,3.120844931479965823e+01,4.719962153689786210e+05,1.364889105142312786e+01,7.201935217769931619e+00,2.329838855661335728e+01,2.034746760431550783e+00,2.452086308741341014e+01,8.104353054314600513e+00,1.398430916791769674e+00,6.019913046987990235e-01,9.760737791209415946e+02,-8.970778869499486774e+00,1.080219019864820273e+00,1.086805494756492241e+00,7.500000000000024425e-01,2.717013736891230602e-01,1.185868131776295353e+00,1.000000000000000000e+00,1.570074447065550594e+01,2.565323654479016469e+01,2.170137368912561371e-02,3.399999999999999911e+00,1.278802197664443030e+00,4.939519124917542747e+00,2.407965218795196094e+00,1.188666279273004278e+02,1.017338892269926909e+00,1.427842725404073008e+02,4.839208550225253092e+00,-1.927347170749271754e-13,7.115076756936122848e-20,-4.336808689942017736e-17,0.000000000000000000e+00,1.021701373689125614e+00,1.021701373689125614e+00,9.336950659840852484e-01,5.031520295396949560e-01,6.155355083215942047e-01,1.008094318145335233e+00,8.824259341751335972e-01,1.000000000000000000e+00,1.000000000000000000e+00,1.000000000000000000e+00,8.649354428444949727e-01,6.967300932985591444e-02,6.967300932985591544e+01,5.491639072720824544e+01,9.856785740503934967e-01,1.018166110773007116e+00,1.000387280801166456e+00,6.665558707938465055e+00,9.240464405324516628e-01,1.023104251382158214e+00,6.019913046988087935e-01,1.398430916791768563e+00,8.920999914194098324e+00,-4.609186183148868826e-03,1.799539081381685079e+01,5.491639072801094557e+01,8.027001285881851800e-10,9.243248595806385026e+01,0.000000000000000000e+00,-3.139772604324841954e-02,8.404684414527719971e-01,1.774311068400320268e+00,1.924422414237787260e+00,1.900311068400315717e+00,9.948209952864488059e+00,3.824733482638102977e+00,6.123476470226385082e+00,7.967487368112018131e-02,2.999999999999999737e-04,1.259999999999954490e-01,3.000000000000259404e-04,3.172859013671298456e+01,1.006304059079389912e+00,2.203716444293100540e+00,2.201034983109989351e+00,2.203716444293100540e+00,5.080926392483226550e+01,1.016185278496645242e+08,1.100517491554994791e+02,2.201034983109989464e+08,2.437251417396741004e+01,1.852335272542991333e+02,9.017141301850172264e-01,1.210813518147112511e+01,1.138096261325585168e+00,4.990051602870320124e-01,1.802670721016778277e+00,1.185868131776295353e+00,5.763658940009122045e-01,1.042347612604986651e+00,3.483650466492795061e+01,1.784272540407300767e+00,1.260000000000000009e-01,1.910074447065550629e+01,9.017141295210693297e-01,1.180658089068084893e+00,1.047376677930308198e+00,1.080219019864820273e+00,1.080219019864820373e-05,1.080219019864827488e-05,4.839208550225445826e+00,1.383894982924371186e+00,1.102205897073872176e+00,9.341453444086056379e-01,1.358200333845759111e+00
2.040000000000000000e+03,1.416666666666666741e+00,2.078067722193602094e+03,1.455389788539573637e+01,3.120844931479965467e+01,4.719962153689786210e+05,1.364889105142312609e+01,7.201935217769930730e+00,2.329838855661335373e+01,2.034746760431550783e+00,2.452086308741340659e+01,8.104353054314598737e+00,1.398430916791768563e+00,6.019913046987986904e-01,9.760737791209418219e+02,-8.970778869499470787e+00,1.080219019864820273e+00,1.086805494756491797e+00,7.500000000000019984e-01,2.717013736891229492e-01,1.185868131776294687e+00,1.000000000000000000e+00,1.570074447065549528e+01,2.565323654479015758e+01,2.170137368912494757e-02,3.399999999999999911e+00,1.278802197664441920e+00,4.939519124917543635e+00,2.407965218795194762e+00,1.188666279273003283e+02,1.017338892269926909e+00,1.427842725404072723e+02,4.839208550225257532e+00,-1.909583602355269250e-13,4.912791094074941967e-20,1.006139616066548115e-16,0.000000000000000000e+00,1.021701373689124948e+00,1.021701373689124948e+00,9.336950659840852484e-01,5.031520295396948450e-01,6.155355083215942047e-01,1.008094318145335233e+00,8.824259341751335972e-01,1.000000000000000000e+00,1.000000000000000000e+00,1.000000000000000000e+00,8.649354428444949727e-01,6.967300932985591444e-02,6.967300932985591544e+01,5.491639072720826675e+01,9.856785740503934967e-01,1.018166110773007116e+00,1.000387280801166456e+00,6.665558707938467720e+00,9.240464405324515518e-01,1.023104251382158214e+00,6.019913046987991345e-01,1.398430916791768341e+00,8.920999914194098324e+00,-4.609186183148754334e-03,1.799539081381685079e+01,5.491639072801095267e+01,8.026859177334699780e-10,9.243248595806389289e+01,0.000000000000000000e+00,-3.139772604324764238e-02,8.404684414527727743e-01,1.774311068400320268e+00,1.924422414237786372e+00,1.900311068400315717e+00,9.948209952864486283e+00,3.824733482638102089e+00,6.123476470226384194e+00,7.967487368112018131e-02,2.999999999999999737e-04,1.259999999999954490e-01,3.000000000000250730e-04,3.172859013671298101e+01,1.006304059079389690e+00,2.203716444293099652e+00,2.201034983109988907e+00,2.203716444293099652e+00,5.080926392483224419e+01,1.016185278496644944e+08,1.100517491554994365e+02,2.201034983109988868e+08,2.437251417396740649e+01,1.852335272542990765e+02,9.017141301850175594e-01,1.210813518147112688e+01,1.138096261325584724e+00,4.990051602870324010e-01,1.802670721016778277e+00,1.185868131776294687e+00,5.763658940009127596e-01,1.042347612604986651e+00,3.483650466492795061e+01,1.784272540407272345e+00,1.260000000000000009e-01,1.910074447065549563e+01,9.017141295210696628e-01,1.180658089068085115e+00,1.047376677930307753e+00,1.080219019864820273e+00,1.080219019864820373e-05,1.080219019864825286e-05,4.839208550225448491e+00,1.383894982924370742e+00,1.102205897073871732e+00,9.341453444086074143e-01,1.358200333845756669e+00
2.160000000000000000e+03,1.500000000000000000e+00,2.078067722193602549e+03,1.455389788539573992e+01,3.120844931479965112e+01,4.719962153689786210e+05,1.364889105142312431e+01,7.201935217769929842e+00,2.329838855661335018e+01,2.034746760431550339e+00,2.452086308741340304e+01,8.104353054314596960e+00,1.398430916791767453e+00,6.019913046987984684e-01,9.760737791209420493e+02,-8.970778869499454800e+00,1.080219019864820273e+00,1.086805494756491797e+00,7.500000000000019984e-01,2.717013736891229492e-01,1.185868131776294687e+00,1.000000000000000000e+00,1.570074447065549528e+01,2.565323654479015403e+01,2.170137368912494757e-02,3.399999999999999911e+00,1.278802197664441920e+00,4.939519124917543635e+00,2.407965218795193874e+00,1.188666279273002289e+02,1.017338892269926909e+00,1.427842725404072723e+02,4.839208550225257532e+00,-1.909583602355269250e-13,4.912791094074941967e-20,8.933825901280556536e-17,0.000000000000000000e+00,1.021701373689124948e+00,1.021701373689124948e+00,9.336950659840852484e-01,5.031520295396947340e-01,6.155355083215942047e-01,1.008094318145335233e+00,8.824259341751335972e-01,1.000000000000000000e+00,1.000000000000000000e+00,1.000000000000000000e+00,8.649354428444949727e-01,6.967300932985591444e-02,6.967300932985591544e+01,5.491639072720826675e+01,9.856785740503934967e-01,1.018166110773007116e+00,1.000387280801166456e+00,6.665558707938467720e+00,9.240464405324513297e-01,1.023104251382157992e+00,6.019913046987991345e-01,1.398430916791768341e+00,8.920999914194098324e+00,-4.609186183148754334e-03,1.799539081381685079e+01,5.491639072801095267e+01,8.026859177334699780e-10,9.243248595806389289e+01,0.000000000000000000e+00,-3.139772604324764238e-02,8.404684414527727743e-01,1.774311068400320712e+00,1.924422414237785928e+00,1.900311068400316161e+00,9.948209952864486283e+00,3.824733482638102089e+00,6.123476470226384194e+00,7.967487368112018131e-02,2.999999999999999737e-04,1.259999999999954490e-01,3.000000000000242056e-04,3.172859013671297745e+01,1.006304059079389468e+00,2.203716444293099652e+00,2.201034983109988907e+00,2.203716444293099652e+00,5.080926392483224419e+01,1.016185278496644944e+08,1.100517491554994365e+02,2.201034983109988868e+08,2.437251417396740649e+01,1.852335272542990765e+02,9.017141301850175594e-01,1.210813518147112688e+01,1.138096261325584724e+00,4.990051602870324010e-01,1.802670721016778277e+00,1.185868131776294687e+00,5.763658940009127596e-01,1.042347612604986651e+00,3.483650466492795061e+01,1.784272540407272345e+00,1.260000000000000009e-01,1.910074447065549563e+01,9.017141295210696628e-01,1.180658089068085115e+00,1.047376677930307753e+00,1.080219019864820273e+00,1.080219019864820373e-05,1.080219019864825286e-05,4.839208550225448491e+00,1.383894982924370742e+00,1.102205897073871732e+00,9.341453444086074143e-01,1.358200333845756669e+00
2.280000000000000000e+03,1.583333333333333259e+00,2.078067722193603004e+03,1.455389788539574170e+01,3.120844931479964757e+01,4.719962153689786210e+05,1.364889105142312253e+01,7.201935217769928954e+00,2.329838855661334662e+01,2.034746760431550339e+00,2.452086308741339948e+01,8.104353054314596960e+00,1.398430916791766565e+00,6.019913046987983574e-01,9.760737791209421630e+02,-8.970778869499438812e+00,1.080219019864820273e+00,1.086805494756491797e+00,7.500000000000019984e-01,2.717013736891229492e-01,1.185868131776294687e+00,1.000000000000000000e+00,1.570074447065549528e+01,2.565323654479015048e+01,2.170137368912494757e-02,3.399999999999999911e+00,1.278802197664441920e+00,4.939519124917543635e+00,2.407965218795193429e+00,1.188666279273001578e+02,1.017338892269926909e+00,1.427842725404073008e+02,4.839208550225257532e+00,-1.909583602355269250e-13,4.912791094074941967e-20,7.806255641895631925e-17,0.000000000000000000e+00,1.021701373689124948e+00,1.021701373689124948e+00,9.336950659840852484e-01,5.031520295396946230e-01,6.155355083215942047e-01,1.008094318145335233e+00,8.824259341751335972e-01,1.000000000000000000e+00,1.000000000000000000e+00,1.000000000000000000e+00,8.649354428444949727e-01,6.967300932985591444e-02,6.967300932985591544e+01,5.491639072720826675e+01,9.856785740503934967e-01,1.018166110773007116e+00,1.000387280801166456e+00,6.665558707938467720e+00,9.240464405324513297e-01,1.023104251382157992e+00,6.019913046988085714e-01,1.398430916791765677e+00,8.920999914194098324e+00,-4.609186183148754334e-03,1.799539081381685079e+01,5.491639072801095267e+01,8.026859177334699780e-10,9.243248595806389289e+01,0.000000000000000000e+00,-3.139772604324764238e-02,8.404684414527727743e-01,1.774311068400321600e+00,1.924422414237785928e+00,1.900311068400317049e+00,9.948209952864488059e+00,3.824733482638102977e+00,6.123476470226385082e+00,7.967487368112018131e-02,2.999999999999999737e-04,1.259999999999954490e-01,3.000000000000233383e-04,3.172859013671297390e+01,1.006304059079389246e+00,2.203716444293099652e+00,2.201034983109988907e+00,2.203716444293099652e+00,5.080926392483224419e+01,1.016185278496644944e+08,1.100517491554994365e+02,2.201034983109988868e+08,2.437251417396740649e+01,1.852335272542990765e+02,9.017141301850177815e-01,1.210813518147112511e+01,1.138096261325584724e+00,4.990051602870324010e-01,1.802670721016778499e+00,1.185868131776294687e+00,5.763658940009127596e-01,1.042347612604986651e+00,3.483650466492795061e+01,1.784272540407300767e+00,1.260000000000000009e-01,1.910074447065549563e+01,9.017141295210698848e-01,1.180658089068084893e+00,1.047376677930307753e+00,1.080219019864820273e+00,1.080219019864820373e-05,1.080219019864825286e-05,4.839208550225448491e+00,1.383894982924370742e+00,1.102205897073871732e+00,9.341453444086056379e-01,1.358200333845756669e+00
2.400000000000000000e+03,1.666666666666666741e+00,2.078067722193603004e+03,1.455389788539574170e+01,3.120844931479964757e+01,4.719962153689786210e+05,1.364889105142312253e+01,7.201935217769928954e+00,2.329838855661334662e+01,2.034746760431550339e+00,2.452086308741339948e+01,8.104353054314596960e+00,1.398430916791766343e+00,6.019913046987982463e-01,9.760737791209421630e+02,-8.970778869499421049e+00,1.080219019864820273e+00,1.086805494756491797e+00,7.500000000000019984e-01,2.717013736891229492e-01,1.185868131776294687e+00,1.000000000000000000e+00,1.570074447065549528e+01,2.565323654479015048e+01,2.170137368912494757e-02,3.399999999999999911e+00,1.278802197664441920e+00,4.939519124917543635e+00,2.407965218795192985e+00,1.188666279273001436e+02,1.017338892269926909e+00,1.427842725404073008e+02,4.839208550225257532e+00,-1.909583602355269250e-13,4.912791094074941967e-20,6.591949208711866959e-17,0.000000000000000000e+00,1.021701373689124948e+00,1.021701373689124948e+00,9.336950659840851374e-01,5.031520295396946230e-01,6.155355083215942047e-01,1.008094318145335233e+00,8.824259341751335972e-01,1.000000000000000000e+00,1.000000000000000000e+00,1.000000000000000000e+00,8.649354428444949727e-01,6.967300932985591444e-02,6.967300932985591544e+01,5.491639072720826675e+01,9.856785740503933857e-01,1.018166110773007116e+00,1.000387280801166456e+00,6.665558707938467720e+00,9.240464405324513297e-01,1.023104251382157992e+00,6.019913046988085714e-01,1.398430916791765677e+00,8.920999914194098324e+00,-4.609186183148754334e-03,1.799539081381685079e+01,5.491639072801095267e+01,8.026859177334699780e-10,9.243248595806389289e+01,0.000000000000000000e+00,-3.139772604324764238e-02,8.404684414527727743e-01,1.774311068400321378e+00,1.924422414237785928e+00,1.900311068400317049e+00,9.948209952864488059e+00,3.824733482638102977e+00,6.123476470226385082e+00,7.967487368112018131e-02,2.999999999999999737e-04,1.259999999999956710e-01,3.000000000000224709e-04,3.172859013671297390e+01,1.006304059079389246e+00,2.203716444293099652e+00,2.201034983109988907e+00,2.203716444293099652e+00,5.080926392483224419e+01,1.016185278496644944e+08,1.100517491554994365e+02,2.201034983109988868e+08,2.437251417396740649e+01,1.852335272542990765e+02,9.017141301850177815e-01,1.210813518147112511e+01,1.138096261325584724e+00,4.990051602870324010e-01,1.802670721016778499e+00,1.185868131776294687e+00,5.763658940009127596e-01,1.042347612604986651e+00,3.483650466492795061e+01,1.784272540407300767e+00,1.260000000000000009e-01,1.910074447065549563e+01,9.017141295210698848e-01,1.180658089068084893e+00,1.047376677930307753e+00,1.080219019864820273e+00,1.080219019864820373e-05,1.080219019864825286e-05,4.839208550225448491e+00,1.383894982924370742e+00,1.102205897073871732e+00,9.341453444086056379e-01,1.358200333845756669e+00
2.520000000000000000e+03,1.750000000000000000e+00,2.078067722193603004e+03,1.455389788539574170e+01,3.120844931479964757e+01,4.719962153689786210e+05,1.364889105142312253e+01,7.201935217769928066e+00,2.329838855661334307e+01,2.034746760431550339e+00,2.452086308741339948e+01,8.104353054314596960e+00,1.398430916791766343e+00,6.019913046987982463e-01,9.760737791209420493e+02,-8.970778869499403285e+00,1.080219019864820273e+00,1.086805494756491797e+00,7.500000000000019984e-01,2.717013736891229492e-01,1.185868131776294687e+00,1.000000000000000000e+00,1.570074447065549528e+01,2.565323654479015048e+01,2.170137368912494757e-02,3.399999999999999911e+00,1.278802197664441920e+00,4.939519124917543635e+00,2.407965218795192985e+00,1.188666279273001436e+02,1.017338892269926909e+00,1.427842725404073008e+02,4.839208550225257532e+00,-1.909583602355269250e-13,4.912791094074941967e-20,5.290906601729261638e-17,0.000000000000000000e+00,1.021701373689124948e+00,1.021701373689124948e+00,9.336950659840851374e-01,5.031520295396946230e-01,6.155355083215942047e-01,1.008094318145335233e+00,8.824259341751335972e-01,1.000000000000000000e+00,1.000000000000000000e+00,1.000000000000000000e+00,8.649354428444949727e-01,6.967300932985591444e-02,6.967300932985591544e+01,5.491639072720826675e+01,9.856785740503933857e-01,1.018166110773007116e+00,1.000387280801166456e+00,6.665558707938467720e+00,9.240464405324513297e-01,1.023104251382157992e+00,6.019913046988085714e-01,1.398430916791765677e+00,8.920999914194098324e+00,-4.609186183148754334e-03,1.799539081381685079e+01,5.491639072801095267e+01,8.026859177334699780e-10,9.243248595806389289e+01,0.000000000000000000e+00,-3.139772604324764238e-02,8.404684414527727743e-01,1.774311068400321378e+00,1.924422414237785928e+00,1.900311068400317049e+00,9.948209952864488059e+00,3.824733482638102977e+00,6.123476470226385082e+00,7.967487368112018131e-02,2.999999999999999737e-04,1.259999999999956710e-01,3.000000000000224709e-04,3.172859013671297390e+01,1.006304059079389246e+00,2.203716444293099652e+00,2.201034983109988907e+00,2.203716444293099652e+00,5.080926392483224419e+01,1.016185278496644944e+08,1.100517491554994365e+02,2.201034983109988868e+08,2.437251417396740649e+01,1.852335272542990765e+02,9.017141301850177815e-01,1.210813518147112511e+01,1.138096261325584724e+00,4.990051602870324010e-01,1.802670721016778499e+00,1.185868131776294687e+00,5.763658940009127596e-01,1.042347612604986651e+00,3.483650466492795061e+01,1.784272540407300767e+00,1.260000000000000009e-01,1.910074447065549563e+01,9.017141295210698848e-01,1.180658089068084893e+00,1.047376677930307753e+00,1.080219019864820273e+00,1.080219019864820373e-05,1.080219019864825286e-05,4.839208550225448491e+00,1.383894982924370742e+00,1.102205897073871732e+00,9.341453444086056379e-01,1.358200333845756669e+00
2.640000000000000000e+03,1.833333333333333259e+00,2.078067722193603458e+03,1.455389788539574347e+01,3.120844931479964757e+01,4.719962153689786210e+05,1.364889105142312076e+01,7.201935217769928066e+00,2.329838855661334307e+01,2.034746760431549895e+00,2.452086308741339948e+01,8.104353054314596960e+00,1.398430916791766121e+00,6.019913046987981353e-01,9.760737791209420493e+02,-8.970778869499387298e+00,1.080219019864820273e+00,1.086805494756491353e+00,7.500000000000016653e-01,2.717013736891228382e-01,1.185868131776294243e+00,1.000000000000000000e+00,1.570074447065548817e+01,2.565323654479015048e+01,2.170137368912450349e-02,3.399999999999999911e+00,1.278802197664441476e+00,4.939519124917544524e+00,2.407965218795192541e+00,1.188666279273001152e+02,1.017338892269926909e+00,1.427842725404073008e+02,4.839208550225261085e+00,-1.900701818158267997e-13,3.049318610115481221e-20,1.977584762613560088e-16,0.000000000000000000e+00,1.021701373689124503e+00,1.021701373689124503e+00,9.336950659840849154e-01,5.031520295396945119e-01,6.155355083215942047e-01,1.008094318145335233e+00,8.824259341751335972e-01,1.000000000000000000e+00,1.000000000000000000e+00,1.000000000000000000e+00,8.649354428444948617e-01,6.967300932985601158e-02,6.967300932985601492e+01,5.491639072720825965e+01,9.856785740503933857e-01,1.018166110773007116e+00,1.000387280801166234e+00,6.665558707938472160e+00,9.240464405324513297e-01,1.023104251382157992e+00,6.019913046988083494e-01,1.398430916791763901e+00,8.920999914194112534e+00,-4.609186183148639843e-03,1.799539081381685079e+01,5.491639072801095978e+01,8.027001285881851800e-10,9.243248595806392132e+01,0.000000000000000000e+00,-3.139772604324686522e-02,8.404684414527735514e-01,1.774311068400323821e+00,1.924422414237788148e+00,1.900311068400320158e+00,9.948209952864502270e+00,3.824733482638108306e+00,6.123476470226393964e+00,7.967487368112026458e-02,2.999999999999999737e-04,1.259999999999963372e-01,3.000000000000224709e-04,3.172859013671297390e+01,1.006304059079389024e+00,2.203716444293099652e+00,2.201034983109988907e+00,2.203716444293099652e+00,5.080926392483231524e+01,1.016185278496646285e+08,1.100517491554994365e+02,2.201034983109988868e+08,2.437251417396741715e+01,1.852335272542991333e+02,9.017141301850177815e-01,1.210813518147111623e+01,1.138096261325584724e+00,4.990051602870324010e-01,1.802670721016777611e+00,1.185868131776294243e+00,5.763658940009133147e-01,1.042347612604987539e+00,3.483650466492800746e+01,1.784272540407300767e+00,1.260000000000000009e-01,1.910074447065548853e+01,9.017141295210698848e-01,1.180658089068084227e+00,1.047376677930307753e+00,1.080219019864820273e+00,1.080219019864820373e-05,1.080219019864823422e-05,4.839208550225451155e+00,1.383894982924370520e+00,1.102205897073871732e+00,9.341453444086056379e-01,1.358200333845754892e+00
2.760000000000000000e+03,1.916666666666666741e+00,2.078067722193603458e+03,1.455389788539574347e+01,3.120844931479964401e+01,4.719962153689786210e+05,1.364889105142312076e+01,7.201935217769928066e+00,2.329838855661334307e+01,2.034746760431549895e+00,2.452086308741339593e+01,8.104353054314596960e+00,1.398430916791765899e+00,6.019913046987981353e-01,9.760737791209420493e+02,-8.970778869499369534e+00,1.080219019864820273e+00,1.086805494756491353e+00,7.500000000000016653e-01,2.717013736891228382e-01,1.185868131776294243e+00,1.000000000000000000e+00,1.570074447065548817e+01,2.565323654479014692e+01,2.170137368912450349e-02,3.399999999999999911e+00,1.278802197664441476e+00,4.939519124917544524e+00,2.407965218795192541e+00,1.188666279273001010e+02,1.017338892269926909e+00,1.427842725404073008e+02,4.839208550225261085e+00,-1.900701818158267997e-13,3.049318610115481221e-20,1.856154119295183591e-16,0.000000000000000000e+00,1.021701373689124503e+00,1.021701373689124503e+00,9.336950659840849154e-01,5.031520295396945119e-01,6.155355083215939827e-01,1.008094318145335011e+00,8.824259341751335972e-01,1.000000000000000000e+00,1.000000000000000000e+00,1.000000000000000000e+00,8.649354428444948617e-01,6.967300932985601158e-02,6.967300932985601492e+01,5.491639072720825965e+01,9.856785740503933857e-01,1.018166110773007116e+00,1.000387280801166234e+00,6.665558707938472160e+00,9.240464405324513297e-01,1.023104251382157992e+00,6.019913046988083494e-01,1.398430916791763901e+00,8.920999914194112534e+00,-4.609186183148639843e-03,1.799539081381685079e+01,5.491639072801095978e+01,8.027001285881851800e-10,9.243248595806392132e+01,0.000000000000000000e+00,-3.139772604324686522e-02,8.404684414527735514e-01,1.774311068400324709e+00,1.924422414237789036e+00,1.900311068400321046e+00,9.948209952864502270e+00,3.824733482638110083e+00,6.123476470226392188e+00,7.967487368112026458e-02,2.999999999999999737e-04,1.259999999999963372e-01,3.000000000000224709e-04,3.172859013671297035e+01,1.006304059079389024e+00,2.203716444293099208e+00,2.201034983109988463e+00,2.203716444293099208e+00,5.080926392483232235e+01,1.016185278496646434e+08,1.100517491554994223e+02,2.201034983109988570e+08,2.437251417396741004e+01,1.852335272542991333e+02,9.017141301850178925e-01,1.210813518147111445e+01,1.138096261325584724e+00,4.990051602870324010e-01,1.802670721016777389e+00,1.185868131776294243e+00,5.763658940009133147e-01,1.042347612604987983e+00,3.483650466492800746e+01,1.784272540407300767e+00,1.260000000000000009e-01,1.910074447065548853e+01,9.017141295210699958e-01,1.180658089068084005e+00,1.047376677930307753e+00,1.080219019864820273e+00,1.080219019864820373e-05,1.080219019864823422e-05,4.839208550225451155e+00,1.383894982924370520e+00,1.102205897073871732e+00,9.341453444086056379e-01,1.358200333845754892e+00
2.880000000000000000e+03,2.000000000000000000e+00,2.078067722193603458e+03,1.455389788539574347e+01,3.120844931479964401e+01,4.719962153689786210e+05,1.364889105142312076e+01,7.201935217769928066e+00,2.329838855661334307e+01,2.034746760431549895e+00,2.452086308741339593e+01,8.104353054314595184e+00,1.398430916791765677e+00,6.019913046987980243e-01,9.760737791209420493e+02,-8.970778869499353547e+00,1.080219019864820273e+00,1.086805494756491353e+00,7.500000000000016653e-01,2.717013736891228382e-01,1.185868131776294243e+00,1.000000000000000000e+00,1.570074447065548817e+01,2.565323654479014692e+01,2.170137368912450349e-02,3.399999999999999911e+00,1.278802197664441476e+00,4.939519124917544524e+00,2.407965218795192097e+00,1.188666279273000868e+02,1.017338892269926909e+00,1.427842725404073008e+02,4.839208550225261085e+00,-1.900701818158267997e-13,3.049318610115481221e-20,1.743397093356691130e-16,0.000000000000000000e+00,1.021701373689124503e+00,1.021701373689124503e+00,9.336950659840849154e-01,5.031520295396945119e-01,6.155355083215939827e-01,1.008094318145335011e+00,8.824259341751335972e-01,1.000000000000000000e+00,1.000000000000000000e+00,1.000000000000000000e+00,8.649354428444948617e-01,6.967300932985601158e-02,6.967300932985601492e+01,5.491639072720825965e+01,9.856785740503933857e-01,1.018166110773007116e+00,1.000387280801166234e+00,6.665558707938472160e+00,9.240464405324512187e-01,1.023104251382157992e+00,6.019913046988083494e-01,1.398430916791763901e+00,8.920999914194112534e+00,-4.609186183148639843e-03,1.799539081381685079e+01,5.491639072801095978e+01,8.027001285881851800e-10,9.243248595806392132e+01,0.000000000000000000e+00,-3.139772604324686522e-02,8.404684414527735514e-01,1.774311068400324709e+00,1.924422414237789036e+00,1.900311068400321046e+00,9.948209952864502270e+00,3.824733482638110083e+00,6.123476470226392188e+00,7.967487368112026458e-02,2.999999999999999737e-04,1.259999999999963372e-01,3.000000000000216036e-04,3.172859013671297035e+01,1.006304059079389024e+00,2.203716444293099208e+00,2.201034983109988463e+00,2.203716444293099208e+00,5.080926392483232235e+01,1.016185278496646434e+08,1.100517491554994223e+02,2.201034983109988570e+08,2.437251417396741004e+01,1.852335272542991333e+02,9.017141301850178925e-01,1.210813518147111445e+01,1.138096261325584724e+00,4.990051602870324010e-01,1.802670721016777389e+00,1.185868131776294243e+00,5.763658940009133147e-01,1.042347612604987983e+00,3.483650466492800746e+01,1.784272540407300767e+00,1.260000000000000009e-01,1.910074447065548853e+01,9.017141295210699958e-01,1.180658089068084005e+00,1.047376677930307753e+00,1.080219019864820273e+00,1.080219019864820373e-05,1.080219019864823422e-05,4.839208550225451155e+00,1.383894982924370520e+00,1.102205897073871732e+00,9.341453444086056379e-01,1.358200333845754892e+00
3.000000000000000000e+03,2.083333333333333481e+00,2.078067722193603458e+03,1.455389788539574347e+01,3.120844931479964401e+01,4.719962153689786210e+05,1.364889105142312076e+01,7.201935217769927178e+00,2.329838855661334307e+01,2.034746760431549895e+00,2.452086308741339593e+01,8.104353054314595184e+00,1.398430916791765455e+00,6.019913046987980243e-01,9.760737791209420493e+02,-8.970778869499335784e+00,1.080219019864820273e+00,1.086805494756491353e+00,7.500000000000016653e-01,2.717013736891228382e-01,1.185868131776294243e+00,1.000000000000000000e+00,1.570074447065548817e+01,2.565323654479014692e+01,2.170137368912450349e-02,3.399999999999999911e+00,1.278802197664441476e+00,4.939519124917544524e+00,2.407965218795192097e+00,1.188666279273000583e+02,1.017338892269926909e+00,1.427842725404073008e+02,4.839208550225261085e+00,-1.900701818158267997e-13,3.049318610115481221e-20,1.621966450038314633e-16,0.000000000000000000e+00,1.021701373689124503e+00,1.021701373689124503e+00,9.336950659840849154e-01,5.031520295396945119e-01,6.155355083215939827e-01,1.008094318145335011e+00,8.824259341751335972e-01,1.000000000000000000e+00,1.000000000000000000e+00,1.000000000000000000e+00,8.649354428444948617e-01,6.967300932985601158e-02,6.967300932985601492e+01,5.491639072720825965e+01,9.856785740503933857e-01,1.018166110773007116e+00,1.000387280801166234e+00,6.665558707938472160e+00,9.240464405324512187e-01,1.023104251382157992e+00,6.019913046988083494e-01,1.398430916791763901e+00,8.920999914194112534e+00,-4.609186183148639843e-03,1.799539081381685079e+01,5.491639072801095978e+01,8.027001285881851800e-10,9.243248595806392132e+01,0.000000000000000000e+00,-3.139772604324686522e-02,8.404684414527735514e-01,1.774311068400324709e+00,1.924422414237789036e+00,1.900311068400321046e+00,9.948209952864502270e+00,3.824733482638110083e+00,6.123476470226392188e+00,7.967487368112026458e-02,2.999999999999999737e-04,1.259999999999963372e-01,3.000000000000216036e-04,3.172859013671297035e+01,1.006304059079389024e+00,2.203716444293099208e+00,2.201034983109988463e+00,2.203716444293099208e+00,5.080926392483232235e+01,1.016185278496646434e+08,1.100517491554994223e+02,2.201034983109988570e+08,2.437251417396741004e+01,1.852335272542991333e+02,9.017141301850178925e-01,1.210813518147111445e+01,1.138096261325584724e+00,4.990051602870324010e-01,1.802670721016777389e+00,1.185868131776294243e+00,5.763658940009133147e-01,1.042347612604987983e+00,3.483650466492800746e+01,1.784272540407300767e+00,1.260000000000000009e-01,1.910074447065548853e+01,9.017141295210699958e-01,1.180658089068084005e+00,1.047376677930307753e+00,1.080219019864820273e+00,1.080219019864820373e-05,1.080219019864823422e-05,4.839208550225451155e+00,1.383894982924370520e+00,1.102205897073871732e+00,9.341453444086056379e-01,1.358200333845754892e+00
3.120000000000000000e+03,2.166666666666666519e+00,2.078067722193603458e+03,1.455389788539574525e+01,3.120844931479964401e+01,4.719962153689786210e+05,1.364889105142312076e+01,7.201935217769927178e+00,2.329838855661333952e+01,2.034746760431549895e+00,2.452086308741339593e+01,8.104353054314595184e+00,1.398430916791765233e+00,6.019913046987979133e-01,9.760737791209420493e+02,-8.970778869499318020e+00,1.080219019864820273e+00,1.086805494756491353e+00,7.500000000000016653e-01,2.717013736891228382e-01,1.185868131776294243e+00,1.000000000000000000e+00,1.570074447065548817e+01,2.565323654479014692e+01,2.170137368912450349e-02,3.399999999999999911e+00,1.278802197664441476e+00,4.939519124917544524e+00,2.407965218795191653e+00,1.188666279273000441e+02,1.017338892269926909e+00,1.427842725404073008e+02,4.839208550225261085e+00,-1.900701818158267997e-13,3.049318610115481221e-20,1.491862189340054101e-16,0.000000000000000000e+00,1.021701373689124503e+00,1.021701373689124503e+00,9.336950659840849154e-01,5.031520295396944009e-01,6.155355083215939827e-01,1.008094318145335011e+00,8.824259341751335972e-01,1.000000000000000000e+00,1.000000000000000000e+00,1.000000000000000000e+00,8.649354428444948617e-01,6.967300932985601158e-02,6.967300932985601492e+01,5.491639072720825965e+01,9.856785740503933857e-01,1.018166110773007116e+00,1.000387280801166234e+00,6.665558707938472160e+00,9.240464405324512187e-01,1.023104251382157992e+00,6.019913046988083494e-01,1.398430916791763901e+00,8.920999914194112534e+00,-4.609186183148639843e-03,1.799539081381685079e+01,5.491639072801095978e+01,8.027001285881851800e-10,9.243248595806392132e+01,0.000000000000000000e+00,-3.139772604324686522e-02,8.404684414527735514e-01,1.774311068400325153e+00,1.924422414237788592e+00,1.900311068400321490e+00,9.948209952864502270e+00,3.824733482638110083e+00,6.123476470226392188e+00,7.967487368112026458e-02,2.999999999999999737e-04,1.259999999999963372e-01,3.000000000000216036e-04,3.172859013671297035e+01,1.006304059079388802e+00,2.203716444293099208e+00,2.201034983109988463e+00,2.203716444293099208e+00,5.080926392483232235e+01,1.016185278496646434e+08,1.100517491554994223e+02,2.201034983109988570e+08,2.437251417396741004e+01,1.852335272542991333e+02,9.017141301850178925e-01,1.210813518147111445e+01,1.138096261325584724e+00,4.990051602870324010e-01,1.802670721016777389e+00,1.185868131776294243e+00,5.763658940009133147e-01,1.042347612604987983e+00,3.483650466492800746e+01,1.784272540407300767e+00,1.260000000000000009e-01,1.910074447065548853e+01,9.017141295210699958e-01,1.180658089068084005e+00,1.047376677930307753e+00,1.080219019864820273e+00,1.080219019864820373e-05,1.080219019864823422e-05,4.839208550225451155e+00,1.383894982924370520e+00,1.102205897073871732e+00,9.341453444086056379e-01,1.358200333845754892e+00
3.240000000000000000e+03,2.250000000000000000e+00,2.078067722193603458e+03,1.455389788539574525e+01,3.120844931479964046e+01,4.719962153689786210e+05,1.364889105142311898e+01,7.201935217769927178e+00,2.329838855661333952e+01,2.034746760431549895e+00,2.452086308741339593e+01,8.104353054314595184e+00,1.398430916791765233e+00,6.019913046987978023e-01,9.760737791209420493e+02,-8.970778869499302033e+00,1.080219019864820273e+00,1.086805494756491353e+00,7.500000000000016653e-01,2.717013736891228382e-01,1.185868131776294243e+00,1.000000000000000000e+00,1.570074447065548817e+01,2.565323654479014692e+01,2.170137368912450349e-02,3.399999999999999911e+00,1.278802197664441476e+00,4.939519124917544524e+00,2.407965218795191209e+00,1.188666279273000441e+02,1.017338892269926909e+00,1.427842725404073008e+02,4.839208550225261085e+00,-1.900701818158267997e-13,3.049318610115481221e-20,1.379105163401561640e-16,0.000000000000000000e+00,1.021701373689124503e+00,1.021701373689124503e+00,9.336950659840849154e-01,5.031520295396944009e-01,6.155355083215939827e-01,1.008094318145335011e+00,8.824259341751335972e-01,1.000000000000000000e+00,1.000000000000000000e+00,1.000000000000000000e+00,8.649354428444948617e-01,6.967300932985601158e-02,6.967300932985601492e+01,5.491639072720825965e+01,9.856785740503933857e-01,1.018166110773007116e+00,1.000387280801166234e+00,6.665558707938472160e+00,9.240464405324511077e-01,1.023104251382157992e+00,6.019913046988083494e-01,1.398430916791763901e+00,8.920999914194112534e+00,-4.609186183148639843e-03,1.799539081381685079e+01,5.491639072801095978e+01,8.027001285881851800e-10,9.243248595806392132e+01,0.000000000000000000e+00,-3.139772604324686522e-02,8.404684414527735514e-01,1.774311068400325153e+00,1.924422414237788592e+00,1.900311068400321490e+00,9.948209952864502270e+00,3.824733482638110083e+00,6.123476470226392188e+00,7.967487368112026458e-02,2.999999999999999737e-04,1.259999999999963372e-01,3.000000000000207362e-04,3.172859013671296680e+01,1.006304059079388802e+00,2.203716444293099208e+00,2.201034983109988463e+00,2.203716444293099208e+00,5.080926392483232235e+01,1.016185278496646434e+08,1.100517491554994223e+02,2.201034983109988570e+08,2.437251417396741004e+01,1.852335272542991333e+02,9.017141301850178925e-01,1.210813518147111445e+01,1.138096261325584724e+00,4.990051602870324010e-01,1.802670721016777389e+00,1.185868131776294243e+00,5.763658940009133147e-01,1.042347612604987983e+00,3.483650466492800746e+01,1.784272540407300767e+00,1.260000000000000009e-01,1.910074447065548853e+01,9.017141295210699958e-01,1.180658089068084005e+00,1.047376677930307753e+00,1.080219019864820273e+00,1.080219019864820373e-05,1.080219019864823422e-05,4.839208550225451155e+00,1.383894982924370520e+00,1.102205897073871732e+00,9.341453444086056379e-01,1.358200333845754892e+00
3.360000000000000000e+03,2.333333333333333481e+00,2.078067722193603458e+03,1.455389788539574525e+01,3.120844931479964046e+01,4.719962153689786792e+05,1.364889105142311898e+01,7.201935217769927178e+00,2.329838855661333952e+01,2.034746760431549895e+00,2.452086308741339238e+01,8.104353054314595184e+00,1.398430916791765011e+00,6.019913046987978023e-01,9.760737791209420493e+02,-8.970778869499284269e+00,1.080219019864820273e+00,1.086805494756491353e+00,7.500000000000016653e-01,2.717013736891228382e-01,1.185868131776294243e+00,1.000000000000000000e+00,1.570074447065548817e+01,2.565323654479014337e+01,2.170137368912450349e-02,3.399999999999999911e+00,1.278802197664441476e+00,4.939519124917544524e+00,2.407965218795191209e+00,1.188666279273000299e+02,1.017338892269926909e+00,1.427842725404073008e+02,4.839208550225261085e+00,-1.900701818158267997e-13,3.049318610115481221e-20,1.257674520083185143e-16,0.000000000000000000e+00,1.021701373689124503e+00,1.021701373689124503e+00,9.336950659840849154e-01,5.031520295396944009e-01,6.155355083215939827e-01,1.008094318145335011e+00,8.824259341751335972e-01,1.000000000000000000e+00,1.000000000000000000e+00,1.000000000000000000e+00,8.649354428444948617e-01,6.967300932985601158e-02,6.967300932985601492e+01,5.491639072720825965e+01,9.856785740503933857e-01,1.018166110773007116e+00,1.000387280801166234e+00,6.665558707938472160e+00,9.240464405324511077e-01,1.023104251382157992e+00,6.019913046988083494e-01,1.398430916791763901e+00,8.920999914194112534e+00,-4.609186183148639843e-03,1.799539081381685079e+01,5.491639072801095978e+01,8.027001285881851800e-10,9.243248595806392132e+01,0.000000000000000000e+00,-3.139772604324686522e-02,8.404684414527735514e-01,1.774311068400325153e+00,1.924422414237788592e+00,1.900311068400321490e+00,9.948209952864502270e+00,3.824733482638110083e+00,6.123476470226392188e+00,7.967487368112026458e-02,2.999999999999999737e-04,1.259999999999963372e-01,3.000000000000207362e-04,3.172859013671296680e+01,1.006304059079388802e+00,2.203716444293098764e+00,2.201034983109988019e+00,2.203716444293098764e+00,5.080926392483231524e+01,1.016185278496646285e+08,1.100517491554993939e+02,2.201034983109987974e+08,2.437251417396740649e+01,1.852335272542991049e+02,9.017141301850178925e-01,1.210813518147111445e+01,1.138096261325584724e+00,4.990051602870324565e-01,1.802670721016777389e+00,1.185868131776294243e+00,5.763658940009133147e-01,1.042347612604987983e+00,3.483650466492800746e+01,1.784272540407300767e+00,1.260000000000000009e-01,1.910074447065548853e+01,9.017141295210699958e-01,1.180658089068084005e+00,1.047376677930307753e+00,1.080219019864820273e+00,1.080219019864820373e-05,1.080219019864823422e-05,4.839208550225451155e+00,1.383894982924370520e+00,1.102205897073871732e+00,9.341453444086056379e-01,1.358200333845754892e+00
3.480000000000000000e+03,2.416666666666666519e+00,2.078067722193603458e+03,1.455389788539574525e+01,3.120844931479964046e+01,4.719962153689786792e+05,1.364889105142311898e+01,7.201935217769926290e+00,2.329838855661333952e+01,2.034746760431549450e+00,2.452086308741339238e+01,8.104353054314595184e+00,1.398430916791764789e+00,6.019913046987976912e-01,9.760737791209420493e+02,-8.970778869499268282e+00,1.080219019864820273e+00,1.086805494756491353e+00,7.500000000000016653e-01,2.717013736891228382e-01,1.185868131776294243e+00,1.000000000000000000e+00,1.570074447065548817e+01,2.565323654479014337e+01,2.170137368912450349e-02,3.399999999999999911e+00,1.278802197664441476e+00,4.939519124917544524e+00,2.407965218795190765e+00,1.188666279273000015e+02,1.017338892269926909e+00,1.427842725404073008e+02,4.839208550225261085e+00,-1.900701818158267997e-13,3.049318610115481221e-20,1.144917494144692682e-16,0.000000000000000000e+00,1.021701373689124503e+00,1.021701373689124503e+00,9.336950659840849154e-01,5.031520295396944009e-01,6.155355083215939827e-01,1.008094318145335011e+00,8.824259341751335972e-01,1.000000000000000000e+00,1.000000000000000000e+00,1.000000000000000000e+00,8.649354428444948617e-01,6.967300932985601158e-02,6.967300932985601492e+01,5.491639072720825965e+01,9.856785740503933857e-01,1.018166110773007116e+00,1.000387280801166234e+00,6.665558707938472160e+00,9.240464405324509967e-01,1.023104251382157992e+00,6.019913046988083494e-01,1.398430916791763901e+00,8.920999914194112534e+00,-4.609186183148639843e-03,1.799539081381685079e+01,5.491639072801095978e+01,8.027001285881851800e-10,9.243248595806392132e+01,0.000000000000000000e+00,-3.139772604324686522e-02,8.404684414527735514e-01,1.774311068400325153e+00,1.924422414237788592e+00,1.900311068400321490e+00,9.948209952864502270e+00,3.824733482638110083e+00,6.123476470226392188e+00,7.967487368112026458e-02,2.999999999999999737e-04,1.259999999999963372e-01,3.000000000000207362e-04,3.172859013671296680e+01,1.006304059079388802e+00,2.203716444293098764e+00,2.201034983109988019e+00,2.203716444293098764e+00,5.080926392483231524e+01,1.016185278496646285e+08,1.100517491554993939e+02,2.201034983109987974e+08,2.437251417396740649e+01,1.852335272542991049e+02,9.017141301850178925e-01,1.210813518147111445e+01,1.138096261325584724e+00,4.990051602870324565e-01,1.802670721016777389e+00,1.185868131776294243e+00,5.763658940009133147e-01,1.042347612604987983e+00,3.483650466492800746e+01,1.784272540407300767e+00,1.260000000000000009e-01,1.910074447065548853e+01,9.017141295210699958e-01,1.180658089068084005e+00,1.047376677930307753e+00,1.080219019864820273e+00,1.080219019864820373e-05,1.080219019864823422e-05,4.839208550225451155e+00,1.383894982924370520e+00,1.102205897073871732e+00,9.341453444086056379e-01,1.358200333845754892e+00
3.600000000000000000e+03,2.500000000000000000e+00,2.078067722193603913e+03,1.455389788539574702e+01,3.120844931479964046e+01,4.719962153689786792e+05,1.364889105142311898e+01,7.201935217769926290e+00,2.329838855661333952e+01,2.034746760431549450e+00,2.452086308741339238e+01,8.104353054314595184e+00,1.398430916791764567e+00,6.019913046987976912e-01,9.760737791209419356e+02,-8.970778869499250519e+00,1.080219019864820273e+00,1.086805494756491353e+00,7.500000000000016653e-01,2.717013736891228382e-01,1.185868131776294243e+00,1.000000000000000000e+00,1.570074447065548817e+01,2.565323654479014337e+01,2.170137368912450349e-02,3.399999999999999911e+00,1.278802197664441476e+00,4.939519124917544524e+00,2.407965218795190765e+00,1.188666279272999873e+02,1.017338892269926909e+00,1.427842725404073008e+02,4.839208550225261085e+00,-1.900701818158267997e-13,3.049318610115481221e-20,1.023486850826316186e-16,0.000000000000000000e+00,1.021701373689124503e+00,1.021701373689124503e+00,9.336950659840849154e-01,5.031520295396944009e-01,6.155355083215939827e-01,1.008094318145335011e+00,8.824259341751335972e-01,1.000000000000000000e+00,1.000000000000000000e+00,1.000000000000000000e+00,8.649354428444948617e-01,6.967300932985601158e-02,6.967300932985601492e+01,5.491639072720825965e+01,9.856785740503933857e-01,1.018166110773007116e+00,1.000387280801166234e+00,6.665558707938472160e+00,9.240464405324509967e-01,1.023104251382157992e+00,6.019913046988084604e-01,1.398430916791763901e+00,8.920999914194112534e+00,-4.609186183148639843e-03,1.799539081381685079e+01,5.491639072801095978e+01,8.027001285881851800e-10,9.243248595806392132e+01,0.000000000000000000e+00,-3.139772604324686522e-02,8.404684414527735514e-01,1.774311068400325153e+00,1.924422414237788592e+00,1.900311068400321490e+00,9.948209952864502270e+00,3.824733482638110083e+00,6.123476470226392188e+00,7.967487368112026458e-02,2.999999999999999737e-04,1.259999999999963372e-01,3.000000000000207362e-04,3.172859013671296680e+01,1.006304059079388802e+00,2.203716444293098764e+00,2.201034983109988019e+00,2.203716444293098764e+00,5.080926392483231524e+01,1.016185278496646285e+08,1.100517491554993939e+02,2.201034983109987974e+08,2.437251417396740649e+01,1.852335272542991049e+02,9.017141301850178925e-01,1.210813518147111445e+01,1.138096261325584724e+00,4.990051602870324565e-01,1.802670721016777389e+00,1.185868131776294243e+00,5.763658940009133147e-01,1.042347612604987983e+00,3.483650466492800746e+01,1.784272540407300767e+00,1.260000000000000009e-01,1.910074447065548853e+01,9.017141295210699958e-01,1.180658089068084005e+00,1.047376677930307753e+00,1.080219019864820273e+00,1.080219019864820373e-05,1.080219019864823422e-05,4.839208550225451155e+00,1.383894982924370520e+00,1.102205897073871732e+00,9.341453444086056379e-01,1.358200333845754892e+00
3.720000000000000000e+03,2.583333333333333481e+00,2.078067722193603913e+03,1.455389788539574702e+01,3.120844931479963691e+01,4.719962153689786792e+05,1.364889105142311898e+01,7.201935217769926290e+00,2.329838855661333596e+01,2.034746760431549450e+00,2.452086308741339238e+01,8.104353054314595184e+00,1.398430916791764345e+00,6.019913046987975802e-01,9.760737791209419356e+02,-8.970778869499232755e+00,1.080219019864820273e+00,1.086805494756491353e+00,7.500000000000016653e-01,2.717013736891228382e-01,1.185868131776294243e+00,1.000000000000000000e+00,1.570074447065548817e+01,2.565323654479014337e+01,2.170137368912450349e-02,3.399999999999999911e+00,1.278802197664441476e+00,4.939519124917544524e+00,2.407965218795190321e+00,1.188666279272999731e+02,1.017338892269926909e+00,1.427842725404073008e+02,4.839208550225261085e+00,-1.900701818158267997e-13,3.049318610115481221e-20,9.020562075079396891e-17,0.000000000000000000e+00,1.021701373689124503e+00,1.021701373689124503e+00,9.336950659840849154e-01,5.031520295396944009e-01,6.155355083215939827e-01,1.008094318145335011e+00,8.824259341751335972e-01,1.000000000000000000e+00,1.000000000000000000e+00,1.000000000000000000e+00,8.649354428444948617e-01,6.967300932985601158e-02,6.967300932985601492e+01,5.491639072720825965e+01,9.856785740503933857e-01,1.018166110773007116e+00,1.000387280801166234e+00,6.665558707938472160e+00,9.240464405324509967e-01,1.023104251382157992e+00,6.019913046988084604e-01,1.398430916791763901e+00,8.920999914194112534e+00,-4.609186183148639843e-03,1.799539081381685079e+01,5.491639072801095978e+01,8.027001285881851800e-10,9.243248595806392132e+01,0.000000000000000000e+00,-3.139772604324686522e-02,8.404684414527735514e-01,1.774311068400325153e+00,1.924422414237788592e+00,1.900311068400321490e+00,9.948209952864502270e+00,3.824733482638110083e+00,6.123476470226392188e+00,7.967487368112026458e-02,2.999999999999999737e-04,1.259999999999963372e-01,3.000000000000198688e-04,3.172859013671296324e+01,1.006304059079388802e+00,2.203716444293098764e+00,2.201034983109988019e+00,2.203716444293098764e+00,5.080926392483231524e+01,1.016185278496646285e+08,1.100517491554993939e+02,2.201034983109987974e+08,2.437251417396740649e+01,1.852335272542991049e+02,9.017141301850178925e-01,1.210813518147111445e+01,1.138096261325584724e+00,4.990051602870324565e-01,1.802670721016777389e+00,1.185868131776294243e+00,5.763658940009133147e-01,1.042347612604987983e+00,3.483650466492800746e+01,1.784272540407300767e+00,1.260000000000000009e-01,1.910074447065548853e+01,9.017141295210699958e-01,1.180658089068084005e+00,1.047376677930307753e+00,1.080219019864820273e+00,1.080219019864820373e-05,1.080219019864823422e-05,4.839208550225451155e+00,1.383894982924370520e+00,1.102205897073871732e+00,9.341453444086056379e-01,1.358200333845754892e+00
3.840000000000000000e+03,2.666666666666666519e+00,2.078067722193603913e+03,1.455389788539574702e+01,3.120844931479963691e+01,4.719962153689786792e+05,1.364889105142311720e+01,7.201935217769926290e+00,2.329838855661333596e+01,2.034746760431549450e+00,2.452086308741339238e+01,8.104353054314593408e+00,1.398430916791764123e+00,6.019913046987975802e-01,9.760737791209419356e+02,-8.970778869499216768e+00,1.080219019864820273e+00,1.086805494756491353e+00,7.500000000000016653e-01,2.717013736891228382e-01,1.185868131776294243e+00,1.000000000000000000e+00,1.570074447065548817e+01,2.565323654479014337e+01,2.170137368912450349e-02,3.399999999999999911e+00,1.278802197664441476e+00,4.939519124917544524e+00,2.407965218795190321e+00,1.188666279272999446e+02,1.017338892269926909e+00,1.427842725404073008e+02,4.839208550225261085e+00,-1.900701818158267997e-13,3.049318610115481221e-20,7.892991815694472280e-17,0.000000000000000000e+00,1.021701373689124503e+00,1.021701373689124503e+00,9.336950659840849154e-01,5.031520295396942899e-01,6.155355083215939827e-01,1.008094318145335011e+00,8.824259341751335972e-01,1.000000000000000000e+00,1.000000000000000000e+00,1.000000000000000000e+00,8.649354428444948617e-01,6.967300932985601158e-02,6.967300932985601492e+01,5.491639072720825965e+01,9.856785740503933857e-01,1.018166110773007116e+00,1.000387280801166234e+00,6.665558707938472160e+00,9.240464405324509967e-01,1.023104251382157992e+00,6.019913046988084604e-01,1.398430916791763901e+00,8.920999914194112534e+00,-4.609186183148639843e-03,1.799539081381685079e+01,5.491639072801095978e+01,8.027001285881851800e-10,9.243248595806392132e+01,0.000000000000000000e+00,-3.139772604324686522e-02,8.404684414527735514e-01,1.774311068400325597e+00,1.924422414237788148e+00,1.900311068400321934e+00,9.948209952864502270e+00,3.824733482638110083e+00,6.123476470226392188e+00,7.967487368112026458e-02,2.999999999999999737e-04,1.259999999999963372e-01,3.000000000000198688e-04,3.172859013671296324e+01,1.006304059079388580e+00,2.203716444293098764e+00,2.201034983109988019e+00,2.203716444293098764e+00,5.080926392483231524e+01,1.016185278496646285e+08,1.100517491554993939e+02,2.201034983109987974e+08,2.437251417396740649e+01,1.852335272542991049e+02,9.017141301850178925e-01,1.210813518147111445e+01,1.138096261325584724e+00,4.990051602870324565e-01,1.802670721016777389e+00,1.185868131776294243e+00,5.763658940009133147e-01,1.042347612604987983e+00,3.483650466492800746e+01,1.784272540407300767e+00,1.260000000000000009e-01,1.910074447065548853e+01,9.017141295210699958e-01,1.180658089068084005e+00,1.047376677930307753e+00,1.080219019864820273e+00,1.080219019864820373e-05,1.080219019864823422e-05,4.839208550225451155e+00,1.383894982924370520e+00,1.102205897073871732e+00,9.341453444086056379e-01,1.358200333845754892e+00
3.960000000000000000e+03,2.750000000000000000e+00,2.078067722193603913e+03,1.455389788539574702e+01,3.120844931479963691e+01,4.719962153689786792e+05,1.364889105142311720e+01,7.201935217769925401e+00,2.329838855661333596e+01,2.034746760431549450e+00,2.452086308741338883e+01,8.104353054314593408e+00,1.398430916791764123e+00,6.019913046987974692e-01,9.760737791209419356e+02,-8.970778869499199004e+00,1.080219019864820051e+00,1.086805494756491353e+00,7.500000000000016653e-01,2.717013736891228382e-01,1.185868131776294243e+00,1.000000000000000000e+00,1.570074447065549172e+01,2.565323654479013982e+01,2.170137368912450349e-02,3.399999999999999911e+00,1.278802197664441476e+00,4.939519124917544524e+00,2.407965218795189877e+00,1.188666279272999446e+02,1.017338892269926909e+00,1.427842725404073008e+02,4.839208550225260197e+00,-1.909583602355269250e-13,3.726944967918921492e-20,2.081668171172168513e-17,0.000000000000000000e+00,1.021701373689124503e+00,1.021701373689124503e+00,9.336950659840849154e-01,5.031520295396942899e-01,6.155355083215939827e-01,1.008094318145335011e+00,8.824259341751335972e-01,1.000000000000000000e+00,1.000000000000000000e+00,1.000000000000000000e+00,8.649354428444948617e-01,6.967300932985601158e-02,6.967300932985601492e+01,5.491639072720825965e+01,9.856785740503933857e-01,1.018166110773007116e+00,1.000387280801166234e+00,6.665558707938472160e+00,9.240464405324509967e-01,1.023104251382157992e+00,6.019913046988084604e-01,1.398430916791763901e+00,8.920999914194112534e+00,-4.609186183148672802e-03,1.799539081381685079e+01,5.491639072801095978e+01,8.027001285881851800e-10,9.243248595806392132e+01,0.000000000000000000e+00,-3.139772604324708727e-02,8.404684414527733294e-01,1.774311068400325597e+00,1.924422414237788148e+00,1.900311068400321934e+00,9.948209952864502270e+00,3.824733482638110083e+00,6.123476470226392188e+00,7.967487368112026458e-02,2.999999999999999737e-04,1.259999999999963372e-01,3.000000000000190015e-04,3.172859013671296324e+01,1.006304059079388580e+00,2.203716444293098764e+00,2.201034983109988019e+00,2.203716444293098764e+00,5.080926392483231524e+01,1.016185278496646285e+08,1.100517491554993939e+02,2.201034983109987974e+08,2.437251417396740649e+01,1.852335272542991049e+02,9.017141301850181145e-01,1.210813518147111445e+01,1.138096261325584724e+00,4.990051602870324565e-01,1.802670721016777833e+00,1.185868131776294243e+00,5.763658940009133147e-01,1.042347612604987983e+00,3.483650466492800746e+01,1.784272540407300767e+00,1.260000000000000009e-01,1.910074447065549208e+01,9.017141295210702179e-01,1.180658089068084005e+00,1.047376677930307753e+00,1.080219019864820051e+00,1.080219019864820203e-05,1.080219019864823930e-05,4.839208550225451155e+00,1.383894982924370520e+00,1.102205897073871732e+00,9.341453444086056379e-01,1.358200333845754892e+00
4.080000000000000000e+03,2.833333333333333481e+00,2.078067722193603913e+03,1.455389788539574880e+01,3.120844931479963691e+01,4.719962153689786792e+05,1.364889105142311720e+01,7.201935217769925401e+00,2.329838855661333596e+01,2.034746760431549450e+00,2.452086308741338883e+01,8.104353054314593408e+00,1.398430916791763901e+00,6.019913046987974692e-01,9.760737791209419356e+02,-8.970778869499183017e+00,1.080219019864820051e+00,1.086805494756490909e+00,7.500000000000013323e-01,2.717013736891227271e-01,1.185868131776293577e+00,1.000000000000000000e+00,1.570074447065548462e+01,2.565323654479013982e+01,2.170137368912405940e-02,3.399999999999999911e+00,1.278802197664440365e+00,4.939519124917545412e+00,2.407965218795189877e+00,1.188666279272999304e+02,1.017338892269926909e+00,1.427842725404073008e+02,4.839208550225264638e+00,-1.900701818158267997e-13,1.524659305057740610e-20,1.873501354054951662e-16,0.000000000000000000e+00,1.021701373689124059e+00,1.021701373689124059e+00,9.336950659840849154e-01,5.031520295396942899e-01,6.155355083215939827e-01,1.008094318145335011e+00,8.824259341751335972e-01,1.000000000000000000e+00,1.000000000000000000e+00,1.000000000000000000e+00,8.649354428444948617e-01,6.967300932985601158e-02,6.967300932985601492e+01,5.491639072720828096e+01,9.856785740503933857e-01,1.018166110773007116e+00,1.000387280801166234e+00,6.665558707938476601e+00,9.240464405324509967e-01,1.023104251382157992e+00,6.019913046988082383e-01,1.398430916791761236e+00,8.920999914194112534e+00,-4.609186183148542698e-03,1.799539081381685079e+01,5.491639072801096688e+01,8.026859177334699780e-10,9.243248595806396395e+01,0.000000000000000000e+00,-3.139772604324619909e-02,8.404684414527742176e-01,1.774311068400325597e+00,1.924422414237788148e+00,1.900311068400321934e+00,9.948209952864502270e+00,3.824733482638110083e+00,6.123476470226392188e+00,7.967487368112026458e-02,2.999999999999999737e-04,1.259999999999963372e-01,3.000000000000190015e-04,3.172859013671296324e+01,1.006304059079388580e+00,2.203716444293098764e+00,2.201034983109988019e+00,2.203716444293098764e+00,5.080926392483232235e+01,1.016185278496646434e+08,1.100517491554993939e+02,2.201034983109987974e+08,2.437251417396741004e+01,1.852335272542991049e+02,9.017141301850181145e-01,1.210813518147111445e+01,1.138096261325584502e+00,4.990051602870326786e-01,1.802670721016777389e+00,1.185868131776293577e+00,5.763658940009138698e-01,1.042347612604987983e+00,3.483650466492800746e+01,1.784272540407300767e+00,1.260000000000000009e-01,1.910074447065548497e+01,9.017141295210702179e-01,1.180658089068084005e+00,1.047376677930307531e+00,1.080219019864820051e+00,1.080219019864820203e-05,1.080219019864821728e-05,4.839208550225454708e+00,1.383894982924370298e+00,1.102205897073871732e+00,9.341453444086056379e-01,1.358200333845752450e+00
4.200000000000000000e+03,2.916666666666666519e+00,2.078067722193603913e+03,1.455389788539574880e+01,3.120844931479963336e+01,4.719962153689786792e+05,1.364889105142311720e+01,7.201935217769925401e+00,2.329838855661333596e+01,2.034746760431549006e+00,2.452086308741338883e+01,8.104353054314593408e+00,1.398430916791763678e+00,6.019913046987973582e-01,9.760737791209419356e+02,-8.970778869499165253e+00,1.080219019864820051e+00,1.086805494756490909e+00,7.500000000000013323e-01,2.717013736891227271e-01,1.185868131776293577e+00,1.000000000000000000e+00,1.570074447065548462e+01,2.565323654479013982e+01,2.170137368912405940e-02,3.399999999999999911e+00,1.278802197664440365e+00,4.939519124917545412e+00,2.407965218795189433e+00,1.188666279272999162e+02,1.017338892269926909e+00,1.427842725404073008e+02,4.839208550225264638e+00,-1.900701818158267997e-13,1.524659305057740610e-20,1.752070710736575165e-16,0.000000000000000000e+00,1.021701373689124059e+00,1.021701373689124059e+00,9.336950659840849154e-01,5.031520295396942899e-01,6.155355083215939827e-01,1.008094318145335011e+00,8.824259341751335972e-01,1.000000000000000000e+00,1.000000000000000000e+00,1.000000000000000000e+00,8.649354428444948617e-01,6.967300932985601158e-02,6.967300932985601492e+01,5.491639072720828096e+01,9.856785740503933857e-01,1.018166110773007116e+00,1.000387280801166234e+00,6.665558707938476601e+00,9.240464405324508856e-01,1.023104251382157992e+00,6.019913046988082383e-01,1.398430916791761236e+00,8.920999914194112534e+00,-4.609186183148542698e-03,1.799539081381685079e+01,5.491639072801096688e+01,8.026859177334699780e-10,9.243248595806396395e+01,0.000000000000000000e+00,-3.139772604324619909e-02,8.404684414527742176e-01,1.774311068400325597e+00,1.924422414237788148e+00,1.900311068400321934e+00,9.948209952864502270e+00,3.824733482638110083e+00,6.123476470226392188e+00,7.967487368112026458e-02,2.999999999999999737e-04,1.259999999999963372e-01,3.000000000000190015e-04,3.172859013671295969e+01,1.006304059079388580e+00,2.203716444293098764e+00,2.201034983109988019e+00,2.203716444293098764e+00,5.080926392483232235e+01,1.016185278496646434e+08,1.100517491554993939e+02,2.201034983109987974e+08,2.437251417396741004e+01,1.852335272542991049e+02,9.017141301850181145e-01,1.210813518147111445e+01,1.138096261325584502e+00,4.990051602870326786e-01,1.802670721016777389e+00,1.185868131776293577e+00,5.763658940009138698e-01,1.042347612604987983e+00,3.483650466492800746e+01,1.784272540407300767e+00,1.260000000000000009e-01,1.910074447065548497e+01,9.017141295210702179e-01,1.180658089068084005e+00,1.047376677930307531e+00,1.080219019864820051e+00,1.080219019864820203e-05,1.080219019864821728e-05,4.839208550225454708e+00,1.383894982924370298e+00,1.102205897073871732e+00,9.341453444086056379e-01,1.358200333845752450e+00
4.320000000000000000e+03,3.000000000000000000e+00,2.078067722193603913e+03,1.455389788539574880e+01,3.120844931479963336e+01,4.719962153689786792e+05,1.364889105142311543e+01,7.201935217769925401e+00,2.329838855661333596e+01,2.034746760431549006e+00,2.452086308741338883e+01,8.104353054314593408e+00,1.398430916791763456e+00,6.019913046987972471e-01,9.760737791209419356e+02,-8.970778869499147490e+00,1.080219019864820051e+00,1.086805494756490909e+00,7.500000000000013323e-01,2.717013736891227271e-01,1.185868131776293577e+00,1.000000000000000000e+00,1.570074447065548462e+01,2.565323654479013982e+01,2.170137368912405940e-02,3.399999999999999911e+00,1.278802197664440365e+00,4.939519124917545412e+00,2.407965218795188989e+00,1.188666279272998878e+02,1.017338892269926909e+00,1.427842725404073008e+02,4.839208550225264638e+00,-1.900701818158267997e-13,1.524659305057740610e-20,1.630640067418198669e-16,0.000000000000000000e+00,1.021701373689124059e+00,1.021701373689124059e+00,9.336950659840849154e-01,5.031520295396942899e-01,6.155355083215939827e-01,1.008094318145335011e+00,8.824259341751335972e-01,1.000000000000000000e+00,1.000000000000000000e+00,1.000000000000000000e+00,8.649354428444948617e-01,6.967300932985601158e-02,6.967300932985601492e+01,5.491639072720828096e+01,9.856785740503933857e-01,1.018166110773007116e+00,1.000387280801166234e+00,6.665558707938476601e+00,9.240464405324508856e-01,1.023104251382157992e+00,6.019913046988082383e-01,1.398430916791761236e+00,8.920999914194112534e+00,-4.609186183148542698e-03,1.799539081381685079e+01,5.491639072801096688e+01,8.026859177334699780e-10,9.243248595806396395e+01,0.000000000000000000e+00,-3.139772604324619909e-02,8.404684414527742176e-01,1.774311068400325597e+00,1.924422414237788148e+00,1.900311068400321934e+00,9.948209952864502270e+00,3.824733482638110083e+00,6.123476470226392188e+00,7.967487368112026458e-02,2.999999999999999737e-04,1.259999999999963372e-01,3.000000000000181341e-04,3.172859013671295969e+01,1.006304059079388580e+00,2.203716444293098764e+00,2.201034983109988019e+00,2.203716444293098764e+00,5.080926392483232235e+01,1.016185278496646434e+08,1.100517491554993939e+02,2.201034983109987974e+08,2.437251417396741004e+01,1.852335272542991049e+02,9.017141301850181145e-01,1.210813518147111445e+01,1.138096261325584502e+00,4.990051602870326786e-01,1.802670721016777389e+00,1.185868131776293577e+00,5.763658940009138698e-01,1.042347612604987983e+00,3.483650466492800746e+01,1.784272540407300767e+00,1.260000000000000009e-01,1.910074447065548497e+01,9.017141295210702179e-01,1.180658089068084005e+00,1.047376677930307531e+00,1.080219019864820051e+00,1.080219019864820203e-05,1.080219019864821728e-05,4.839208550225454708e+00,1.383894982924370298e+00,1.102205897073871732e+00,9.341453444086056379e-01,1.358200333845752450e+00
4.440000000000000000e+03,3.083333333333333481e+00,2.078067722193603913e+03,1.455389788539575058e+01,3.120844931479963336e+01,4.719962153689786792e+05,1.364889105142311543e+01,7.201935217769925401e+00,2.329838855661333241e+01,2.034746760431549006e+00,2.452086308741338883e+01,8.104353054314593408e+00,1.398430916791763234e+00,6.019913046987972471e-01,9.760737791209419356e+02,-8.970778869499131503e+00,1.080219019864820051e+00,1.086805494756490909e+00,7.500000000000013323e-01,2.717013736891227271e-01,1.185868131776293577e+00,1.000000000000000000e+00,1.570074447065548462e+01,2.565323654479013982e+01,2.170137368912405940e-02,3.399999999999999911e+00,1.278802197664440365e+00,4.939519124917545412e+00,2.407965218795188989e+00,1.188666279272998736e+02,1.017338892269926909e+00,1.427842725404072723e+02,4.839208550225264638e+00,-1.900701818158267997e-13,1.524659305057740610e-20,1.517883041479706208e-16,0.000000000000000000e+00,1.021701373689124059e+00,1.021701373689124059e+00,9.336950659840849154e-01,5.031520295396941789e-01,6.155355083215939827e-01,1.008094318145335011e+00,8.824259341751335972e-01,1.000000000000000000e+00,1.000000000000000000e+00,1.000000000000000000e+00,8.649354428444948617e-01,6.967300932985601158e-02,6.967300932985601492e+01,5.491639072720828096e+01,9.856785740503933857e-01,1.018166110773007116e+00,1.000387280801166234e+00,6.665558707938476601e+00,9.240464405324508856e-01,1.023104251382157992e+00,6.019913046987986904e-01,1.398430916791763901e+00,8.920999914194112534e+00,-4.609186183148542698e-03,1.799539081381685079e+01,5.491639072801096688e+01,8.026859177334699780e-10,9.243248595806396395e+01,0.000000000000000000e+00,-3.139772604324619909e-02,8.404684414527742176e-01,1.774311068400325597e+00,1.924422414237787260e+00,1.900311068400321934e+00,9.948209952864498717e+00,3.824733482638109194e+00,6.123476470226389523e+00,7.967487368112026458e-02,2.999999999999999737e-04,1.259999999999963372e-01,3.000000000000181341e-04,3.172859013671295969e+01,1.006304059079388358e+00,2.203716444293098764e+00,2.201034983109988019e+00,2.203716444293098764e+00,5.080926392483232235e+01,1.016185278496646434e+08,1.100517491554993939e+02,2.201034983109987974e+08,2.437251417396741004e+01,1.852335272542991049e+02,9.017141301850181145e-01,1.210813518147111623e+01,1.138096261325584502e+00,4.990051602870326786e-01,1.802670721016777833e+00,1.185868131776293577e+00,5.763658940009138698e-01,1.042347612604987983e+00,3.483650466492800746e+01,1.784272540407272345e+00,1.260000000000000009e-01,1.910074447065548497e+01,9.017141295210702179e-01,1.180658089068084227e+00,1.047376677930307531e+00,1.080219019864820051e+00,1.080219019864820203e-05,1.080219019864821728e-05,4.839208550225454708e+00,1.383894982924370298e+00,1.102205897073871732e+00,9.341453444086074143e-01,1.358200333845752450e+00
4.560000000000000000e+03,3.166666666666666519e+00,2.078067722193604368e+03,1.455389788539575058e+01,3.120844931479962980e+01,4.719962153689786792e+05,1.364889105142311543e+01,7.201935217769924513e+00,2.329838855661333241e+01,2.034746760431549006e+00,2.452086308741338527e+01,8.104353054314593408e+00,1.398430916791763234e+00,6.019913046987971361e-01,9.760737791209418219e+02,-8.970778869499113739e+00,1.080219019864820051e+00,1.086805494756490909e+00,7.500000000000013323e-01,2.717013736891227271e-01,1.185868131776293577e+00,1.000000000000000000e+00,1.570074447065548462e+01,2.565323654479013626e+01,2.170137368912405940e-02,3.399999999999999911e+00,1.278802197664440365e+00,4.939519124917545412e+00,2.407965218795188544e+00,1.188666279272998736e+02,1.017338892269926909e+00,1.427842725404073008e+02,4.839208550225264638e+00,-1.900701818158267997e-13,1.524659305057740610e-20,1.396452398161329711e-16,0.000000000000000000e+00,1.021701373689124059e+00,1.021701373689124059e+00,9.336950659840849154e-01,5.031520295396941789e-01,6.155355083215939827e-01,1.008094318145335011e+00,8.824259341751335972e-01,1.000000000000000000e+00,1.000000000000000000e+00,1.000000000000000000e+00,8.649354428444948617e-01,6.967300932985601158e-02,6.967300932985601492e+01,5.491639072720828096e+01,9.856785740503933857e-01,1.018166110773007116e+00,1.000387280801166234e+00,6.665558707938476601e+00,9.240464405324507746e-01,1.023104251382157992e+00,6.019913046988082383e-01,1.398430916791761236e+00,8.920999914194112534e+00,-4.609186183148542698e-03,1.799539081381685079e+01,5.491639072801096688e+01,8.026859177334699780e-10,9.243248595806396395e+01,0.000000000000000000e+00,-3.139772604324619909e-02,8.404684414527742176e-01,1.774311068400325819e+00,1.924422414237787704e+00,1.900311068400322378e+00,9.948209952864502270e+00,3.824733482638110083e+00,6.123476470226392188e+00,7.967487368112026458e-02,2.999999999999999737e-04,1.259999999999965592e-01,3.000000000000172667e-04,3.172859013671295614e+01,1.006304059079388358e+00,2.203716444293098764e+00,2.201034983109988019e+00,2.203716444293098764e+00,5.080926392483232235e+01,1.016185278496646434e+08,1.100517491554993939e+02,2.201034983109987974e+08,2.437251417396741004e+01,1.852335272542991049e+02,9.017141301850182256e-01,1.210813518147111445e+01,1.138096261325584502e+00,4.990051602870326786e-01,1.802670721016777611e+00,1.185868131776293577e+00,5.763658940009138698e-01,1.042347612604987983e+00,3.483650466492800746e+01,1.784272540407300767e+00,1.260000000000000009e-01,1.910074447065548497e+01,9.017141295210703289e-01,1.180658089068084005e+00,1.047376677930307531e+00,1.080219019864820051e+00,1.080219019864820203e-05,1.080219019864821728e-05,4.839208550225454708e+00,1.383894982924370298e+00,1.102205897073871732e+00,9.341453444086056379e-01,1.358200333845752450e+00
4.680000000000000000e+03,3.250000000000000000e+00,2.078067722193604368e+03,1.455389788539575058e+01,3.120844931479962980e+01,4.719962153689786792e+05,1.364889105142311543e+01,7.201935217769924513e+00,2.329838855661333241e+01,2.034746760431549006e+00,2.452086308741338527e+01,8.104353054314593408e+00,1.398430916791763012e+00,6.019913046987971361e-01,9.760737791209418219e+02,-8.970778869499097752e+00,1.080219019864820051e+00,1.086805494756490909e+00,7.500000000000013323e-01,2.717013736891227271e-01,1.185868131776293577e+00,1.000000000000000000e+00,1.570074447065548462e+01,2.565323654479013626e+01,2.170137368912405940e-02,3.399999999999999911e+00,1.278802197664440365e+00,4.939519124917545412e+00,2.407965218795188544e+00,1.188666279272998594e+02,1.017338892269926909e+00,1.427842725404073008e+02,4.839208550225264638e+00,-1.900701818158267997e-13,1.524659305057740610e-20,1.283695372222837250e-16,0.000000000000000000e+00,1.021701373689124059e+00,1.021701373689124059e+00,9.336950659840849154e-01,5.031520295396941789e-01,6.155355083215939827e-01,1.008094318145335011e+00,8.824259341751335972e-01,1.000000000000000000e+00,1.000000000000000000e+00,1.000000000000000000e+00,8.649354428444948617e-01,6.967300932985601158e-02,6.967300932985601492e+01,5.491639072720828096e+01,9.856785740503933857e-01,1.018166110773007116e+00,1.000387280801166234e+00,6.665558707938476601e+00,9.240464405324507746e-01,1.023104251382157992e+00,6.019913046988082383e-01,1.398430916791761236e+00,8.920999914194112534e+00,-4.609186183148542698e-03,1.799539081381685079e+01,5.491639072801096688e+01,8.026859177334699780e-10,9.243248595806396395e+01,0.000000000000000000e+00,-3.139772604324619909e-02,8.404684414527742176e-01,1.774311068400325819e+00,1.924422414237787704e+00,1.900311068400322378e+00,9.948209952864502270e+00,3.824733482638110083e+00,6.123476470226392188e+00,7.967487368112026458e-02,2.999999999999999737e-04,1.259999999999965592e-01,3.000000000000172667e-04,3.172859013671295614e+01,1.006304059079388358e+00,2.203716444293098764e+00,2.201034983109988019e+00,2.203716444293098764e+00,5.080926392483232235e+01,1.016185278496646434e+08,1.100517491554993939e+02,2.201034983109987974e+08,2.437251417396741004e+01,1.852335272542991049e+02,9.017141301850182256e-01,1.210813518147111445e+01,1.138096261325584502e+00,4.990051602870326786e-01,1.802670721016777611e+00,1.185868131776293577e+00,5.763658940009138698e-01,1.042347612604987983e+00,3.483650466492800746e+01,1.784272540407300767e+00,1.260000000000000009e-01,1.910074447065548497e+01,9.017141295210703289e-01,1.180658089068084005e+00,1.047376677930307531e+00,1.080219019864820051e+00,1.080219019864820203e-05,1.080219019864821728e-05,4.839208550225454708e+00,1.383894982924370298e+00,1.102205897073871732e+00,9.341453444086056379e-01,1.358200333845752450e+00
4.800000000000000000e+03,3.333333333333333481e+00,2.078067722193604368e+03,1.455389788539575058e+01,3.120844931479962980e+01,4.719962153689786792e+05,1.364889105142311543e+01,7.201935217769924513e+00,2.329838855661333241e+01,2.034746760431549006e+00,2.452086308741338527e+01,8.104353054314591631e+00,1.398430916791762790e+00,6.019913046987970251e-01,9.760737791209418219e+02,-8.970778869499079988e+00,1.080219019864820051e+00,1.086805494756490909e+00,7.500000000000013323e-01,2.717013736891227271e-01,1.185868131776293577e+00,1.000000000000000000e+00,1.570074447065548462e+01,2.565323654479013626e+01,2.170137368912405940e-02,3.399999999999999911e+00,1.278802197664440365e+00,4.939519124917545412e+00,2.407965218795188100e+00,1.188666279272998310e+02,1.017338892269926909e+00,1.427842725404073008e+02,4.839208550225264638e+00,-1.900701818158267997e-13,1.524659305057740610e-20,1.153591111524576718e-16,0.000000000000000000e+00,1.021701373689124059e+00,1.021701373689124059e+00,9.336950659840849154e-01,5.031520295396941789e-01,6.155355083215939827e-01,1.008094318145335011e+00,8.824259341751335972e-01,1.000000000000000000e+00,1.000000000000000000e+00,1.000000000000000000e+00,8.649354428444948617e-01,6.967300932985601158e-02,6.967300932985601492e+01,5.491639072720828096e+01,9.856785740503933857e-01,1.018166110773007116e+00,1.000387280801166234e+00,6.665558707938476601e+00,9.240464405324506636e-01,1.023104251382157992e+00,6.019913046988082383e-01,1.398430916791761236e+00,8.920999914194112534e+00,-4.609186183148542698e-03,1.799539081381685079e+01,5.491639072801096688e+01,8.026859177334699780e-10,9.243248595806396395e+01,0.000000000000000000e+00,-3.139772604324619909e-02,8.404684414527742176e-01,1.774311068400325819e+00,1.924422414237787704e+00,1.900311068400322378e+00,9.948209952864502270e+00,3.824733482638110083e+00,6.123476470226392188e+00,7.967487368112026458e-02,2.999999999999999737e-04,1.259999999999965592e-01,3.000000000000172667e-04,3.172859013671295614e+01,1.006304059079388358e+00,2.203716444293098764e+00,2.201034983109988019e+00,2.203716444293098764e+00,5.080926392483232235e+01,1.016185278496646434e+08,1.100517491554993939e+02,2.201034983109987974e+08,2.437251417396741004e+01,1.852335272542991049e+02,9.017141301850182256e-01,1.210813518147111445e+01,1.138096261325584502e+00,4.990051602870326786e-01,1.802670721016777611e+00,1.185868131776293577e+00,5.763658940009138698e-01,1.042347612604987983e+00,3.483650466492800746e+01,1.784272540407300767e+00,1.260000000000000009e-01,1.910074447065548497e+01,9.017141295210703289e-01,1.180658089068084005e+00,1.047376677930307531e+00,1.080219019864820051e+00,1.080219019864820203e-05,1.080219019864821728e-05,4.839208550225454708e+00,1.383894982924370298e+00,1.102205897073871732e+00,9.341453444086056379e-01,1.358200333845752450e+00
4.920000000000000000e+03,3.416666666666666519e+00,2.078067722193604368e+03,1.455389788539575235e+01,3.120844931479962980e+01,4.719962153689786792e+05,1.364889105142311365e+01,7.201935217769924513e+00,2.329838855661333241e+01,2.034746760431549006e+00,2.452086308741338527e+01,8.104353054314591631e+00,1.398430916791762568e+00,6.019913046987970251e-01,9.760737791209418219e+02,-8.970778869499062225e+00,1.080219019864820051e+00,1.086805494756490909e+00,7.500000000000013323e-01,2.717013736891227271e-01,1.185868131776293577e+00,1.000000000000000000e+00,1.570074447065548462e+01,2.565323654479013626e+01,2.170137368912405940e-02,3.399999999999999911e+00,1.278802197664440365e+00,4.939519124917545412e+00,2.407965218795188100e+00,1.188666279272998167e+02,1.017338892269926909e+00,1.427842725404072723e+02,4.839208550225264638e+00,-1.900701818158267997e-13,1.524659305057740610e-20,1.032160468206200221e-16,0.000000000000000000e+00,1.021701373689124059e+00,1.021701373689124059e+00,9.336950659840849154e-01,5.031520295396941789e-01,6.155355083215939827e-01,1.008094318145335011e+00,8.824259341751335972e-01,1.000000000000000000e+00,1.000000000000000000e+00,1.000000000000000000e+00,8.649354428444948617e-01,6.967300932985601158e-02,6.967300932985601492e+01,5.491639072720828096e+01,9.856785740503933857e-01,1.018166110773007116e+00,1.000387280801166234e+00,6.665558707938476601e+00,9.240464405324506636e-01,1.023104251382157992e+00,6.019913046987988015e-01,1.398430916791763901e+00,8.920999914194112534e+00,-4.609186183148542698e-03,1.799539081381685079e+01,5.491639072801096688e+01,8.026859177334699780e-10,9.243248595806396395e+01,0.000000000000000000e+00,-3.139772604324619909e-02,8.404684414527742176e-01,1.774311068400325597e+00,1.924422414237787260e+00,1.900311068400321934e+00,9.948209952864498717e+00,3.824733482638109194e+00,6.123476470226389523e+00,7.967487368112026458e-02,2.999999999999999737e-04,1.259999999999963372e-01,3.000000000000172667e-04,3.172859013671295614e+01,1.006304059079388358e+00,2.203716444293098764e+00,2.201034983109988019e+00,2.203716444293098764e+00,5.080926392483232235e+01,1.016185278496646434e+08,1.100517491554993939e+02,2.201034983109987974e+08,2.437251417396741004e+01,1.852335272542991049e+02,9.017141301850182256e-01,1.210813518147111623e+01,1.138096261325584502e+00,4.990051602870326786e-01,1.802670721016778055e+00,1.185868131776293577e+00,5.763658940009138698e-01,1.042347612604987983e+00,3.483650466492800746e+01,1.784272540407272345e+00,1.260000000000000009e-01,1.910074447065548497e+01,9.017141295210703289e-01,1.180658089068084227e+00,1.047376677930307531e+00,1.080219019864820051e+00,1.080219019864820203e-05,1.080219019864821728e-05,4.839208550225454708e+00,1.383894982924370298e+00,1.102205897073871732e+00,9.341453444086074143e-01,1.358200333845752450e+00
5.040000000000000000e+03,3.500000000000000000e+00,2.078067722193604368e+03,1.455389788539575235e+01,3.120844931479962625e+01,4.719962153689786792e+05,1.364889105142311365e+01,7.201935217769923625e+00,2.329838855661332886e+01,2.034746760431548562e+00,2.452086308741338527e+01,8.104353054314591631e+00,1.398430916791762346e+00,6.019913046987969141e-01,9.760737791209418219e+02,-8.970778869499046237e+00,1.080219019864820051e+00,1.086805494756490909e+00,7.500000000000013323e-01,2.717013736891227271e-01,1.185868131776293577e+00,1.000000000000000000e+00,1.570074447065548462e+01,2.565323654479013626e+01,2.170137368912405940e-02,3.399999999999999911e+00,1.278802197664440365e+00,4.939519124917545412e+00,2.407965218795187656e+00,1.188666279272998025e+02,1.017338892269926909e+00,1.427842725404072723e+02,4.839208550225264638e+00,-1.900701818158267997e-13,1.524659305057740610e-20,9.194034422677077600e-17,0.000000000000000000e+00,1.021701373689124059e+00,1.021701373689124059e+00,9.336950659840846933e-01,5.031520295396941789e-01,6.155355083215939827e-01,1.008094318145335011e+00,8.824259341751335972e-01,1.000000000000000000e+00,1.000000000000000000e+00,1.000000000000000000e+00,8.649354428444948617e-01,6.967300932985601158e-02,6.967300932985601492e+01,5.491639072720828096e+01,9.856785740503931637e-01,1.018166110773007116e+00,1.000387280801166234e+00,6.665558707938476601e+00,9.240464405324506636e-01,1.023104251382157992e+00,6.019913046987988015e-01,1.398430916791763901e+00,8.920999914194112534e+00,-4.609186183148542698e-03,1.799539081381685079e+01,5.491639072801096688e+01,8.026859177334699780e-10,9.243248595806396395e+01,0.000000000000000000e+00,-3.139772604324619909e-02,8.404684414527742176e-01,1.774311068400325153e+00,1.924422414237787260e+00,1.900311068400321934e+00,9.948209952864498717e+00,3.824733482638109194e+00,6.123476470226389523e+00,7.967487368112026458e-02,2.999999999999999737e-04,1.259999999999967812e-01,3.000000000000163994e-04,3.172859013671295259e+01,1.006304059079388358e+00,2.203716444293098764e+00,2.201034983109988019e+00,2.203716444293098764e+00,5.080926392483232235e+01,1.016185278496646434e+08,1.100517491554993939e+02,2.201034983109987974e+08,2.437251417396741004e+01,1.852335272542991049e+02,9.017141301850182256e-01,1.210813518147111623e+01,1.138096261325584502e+00,4.990051602870326786e-01,1.802670721016778055e+00,1.185868131776293577e+00,5.763658940009138698e-01,1.042347612604987983e+00,3.483650466492800746e+01,1.784272540407272345e+00,1.260000000000000009e-01,1.910074447065548497e+01,9.017141295210703289e-01,1.180658089068084227e+00,1.047376677930307531e+00,1.080219019864820051e+00,1.080219019864820203e-05,1.080219019864821728e-05,4.839208550225454708e+00,1.383894982924370298e+00,1.102205897073871732e+00,9.341453444086074143e-01,1.358200333845752450e+00
5.160000000000000000e+03,3.583333333333333481e+00,2.078067722193604368e+03,1.455389788539575235e+01,3.120844931479962625e+01,4.719962153689786792e+05,1.364889105142311365e+01,7.201935217769923625e+00,2.329838855661332886e+01,2.034746760431548562e+00,2.452086308741338172e+01,8.104353054314591631e+00,1.398430916791762124e+00,6.019913046987969141e-01,9.760737791209418219e+02,-8.970778869499028474e+00,1.080219019864820051e+00,1.086805494756490909e+00,7.500000000000013323e-01,2.717013736891227271e-01,1.185868131776293577e+00,1.000000000000000000e+00,1.570074447065548462e+01,2.565323654479013271e+01,2.170137368912405940e-02,3.399999999999999911e+00,1.278802197664440365e+00,4.939519124917545412e+00,2.407965218795187656e+00,1.188666279272997741e+02,1.017338892269926909e+00,1.427842725404072723e+02,4.839208550225264638e+00,-1.900701818158267997e-13,1.524659305057740610e-20,7.979727989493312634e-17,0.000000000000000000e+00,1.021701373689124059e+00,1.021701373689124059e+00,9.336950659840846933e-01,5.031520295396940679e-01,6.155355083215939827e-01,1.008094318145335011e+00,8.824259341751335972e-01,1.000000000000000000e+00,1.000000000000000000e+00,1.000000000000000000e+00,8.649354428444948617e-01,6.967300932985601158e-02,6.967300932985601492e+01,5.491639072720828096e+01,9.856785740503931637e-01,1.018166110773007116e+00,1.000387280801166234e+00,6.665558707938476601e+00,9.240464405324506636e-01,1.023104251382157992e+00,6.019913046987988015e-01,1.398430916791763678e+00,8.920999914194112534e+00,-4.609186183148542698e-03,1.799539081381685079e+01,5.491639072801096688e+01,8.026859177334699780e-10,9.243248595806396395e+01,0.000000000000000000e+00,-3.139772604324619909e-02,8.404684414527742176e-01,1.774311068400325375e+00,1.924422414237786816e+00,1.900311068400322378e+00,9.948209952864498717e+00,3.824733482638109194e+00,6.123476470226389523e+00,7.967487368112026458e-02,2.999999999999999737e-04,1.259999999999970033e-01,3.000000000000163994e-04,3.172859013671295259e+01,1.006304059079388136e+00,2.203716444293098764e+00,2.201034983109988019e+00,2.203716444293098764e+00,5.080926392483232235e+01,1.016185278496646434e+08,1.100517491554993939e+02,2.201034983109987974e+08,2.437251417396741004e+01,1.852335272542991049e+02,9.017141301850184476e-01,1.210813518147111623e+01,1.138096261325584502e+00,4.990051602870326786e-01,1.802670721016778499e+00,1.185868131776293577e+00,5.763658940009138698e-01,1.042347612604987983e+00,3.483650466492800746e+01,1.784272540407272345e+00,1.260000000000000009e-01,1.910074447065548497e+01,9.017141295210705509e-01,1.180658089068084227e+00,1.047376677930307531e+00,1.080219019864820051e+00,1.080219019864820203e-05,1.080219019864821728e-05,4.839208550225454708e+00,1.383894982924370298e+00,1.102205897073871510e+00,9.341453444086074143e-01,1.358200333845752450e+00
5.280000000000000000e+03,3.666666666666666519e+00,2.078067722193604368e+03,1.455389788539575235e+01,3.120844931479962625e+01,4.719962153689786792e+05,1.364889105142311365e+01,7.201935217769923625e+00,2.329838855661332886e+01,2.034746760431548562e+00,2.452086308741338172e+01,8.104353054314591631e+00,1.398430916791762124e+00,6.019913046987968031e-01,9.760737791209418219e+02,-8.970778869499012487e+00,1.080219019864820051e+00,1.086805494756490909e+00,7.500000000000013323e-01,2.717013736891227271e-01,1.185868131776293577e+00,1.000000000000000000e+00,1.570074447065548462e+01,2.565323654479013271e+01,2.170137368912405940e-02,3.399999999999999911e+00,1.278802197664440365e+00,4.939519124917545412e+00,2.407965218795187212e+00,1.188666279272997741e+02,1.017338892269926909e+00,1.427842725404072723e+02,4.839208550225264638e+00,-1.900701818158267997e-13,1.524659305057740610e-20,6.852157730108388023e-17,0.000000000000000000e+00,1.021701373689124059e+00,1.021701373689124059e+00,9.336950659840846933e-01,5.031520295396940679e-01,6.155355083215939827e-01,1.008094318145335011e+00,8.824259341751335972e-01,1.000000000000000000e+00,1.000000000000000000e+00,1.000000000000000000e+00,8.649354428444948617e-01,6.967300932985601158e-02,6.967300932985601492e+01,5.491639072720828096e+01,9.856785740503931637e-01,1.018166110773007116e+00,1.000387280801166234e+00,6.665558707938476601e+00,9.240464405324506636e-01,1.023104251382157992e+00,6.019913046987988015e-01,1.398430916791763678e+00,8.920999914194112534e+00,-4.609186183148542698e-03,1.799539081381685079e+01,5.491639072801096688e+01,8.026859177334699780e-10,9.243248595806396395e+01,0.000000000000000000e+00,-3.139772604324619909e-02,8.404684414527742176e-01,1.774311068400325375e+00,1.924422414237786816e+00,1.900311068400322378e+00,9.948209952864498717e+00,3.824733482638109194e+00,6.123476470226389523e+00,7.967487368112026458e-02,2.999999999999999737e-04,1.259999999999970033e-01,3.000000000000163994e-04,3.172859013671295259e+01,1.006304059079388136e+00,2.203716444293098764e+00,2.201034983109988019e+00,2.203716444293098764e+00,5.080926392483232235e+01,1.016185278496646434e+08,1.100517491554993939e+02,2.201034983109987974e+08,2.437251417396741004e+01,1.852335272542991049e+02,9.017141301850184476e-01,1.210813518147111623e+01,1.138096261325584502e+00,4.990051602870326786e-01,1.802670721016778499e+00,1.185868131776293577e+00,5.763658940009138698e-01,1.042347612604987983e+00,3.483650466492800746e+01,1.784272540407272345e+00,1.260000000000000009e-01,1.910074447065548497e+01,9.017141295210705509e-01,1.180658089068084227e+00,1.047376677930307531e+00,1.080219019864820051e+00,1.080219019864820203e-05,1.080219019864821728e-05,4.839208550225454708e+00,1.383894982924370298e+00,1.102205897073871510e+00,9.341453444086074143e-01,1.358200333845752450e+00
5.400000000000000000e+03,3.750000000000000000e+00,2.078067722193604823e+03,1.455389788539575413e+01,3.120844931479962625e+01,4.719962153689786792e+05,1.364889105142311365e+01,7.201935217769923625e+00,2.329838855661332886e+01,2.034746760431548562e+00,2.452086308741338172e+01,8.104353054314591631e+00,1.398430916791761902e+00,6.019913046987966920e-01,9.760737791209418219e+02,-8.970778869498994723e+00,1.080219019864820051e+00,1.086805494756490464e+00,7.500000000000009992e-01,2.717013736891226161e-01,1.185868131776292689e+00,1.000000000000000000e+00,1.570074447065547929e+01,2.565323654479013271e+01,2.170137368912361531e-02,3.399999999999999911e+00,1.278802197664439033e+00,4.939519124917546300e+00,2.407965218795186768e+00,1.188666279272997599e+02,1.017338892269926909e+00,1.427842725404073008e+02,4.839208550225268191e+00,-1.891820033961266745e-13,-5.082197683525802034e-21,1.890848588814719733e-16,0.000000000000000000e+00,1.021701373689123615e+00,1.021701373689123615e+00,9.336950659840842492e-01,5.031520295396940679e-01,6.155355083215938716e-01,1.008094318145335011e+00,8.824259341751335972e-01,1.000000000000000000e+00,1.000000000000000000e+00,1.000000000000000000e+00,8.649354428444947507e-01,6.967300932985613648e-02,6.967300932985614281e+01,5.491639072720827386e+01,9.856785740503931637e-01,1.018166110773007116e+00,1.000387280801165790e+00,6.665558707938481042e+00,9.240464405324506636e-01,1.023104251382157992e+00,6.019913046988080163e-01,1.398430916791758571e+00,8.920999914194126745e+00,-4.609186183148444686e-03,1.799539081381685079e+01,5.491639072801098109e+01,8.027072340155427810e-10,9.243248595806400658e+01,0.000000000000000000e+00,-3.139772604324553296e-02,8.404684414527748837e-01,1.774311068400328706e+00,1.924422414237791257e+00,1.900311068400326819e+00,9.948209952864520034e+00,3.824733482638118076e+00,6.123476470226401958e+00,7.967487368112036172e-02,2.999999999999999737e-04,1.259999999999981135e-01,3.000000000000155320e-04,3.172859013671295259e+01,1.006304059079388136e+00,2.203716444293098764e+00,2.201034983109988019e+00,2.203716444293098764e+00,5.080926392483242893e+01,1.016185278496648520e+08,1.100517491554993939e+02,2.201034983109987974e+08,2.437251417396743136e+01,1.852335272542992755e+02,9.017141301850184476e-01,1.210813518147110202e+01,1.138096261325584280e+00,4.990051602870324565e-01,1.802670721016775612e+00,1.185868131776292689e+00,5.763658940009149800e-01,1.042347612604989315e+00,3.483650466492806430e+01,1.784272540407300767e+00,1.260000000000000009e-01,1.910074447065547787e+01,9.017141295210705509e-01,1.180658089068082672e+00,1.047376677930307309e+00,1.080219019864820051e+00,1.080219019864820203e-05,1.080219019864819695e-05,4.839208550225457373e+00,1.383894982924370298e+00,1.102205897073871510e+00,9.341453444086056379e-01,1.358200333845750007e+00
5.520000000000000000e+03,3.833333333333333481e+00,2.078067722193604823e+03,1.455389788539575413e+01,3.120844931479962270e+01,4.719962153689786792e+05,1.364889105142311188e+01,7.201935217769922737e+00,2.329838855661332886e+01,2.034746760431548562e+00,2.452086308741338172e+01,8.104353054314591631e+00,1.398430916791761680e+00,6.019913046987966920e-01,9.760737791209418219e+02,-8.970778869498976960e+00,1.080219019864820051e+00,1.086805494756490464e+00,7.500000000000009992e-01,2.717013736891226161e-01,1.185868131776292689e+00,1.000000000000000000e+00,1.570074447065547929e+01,2.565323654479013271e+01,2.170137368912361531e-02,3.399999999999999911e+00,1.278802197664439033e+00,4.939519124917546300e+00,2.407965218795186768e+00,1.188666279272997457e+02,1.017338892269926909e+00,1.427842725404073008e+02,4.839208550225268191e+00,-1.891820033961266745e-13,-5.082197683525802034e-21,1.769417945496343236e-16,0.000000000000000000e+00,1.021701373689123615e+00,1.021701373689123615e+00,9.336950659840842492e-01,5.031520295396940679e-01,6.155355083215938716e-01,1.008094318145335011e+00,8.824259341751335972e-01,1.000000000000000000e+00,1.000000000000000000e+00,1.000000000000000000e+00,8.649354428444947507e-01,6.967300932985613648e-02,6.967300932985614281e+01,5.491639072720827386e+01,9.856785740503931637e-01,1.018166110773007116e+00,1.000387280801165790e+00,6.665558707938481042e+00,9.240464405324506636e-01,1.023104251382157992e+00,6.019913046988080163e-01,1.398430916791758571e+00,8.920999914194126745e+00,-4.609186183148444686e-03,1.799539081381685079e+01,5.491639072801098109e+01,8.027072340155427810e-10,9.243248595806400658e+01,0.000000000000000000e+00,-3.139772604324553296e-02,8.404684414527748837e-01,1.774311068400328706e+00,1.924422414237791257e+00,1.900311068400326819e+00,9.948209952864520034e+00,3.824733482638118076e+00,6.123476470226401958e+00,7.967487368112036172e-02,2.999999999999999737e-04,1.259999999999981135e-01,3.000000000000155320e-04,3.172859013671294903e+01,1.006304059079388136e+00,2.203716444293098764e+00,2.201034983109988019e+00,2.203716444293098764e+00,5.080926392483242893e+01,1.016185278496648520e+08,1.100517491554993939e+02,2.201034983109987974e+08,2.437251417396743136e+01,1.852335272542992755e+02,9.017141301850184476e-01,1.210813518147110202e+01,1.138096261325584280e+00,4.990051602870324565e-01,1.802670721016775612e+00,1.185868131776292689e+00,5.763658940009149800e-01,1.042347612604989315e+00,3.483650466492806430e+01,1.784272540407300767e+00,1.260000000000000009e-01,1.910074447065547787e+01,9.017141295210705509e-01,1.180658089068082672e+00,1.047376677930307309e+00,1.080219019864820051e+00,1.080219019864820203e-05,1.080219019864819695e-05,4.839208550225457373e+00,1.383894982924370298e+00,1.102205897073871510e+00,9.341453444086056379e-01,1.358200333845750007e+00
5.640000000000000000e+03,3.916666666666666519e+00,2.078067722193604823e+03,1.455389788539575413e+01,3.120844931479962270e+01,4.719962153689786792e+05,1.364889105142311188e+01,7.201935217769922737e+00,2.329838855661332531e+01,2.034746760431548562e+00,2.452086308741338172e+01,8.104353054314591631e+00,1.398430916791761458e+00,6.019913046987965810e-01,9.760737791209417082e+02,-8.970778869498960972e+00,1.080219019864820051e+00,1.086805494756490464e+00,7.500000000000009992e-01,2.717013736891226161e-01,1.185868131776292689e+00,1.000000000000000000e+00,1.570074447065547929e+01,2.565323654479013271e+01,2.170137368912361531e-02,3.399999999999999911e+00,1.278802197664439033e+00,4.939519124917546300e+00,2.407965218795186324e+00,1.188666279272997173e+02,1.017338892269926909e+00,1.427842725404073008e+02,4.839208550225268191e+00,-1.891820033961266745e-13,-5.082197683525802034e-21,1.656660919557850775e-16,0.000000000000000000e+00,1.021701373689123615e+00,1.021701373689123615e+00,9.336950659840842492e-01,5.031520295396939568e-01,6.155355083215938716e-01,1.008094318145335011e+00,8.824259341751335972e-01,1.000000000000000000e+00,1.000000000000000000e+00,1.000000000000000000e+00,8.649354428444947507e-01,6.967300932985613648e-02,6.967300932985614281e+01,5.491639072720827386e+01,9.856785740503931637e-01,1.018166110773007116e+00,1.000387280801165790e+00,6.665558707938481042e+00,9.240464405324505526e-01,1.023104251382157992e+00,6.019913046988080163e-01,1.398430916791758571e+00,8.920999914194126745e+00,-4.609186183148444686e-03,1.799539081381685079e+01,5.491639072801098109e+01,8.027072340155427810e-10,9.243248595806400658e+01,0.000000000000000000e+00,-3.139772604324553296e-02,8.404684414527748837e-01,1.774311068400328928e+00,1.924422414237791035e+00,1.900311068400327041e+00,9.948209952864520034e+00,3.824733482638118076e+00,6.123476470226401958e+00,7.967487368112036172e-02,2.999999999999999737e-04,1.259999999999981135e-01,3.000000000000155320e-04,3.172859013671294903e+01,1.006304059079387914e+00,2.203716444293098764e+00,2.201034983109988019e+00,2.203716444293098764e+00,5.080926392483242893e+01,1.016185278496648520e+08,1.100517491554993939e+02,2.201034983109987974e+08,2.437251417396743136e+01,1.852335272542992755e+02,9.017141301850184476e-01,1.210813518147110202e+01,1.138096261325584280e+00,4.990051602870324565e-01,1.802670721016775612e+00,1.185868131776292689e+00,5.763658940009149800e-01,1.042347612604989315e+00,3.483650466492806430e+01,1.784272540407300767e+00,1.260000000000000009e-01,1.910074447065547787e+01,9.017141295210705509e-01,1.180658089068082672e+00,1.047376677930307309e+00,1.080219019864820051e+00,1.080219019864820203e-05,1.080219019864819695e-05,4.839208550225457373e+00,1.383894982924370298e+00,1.102205897073871510e+00,9.341453444086056379e-01,1.358200333845750007e+00
5.760000000000000000e+03,4.000000000000000000e+00,2.078067722193604823e+03,1.455389788539575591e+01,3.120844931479962270e+01,4.719962153689786792e+05,1.364889105142311188e+01,7.201935217769922737e+00,2.329838855661332531e+01,2.034746760431548118e+00,2.452086308741338172e+01,8.104353054314591631e+00,1.398430916791761236e+00,6.019913046987965810e-01,9.760737791209417082e+02,-8.970778869498943209e+00,1.080219019864820051e+00,1.086805494756490464e+00,7.500000000000009992e-01,2.717013736891226161e-01,1.185868131776292689e+00,1.000000000000000000e+00,1.570074447065547929e+01,2.565323654479013271e+01,2.170137368912361531e-02,3.399999999999999911e+00,1.278802197664439033e+00,4.939519124917546300e+00,2.407965218795186324e+00,1.188666279272997031e+02,1.017338892269926909e+00,1.427842725404072723e+02,4.839208550225268191e+00,-1.891820033961266745e-13,-5.082197683525802034e-21,1.535230276239474279e-16,0.000000000000000000e+00,1.021701373689123615e+00,1.021701373689123615e+00,9.336950659840844713e-01,5.031520295396939568e-01,6.155355083215938716e-01,1.008094318145335011e+00,8.824259341751335972e-01,1.000000000000000000e+00,1.000000000000000000e+00,1.000000000000000000e+00,8.649354428444947507e-01,6.967300932985613648e-02,6.967300932985614281e+01,5.491639072720828096e+01,9.856785740503931637e-01,1.018166110773007116e+00,1.000387280801166012e+00,6.665558707938481042e+00,9.240464405324505526e-01,1.023104251382157992e+00,6.019913046987985794e-01,1.398430916791761236e+00,8.920999914194126745e+00,-4.609186183148444686e-03,1.799539081381685079e+01,5.491639072801098109e+01,8.027001285881851800e-10,9.243248595806400658e+01,0.000000000000000000e+00,-3.139772604324553296e-02,8.404684414527748837e-01,1.774311068400328928e+00,1.924422414237790591e+00,1.900311068400326597e+00,9.948209952864516481e+00,3.824733482638117188e+00,6.123476470226399293e+00,7.967487368112036172e-02,2.999999999999999737e-04,1.259999999999976694e-01,3.000000000000155320e-04,3.172859013671294903e+01,1.006304059079387914e+00,2.203716444293098764e+00,2.201034983109988019e+00,2.203716444293098764e+00,5.080926392483240761e+01,1.016185278496648222e+08,1.100517491554993939e+02,2.201034983109987974e+08,2.437251417396743136e+01,1.852335272542992470e+02,9.017141301850184476e-01,1.210813518147110202e+01,1.138096261325584280e+00,4.990051602870325675e-01,1.802670721016775612e+00,1.185868131776292689e+00,5.763658940009149800e-01,1.042347612604989093e+00,3.483650466492806430e+01,1.784272540407272345e+00,1.260000000000000009e-01,1.910074447065547787e+01,9.017141295210705509e-01,1.180658089068082672e+00,1.047376677930307309e+00,1.080219019864820051e+00,1.080219019864820203e-05,1.080219019864819695e-05,4.839208550225457373e+00,1.383894982924370298e+00,1.102205897073871510e+00,9.341453444086074143e-01,1.358200333845750007e+00
5.880000000000000000e+03,4.083333333333333037e+00,2.078067722193604823e+03,1.455389788539575591e+01,3.120844931479962270e+01,4.719962153689786792e+05,1.364889105142311188e+01,7.201935217769922737e+00,2.329838855661332531e+01,2.034746760431548118e+00,2.452086308741337817e+01,8.104353054314589855e+00,1.398430916791761014e+00,6.019913046987964700e-01,9.760737791209417082e+02,-8.970778869498927222e+00,1.080219019864820051e+00,1.086805494756490464e+00,7.500000000000009992e-01,2.717013736891226161e-01,1.185868131776292689e+00,1.000000000000000000e+00,1.570074447065547929e+01,2.565323654479012916e+01,2.170137368912361531e-02,3.399999999999999911e+00,1.278802197664439033e+00,4.939519124917546300e+00,2.407965218795185880e+00,1.188666279272996888e+02,1.017338892269926909e+00,1.427842725404072723e+02,4.839208550225268191e+00,-1.891820033961266745e-13,-5.082197683525802034e-21,1.422473250300981817e-16,0.000000000000000000e+00,1.021701373689123615e+00,1.021701373689123615e+00,9.336950659840844713e-01,5.031520295396939568e-01,6.155355083215938716e-01,1.008094318145335011e+00,8.824259341751335972e-01,1.000000000000000000e+00,1.000000000000000000e+00,1.000000000000000000e+00,8.649354428444947507e-01,6.967300932985613648e-02,6.967300932985614281e+01,5.491639072720828807e+01,9.856785740503931637e-01,1.018166110773007116e+00,1.000387280801166012e+00,6.665558707938481042e+00,9.240464405324505526e-01,1.023104251382157992e+00,6.019913046987985794e-01,1.398430916791761236e+00,8.920999914194126745e+00,-4.609186183148444686e-03,1.799539081381685079e+01,5.491639072801098109e+01,8.026930231608275790e-10,9.243248595806400658e+01,0.000000000000000000e+00,-3.139772604324553296e-02,8.404684414527748837e-01,1.774311068400328928e+00,1.924422414237790591e+00,1.900311068400326597e+00,9.948209952864516481e+00,3.824733482638117188e+00,6.123476470226399293e+00,7.967487368112036172e-02,2.999999999999999737e-04,1.259999999999976694e-01,3.000000000000146647e-04,3.172859013671294903e+01,1.006304059079387914e+00,2.203716444293098320e+00,2.201034983109987575e+00,2.203716444293098320e+00,5.080926392483240051e+01,1.016185278496648073e+08,1.100517491554993796e+02,2.201034983109987676e+08,2.437251417396742426e+01,1.852335272542992470e+02,9.017141301850184476e-01,1.210813518147110202e+01,1.138096261325584280e+00,4.990051602870325675e-01,1.802670721016775612e+00,1.185868131776292689e+00,5.763658940009149800e-01,1.042347612604989093e+00,3.483650466492806430e+01,1.784272540407272345e+00,1.260000000000000009e-01,1.910074447065547787e+01,9.017141295210705509e-01,1.180658089068082672e+00,1.047376677930307309e+00,1.080219019864820051e+00,1.080219019864820203e-05,1.080219019864819695e-05,4.839208550225457373e+00,1.383894982924370298e+00,1.102205897073871510e+00,9.341453444086074143e-01,1.358200333845750007e+00
6.000000000000000000e+03,4.166666666666666963e+00,2.078067722193604823e+03,1.455389788539575591e+01,3.120844931479961915e+01,4.719962153689786792e+05,1.364889105142311188e+01,7.201935217769921849e+00,2.329838855661332531e+01,2.034746760431548118e+00,2.452086308741337817e+01,8.104353054314589855e+00,1.398430916791761014e+00,6.019913046987964700e-01,9.760737791209417082e+02,-8.970778869498909458e+00,1.080219019864820051e+00,1.086805494756490464e+00,7.500000000000009992e-01,2.717013736891226161e-01,1.185868131776292689e+00,1.000000000000000000e+00,1.570074447065547929e+01,2.565323654479012916e+01,2.170137368912361531e-02,3.399999999999999911e+00,1.278802197664439033e+00,4.939519124917546300e+00,2.407965218795185880e+00,1.188666279272996888e+02,1.017338892269926909e+00,1.427842725404072723e+02,4.839208550225268191e+00,-1.891820033961266745e-13,-5.082197683525802034e-21,1.301042606982605321e-16,0.000000000000000000e+00,1.021701373689123615e+00,1.021701373689123615e+00,9.336950659840844713e-01,5.031520295396939568e-01,6.155355083215938716e-01,1.008094318145335011e+00,8.824259341751335972e-01,1.000000000000000000e+00,1.000000000000000000e+00,1.000000000000000000e+00,8.649354428444947507e-01,6.967300932985613648e-02,6.967300932985614281e+01,5.491639072720828807e+01,9.856785740503931637e-01,1.018166110773007116e+00,1.000387280801166012e+00,6.665558707938481042e+00,9.240464405324505526e-01,1.023104251382157992e+00,6.019913046987985794e-01,1.398430916791761236e+00,8.920999914194126745e+00,-4.609186183148444686e-03,1.799539081381685079e+01,5.491639072801098109e+01,8.026930231608275790e-10,9.243248595806400658e+01,0.000000000000000000e+00,-3.139772604324553296e-02,8.404684414527748837e-01,1.774311068400328928e+00,1.924422414237790591e+00,1.900311068400326597e+00,9.948209952864516481e+00,3.824733482638117188e+00,6.123476470226399293e+00,7.967487368112036172e-02,2.999999999999999737e-04,1.259999999999976694e-01,3.000000000000146647e-04,3.172859013671294903e+01,1.006304059079387914e+00,2.203716444293098320e+00,2.201034983109987575e+00,2.203716444293098320e+00,5.080926392483240051e+01,1.016185278496648073e+08,1.100517491554993796e+02,2.201034983109987676e+08,2.437251417396742426e+01,1.852335272542992470e+02,9.017141301850184476e-01,1.210813518147110202e+01,1.138096261325584280e+00,4.990051602870325675e-01,1.802670721016775612e+00,1.185868131776292689e+00,5.763658940009149800e-01,1.042347612604989093e+00,3.483650466492806430e+01,1.784272540407272345e+00,1.260000000000000009e-01,1.910074447065547787e+01,9.017141295210705509e-01,1.180658089068082672e+00,1.047376677930307309e+00,1.080219019864820051e+00,1.080219019864820203e-05,1.080219019864819695e-05,4.839208550225457373e+00,1.383894982924370298e+00,1.102205897073871510e+00,9.341453444086074143e-01,1.358200333845750007e+00
6.120000000000000000e+03,4.250000000000000000e+00,2.078067722193604823e+03,1.455389788539575591e+01,3.120844931479961915e+01,4.719962153689786792e+05,1.364889105142311010e+01,7.201935217769921849e+00,2.329838855661332531e+01,2.034746760431548118e+00,2.452086308741337817e+01,8.104353054314589855e+00,1.398430916791760792e+00,6.019913046987963590e-01,9.760737791209417082e+02,-8.970778869498891694e+00,1.080219019864820051e+00,1.086805494756490464e+00,7.500000000000009992e-01,2.717013736891226161e-01,1.185868131776292689e+00,1.000000000000000000e+00,1.570074447065547929e+01,2.565323654479012916e+01,2.170137368912361531e-02,3.399999999999999911e+00,1.278802197664439033e+00,4.939519124917546300e+00,2.407965218795185436e+00,1.188666279272996604e+02,1.017338892269926909e+00,1.427842725404072723e+02,4.839208550225268191e+00,-1.891820033961266745e-13,-5.082197683525802034e-21,1.170938346284344789e-16,0.000000000000000000e+00,1.021701373689123615e+00,1.021701373689123615e+00,9.336950659840844713e-01,5.031520295396939568e-01,6.155355083215938716e-01,1.008094318145335011e+00,8.824259341751335972e-01,1.000000000000000000e+00,1.000000000000000000e+00,1.000000000000000000e+00,8.649354428444947507e-01,6.967300932985613648e-02,6.967300932985614281e+01,5.491639072720828807e+01,9.856785740503931637e-01,1.018166110773007116e+00,1.000387280801166012e+00,6.665558707938481042e+00,9.240464405324503305e-01,1.023104251382157992e+00,6.019913046987985794e-01,1.398430916791761236e+00,8.920999914194126745e+00,-4.609186183148444686e-03,1.799539081381685079e+01,5.491639072801098109e+01,8.026930231608275790e-10,9.243248595806400658e+01,0.000000000000000000e+00,-3.139772604324553296e-02,8.404684414527748837e-01,1.774311068400328928e+00,1.924422414237790591e+00,1.900311068400326597e+00,9.948209952864516481e+00,3.824733482638117188e+00,6.123476470226399293e+00,7.967487368112036172e-02,2.999999999999999737e-04,1.259999999999976694e-01,3.000000000000137973e-04,3.172859013671294903e+01,1.006304059079387914e+00,2.203716444293098320e+00,2.201034983109987575e+00,2.203716444293098320e+00,5.080926392483240051e+01,1.016185278496648073e+08,1.100517491554993796e+02,2.201034983109987676e+08,2.437251417396742426e+01,1.852335272542992470e+02,9.017141301850184476e-01,1.210813518147110202e+01,1.138096261325584280e+00,4.990051602870325675e-01,1.802670721016775612e+00,1.185868131776292689e+00,5.763658940009149800e-01,1.042347612604989093e+00,3.483650466492806430e+01,1.784272540407272345e+00,1.260000000000000009e-01,1.910074447065547787e+01,9.017141295210705509e-01,1.180658089068082672e+00,1.047376677930307309e+00,1.080219019864820051e+00,1.080219019864820203e-05,1.080219019864819695e-05,4.839208550225457373e+00,1.383894982924370298e+00,1.102205897073871510e+00,9.341453444086074143e-01,1.358200333845750007e+00
6.240000000000000000e+03,4.333333333333333037e+00,2.078067722193604823e+03,1.455389788539575768e+01,3.120844931479961915e+01,4.719962153689786792e+05,1.364889105142311010e+01,7.201935217769921849e+00,2.329838855661332175e+01,2.034746760431548118e+00,2.452086308741337817e+01,8.104353054314589855e+00,1.398430916791760570e+00,6.019913046987963590e-01,9.760737791209417082e+02,-8.970778869498875707e+00,1.080219019864820051e+00,1.086805494756490464e+00,7.500000000000009992e-01,2.717013736891226161e-01,1.185868131776292689e+00,1.000000000000000000e+00,1.570074447065547929e+01,2.565323654479012916e+01,2.170137368912361531e-02,3.399999999999999911e+00,1.278802197664439033e+00,4.939519124917546300e+00,2.407965218795185436e+00,1.188666279272996462e+02,1.017338892269926909e+00,1.427842725404072723e+02,4.839208550225268191e+00,-1.891820033961266745e-13,-5.082197683525802034e-21,1.058181320345852328e-16,0.000000000000000000e+00,1.021701373689123615e+00,1.021701373689123615e+00,9.336950659840844713e-01,5.031520295396939568e-01,6.155355083215938716e-01,1.008094318145335011e+00,8.824259341751335972e-01,1.000000000000000000e+00,1.000000000000000000e+00,1.000000000000000000e+00,8.649354428444947507e-01,6.967300932985613648e-02,6.967300932985614281e+01,5.491639072720828807e+01,9.856785740503931637e-01,1.018166110773007116e+00,1.000387280801166012e+00,6.665558707938481042e+00,9.240464405324503305e-01,1.023104251382157992e+00,6.019913046987986904e-01,1.398430916791761236e+00,8.920999914194126745e+00,-4.609186183148444686e-03,1.799539081381685079e+01,5.491639072801098109e+01,8.026930231608275790e-10,9.243248595806400658e+01,0.000000000000000000e+00,-3.139772604324553296e-02,8.404684414527748837e-01,1.774311068400328928e+00,1.924422414237790591e+00,1.900311068400326597e+00,9.948209952864516481e+00,3.824733482638117188e+00,6.123476470226399293e+00,7.967487368112036172e-02,2.999999999999999737e-04,1.259999999999976694e-01,3.000000000000137973e-04,3.172859013671294903e+01,1.006304059079387914e+00,2.203716444293098320e+00,2.201034983109987575e+00,2.203716444293098320e+00,5.080926392483240051e+01,1.016185278496648073e+08,1.100517491554993796e+02,2.201034983109987676e+08,2.437251417396742426e+01,1.852335272542992470e+02,9.017141301850184476e-01,1.210813518147110202e+01,1.138096261325584280e+00,4.990051602870325675e-01,1.802670721016775612e+00,1.185868131776292689e+00,5.763658940009149800e-01,1.042347612604989093e+00,3.483650466492806430e+01,1.784272540407272345e+00,1.260000000000000009e-01,1.910074447065547787e+01,9.017141295210705509e-01,1.180658089068082672e+00,1.047376677930307309e+00,1.080219019864820051e+00,1.080219019864820203e-05,1.080219019864819695e-05,4.839208550225457373e+00,1.383894982924370298e+00,1.102205897073871510e+00,9.341453444086074143e-01,1.358200333845750007e+00
6.360000000000000000e+03,4.416666666666666963e+00,2.078067722193605277e+03,1.455389788539575768e+01,3.120844931479961915e+01,4.719962153689786792e+05,1.364889105142311010e+01,7.201935217769921849e+00,2.329838855661332175e+01,2.034746760431548118e+00,2.452086308741337817e+01,8.104353054314589855e+00,1.398430916791760348e+00,6.019913046987962479e-01,9.760737791209417082e+02,-8.970778869498857944e+00,1.080219019864820051e+00,1.086805494756490464e+00,7.500000000000009992e-01,2.717013736891226161e-01,1.185868131776292689e+00,1.000000000000000000e+00,1.570074447065547929e+01,2.565323654479012916e+01,2.170137368912361531e-02,3.399999999999999911e+00,1.278802197664439033e+00,4.939519124917546300e+00,2.407965218795184992e+00,1.188666279272996320e+02,1.017338892269926909e+00,1.427842725404073008e+02,4.839208550225268191e+00,-1.891820033961266745e-13,-5.082197683525802034e-21,9.367506770274758310e-17,0.000000000000000000e+00,1.021701373689123615e+00,1.021701373689123615e+00,9.336950659840842492e-01,5.031520295396938458e-01,6.155355083215938716e-01,1.008094318145335011e+00,8.824259341751335972e-01,1.000000000000000000e+00,1.000000000000000000e+00,1.000000000000000000e+00,8.649354428444947507e-01,6.967300932985613648e-02,6.967300932985614281e+01,5.491639072720828096e+01,9.856785740503931637e-01,1.018166110773007116e+00,1.000387280801165790e+00,6.665558707938481042e+00,9.240464405324503305e-01,1.023104251382157992e+00,6.019913046988081273e-01,1.398430916791758571e+00,8.920999914194126745e+00,-4.609186183148444686e-03,1.799539081381685079e+01,5.491639072801098109e+01,8.027001285881851800e-10,9.243248595806400658e+01,0.000000000000000000e+00,-3.139772604324553296e-02,8.404684414527748837e-01,1.774311068400329372e+00,1.924422414237790591e+00,1.900311068400327486e+00,9.948209952864520034e+00,3.824733482638118076e+00,6.123476470226401958e+00,7.967487368112036172e-02,2.999999999999999737e-04,1.259999999999981135e-01,3.000000000000137973e-04,3.172859013671294903e+01,1.006304059079387692e+00,2.203716444293098320e+00,2.201034983109987575e+00,2.203716444293098320e+00,5.080926392483242182e+01,1.016185278496648371e+08,1.100517491554993796e+02,2.201034983109987676e+08,2.437251417396742426e+01,1.852335272542992470e+02,9.017141301850184476e-01,1.210813518147110202e+01,1.138096261325584280e+00,4.990051602870325675e-01,1.802670721016775612e+00,1.185868131776292689e+00,5.763658940009149800e-01,1.042347612604989315e+00,3.483650466492806430e+01,1.784272540407300767e+00,1.260000000000000009e-01,1.910074447065547787e+01,9.017141295210705509e-01,1.180658089068082672e+00,1.047376677930307309e+00,1.080219019864820051e+00,1.080219019864820203e-05,1.080219019864819695e-05,4.839208550225457373e+00,1.383894982924370298e+00,1.102205897073871510e+00,9.341453444086056379e-01,1.358200333845750007e+00
6.480000000000000000e+03,4.500000000000000000e+00,2.078067722193605277e+03,1.455389788539575768e+01,3.120844931479961559e+01,4.719962153689786792e+05,1.364889105142311010e+01,7.201935217769920961e+00,2.329838855661332175e+01,2.034746760431547674e+00,2.452086308741337461e+01,8.104353054314589855e+00,1.398430916791760126e+00,6.019913046987961369e-01,9.760737791209417082e+02,-8.970778869498841956e+00,1.080219019864820051e+00,1.086805494756490464e+00,7.500000000000009992e-01,2.717013736891226161e-01,1.185868131776292689e+00,1.000000000000000000e+00,1.570074447065547929e+01,2.565323654479012561e+01,2.170137368912361531e-02,3.399999999999999911e+00,1.278802197664439033e+00,4.939519124917546300e+00,2.407965218795184548e+00,1.188666279272996178e+02,1.017338892269926909e+00,1.427842725404073008e+02,4.839208550225268191e+00,-1.891820033961266745e-13,-5.082197683525802034e-21,8.239936510889833698e-17,0.000000000000000000e+00,1.021701373689123615e+00,1.021701373689123615e+00,9.336950659840842492e-01,5.031520295396938458e-01,6.155355083215938716e-01,1.008094318145335011e+00,8.824259341751335972e-01,1.000000000000000000e+00,1.000000000000000000e+00,1.000000000000000000e+00,8.649354428444947507e-01,6.967300932985613648e-02,6.967300932985614281e+01,5.491639072720827386e+01,9.856785740503931637e-01,1.018166110773007116e+00,1.000387280801165790e+00,6.665558707938481042e+00,9.240464405324503305e-01,1.023104251382157992e+00,6.019913046988081273e-01,1.398430916791758571e+00,8.920999914194126745e+00,-4.609186183148444686e-03,1.799539081381685079e+01,5.491639072801098109e+01,8.027072340155427810e-10,9.243248595806400658e+01,0.000000000000000000e+00,-3.139772604324553296e-02,8.404684414527748837e-01,1.774311068400329372e+00,1.924422414237790591e+00,1.900311068400327486e+00,9.948209952864520034e+00,3.824733482638118076e+00,6.123476470226401958e+00,7.967487368112036172e-02,2.999999999999999737e-04,1.259999999999981135e-01,3.000000000000129299e-04,3.172859013671294548e+01,1.006304059079387692e+00,2.203716444293097876e+00,2.201034983109987131e+00,2.203716444293097876e+00,5.080926392483240761e+01,1.016185278496648222e+08,1.100517491554993512e+02,2.201034983109987080e+08,2.437251417396742070e+01,1.852335272542991902e+02,9.017141301850185586e-01,1.210813518147110202e+01,1.138096261325584280e+00,4.990051602870326786e-01,1.802670721016775834e+00,1.185868131776292689e+00,5.763658940009149800e-01,1.042347612604989315e+00,3.483650466492806430e+01,1.784272540407300767e+00,1.260000000000000009e-01,1.910074447065547787e+01,9.017141295210706620e-01,1.180658089068082672e+00,1.047376677930307309e+00,1.080219019864820051e+00,1.080219019864820203e-05,1.080219019864819695e-05,4.839208550225457373e+00,1.383894982924370298e+00,1.102205897073871510e+00,9.341453444086056379e-01,1.358200333845750007e+00
6.600000000000000000e+03,4.583333333333333037e+00,2.078067722193605277e+03,1.455389788539575768e+01,3.120844931479961559e+01,4.719962153689786792e+05,1.364889105142311010e+01,7.201935217769920961e+00,2.329838855661332175e+01,2.034746760431547674e+00,2.452086308741337461e+01,8.104353054314589855e+00,1.398430916791760126e+00,6.019913046987961369e-01,9.760737791209415946e+02,-8.970778869498824193e+00,1.080219019864820051e+00,1.086805494756490464e+00,7.500000000000011102e-01,2.717013736891226161e-01,1.185868131776292689e+00,1.000000000000000000e+00,1.570074447065548107e+01,2.565323654479012561e+01,2.170137368912383735e-02,3.399999999999999911e+00,1.278802197664439033e+00,4.939519124917546300e+00,2.407965218795184548e+00,1.188666279272996178e+02,1.017338892269926909e+00,1.427842725404073008e+02,4.839208550225267302e+00,-1.918465386552270502e-13,0.000000000000000000e+00,2.602085213965210642e-17,0.000000000000000000e+00,1.021701373689123837e+00,1.021701373689123837e+00,9.336950659840842492e-01,5.031520295396938458e-01,6.155355083215938716e-01,1.008094318145335011e+00,8.824259341751335972e-01,1.000000000000000000e+00,1.000000000000000000e+00,1.000000000000000000e+00,8.649354428444947507e-01,6.967300932985613648e-02,6.967300932985614281e+01,5.491639072720827386e+01,9.856785740503931637e-01,1.018166110773007116e+00,1.000387280801165790e+00,6.665558707938481930e+00,9.240464405324503305e-01,1.023104251382157992e+00,6.019913046988082383e-01,1.398430916791758571e+00,8.920999914194126745e+00,-4.609186183148477646e-03,1.799539081381685079e+01,5.491639072801098109e+01,8.027072340155427810e-10,9.243248595806400658e+01,0.000000000000000000e+00,-3.139772604324575500e-02,8.404684414527746616e-01,1.774311068400329372e+00,1.924422414237790591e+00,1.900311068400327486e+00,9.948209952864520034e+00,3.824733482638118076e+00,6.123476470226401958e+00,7.967487368112036172e-02,2.999999999999999737e-04,1.259999999999981135e-01,3.000000000000129299e-04,3.172859013671294548e+01,1.006304059079387692e+00,2.203716444293097876e+00,2.201034983109987131e+00,2.203716444293097876e+00,5.080926392483240761e+01,1.016185278496648222e+08,1.100517491554993512e+02,2.201034983109987080e+08,2.437251417396742070e+01,1.852335272542991902e+02,9.017141301850185586e-01,1.210813518147110202e+01,1.138096261325584280e+00,4.990051602870326786e-01,1.802670721016775834e+00,1.185868131776292689e+00,5.763658940009149800e-01,1.042347612604989315e+00,3.483650466492806430e+01,1.784272540407300767e+00,1.260000000000000009e-01,1.910074447065548142e+01,9.017141295210706620e-01,1.180658089068082672e+00,1.047376677930307309e+00,1.080219019864820051e+00,1.080219019864820203e-05,1.080219019864820203e-05,4.839208550225459149e+00,1.383894982924370298e+00,1.102205897073871510e+00,9.341453444086056379e-01,1.358200333845750007e+00
6.720000000000000000e+03,4.666666666666666963e+00,2.078067722193605277e+03,1.455389788539575946e+01,3.120844931479961559e+01,4.719962153689786792e+05,1.364889105142310832e+01,7.201935217769920961e+00,2.329838855661332175e+01,2.034746760431547674e+00,2.452086308741337461e+01,8.104353054314589855e+00,1.398430916791759904e+00,6.019913046987960259e-01,9.760737791209415946e+02,-8.970778869498806429e+00,1.080219019864820051e+00,1.086805494756489798e+00,7.500000000000004441e-01,2.717013736891224496e-01,1.185868131776292023e+00,1.000000000000000000e+00,1.570074447065546863e+01,2.565323654479012561e+01,2.170137368912294917e-02,3.399999999999999911e+00,1.278802197664437923e+00,4.939519124917547188e+00,2.407965218795184104e+00,1.188666279272995894e+02,1.017338892269926909e+00,1.427842725404072723e+02,4.839208550225273520e+00,-1.865174681370262988e-13,-3.218725199566341288e-20,2.792904796322659422e-16,0.000000000000000000e+00,1.021701373689122949e+00,1.021701373689122949e+00,9.336950659840842492e-01,5.031520295396938458e-01,6.155355083215938716e-01,1.008094318145335011e+00,8.824259341751335972e-01,1.000000000000000000e+00,1.000000000000000000e+00,1.000000000000000000e+00,8.649354428444947507e-01,6.967300932985613648e-02,6.967300932985614281e+01,5.491639072720830939e+01,9.856785740503931637e-01,1.018166110773007116e+00,1.000387280801165790e+00,6.665558707938483707e+00,9.240464405324502195e-01,1.023104251382157992e+00,6.019913046987983574e-01,1.398430916791758793e+00,8.920999914194126745e+00,-4.609186183148281622e-03,1.799539081381685079e+01,5.491639072801098109e+01,8.026717068787547760e-10,9.243248595806404921e+01,0.000000000000000000e+00,-3.139772604324442273e-02,8.404684414527759939e-01,1.774311068400328928e+00,1.924422414237790147e+00,1.900311068400327041e+00,9.948209952864516481e+00,3.824733482638117188e+00,6.123476470226399293e+00,7.967487368112036172e-02,2.999999999999999737e-04,1.259999999999981135e-01,3.000000000000120626e-04,3.172859013671294548e+01,1.006304059079387692e+00,2.203716444293097876e+00,2.201034983109987131e+00,2.203716444293097876e+00,5.080926392483236498e+01,1.016185278496647328e+08,1.100517491554993512e+02,2.201034983109987080e+08,2.437251417396740294e+01,1.852335272542991049e+02,9.017141301850185586e-01,1.210813518147110202e+01,1.138096261325583836e+00,4.990051602870331782e-01,1.802670721016775168e+00,1.185868131776292023e+00,5.763658940009149800e-01,1.042347612604989093e+00,3.483650466492806430e+01,1.784272540407272345e+00,1.260000000000000009e-01,1.910074447065546721e+01,9.017141295210706620e-01,1.180658089068082672e+00,1.047376677930306865e+00,1.080219019864820051e+00,1.080219019864820203e-05,1.080219019864816985e-05,4.839208550225460037e+00,1.383894982924369854e+00,1.102205897073871510e+00,9.341453444086074143e-01,1.358200333845747565e+00
6.840000000000000000e+03,4.750000000000000000e+00,2.078067722193605277e+03,1.455389788539575946e+01,3.120844931479961559e+01,4.719962153689786792e+05,1.364889105142310832e+01,7.201935217769920961e+00,2.329838855661332175e+01,2.034746760431547674e+00,2.452086308741337461e+01,8.104353054314588078e+00,1.398430916791759682e+00,6.019913046987960259e-01,9.760737791209415946e+02,-8.970778869498790442e+00,1.080219019864820051e+00,1.086805494756489798e+00,7.500000000000004441e-01,2.717013736891224496e-01,1.185868131776292023e+00,1.000000000000000000e+00,1.570074447065546863e+01,2.565323654479012561e+01,2.170137368912294917e-02,3.399999999999999911e+00,1.278802197664437923e+00,4.939519124917547188e+00,2.407965218795184104e+00,1.188666279272995752e+02,1.017338892269926909e+00,1.427842725404072723e+02,4.839208550225273520e+00,-1.865174681370262988e-13,-3.218725199566341288e-20,2.688821387764050996e-16,0.000000000000000000e+00,1.021701373689122949e+00,1.021701373689122949e+00,9.336950659840842492e-01,5.031520295396938458e-01,6.155355083215938716e-01,1.008094318145335011e+00,8.824259341751335972e-01,1.000000000000000000e+00,1.000000000000000000e+00,1.000000000000000000e+00,8.649354428444947507e-01,6.967300932985613648e-02,6.967300932985614281e+01,5.491639072720830939e+01,9.856785740503931637e-01,1.018166110773007116e+00,1.000387280801165790e+00,6.665558707938483707e+00,9.240464405324502195e-01,1.023104251382157992e+00,6.019913046987983574e-01,1.398430916791758793e+00,8.920999914194126745e+00,-4.609186183148281622e-03,1.799539081381685079e+01,5.491639072801098109e+01,8.026717068787547760e-10,9.243248595806404921e+01,0.000000000000000000e+00,-3.139772604324442273e-02,8.404684414527759939e-01,1.774311068400328928e+00,1.924422414237790147e+00,1.900311068400327041e+00,9.948209952864516481e+00,3.824733482638117188e+00,6.123476470226399293e+00,7.967487368112036172e-02,2.999999999999999737e-04,1.259999999999981135e-01,3.000000000000120626e-04,3.172859013671294548e+01,1.006304059079387692e+00,2.203716444293097876e+00,2.201034983109987131e+00,2.203716444293097876e+00,5.080926392483236498e+01,1.016185278496647328e+08,1.100517491554993512e+02,2.201034983109987080e+08,2.437251417396740294e+01,1.852335272542991049e+02,9.017141301850185586e-01,1.210813518147110202e+01,1.138096261325583836e+00,4.990051602870331782e-01,1.802670721016775168e+00,1.185868131776292023e+00,5.763658940009149800e-01,1.042347612604989093e+00,3.483650466492806430e+01,1.784272540407272345e+00,1.260000000000000009e-01,1.910074447065546721e+01,9.017141295210706620e-01,1.180658089068082672e+00,1.047376677930306865e+00,1.080219019864820051e+00,1.080219019864820203e-05,1.080219019864816985e-05,4.839208550225460037e+00,1.383894982924369854e+00,1.102205897073871510e+00,9.341453444086074143e-01,1.358200333845747565e+00
6.960000000000000000e+03,4.833333333333333037e+00,2.078067722193605277e+03,1.455389788539575946e+01,3.120844931479961204e+01,4.719962153689786792e+05,1.364889105142310832e+01,7.201935217769920072e+00,2.329838855661331820e+01,2.034746760431547674e+00,2.452086308741337461e+01,8.104353054314588078e+00,1.398430916791759460e+00,6.019913046987959149e-01,9.760737791209415946e+02,-8.970778869498772679e+00,1.080219019864820051e+00,1.086805494756489798e+00,7.500000000000004441e-01,2.717013736891224496e-01,1.185868131776292023e+00,1.000000000000000000e+00,1.570074447065546863e+01,2.565323654479012561e+01,2.170137368912294917e-02,3.399999999999999911e+00,1.278802197664437923e+00,4.939519124917547188e+00,2.407965218795183659e+00,1.188666279272995610e+02,1.017338892269926909e+00,1.427842725404072723e+02,4.839208550225273520e+00,-1.865174681370262988e-13,-3.218725199566341288e-20,2.558717127065790464e-16,0.000000000000000000e+00,1.021701373689122949e+00,1.021701373689122949e+00,9.336950659840842492e-01,5.031520295396938458e-01,6.155355083215938716e-01,1.008094318145335011e+00,8.824259341751335972e-01,1.000000000000000000e+00,1.000000000000000000e+00,1.000000000000000000e+00,8.649354428444947507e-01,6.967300932985613648e-02,6.967300932985614281e+01,5.491639072720830939e+01,9.856785740503931637e-01,1.018166110773007116e+00,1.000387280801165790e+00,6.665558707938483707e+00,9.240464405324502195e-01,1.023104251382157992e+00,6.019913046987983574e-01,1.398430916791758793e+00,8.920999914194126745e+00,-4.609186183148281622e-03,1.799539081381685079e+01,5.491639072801098109e+01,8.026717068787547760e-10,9.243248595806404921e+01,0.000000000000000000e+00,-3.139772604324442273e-02,8.404684414527759939e-01,1.774311068400328928e+00,1.924422414237790147e+00,1.900311068400327041e+00,9.948209952864516481e+00,3.824733482638117188e+00,6.123476470226399293e+00,7.967487368112036172e-02,2.999999999999999737e-04,1.259999999999981135e-01,3.000000000000120626e-04,3.172859013671294193e+01,1.006304059079387692e+00,2.203716444293097876e+00,2.201034983109987131e+00,2.203716444293097876e+00,5.080926392483236498e+01,1.016185278496647328e+08,1.100517491554993512e+02,2.201034983109987080e+08,2.437251417396740294e+01,1.852335272542991049e+02,9.017141301850185586e-01,1.210813518147110202e+01,1.138096261325583836e+00,4.990051602870331782e-01,1.802670721016775168e+00,1.185868131776292023e+00,5.763658940009149800e-01,1.042347612604989093e+00,3.483650466492806430e+01,1.784272540407272345e+00,1.260000000000000009e-01,1.910074447065546721e+01,9.017141295210706620e-01,1.180658089068082672e+00,1.047376677930306865e+00,1.080219019864820051e+00,1.080219019864820203e-05,1.080219019864816985e-05,4.839208550225460037e+00,1.383894982924369854e+00,1.102205897073871510e+00,9.341453444086074143e-01,1.358200333845747565e+00
7.080000000000000000e+03,4.916666666666666963e+00,2.078067722193605277e+03,1.455389788539575946e+01,3.120844931479961204e+01,4.719962153689786792e+05,1.364889105142310832e+01,7.201935217769920072e+00,2.329838855661331820e+01,2.034746760431547674e+00,2.452086308741337106e+01,8.104353054314588078e+00,1.398430916791759238e+00,6.019913046987959149e-01,9.760737791209415946e+02,-8.970778869498756691e+00,1.080219019864820051e+00,1.086805494756489798e+00,7.500000000000004441e-01,2.717013736891224496e-01,1.185868131776292023e+00,1.000000000000000000e+00,1.570074447065546863e+01,2.565323654479012205e+01,2.170137368912294917e-02,3.399999999999999911e+00,1.278802197664437923e+00,4.939519124917547188e+00,2.407965218795183659e+00,1.188666279272995325e+02,1.017338892269926909e+00,1.427842725404072723e+02,4.839208550225273520e+00,-1.865174681370262988e-13,-3.218725199566341288e-20,2.445960101127298003e-16,0.000000000000000000e+00,1.021701373689122949e+00,1.021701373689122949e+00,9.336950659840842492e-01,5.031520295396937348e-01,6.155355083215938716e-01,1.008094318145335011e+00,8.824259341751335972e-01,1.000000000000000000e+00,1.000000000000000000e+00,1.000000000000000000e+00,8.649354428444947507e-01,6.967300932985613648e-02,6.967300932985614281e+01,5.491639072720830939e+01,9.856785740503931637e-01,1.018166110773007116e+00,1.000387280801165790e+00,6.665558707938483707e+00,9.240464405324502195e-01,1.023104251382157992e+00,6.019913046987983574e-01,1.398430916791758793e+00,8.920999914194126745e+00,-4.609186183148281622e-03,1.799539081381685079e+01,5.491639072801098109e+01,8.026717068787547760e-10,9.243248595806404921e+01,0.000000000000000000e+00,-3.139772604324442273e-02,8.404684414527759939e-01,1.774311068400329372e+00,1.924422414237789702e+00,1.900311068400327486e+00,9.948209952864516481e+00,3.824733482638117188e+00,6.123476470226399293e+00,7.967487368112036172e-02,2.999999999999999737e-04,1.259999999999981135e-01,3.000000000000120626e-04,3.172859013671294193e+01,1.006304059079387470e+00,2.203716444293097876e+00,2.201034983109987131e+00,2.203716444293097876e+00,5.080926392483236498e+01,1.016185278496647328e+08,1.100517491554993512e+02,2.201034983109987080e+08,2.437251417396740294e+01,1.852335272542991049e+02,9.017141301850187807e-01,1.210813518147110202e+01,1.138096261325583836e+00,4.990051602870331782e-01,1.802670721016775612e+00,1.185868131776292023e+00,5.763658940009149800e-01,1.042347612604989093e+00,3.483650466492806430e+01,1.784272540407272345e+00,1.260000000000000009e-01,1.910074447065546721e+01,9.017141295210708840e-01,1.180658089068082672e+00,1.047376677930306865e+00,1.080219019864820051e+00,1.080219019864820203e-05,1.080219019864816985e-05,4.839208550225460037e+00,1.383894982924369854e+00,1.102205897073871510e+00,9.341453444086074143e-01,1.358200333845747565e+00
7.200000000000000000e+03,5.000000000000000000e+00,2.078067722193605277e+03,1.455389788539576124e+01,3.120844931479961204e+01,4.719962153689786792e+05,1.364889105142310832e+01,7.201935217769920072e+00,2.329838855661331820e+01,2.034746760431547674e+00,2.452086308741337106e+01,8.104353054314588078e+00,1.398430916791759016e+00,6.019913046987958039e-01,9.760737791209415946e+02,-8.970778869498738928e+00,1.080219019864820051e+00,1.086805494756489798e+00,7.500000000000004441e-01,2.717013736891224496e-01,1.185868131776292023e+00,1.000000000000000000e+00,1.570074447065546863e+01,2.565323654479012205e+01,2.170137368912294917e-02,3.399999999999999911e+00,1.278802197664437923e+00,4.939519124917547188e+00,2.407965218795183215e+00,1.188666279272995183e+02,1.017338892269926909e+00,1.427842725404072723e+02,4.839208550225273520e+00,-1.865174681370262988e-13,-3.218725199566341288e-20,2.324529457808921507e-16,0.000000000000000000e+00,1.021701373689122949e+00,1.021701373689122949e+00,9.336950659840842492e-01,5.031520295396937348e-01,6.155355083215938716e-01,1.008094318145335011e+00,8.824259341751335972e-01,1.000000000000000000e+00,1.000000000000000000e+00,1.000000000000000000e+00,8.649354428444947507e-01,6.967300932985613648e-02,6.967300932985614281e+01,5.491639072720830939e+01,9.856785740503931637e-01,1.018166110773007116e+00,1.000387280801165790e+00,6.665558707938483707e+00,9.240464405324502195e-01,1.023104251382157992e+00,6.019913046987983574e-01,1.398430916791758793e+00,8.920999914194126745e+00,-4.609186183148281622e-03,1.799539081381685079e+01,5.491639072801098109e+01,8.026717068787547760e-10,9.243248595806404921e+01,0.000000000000000000e+00,-3.139772604324442273e-02,8.404684414527759939e-01,1.774311068400329372e+00,1.924422414237789702e+00,1.900311068400327486e+00,9.948209952864516481e+00,3.824733482638117188e+00,6.123476470226399293e+00,7.967487368112036172e-02,2.999999999999999737e-04,1.259999999999981135e-01,3.000000000000111952e-04,3.172859013671294193e+01,1.006304059079387470e+00,2.203716444293097876e+00,2.201034983109987131e+00,2.203716444293097876e+00,5.080926392483236498e+01,1.016185278496647328e+08,1.100517491554993512e+02,2.201034983109987080e+08,2.437251417396740294e+01,1.852335272542991049e+02,9.017141301850187807e-01,1.210813518147110202e+01,1.138096261325583836e+00,4.990051602870331782e-01,1.802670721016775612e+00,1.185868131776292023e+00,5.763658940009149800e-01,1.042347612604989093e+00,3.483650466492806430e+01,1.784272540407272345e+00,1.260000000000000009e-01,1.910074447065546721e+01,9.017141295210708840e-01,1.180658089068082672e+00,1.047376677930306865e+00,1.080219019864820051e+00,1.080219019864820203e-05,1.080219019864816985e-05,4.839208550225460037e+00,1.383894982924369854e+00,1.102205897073871510e+00,9.341453444086074143e-01,1.358200333845747565e+00
7.320000000000000000e+03,5.083333333333333037e+00,2.078067722193605732e+03,1.455389788539576124e+01,3.120844931479961204e+01,4.719962153689786792e+05,1.364889105142310655e+01,7.201935217769920072e+00,2.329838855661331820e+01,2.034746760431547230e+00,2.452086308741337106e+01,8.104353054314588078e+00,1.398430916791759016e+00,6.019913046987958039e-01,9.760737791209415946e+02,-8.970778869498721164e+00,1.080219019864819829e+00,1.086805494756489798e+00,7.500000000000004441e-01,2.717013736891224496e-01,1.185868131776292023e+00,1.000000000000000000e+00,1.570074447065547218e+01,2.565323654479012205e+01,2.170137368912294917e-02,3.399999999999999911e+00,1.278802197664437923e+00,4.939519124917547188e+00,2.407965218795183215e+00,1.188666279272995183e+02,1.017338892269926909e+00,1.427842725404073008e+02,4.839208550225272631e+00,-1.874056465567264240e-13,-2.371692252312040949e-20,1.760744328116459201e-16,0.000000000000000000e+00,1.021701373689122949e+00,1.021701373689122949e+00,9.336950659840842492e-01,5.031520295396937348e-01,6.155355083215938716e-01,1.008094318145335011e+00,8.824259341751335972e-01,1.000000000000000000e+00,1.000000000000000000e+00,1.000000000000000000e+00,8.649354428444947507e-01,6.967300932985613648e-02,6.967300932985614281e+01,5.491639072720830939e+01,9.856785740503931637e-01,1.018166110773007116e+00,1.000387280801165790e+00,6.665558707938483707e+00,9.240464405324502195e-01,1.023104251382157992e+00,6.019913046988077943e-01,1.398430916791756129e+00,8.920999914194126745e+00,-4.609186183148314582e-03,1.799539081381685079e+01,5.491639072801098109e+01,8.026717068787547760e-10,9.243248595806404921e+01,0.000000000000000000e+00,-3.139772604324464478e-02,8.404684414527757719e-01,1.774311068400329816e+00,1.924422414237790147e+00,1.900311068400327930e+00,9.948209952864520034e+00,3.824733482638118076e+00,6.123476470226401958e+00,7.967487368112036172e-02,2.999999999999999737e-04,1.259999999999981135e-01,3.000000000000111952e-04,3.172859013671294193e+01,1.006304059079387470e+00,2.203716444293097876e+00,2.201034983109987131e+00,2.203716444293097876e+00,5.080926392483237919e+01,1.016185278496647626e+08,1.100517491554993512e+02,2.201034983109987080e+08,2.437251417396740294e+01,1.852335272542991333e+02,9.017141301850187807e-01,1.210813518147110202e+01,1.138096261325583836e+00,4.990051602870330671e-01,1.802670721016775612e+00,1.185868131776292023e+00,5.763658940009149800e-01,1.042347612604989315e+00,3.483650466492806430e+01,1.784272540407300767e+00,1.260000000000000009e-01,1.910074447065547076e+01,9.017141295210708840e-01,1.180658089068082672e+00,1.047376677930306865e+00,1.080219019864819829e+00,1.080219019864819865e-05,1.080219019864817493e-05,4.839208550225460037e+00,1.383894982924369854e+00,1.102205897073871510e+00,9.341453444086056379e-01,1.358200333845747565e+00
7.440000000000000000e+03,5.166666666666666963e+00,2.078067722193605732e+03,1.455389788539576124e+01,3.120844931479960849e+01,4.719962153689786792e+05,1.364889105142310655e+01,7.201935217769920072e+00,2.329838855661331820e+01,2.034746760431547230e+00,2.452086308741337106e+01,8.104353054314588078e+00,1.398430916791758793e+00,6.019913046987956928e-01,9.760737791209415946e+02,-8.970778869498705177e+00,1.080219019864819829e+00,1.086805494756489798e+00,7.500000000000004441e-01,2.717013736891224496e-01,1.185868131776292023e+00,1.000000000000000000e+00,1.570074447065547218e+01,2.565323654479012205e+01,2.170137368912294917e-02,3.399999999999999911e+00,1.278802197664437923e+00,4.939519124917547188e+00,2.407965218795182771e+00,1.188666279272995041e+02,1.017338892269926909e+00,1.427842725404073008e+02,4.839208550225272631e+00,-1.874056465567264240e-13,-2.371692252312040949e-20,1.647987302177966740e-16,0.000000000000000000e+00,1.021701373689122949e+00,1.021701373689122949e+00,9.336950659840842492e-01,5.031520295396937348e-01,6.155355083215938716e-01,1.008094318145335011e+00,8.824259341751335972e-01,1.000000000000000000e+00,1.000000000000000000e+00,1.000000000000000000e+00,8.649354428444947507e-01,6.967300932985613648e-02,6.967300932985614281e+01,5.491639072720830939e+01,9.856785740503931637e-01,1.018166110773007116e+00,1.000387280801165790e+00,6.665558707938483707e+00,9.240464405324502195e-01,1.023104251382157992e+00,6.019913046988077943e-01,1.398430916791756129e+00,8.920999914194126745e+00,-4.609186183148314582e-03,1.799539081381685079e+01,5.491639072801098109e+01,8.026717068787547760e-10,9.243248595806404921e+01,0.000000000000000000e+00,-3.139772604324464478e-02,8.404684414527757719e-01,1.774311068400329816e+00,1.924422414237790147e+00,1.900311068400327930e+00,9.948209952864520034e+00,3.824733482638118076e+00,6.123476470226401958e+00,7.967487368112036172e-02,2.999999999999999737e-04,1.259999999999981135e-01,3.000000000000111952e-04,3.172859013671293482e+01,1.006304059079387470e+00,2.203716444293097876e+00,2.201034983109987131e+00,2.203716444293097876e+00,5.080926392483237919e+01,1.016185278496647626e+08,1.100517491554993512e+02,2.201034983109987080e+08,2.437251417396740294e+01,1.852335272542991333e+02,9.017141301850187807e-01,1.210813518147110202e+01,1.138096261325583836e+00,4.990051602870330671e-01,1.802670721016775612e+00,1.185868131776292023e+00,5.763658940009149800e-01,1.042347612604989315e+00,3.483650466492806430e+01,1.784272540407300767e+00,1.260000000000000009e-01,1.910074447065547076e+01,9.017141295210708840e-01,1.180658089068082672e+00,1.047376677930306865e+00,1.080219019864819829e+00,1.080219019864819865e-05,1.080219019864817493e-05,4.839208550225460037e+00,1.383894982924369854e+00,1.102205897073871510e+00,9.341453444086056379e-01,1.358200333845747565e+00
7.560000000000000000e+03,5.250000000000000000e+00,2.078067722193605732e+03,1.455389788539576301e+01,3.120844931479960849e+01,4.719962153689786792e+05,1.364889105142310655e+01,7.201935217769919184e+00,2.329838855661331465e+01,2.034746760431547230e+00,2.452086308741337106e+01,8.104353054314588078e+00,1.398430916791758571e+00,6.019913046987956928e-01,9.760737791209415946e+02,-8.970778869498687413e+00,1.080219019864819829e+00,1.086805494756489798e+00,7.500000000000004441e-01,2.717013736891224496e-01,1.185868131776292023e+00,1.000000000000000000e+00,1.570074447065547218e+01,2.565323654479012205e+01,2.170137368912294917e-02,3.399999999999999911e+00,1.278802197664437923e+00,4.939519124917547188e+00,2.407965218795182771e+00,1.188666279272994757e+02,1.017338892269926909e+00,1.427842725404072723e+02,4.839208550225272631e+00,-1.874056465567264240e-13,-2.371692252312040949e-20,1.517883041479706208e-16,0.000000000000000000e+00,1.021701373689122949e+00,1.021701373689122949e+00,9.336950659840841382e-01,5.031520295396937348e-01,6.155355083215938716e-01,1.008094318145335011e+00,8.824259341751335972e-01,1.000000000000000000e+00,1.000000000000000000e+00,1.000000000000000000e+00,8.649354428444947507e-01,6.967300932985613648e-02,6.967300932985614281e+01,5.491639072720830939e+01,9.856785740503930526e-01,1.018166110773007116e+00,1.000387280801165790e+00,6.665558707938483707e+00,9.240464405324502195e-01,1.023104251382157992e+00,6.019913046987983574e-01,1.398430916791758793e+00,8.920999914194126745e+00,-4.609186183148314582e-03,1.799539081381685079e+01,5.491639072801098109e+01,8.026717068787547760e-10,9.243248595806404921e+01,0.000000000000000000e+00,-3.139772604324464478e-02,8.404684414527757719e-01,1.774311068400329150e+00,1.924422414237789702e+00,1.900311068400327486e+00,9.948209952864516481e+00,3.824733482638117188e+00,6.123476470226399293e+00,7.967487368112036172e-02,2.999999999999999737e-04,1.259999999999983356e-01,3.000000000000111952e-04,3.172859013671293482e+01,1.006304059079387470e+00,2.203716444293097876e+00,2.201034983109987131e+00,2.203716444293097876e+00,5.080926392483236498e+01,1.016185278496647328e+08,1.100517491554993512e+02,2.201034983109987080e+08,2.437251417396740294e+01,1.852335272542991049e+02,9.017141301850187807e-01,1.210813518147110202e+01,1.138096261325583836e+00,4.990051602870331782e-01,1.802670721016775612e+00,1.185868131776292023e+00,5.763658940009149800e-01,1.042347612604989093e+00,3.483650466492806430e+01,1.784272540407272345e+00,1.260000000000000009e-01,1.910074447065547076e+01,9.017141295210708840e-01,1.180658089068082672e+00,1.047376677930306865e+00,1.080219019864819829e+00,1.080219019864819865e-05,1.080219019864817493e-05,4.839208550225460037e+00,1.383894982924369854e+00,1.102205897073871510e+00,9.341453444086074143e-01,1.358200333845747565e+00
7.680000000000000000e+03,5.333333333333333037e+00,2.078067722193605732e+03,1.455389788539576301e+01,3.120844931479960849e+01,4.719962153689786792e+05,1.364889105142310655e+01,7.201935217769919184e+00,2.329838855661331465e+01,2.034746760431547230e+00,2.452086308741336751e+01,8.104353054314588078e+00,1.398430916791758349e+00,6.019913046987955818e-01,9.760737791209414809e+02,-8.970778869498671426e+00,1.080219019864819829e+00,1.086805494756489798e+00,7.500000000000004441e-01,2.717013736891224496e-01,1.185868131776292023e+00,1.000000000000000000e+00,1.570074447065547218e+01,2.565323654479011850e+01,2.170137368912294917e-02,3.399999999999999911e+00,1.278802197664437923e+00,4.939519124917547188e+00,2.407965218795182327e+00,1.188666279272994615e+02,1.017338892269926909e+00,1.427842725404072723e+02,4.839208550225272631e+00,-1.874056465567264240e-13,-2.371692252312040949e-20,1.413799632921097782e-16,0.000000000000000000e+00,1.021701373689122949e+00,1.021701373689122949e+00,9.336950659840841382e-01,5.031520295396936238e-01,6.155355083215938716e-01,1.008094318145335011e+00,8.824259341751335972e-01,1.000000000000000000e+00,1.000000000000000000e+00,1.000000000000000000e+00,8.649354428444947507e-01,6.967300932985613648e-02,6.967300932985614281e+01,5.491639072720830939e+01,9.856785740503930526e-01,1.018166110773007116e+00,1.000387280801165790e+00,6.665558707938483707e+00,9.240464405324501085e-01,1.023104251382157992e+00,6.019913046987983574e-01,1.398430916791758349e+00,8.920999914194126745e+00,-4.609186183148314582e-03,1.799539081381685079e+01,5.491639072801098109e+01,8.026717068787547760e-10,9.243248595806404921e+01,0.000000000000000000e+00,-3.139772604324464478e-02,8.404684414527757719e-01,1.774311068400329594e+00,1.924422414237789258e+00,1.900311068400327930e+00,9.948209952864516481e+00,3.824733482638117188e+00,6.123476470226399293e+00,7.967487368112036172e-02,2.999999999999999737e-04,1.259999999999983356e-01,3.000000000000103278e-04,3.172859013671293482e+01,1.006304059079387248e+00,2.203716444293097876e+00,2.201034983109987131e+00,2.203716444293097876e+00,5.080926392483236498e+01,1.016185278496647328e+08,1.100517491554993512e+02,2.201034983109987080e+08,2.437251417396740294e+01,1.852335272542991049e+02,9.017141301850187807e-01,1.210813518147110202e+01,1.138096261325583836e+00,4.990051602870331782e-01,1.802670721016775612e+00,1.185868131776292023e+00,5.763658940009149800e-01,1.042347612604989093e+00,3.483650466492806430e+01,1.784272540407272345e+00,1.260000000000000009e-01,1.910074447065547076e+01,9.017141295210708840e-01,1.180658089068082672e+00,1.047376677930306865e+00,1.080219019864819829e+00,1.080219019864819865e-05,1.080219019864817493e-05,4.839208550225460037e+00,1.383894982924369854e+00,1.102205897073871288e+00,9.341453444086074143e-01,1.358200333845747565e+00
7.800000000000000000e+03,5.416666666666666963e+00,2.078067722193605732e+03,1.455389788539576301e+01,3.120844931479960849e+01,4.719962153689786792e+05,1.364889105142310655e+01,7.201935217769919184e+00,2.329838855661331465e+01,2.034746760431547230e+00,2.452086308741336751e+01,8.104353054314586302e+00,1.398430916791758127e+00,6.019913046987954708e-01,9.760737791209414809e+02,-8.970778869498653663e+00,1.080219019864819829e+00,1.086805494756489798e+00,7.500000000000004441e-01,2.717013736891224496e-01,1.185868131776292023e+00,1.000000000000000000e+00,1.570074447065547218e+01,2.565323654479011850e+01,2.170137368912294917e-02,3.399999999999999911e+00,1.278802197664437923e+00,4.939519124917547188e+00,2.407965218795181883e+00,1.188666279272994473e+02,1.017338892269926909e+00,1.427842725404072723e+02,4.839208550225272631e+00,-1.874056465567264240e-13,-2.371692252312040949e-20,1.283695372222837250e-16,0.000000000000000000e+00,1.021701373689122949e+00,1.021701373689122949e+00,9.336950659840841382e-01,5.031520295396936238e-01,6.155355083215938716e-01,1.008094318145335011e+00,8.824259341751335972e-01,1.000000000000000000e+00,1.000000000000000000e+00,1.000000000000000000e+00,8.649354428444947507e-01,6.967300932985613648e-02,6.967300932985614281e+01,5.491639072720830939e+01,9.856785740503930526e-01,1.018166110773007116e+00,1.000387280801165790e+00,6.665558707938483707e+00,9.240464405324499975e-01,1.023104251382157992e+00,6.019913046987983574e-01,1.398430916791758349e+00,8.920999914194126745e+00,-4.609186183148314582e-03,1.799539081381685079e+01,5.491639072801098109e+01,8.026717068787547760e-10,9.243248595806404921e+01,0.000000000000000000e+00,-3.139772604324464478e-02,8.404684414527757719e-01,1.774311068400329594e+00,1.924422414237789258e+00,1.900311068400327930e+00,9.948209952864516481e+00,3.824733482638117188e+00,6.123476470226399293e+00,7.967487368112036172e-02,2.999999999999999737e-04,1.259999999999983356e-01,3.000000000000103278e-04,3.172859013671293482e+01,1.006304059079387248e+00,2.203716444293097876e+00,2.201034983109987131e+00,2.203716444293097876e+00,5.080926392483236498e+01,1.016185278496647328e+08,1.100517491554993512e+02,2.201034983109987080e+08,2.437251417396740294e+01,1.852335272542991049e+02,9.017141301850187807e-01,1.210813518147110202e+01,1.138096261325583836e+00,4.990051602870331782e-01,1.802670721016775612e+00,1.185868131776292023e+00,5.763658940009149800e-01,1.042347612604989093e+00,3.483650466492806430e+01,1.784272540407272345e+00,1.260000000000000009e-01,1.910074447065547076e+01,9.017141295210708840e-01,1.180658089068082672e+00,1.047376677930306865e+00,1.080219019864819829e+00,1.080219019864819865e-05,1.080219019864817493e-05,4.839208550225460037e+00,1.383894982924369854e+00,1.102205897073871288e+00,9.341453444086074143e-01,1.358200333845747565e+00
7.920000000000000000e+03,5.500000000000000000e+00,2.078067722193605732e+03,1.455389788539576301e+01,3.120844931479960493e+01,4.719962153689786792e+05,1.364889105142310477e+01,7.201935217769919184e+00,2.329838855661331465e+01,2.034746760431547230e+00,2.452086308741336751e+01,8.104353054314586302e+00,1.398430916791757905e+00,6.019913046987954708e-01,9.760737791209414809e+02,-8.970778869498635899e+00,1.080219019864819829e+00,1.086805494756489798e+00,7.500000000000004441e-01,2.717013736891224496e-01,1.185868131776292023e+00,1.000000000000000000e+00,1.570074447065547218e+01,2.565323654479011850e+01,2.170137368912294917e-02,3.399999999999999911e+00,1.278802197664437923e+00,4.939519124917547188e+00,2.407965218795181883e+00,1.188666279272994188e+02,1.017338892269926909e+00,1.427842725404072723e+02,4.839208550225272631e+00,-1.874056465567264240e-13,-2.371692252312040949e-20,1.162264728904460753e-16,0.000000000000000000e+00,1.021701373689122949e+00,1.021701373689122949e+00,9.336950659840841382e-01,5.031520295396936238e-01,6.155355083215938716e-01,1.008094318145335011e+00,8.824259341751335972e-01,1.000000000000000000e+00,1.000000000000000000e+00,1.000000000000000000e+00,8.649354428444947507e-01,6.967300932985613648e-02,6.967300932985614281e+01,5.491639072720830939e+01,9.856785740503930526e-01,1.018166110773007116e+00,1.000387280801165790e+00,6.665558707938483707e+00,9.240464405324499975e-01,1.023104251382157992e+00,6.019913046987983574e-01,1.398430916791758349e+00,8.920999914194126745e+00,-4.609186183148314582e-03,1.799539081381685079e+01,5.491639072801098109e+01,8.026717068787547760e-10,9.243248595806404921e+01,0.000000000000000000e+00,-3.139772604324464478e-02,8.404684414527757719e-01,1.774311068400329594e+00,1.924422414237789258e+00,1.900311068400327930e+00,9.948209952864516481e+00,3.824733482638117188e+00,6.123476470226399293e+00,7.967487368112036172e-02,2.999999999999999737e-04,1.259999999999983356e-01,3.000000000000103278e-04,3.172859013671293127e+01,1.006304059079387248e+00,2.203716444293097876e+00,2.201034983109987131e+00,2.203716444293097876e+00,5.080926392483236498e+01,1.016185278496647328e+08,1.100517491554993512e+02,2.201034983109987080e+08,2.437251417396740294e+01,1.852335272542991049e+02,9.017141301850187807e-01,1.210813518147110202e+01,1.138096261325583836e+00,4.990051602870331782e-01,1.802670721016775612e+00,1.185868131776292023e+00,5.763658940009149800e-01,1.042347612604989093e+00,3.483650466492806430e+01,1.784272540407272345e+00,1.260000000000000009e-01,1.910074447065547076e+01,9.017141295210708840e-01,1.180658089068082672e+00,1.047376677930306865e+00,1.080219019864819829e+00,1.080219019864819865e-05,1.080219019864817493e-05,4.839208550225460037e+00,1.383894982924369854e+00,1.102205897073871288e+00,9.341453444086074143e-01,1.358200333845747565e+00
8.040000000000000000e+03,5.583333333333333037e+00,2.078067722193605732e+03,1.455389788539576479e+01,3.120844931479960493e+01,4.719962153689786792e+05,1.364889105142310477e+01,7.201935217769918296e+00,2.329838855661331465e+01,2.034746760431546786e+00,2.452086308741336751e+01,8.104353054314586302e+00,1.398430916791757905e+00,6.019913046987953598e-01,9.760737791209414809e+02,-8.970778869498619912e+00,1.080219019864819829e+00,1.086805494756489798e+00,7.500000000000004441e-01,2.717013736891224496e-01,1.185868131776292023e+00,1.000000000000000000e+00,1.570074447065547218e+01,2.565323654479011850e+01,2.170137368912294917e-02,3.399999999999999911e+00,1.278802197664437923e+00,4.939519124917547188e+00,2.407965218795181439e+00,1.188666279272994188e+02,1.017338892269926909e+00,1.427842725404072439e+02,4.839208550225272631e+00,-1.874056465567264240e-13,-2.371692252312040949e-20,1.049507702965968292e-16,0.000000000000000000e+00,1.021701373689122949e+00,1.021701373689122949e+00,9.336950659840841382e-01,5.031520295396936238e-01,6.155355083215938716e-01,1.008094318145335011e+00,8.824259341751335972e-01,1.000000000000000000e+00,1.000000000000000000e+00,1.000000000000000000e+00,8.649354428444947507e-01,6.967300932985624751e-02,6.967300932985624229e+01,5.491639072720828807e+01,9.856785740503930526e-01,1.018166110773007116e+00,1.000387280801165790e+00,6.665558707938483707e+00,9.240464405324499975e-01,1.023104251382157992e+00,6.019913046987889205e-01,1.398430916791760792e+00,8.920999914194140956e+00,-4.609186183148314582e-03,1.799539081381685079e+01,5.491639072801098820e+01,8.027001285881851800e-10,9.243248595806404921e+01,0.000000000000000000e+00,-3.139772604324464478e-02,8.404684414527757719e-01,1.774311068400332037e+00,1.924422414237791923e+00,1.900311068400330594e+00,9.948209952864530692e+00,3.824733482638122517e+00,6.123476470226408175e+00,7.967487368112044499e-02,2.999999999999999737e-04,1.259999999999985576e-01,3.000000000000094605e-04,3.172859013671293127e+01,1.006304059079387248e+00,2.203716444293097876e+00,2.201034983109987131e+00,2.203716444293097876e+00,5.080926392483245024e+01,1.016185278496648967e+08,1.100517491554993512e+02,2.201034983109987080e+08,2.437251417396742426e+01,1.852335272542992470e+02,9.017141301850187807e-01,1.210813518147109313e+01,1.138096261325583836e+00,4.990051602870327896e-01,1.802670721016774058e+00,1.185868131776292023e+00,5.763658940009155351e-01,1.042347612604989759e+00,3.483650466492812114e+01,1.784272540407243923e+00,1.260000000000000009e-01,1.910074447065547076e+01,9.017141295210708840e-01,1.180658089068081784e+00,1.047376677930306865e+00,1.080219019864819829e+00,1.080219019864819865e-05,1.080219019864817493e-05,4.839208550225460037e+00,1.383894982924369854e+00,1.102205897073871288e+00,9.341453444086091906e-01,1.358200333845747565e+00
8.160000000000000000e+03,5.666666666666666963e+00,2.078067722193606187e+03,1.455389788539576479e+01,3.120844931479960493e+01,4.719962153689786792e+05,1.364889105142310477e+01,7.201935217769918296e+00,2.329838855661331110e+01,2.034746760431546786e+00,2.452086308741336751e+01,8.104353054314586302e+00,1.398430916791757683e+00,6.019913046987953598e-01,9.760737791209414809e+02,-8.970778869498602148e+00,1.080219019864819829e+00,1.086805494756489798e+00,7.500000000000004441e-01,2.717013736891224496e-01,1.185868131776292023e+00,1.000000000000000000e+00,1.570074447065547218e+01,2.565323654479011850e+01,2.170137368912294917e-02,3.399999999999999911e+00,1.278802197664437923e+00,4.939519124917547188e+00,2.407965218795181439e+00,1.188666279272994046e+02,1.017338892269926909e+00,1.427842725404073008e+02,4.839208550225272631e+00,-1.874056465567264240e-13,-2.371692252312040949e-20,9.280770596475917955e-17,0.000000000000000000e+00,1.021701373689122949e+00,1.021701373689122949e+00,9.336950659840841382e-01,5.031520295396936238e-01,6.155355083215938716e-01,1.008094318145335011e+00,8.824259341751335972e-01,1.000000000000000000e+00,1.000000000000000000e+00,1.000000000000000000e+00,8.649354428444947507e-01,6.967300932985613648e-02,6.967300932985614281e+01,5.491639072720830939e+01,9.856785740503930526e-01,1.018166110773007116e+00,1.000387280801165790e+00,6.665558707938483707e+00,9.240464405324499975e-01,1.023104251382157770e+00,6.019913046988079053e-01,1.398430916791755685e+00,8.920999914194126745e+00,-4.609186183148314582e-03,1.799539081381685079e+01,5.491639072801098109e+01,8.026717068787547760e-10,9.243248595806404921e+01,0.000000000000000000e+00,-3.139772604324464478e-02,8.404684414527757719e-01,1.774311068400330038e+00,1.924422414237789702e+00,1.900311068400328374e+00,9.948209952864520034e+00,3.824733482638118076e+00,6.123476470226401958e+00,7.967487368112036172e-02,2.999999999999999737e-04,1.259999999999983356e-01,3.000000000000094605e-04,3.172859013671293127e+01,1.006304059079387248e+00,2.203716444293097876e+00,2.201034983109987131e+00,2.203716444293097876e+00,5.080926392483237919e+01,1.016185278496647626e+08,1.100517491554993512e+02,2.201034983109987080e+08,2.437251417396740294e+01,1.852335272542991333e+02,9.017141301850187807e-01,1.210813518147110202e+01,1.138096261325583836e+00,4.990051602870330671e-01,1.802670721016775612e+00,1.185868131776292023e+00,5.763658940009149800e-01,1.042347612604989315e+00,3.483650466492806430e+01,1.784272540407300767e+00,1.260000000000000009e-01,1.910074447065547076e+01,9.017141295210708840e-01,1.180658089068082672e+00,1.047376677930306865e+00,1.080219019864819829e+00,1.080219019864819865e-05,1.080219019864817493e-05,4.839208550225460037e+00,1.383894982924369854e+00,1.102205897073871288e+00,9.341453444086056379e-01,1.358200333845747565e+00
8.280000000000000000e+03,5.750000000000000000e+00,2.078067722193606187e+03,1.455389788539576479e+01,3.120844931479960138e+01,4.719962153689786792e+05,1.364889105142310477e+01,7.201935217769918296e+00,2.329838855661331110e+01,2.034746760431546786e+00,2.452086308741336396e+01,8.104353054314586302e+00,1.398430916791757461e+00,6.019913046987952487e-01,9.760737791209414809e+02,-8.970778869498584385e+00,1.080219019864819829e+00,1.086805494756489798e+00,7.500000000000004441e-01,2.717013736891224496e-01,1.185868131776292023e+00,1.000000000000000000e+00,1.570074447065547218e+01,2.565323654479011495e+01,2.170137368912294917e-02,3.399999999999999911e+00,1.278802197664437923e+00,4.939519124917547188e+00,2.407965218795180995e+00,1.188666279272993904e+02,1.017338892269926909e+00,1.427842725404073008e+02,4.839208550225272631e+00,-1.874056465567264240e-13,-2.371692252312040949e-20,7.979727989493312634e-17,0.000000000000000000e+00,1.021701373689122949e+00,1.021701373689122949e+00,9.336950659840841382e-01,5.031520295396936238e-01,6.155355083215938716e-01,1.008094318145335011e+00,8.824259341751335972e-01,1.000000000000000000e+00,1.000000000000000000e+00,1.000000000000000000e+00,8.649354428444947507e-01,6.967300932985624751e-02,6.967300932985624229e+01,5.491639072720828807e+01,9.856785740503930526e-01,1.018166110773007116e+00,1.000387280801165790e+00,6.665558707938483707e+00,9.240464405324498864e-01,1.023104251382157770e+00,6.019913046988079053e-01,1.398430916791755685e+00,8.920999914194140956e+00,-4.609186183148314582e-03,1.799539081381685079e+01,5.491639072801098820e+01,8.027001285881851800e-10,9.243248595806404921e+01,0.000000000000000000e+00,-3.139772604324464478e-02,8.404684414527757719e-01,1.774311068400332481e+00,1.924422414237792367e+00,1.900311068400331038e+00,9.948209952864534245e+00,3.824733482638123405e+00,6.123476470226410839e+00,7.967487368112044499e-02,2.999999999999999737e-04,1.259999999999985576e-01,3.000000000000085931e-04,3.172859013671292772e+01,1.006304059079387248e+00,2.203716444293097432e+00,2.201034983109987131e+00,2.203716444293097432e+00,5.080926392483245024e+01,1.016185278496648967e+08,1.100517491554993512e+02,2.201034983109987080e+08,2.437251417396742070e+01,1.852335272542992470e+02,9.017141301850188917e-01,1.210813518147109313e+01,1.138096261325583836e+00,4.990051602870327896e-01,1.802670721016774280e+00,1.185868131776292023e+00,5.763658940009155351e-01,1.042347612604989981e+00,3.483650466492812114e+01,1.784272540407300767e+00,1.260000000000000009e-01,1.910074447065547076e+01,9.017141295210709950e-01,1.180658089068081784e+00,1.047376677930306865e+00,1.080219019864819829e+00,1.080219019864819865e-05,1.080219019864817493e-05,4.839208550225460037e+00,1.383894982924369854e+00,1.102205897073871288e+00,9.341453444086056379e-01,1.358200333845747565e+00
8.400000000000000000e+03,5.833333333333333037e+00,2.078067722193606187e+03,1.455389788539576479e+01,3.120844931479960138e+01,4.719962153689786792e+05,1.364889105142310477e+01,7.201935217769918296e+00,2.329838855661331110e+01,2.034746760431546786e+00,2.452086308741336396e+01,8.104353054314586302e+00,1.398430916791757239e+00,6.019913046987952487e-01,9.760737791209414809e+02,-8.970778869498568397e+00,1.080219019864819829e+00,1.086805494756489798e+00,7.500000000000004441e-01,2.717013736891224496e-01,1.185868131776292023e+00,1.000000000000000000e+00,1.570074447065547218e+01,2.565323654479011495e+01,2.170137368912294917e-02,3.399999999999999911e+00,1.278802197664437923e+00,4.939519124917547188e+00,2.407965218795180995e+00,1.188666279272993620e+02,1.017338892269926909e+00,1.427842725404073008e+02,4.839208550225272631e+00,-1.874056465567264240e-13,-2.371692252312040949e-20,6.852157730108388023e-17,0.000000000000000000e+00,1.021701373689122949e+00,1.021701373689122949e+00,9.336950659840841382e-01,5.031520295396935127e-01,6.155355083215938716e-01,1.008094318145335011e+00,8.824259341751335972e-01,1.000000000000000000e+00,1.000000000000000000e+00,1.000000000000000000e+00,8.649354428444947507e-01,6.967300932985624751e-02,6.967300932985624229e+01,5.491639072720828807e+01,9.856785740503930526e-01,1.018166110773007116e+00,1.000387280801165790e+00,6.665558707938483707e+00,9.240464405324498864e-01,1.023104251382157770e+00,6.019913046988079053e-01,1.398430916791755685e+00,8.920999914194140956e+00,-4.609186183148314582e-03,1.799539081381685079e+01,5.491639072801098820e+01,8.027001285881851800e-10,9.243248595806404921e+01,0.000000000000000000e+00,-3.139772604324464478e-02,8.404684414527757719e-01,1.774311068400332925e+00,1.924422414237791923e+00,1.900311068400331482e+00,9.948209952864534245e+00,3.824733482638123405e+00,6.123476470226410839e+00,7.967487368112044499e-02,2.999999999999999737e-04,1.259999999999985576e-01,3.000000000000085931e-04,3.172859013671292772e+01,1.006304059079387025e+00,2.203716444293097432e+00,2.201034983109987131e+00,2.203716444293097432e+00,5.080926392483245024e+01,1.016185278496648967e+08,1.100517491554993512e+02,2.201034983109987080e+08,2.437251417396742070e+01,1.852335272542992470e+02,9.017141301850188917e-01,1.210813518147109313e+01,1.138096261325583836e+00,4.990051602870327896e-01,1.802670721016774280e+00,1.185868131776292023e+00,5.763658940009155351e-01,1.042347612604989981e+00,3.483650466492812114e+01,1.784272540407300767e+00,1.260000000000000009e-01,1.910074447065547076e+01,9.017141295210709950e-01,1.180658089068081784e+00,1.047376677930306865e+00,1.080219019864819829e+00,1.080219019864819865e-05,1.080219019864817493e-05,4.839208550225460037e+00,1.383894982924369854e+00,1.102205897073871288e+00,9.341453444086056379e-01,1.358200333845747565e+00
8.520000000000000000e+03,5.916666666666666963e+00,2.078067722193606187e+03,1.455389788539576656e+01,3.120844931479960138e+01,4.719962153689786792e+05,1.364889105142310299e+01,7.201935217769917408e+00,2.329838855661331110e+01,2.034746760431546786e+00,2.452086308741336396e+01,8.104353054314586302e+00,1.398430916791757017e+00,6.019913046987951377e-01,9.760737791209414809e+02,-8.970778869498550634e+00,1.080219019864819829e+00,1.086805494756489354e+00,7.500000000000002220e-01,2.717013736891223386e-01,1.185868131776291357e+00,1.000000000000000000e+00,1.570074447065546508e+01,2.565323654479011495e+01,2.170137368912250508e-02,3.399999999999999911e+00,1.278802197664437035e+00,4.939519124917548076e+00,2.407965218795180551e+00,1.188666279272993478e+02,1.017338892269926909e+00,1.427842725404072723e+02,4.839208550225276184e+00,-1.874056465567264240e-13,-4.235164736271501695e-20,1.674008154317618846e-16,0.000000000000000000e+00,1.021701373689122505e+00,1.021701373689122505e+00,9.336950659840841382e-01,5.031520295396935127e-01,6.155355083215938716e-01,1.008094318145335011e+00,8.824259341751335972e-01,1.000000000000000000e+00,1.000000000000000000e+00,1.000000000000000000e+00,8.649354428444946397e-01,6.967300932985624751e-02,6.967300932985624229e+01,5.491639072720830228e+01,9.856785740503930526e-01,1.018166110773007116e+00,1.000387280801165790e+00,6.665558707938488148e+00,9.240464405324498864e-01,1.023104251382157770e+00,6.019913046987982463e-01,1.398430916791755907e+00,8.920999914194140956e+00,-4.609186183148233050e-03,1.799539081381685079e+01,5.491639072801099530e+01,8.026930231608275790e-10,9.243248595806409185e+01,0.000000000000000000e+00,-3.139772604324408967e-02,8.404684414527763270e-01,1.774311068400332925e+00,1.924422414237791923e+00,1.900311068400331482e+00,9.948209952864532468e+00,3.824733482638123405e+00,6.123476470226409063e+00,7.967487368112044499e-02,2.999999999999999737e-04,1.259999999999985576e-01,3.000000000000085931e-04,3.172859013671292772e+01,1.006304059079387025e+00,2.203716444293097432e+00,2.201034983109987131e+00,2.203716444293097432e+00,5.080926392483245735e+01,1.016185278496649116e+08,1.100517491554993512e+02,2.201034983109987080e+08,2.437251417396743136e+01,1.852335272542992470e+02,9.017141301850188917e-01,1.210813518147109313e+01,1.138096261325583392e+00,4.990051602870330116e-01,1.802670721016773836e+00,1.185868131776291357e+00,5.763658940009160903e-01,1.042347612604989981e+00,3.483650466492812114e+01,1.784272540407272345e+00,1.260000000000000009e-01,1.910074447065546366e+01,9.017141295210709950e-01,1.180658089068081784e+00,1.047376677930306643e+00,1.080219019864819829e+00,1.080219019864819865e-05,1.080219019864815629e-05,4.839208550225463590e+00,1.383894982924369854e+00,1.102205897073871288e+00,9.341453444086074143e-01,1.358200333845745345e+00
8.640000000000000000e+03,6.000000000000000000e+00,2.078067722193606187e+03,1.455389788539576656e+01,3.120844931479960138e+01,4.719962153689786792e+05,1.364889105142310299e+01,7.201935217769917408e+00,2.329838855661331110e+01,2.034746760431546786e+00,2.452086308741336396e+01,8.104353054314586302e+00,1.398430916791757017e+00,6.019913046987951377e-01,9.760737791209414809e+02,-8.970778869498534647e+00,1.080219019864819829e+00,1.086805494756489354e+00,7.500000000000002220e-01,2.717013736891223386e-01,1.185868131776291357e+00,1.000000000000000000e+00,1.570074447065546508e+01,2.565323654479011495e+01,2.170137368912250508e-02,3.399999999999999911e+00,1.278802197664437035e+00,4.939519124917548076e+00,2.407965218795180551e+00,1.188666279272993478e+02,1.017338892269926909e+00,1.427842725404072723e+02,4.839208550225276184e+00,-1.874056465567264240e-13,-4.235164736271501695e-20,1.561251128379126385e-16,0.000000000000000000e+00,1.021701373689122505e+00,1.021701373689122505e+00,9.336950659840841382e-01,5.031520295396935127e-01,6.155355083215938716e-01,1.008094318145335011e+00,8.824259341751335972e-01,1.000000000000000000e+00,1.000000000000000000e+00,1.000000000000000000e+00,8.649354428444946397e-01,6.967300932985624751e-02,6.967300932985624229e+01,5.491639072720830228e+01,9.856785740503930526e-01,1.018166110773007116e+00,1.000387280801165790e+00,6.665558707938488148e+00,9.240464405324498864e-01,1.023104251382157770e+00,6.019913046987982463e-01,1.398430916791755907e+00,8.920999914194140956e+00,-4.609186183148233050e-03,1.799539081381685079e+01,5.491639072801099530e+01,8.026930231608275790e-10,9.243248595806409185e+01,0.000000000000000000e+00,-3.139772604324408967e-02,8.404684414527763270e-01,1.774311068400332925e+00,1.924422414237791923e+00,1.900311068400331482e+00,9.948209952864532468e+00,3.824733482638123405e+00,6.123476470226409063e+00,7.967487368112044499e-02,2.999999999999999737e-04,1.259999999999985576e-01,3.000000000000085931e-04,3.172859013671292772e+01,1.006304059079387025e+00,2.203716444293097432e+00,2.201034983109987131e+00,2.203716444293097432e+00,5.080926392483245735e+01,1.016185278496649116e+08,1.100517491554993512e+02,2.201034983109987080e+08,2.437251417396743136e+01,1.852335272542992470e+02,9.017141301850188917e-01,1.210813518147109313e+01,1.138096261325583392e+00,4.990051602870330116e-01,1.802670721016773836e+00,1.185868131776291357e+00,5.763658940009160903e-01,1.042347612604989981e+00,3.483650466492812114e+01,1.784272540407272345e+00,1.260000000000000009e-01,1.910074447065546366e+01,9.017141295210709950e-01,1.180658089068081784e+00,1.047376677930306643e+00,1.080219019864819829e+00,1.080219019864819865e-05,1.080219019864815629e-05,4.839208550225463590e+00,1.383894982924369854e+00,1.102205897073871288e+00,9.341453444086074143e-01,1.358200333845745345e+00
8.760000000000000000e+03,6.083333333333333037e+00,2.078067722193606187e+03,1.455389788539576656e+01,3.120844931479959783e+01,4.719962153689786792e+05,1.364889105142310299e+01,7.201935217769917408e+00,2.329838855661330754e+01,2.034746760431546786e+00,2.452086308741336396e+01,8.104353054314584526e+00,1.398430916791756795e+00,6.019913046987950267e-01,9.760737791209413672e+02,-8.970778869498516883e+00,1.080219019864819829e+00,1.086805494756489354e+00,7.500000000000003331e-01,2.717013736891223386e-01,1.185868131776291357e+00,1.000000000000000000e+00,1.570074447065546863e+01,2.565323654479011495e+01,2.170137368912272713e-02,3.399999999999999911e+00,1.278802197664437035e+00,4.939519124917548076e+00,2.407965218795180107e+00,1.188666279272993336e+02,1.017338892269926909e+00,1.427842725404072723e+02,4.839208550225275296e+00,-1.891820033961266745e-13,-3.726944967918921492e-20,1.439820485060749888e-16,0.000000000000000000e+00,1.021701373689122727e+00,1.021701373689122727e+00,9.336950659840841382e-01,5.031520295396935127e-01,6.155355083215938716e-01,1.008094318145335011e+00,8.824259341751335972e-01,1.000000000000000000e+00,1.000000000000000000e+00,1.000000000000000000e+00,8.649354428444946397e-01,6.967300932985624751e-02,6.967300932985624229e+01,5.491639072720830228e+01,9.856785740503930526e-01,1.018166110773007116e+00,1.000387280801165790e+00,6.665558707938489924e+00,9.240464405324498864e-01,1.023104251382157770e+00,6.019913046987982463e-01,1.398430916791755907e+00,8.920999914194140956e+00,-4.609186183148233050e-03,1.799539081381685079e+01,5.491639072801099530e+01,8.026930231608275790e-10,9.243248595806409185e+01,0.000000000000000000e+00,-3.139772604324408967e-02,8.404684414527763270e-01,1.774311068400332925e+00,1.924422414237791923e+00,1.900311068400331482e+00,9.948209952864532468e+00,3.824733482638123405e+00,6.123476470226409063e+00,7.967487368112044499e-02,2.999999999999999737e-04,1.259999999999985576e-01,3.000000000000077258e-04,3.172859013671292416e+01,1.006304059079387025e+00,2.203716444293097432e+00,2.201034983109987131e+00,2.203716444293097432e+00,5.080926392483245735e+01,1.016185278496649116e+08,1.100517491554993512e+02,2.201034983109987080e+08,2.437251417396743136e+01,1.852335272542992470e+02,9.017141301850188917e-01,1.210813518147109313e+01,1.138096261325583392e+00,4.990051602870330116e-01,1.802670721016773836e+00,1.185868131776291357e+00,5.763658940009160903e-01,1.042347612604989981e+00,3.483650466492812114e+01,1.784272540407272345e+00,1.260000000000000009e-01,1.910074447065546721e+01,9.017141295210709950e-01,1.180658089068081784e+00,1.047376677930306643e+00,1.080219019864819829e+00,1.080219019864819865e-05,1.080219019864816138e-05,4.839208550225464478e+00,1.383894982924369854e+00,1.102205897073871288e+00,9.341453444086074143e-01,1.358200333845745345e+00
8.880000000000000000e+03,6.166666666666666963e+00,2.078067722193606187e+03,1.455389788539576834e+01,3.120844931479959783e+01,4.719962153689786792e+05,1.364889105142310299e+01,7.201935217769917408e+00,2.329838855661330754e+01,2.034746760431546342e+00,2.452086308741336040e+01,8.104353054314584526e+00,1.398430916791756573e+00,6.019913046987949157e-01,9.760737791209413672e+02,-8.970778869498499120e+00,1.080219019864819829e+00,1.086805494756489354e+00,7.500000000000003331e-01,2.717013736891223386e-01,1.185868131776291357e+00,1.000000000000000000e+00,1.570074447065546863e+01,2.565323654479011140e+01,2.170137368912272713e-02,3.399999999999999911e+00,1.278802197664437035e+00,4.939519124917548076e+00,2.407965218795179663e+00,1.188666279272993052e+02,1.017338892269926909e+00,1.427842725404072439e+02,4.839208550225275296e+00,-1.891820033961266745e-13,-3.726944967918921492e-20,1.309716224362489356e-16,0.000000000000000000e+00,1.021701373689122727e+00,1.021701373689122727e+00,9.336950659840841382e-01,5.031520295396935127e-01,6.155355083215938716e-01,1.008094318145335011e+00,8.824259341751335972e-01,1.000000000000000000e+00,1.000000000000000000e+00,1.000000000000000000e+00,8.649354428444946397e-01,6.967300932985624751e-02,6.967300932985624229e+01,5.491639072720830939e+01,9.856785740503930526e-01,1.018166110773007116e+00,1.000387280801165790e+00,6.665558707938489924e+00,9.240464405324498864e-01,1.023104251382157770e+00,6.019913046987888094e-01,1.398430916791758571e+00,8.920999914194140956e+00,-4.609186183148233050e-03,1.799539081381685079e+01,5.491639072801099530e+01,8.026859177334699780e-10,9.243248595806409185e+01,0.000000000000000000e+00,-3.139772604324408967e-02,8.404684414527763270e-01,1.774311068400332481e+00,1.924422414237791479e+00,1.900311068400331038e+00,9.948209952864530692e+00,3.824733482638122517e+00,6.123476470226408175e+00,7.967487368112044499e-02,2.999999999999999737e-04,1.259999999999985576e-01,3.000000000000077258e-04,3.172859013671292416e+01,1.006304059079387025e+00,2.203716444293097432e+00,2.201034983109986687e+00,2.203716444293097432e+00,5.080926392483245024e+01,1.016185278496648967e+08,1.100517491554993370e+02,2.201034983109986782e+08,2.437251417396743136e+01,1.852335272542992470e+02,9.017141301850191137e-01,1.210813518147109313e+01,1.138096261325583392e+00,4.990051602870330116e-01,1.802670721016774280e+00,1.185868131776291357e+00,5.763658940009160903e-01,1.042347612604989759e+00,3.483650466492812114e+01,1.784272540407243923e+00,1.260000000000000009e-01,1.910074447065546721e+01,9.017141295210712171e-01,1.180658089068081784e+00,1.047376677930306643e+00,1.080219019864819829e+00,1.080219019864819865e-05,1.080219019864816138e-05,4.839208550225464478e+00,1.383894982924369854e+00,1.102205897073871288e+00,9.341453444086091906e-01,1.358200333845745345e+00
9.000000000000000000e+03,6.250000000000000000e+00,2.078067722193606187e+03,1.455389788539576834e+01,3.120844931479959783e+01,4.719962153689786792e+05,1.364889105142310299e+01,7.201935217769916520e+00,2.329838855661330754e+01,2.034746760431546342e+00,2.452086308741336040e+01,8.104353054314584526e+00,1.398430916791756351e+00,6.019913046987949157e-01,9.760737791209413672e+02,-8.970778869498483132e+00,1.080219019864819829e+00,1.086805494756489354e+00,7.500000000000003331e-01,2.717013736891223386e-01,1.185868131776291357e+00,1.000000000000000000e+00,1.570074447065546863e+01,2.565323654479011140e+01,2.170137368912272713e-02,3.399999999999999911e+00,1.278802197664437035e+00,4.939519124917548076e+00,2.407965218795179663e+00,1.188666279272992909e+02,1.017338892269926909e+00,1.427842725404072439e+02,4.839208550225275296e+00,-1.891820033961266745e-13,-3.726944967918921492e-20,1.205632815803880931e-16,0.000000000000000000e+00,1.021701373689122727e+00,1.021701373689122727e+00,9.336950659840841382e-01,5.031520295396934017e-01,6.155355083215938716e-01,1.008094318145335011e+00,8.824259341751335972e-01,1.000000000000000000e+00,1.000000000000000000e+00,1.000000000000000000e+00,8.649354428444946397e-01,6.967300932985624751e-02,6.967300932985624229e+01,5.491639072720830939e+01,9.856785740503930526e-01,1.018166110773007116e+00,1.000387280801165790e+00,6.665558707938489924e+00,9.240464405324498864e-01,1.023104251382157770e+00,6.019913046987888094e-01,1.398430916791758571e+00,8.920999914194140956e+00,-4.609186183148233050e-03,1.799539081381685079e+01,5.491639072801099530e+01,8.026859177334699780e-10,9.243248595806409185e+01,0.000000000000000000e+00,-3.139772604324408967e-02,8.404684414527763270e-01,1.774311068400332925e+00,1.924422414237791035e+00,1.900311068400331482e+00,9.948209952864530692e+00,3.824733482638122517e+00,6.123476470226408175e+00,7.967487368112044499e-02,2.999999999999999737e-04,1.259999999999985576e-01,3.000000000000077258e-04,3.172859013671292416e+01,1.006304059079386803e+00,2.203716444293097432e+00,2.201034983109986687e+00,2.203716444293097432e+00,5.080926392483245024e+01,1.016185278496648967e+08,1.100517491554993370e+02,2.201034983109986782e+08,2.437251417396743136e+01,1.852335272542992470e+02,9.017141301850191137e-01,1.210813518147109313e+01,1.138096261325583392e+00,4.990051602870330116e-01,1.802670721016774280e+00,1.185868131776291357e+00,5.763658940009160903e-01,1.042347612604989759e+00,3.483650466492812114e+01,1.784272540407243923e+00,1.260000000000000009e-01,1.910074447065546721e+01,9.017141295210712171e-01,1.180658089068081784e+00,1.047376677930306643e+00,1.080219019864819829e+00,1.080219019864819865e-05,1.080219019864816138e-05,4.839208550225464478e+00,1.383894982924369854e+00,1.102205897073871288e+00,9.341453444086091906e-01,1.358200333845745345e+00
9.120000000000000000e+03,6.333333333333333037e+00,2.078067722193606642e+03,1.455389788539576834e+01,3.120844931479959783e+01,4.719962153689786792e+05,1.364889105142310122e+01,7.201935217769916520e+00,2.329838855661330754e+01,2.034746760431546342e+00,2.452086308741336040e+01,8.104353054314584526e+00,1.398430916791756129e+00,6.019913046987948047e-01,9.760737791209413672e+02,-8.970778869498465369e+00,1.080219019864819829e+00,1.086805494756489354e+00,7.500000000000003331e-01,2.717013736891223386e-01,1.185868131776291357e+00,1.000000000000000000e+00,1.570074447065546863e+01,2.565323654479011140e+01,2.170137368912272713e-02,3.399999999999999911e+00,1.278802197664437035e+00,4.939519124917548076e+00,2.407965218795179219e+00,1.188666279272992767e+02,1.017338892269926909e+00,1.427842725404072723e+02,4.839208550225275296e+00,-1.891820033961266745e-13,-3.726944967918921492e-20,1.075528555105620399e-16,0.000000000000000000e+00,1.021701373689122727e+00,1.021701373689122727e+00,9.336950659840840272e-01,5.031520295396934017e-01,6.155355083215938716e-01,1.008094318145335011e+00,8.824259341751335972e-01,1.000000000000000000e+00,1.000000000000000000e+00,1.000000000000000000e+00,8.649354428444946397e-01,6.967300932985624751e-02,6.967300932985624229e+01,5.491639072720830228e+01,9.856785740503930526e-01,1.018166110773007116e+00,1.000387280801165568e+00,6.665558707938489924e+00,9.240464405324497754e-01,1.023104251382157770e+00,6.019913046987983574e-01,1.398430916791755907e+00,8.920999914194140956e+00,-4.609186183148233050e-03,1.799539081381685079e+01,5.491639072801099530e+01,8.026930231608275790e-10,9.243248595806409185e+01,0.000000000000000000e+00,-3.139772604324408967e-02,8.404684414527763270e-01,1.774311068400333147e+00,1.924422414237791479e+00,1.900311068400331926e+00,9.948209952864532468e+00,3.824733482638123405e+00,6.123476470226409063e+00,7.967487368112044499e-02,2.999999999999999737e-04,1.259999999999987796e-01,3.000000000000068584e-04,3.172859013671292416e+01,1.006304059079386803e+00,2.203716444293097432e+00,2.201034983109986687e+00,2.203716444293097432e+00,5.080926392483245735e+01,1.016185278496649116e+08,1.100517491554993370e+02,2.201034983109986782e+08,2.437251417396743136e+01,1.852335272542992470e+02,9.017141301850191137e-01,1.210813518147109313e+01,1.138096261325583392e+00,4.990051602870330116e-01,1.802670721016774280e+00,1.185868131776291357e+00,5.763658940009160903e-01,1.042347612604989981e+00,3.483650466492812114e+01,1.784272540407272345e+00,1.260000000000000009e-01,1.910074447065546721e+01,9.017141295210712171e-01,1.180658089068081784e+00,1.047376677930306643e+00,1.080219019864819829e+00,1.080219019864819865e-05,1.080219019864816138e-05,4.839208550225464478e+00,1.383894982924369854e+00,1.102205897073871288e+00,9.341453444086074143e-01,1.358200333845745345e+00
9.240000000000000000e+03,6.416666666666666963e+00,2.078067722193606642e+03,1.455389788539576834e+01,3.120844931479959428e+01,4.719962153689786792e+05,1.364889105142310122e+01,7.201935217769916520e+00,2.329838855661330754e+01,2.034746760431546342e+00,2.452086308741336040e+01,8.104353054314584526e+00,1.398430916791755907e+00,6.019913046987948047e-01,9.760737791209413672e+02,-8.970778869498449382e+00,1.080219019864819829e+00,1.086805494756489354e+00,7.500000000000003331e-01,2.717013736891223386e-01,1.185868131776291357e+00,1.000000000000000000e+00,1.570074447065546863e+01,2.565323654479011140e+01,2.170137368912272713e-02,3.399999999999999911e+00,1.278802197664437035e+00,4.939519124917548076e+00,2.407965218795179219e+00,1.188666279272992483e+02,1.017338892269926909e+00,1.427842725404072723e+02,4.839208550225275296e+00,-1.891820033961266745e-13,-3.726944967918921492e-20,9.627715291671279374e-17,0.000000000000000000e+00,1.021701373689122727e+00,1.021701373689122727e+00,9.336950659840840272e-01,5.031520295396934017e-01,6.155355083215938716e-01,1.008094318145335011e+00,8.824259341751335972e-01,1.000000000000000000e+00,1.000000000000000000e+00,1.000000000000000000e+00,8.649354428444946397e-01,6.967300932985624751e-02,6.967300932985624229e+01,5.491639072720830228e+01,9.856785740503930526e-01,1.018166110773007116e+00,1.000387280801165568e+00,6.665558707938489924e+00,9.240464405324497754e-01,1.023104251382157770e+00,6.019913046987983574e-01,1.398430916791755907e+00,8.920999914194140956e+00,-4.609186183148233050e-03,1.799539081381685079e+01,5.491639072801099530e+01,8.026930231608275790e-10,9.243248595806409185e+01,0.000000000000000000e+00,-3.139772604324408967e-02,8.404684414527763270e-01,1.774311068400333147e+00,1.924422414237791479e+00,1.900311068400331926e+00,9.948209952864532468e+00,3.824733482638123405e+00,6.123476470226409063e+00,7.967487368112044499e-02,2.999999999999999737e-04,1.259999999999987796e-01,3.000000000000068584e-04,3.172859013671292061e+01,1.006304059079386803e+00,2.203716444293097432e+00,2.201034983109986687e+00,2.203716444293097432e+00,5.080926392483245735e+01,1.016185278496649116e+08,1.100517491554993370e+02,2.201034983109986782e+08,2.437251417396743136e+01,1.852335272542992470e+02,9.017141301850191137e-01,1.210813518147109313e+01,1.138096261325583392e+00,4.990051602870330116e-01,1.802670721016774280e+00,1.185868131776291357e+00,5.763658940009160903e-01,1.042347612604989981e+00,3.483650466492812114e+01,1.784272540407272345e+00,1.260000000000000009e-01,1.910074447065546721e+01,9.017141295210712171e-01,1.180658089068081784e+00,1.047376677930306643e+00,1.080219019864819829e+00,1.080219019864819865e-05,1.080219019864816138e-05,4.839208550225464478e+00,1.383894982924369854e+00,1.102205897073871288e+00,9.341453444086074143e-01,1.358200333845745345e+00
9.360000000000000000e+03,6.500000000000000000e+00,2.078067722193606642e+03,1.455389788539577012e+01,3.120844931479959428e+01,4.719962153689786792e+05,1.364889105142310122e+01,7.201935217769916520e+00,2.329838855661330754e+01,2.034746760431546342e+00,2.452086308741336040e+01,8.104353054314584526e+00,1.398430916791755907e+00,6.019913046987946936e-01,9.760737791209413672e+02,-8.970778869498431618e+00,1.080219019864819829e+00,1.086805494756489354e+00,7.500000000000003331e-01,2.717013736891223386e-01,1.185868131776291357e+00,1.000000000000000000e+00,1.570074447065546863e+01,2.565323654479011140e+01,2.170137368912272713e-02,3.399999999999999911e+00,1.278802197664437035e+00,4.939519124917548076e+00,2.407965218795178775e+00,1.188666279272992483e+02,1.017338892269926909e+00,1.427842725404072723e+02,4.839208550225275296e+00,-1.891820033961266745e-13,-3.726944967918921492e-20,8.413408858487514408e-17,0.000000000000000000e+00,1.021701373689122727e+00,1.021701373689122727e+00,9.336950659840840272e-01,5.031520295396934017e-01,6.155355083215938716e-01,1.008094318145335011e+00,8.824259341751335972e-01,1.000000000000000000e+00,1.000000000000000000e+00,1.000000000000000000e+00,8.649354428444946397e-01,6.967300932985624751e-02,6.967300932985624229e+01,5.491639072720830228e+01,9.856785740503930526e-01,1.018166110773007116e+00,1.000387280801165568e+00,6.665558707938489924e+00,9.240464405324496644e-01,1.023104251382157770e+00,6.019913046987983574e-01,1.398430916791755907e+00,8.920999914194140956e+00,-4.609186183148233050e-03,1.799539081381685079e+01,5.491639072801099530e+01,8.026930231608275790e-10,9.243248595806409185e+01,0.000000000000000000e+00,-3.139772604324408967e-02,8.404684414527763270e-01,1.774311068400333147e+00,1.924422414237791479e+00,1.900311068400331926e+00,9.948209952864532468e+00,3.824733482638123405e+00,6.123476470226409063e+00,7.967487368112044499e-02,2.999999999999999737e-04,1.259999999999987796e-01,3.000000000000059910e-04,3.172859013671292061e+01,1.006304059079386803e+00,2.203716444293097432e+00,2.201034983109986687e+00,2.203716444293097432e+00,5.080926392483245735e+01,1.016185278496649116e+08,1.100517491554993370e+02,2.201034983109986782e+08,2.437251417396743136e+01,1.852335272542992470e+02,9.017141301850191137e-01,1.210813518147109313e+01,1.138096261325583392e+00,4.990051602870330116e-01,1.802670721016774280e+00,1.185868131776291357e+00,5.763658940009160903e-01,1.042347612604989981e+00,3.483650466492812114e+01,1.784272540407272345e+00,1.260000000000000009e-01,1.910074447065546721e+01,9.017141295210712171e-01,1.180658089068081784e+00,1.047376677930306643e+00,1.080219019864819829e+00,1.080219019864819865e-05,1.080219019864816138e-05,4.839208550225464478e+00,1.383894982924369854e+00,1.102205897073871288e+00,9.341453444086074143e-01,1.358200333845745345e+00
9.480000000000000000e+03,6.583333333333333037e+00,2.078067722193606642e+03,1.455389788539577012e+01,3.120844931479959428e+01,4.719962153689786792e+05,1.364889105142310122e+01,7.201935217769915631e+00,2.329838855661330399e+01,2.034746760431546342e+00,2.452086308741335685e+01,8.104353054314584526e+00,1.398430916791755685e+00,6.019913046987946936e-01,9.760737791209413672e+02,-8.970778869498413854e+00,1.080219019864819829e+00,1.086805494756489354e+00,7.500000000000003331e-01,2.717013736891223386e-01,1.185868131776291357e+00,1.000000000000000000e+00,1.570074447065546863e+01,2.565323654479010784e+01,2.170137368912272713e-02,3.399999999999999911e+00,1.278802197664437035e+00,4.939519124917548076e+00,2.407965218795178775e+00,1.188666279272992341e+02,1.017338892269926909e+00,1.427842725404072723e+02,4.839208550225275296e+00,-1.891820033961266745e-13,-3.726944967918921492e-20,7.199102425303749442e-17,0.000000000000000000e+00,1.021701373689122727e+00,1.021701373689122727e+00,9.336950659840840272e-01,5.031520295396934017e-01,6.155355083215938716e-01,1.008094318145335011e+00,8.824259341751335972e-01,1.000000000000000000e+00,1.000000000000000000e+00,1.000000000000000000e+00,8.649354428444946397e-01,6.967300932985624751e-02,6.967300932985624229e+01,5.491639072720829517e+01,9.856785740503930526e-01,1.018166110773007116e+00,1.000387280801165568e+00,6.665558707938489924e+00,9.240464405324496644e-01,1.023104251382157770e+00,6.019913046987983574e-01,1.398430916791755907e+00,8.920999914194140956e+00,-4.609186183148233050e-03,1.799539081381685079e+01,5.491639072801099530e+01,8.027001285881851800e-10,9.243248595806409185e+01,0.000000000000000000e+00,-3.139772604324408967e-02,8.404684414527763270e-01,1.774311068400333147e+00,1.924422414237791479e+00,1.900311068400331926e+00,9.948209952864532468e+00,3.824733482638123405e+00,6.123476470226409063e+00,7.967487368112044499e-02,2.999999999999999737e-04,1.259999999999987796e-01,3.000000000000059910e-04,3.172859013671292061e+01,1.006304059079386803e+00,2.203716444293096988e+00,2.201034983109986243e+00,2.203716444293096988e+00,5.080926392483245024e+01,1.016185278496648967e+08,1.100517491554993086e+02,2.201034983109986186e+08,2.437251417396742781e+01,1.852335272542991618e+02,9.017141301850192248e-01,1.210813518147109313e+01,1.138096261325583392e+00,4.990051602870332337e-01,1.802670721016774502e+00,1.185868131776291357e+00,5.763658940009160903e-01,1.042347612604989981e+00,3.483650466492812114e+01,1.784272540407272345e+00,1.260000000000000009e-01,1.910074447065546721e+01,9.017141295210713281e-01,1.180658089068081784e+00,1.047376677930306643e+00,1.080219019864819829e+00,1.080219019864819865e-05,1.080219019864816138e-05,4.839208550225464478e+00,1.383894982924369854e+00,1.102205897073871288e+00,9.341453444086074143e-01,1.358200333845745345e+00
9.600000000000000000e+03,6.666666666666666963e+00,2.078067722193606642e+03,1.455389788539577012e+01,3.120844931479959428e+01,4.719962153689786792e+05,1.364889105142309944e+01,7.201935217769915631e+00,2.329838855661330399e+01,2.034746760431545898e+00,2.452086308741335685e+01,8.104353054314584526e+00,1.398430916791755463e+00,6.019913046987945826e-01,9.760737791209413672e+02,-8.970778869498397867e+00,1.080219019864819829e+00,1.086805494756489354e+00,7.500000000000003331e-01,2.717013736891223386e-01,1.185868131776291357e+00,1.000000000000000000e+00,1.570074447065546863e+01,2.565323654479010784e+01,2.170137368912272713e-02,3.399999999999999911e+00,1.278802197664437035e+00,4.939519124917548076e+00,2.407965218795178330e+00,1.188666279272992199e+02,1.017338892269926909e+00,1.427842725404072723e+02,4.839208550225275296e+00,-1.891820033961266745e-13,-3.726944967918921492e-20,6.071532165918824830e-17,0.000000000000000000e+00,1.021701373689122727e+00,1.021701373689122727e+00,9.336950659840840272e-01,5.031520295396934017e-01,6.155355083215938716e-01,1.008094318145335011e+00,8.824259341751335972e-01,1.000000000000000000e+00,1.000000000000000000e+00,1.000000000000000000e+00,8.649354428444946397e-01,6.967300932985624751e-02,6.967300932985624229e+01,5.491639072720829517e+01,9.856785740503930526e-01,1.018166110773007116e+00,1.000387280801165568e+00,6.665558707938489924e+00,9.240464405324496644e-01,1.023104251382157770e+00,6.019913046987983574e-01,1.398430916791755907e+00,8.920999914194140956e+00,-4.609186183148233050e-03,1.799539081381685079e+01,5.491639072801099530e+01,8.027001285881851800e-10,9.243248595806409185e+01,0.000000000000000000e+00,-3.139772604324408967e-02,8.404684414527763270e-01,1.774311068400333147e+00,1.924422414237791479e+00,1.900311068400331926e+00,9.948209952864532468e+00,3.824733482638123405e+00,6.123476470226409063e+00,7.967487368112044499e-02,2.999999999999999737e-04,1.259999999999987796e-01,3.000000000000059910e-04,3.172859013671292061e+01,1.006304059079386803e+00,2.203716444293096988e+00,2.201034983109986243e+00,2.203716444293096988e+00,5.080926392483245024e+01,1.016185278496648967e+08,1.100517491554993086e+02,2.201034983109986186e+08,2.437251417396742781e+01,1.852335272542991618e+02,9.017141301850192248e-01,1.210813518147109313e+01,1.138096261325583392e+00,4.990051602870332337e-01,1.802670721016774502e+00,1.185868131776291357e+00,5.763658940009160903e-01,1.042347612604989981e+00,3.483650466492812114e+01,1.784272540407272345e+00,1.260000000000000009e-01,1.910074447065546721e+01,9.017141295210713281e-01,1.180658089068081784e+00,1.047376677930306643e+00,1.080219019864819829e+00,1.080219019864819865e-05,1.080219019864816138e-05,4.839208550225464478e+00,1.383894982924369854e+00,1.102205897073871288e+00,9.341453444086074143e-01,1.358200333845745345e+00
9.720000000000000000e+03,6.750000000000000000e+00,2.078067722193606642e+03,1.455389788539577012e+01,3.120844931479959072e+01,4.719962153689786792e+05,1.364889105142309944e+01,7.201935217769915631e+00,2.329838855661330399e+01,2.034746760431545898e+00,2.452086308741335685e+01,8.104353054314584526e+00,1.398430916791755241e+00,6.019913046987945826e-01,9.760737791209412535e+02,-8.970778869498380104e+00,1.080219019864819829e+00,1.086805494756489354e+00,7.500000000000003331e-01,2.717013736891223386e-01,1.185868131776291357e+00,1.000000000000000000e+00,1.570074447065546863e+01,2.565323654479010784e+01,2.170137368912272713e-02,3.399999999999999911e+00,1.278802197664437035e+00,4.939519124917548076e+00,2.407965218795178330e+00,1.188666279272991915e+02,1.017338892269926909e+00,1.427842725404072723e+02,4.839208550225275296e+00,-1.891820033961266745e-13,-3.726944967918921492e-20,4.770489558936219510e-17,0.000000000000000000e+00,1.021701373689122727e+00,1.021701373689122727e+00,9.336950659840840272e-01,5.031520295396934017e-01,6.155355083215938716e-01,1.008094318145335011e+00,8.824259341751335972e-01,1.000000000000000000e+00,1.000000000000000000e+00,1.000000000000000000e+00,8.649354428444946397e-01,6.967300932985624751e-02,6.967300932985624229e+01,5.491639072720829517e+01,9.856785740503930526e-01,1.018166110773007116e+00,1.000387280801165568e+00,6.665558707938489924e+00,9.240464405324496644e-01,1.023104251382157770e+00,6.019913046987983574e-01,1.398430916791755907e+00,8.920999914194140956e+00,-4.609186183148233050e-03,1.799539081381685079e+01,5.491639072801099530e+01,8.027001285881851800e-10,9.243248595806409185e+01,0.000000000000000000e+00,-3.139772604324408967e-02,8.404684414527763270e-01,1.774311068400333147e+00,1.924422414237791479e+00,1.900311068400331926e+00,9.948209952864532468e+00,3.824733482638123405e+00,6.123476470226409063e+00,7.967487368112044499e-02,2.999999999999999737e-04,1.259999999999987796e-01,3.000000000000059910e-04,3.172859013671291706e+01,1.006304059079386803e+00,2.203716444293096988e+00,2.201034983109986243e+00,2.203716444293096988e+00,5.080926392483245024e+01,1.016185278496648967e+08,1.100517491554993086e+02,2.201034983109986186e+08,2.437251417396742781e+01,1.852335272542991618e+02,9.017141301850192248e-01,1.210813518147109313e+01,1.138096261325583392e+00,4.990051602870332337e-01,1.802670721016774502e+00,1.185868131776291357e+00,5.763658940009160903e-01,1.042347612604989981e+00,3.483650466492812114e+01,1.784272540407272345e+00,1.260000000000000009e-01,1.910074447065546721e+01,9.017141295210713281e-01,1.180658089068081784e+00,1.047376677930306643e+00,1.080219019864819829e+00,1.080219019864819865e-05,1.080219019864816138e-05,4.839208550225464478e+00,1.383894982924369854e+00,1.102205897073871288e+00,9.341453444086074143e-01,1.358200333845745345e+00
9.840000000000000000e+03,6.833333333333333037e+00,2.078067722193606642e+03,1.455389788539577189e+01,3.120844931479959072e+01,4.719962153689786792e+05,1.364889105142309944e+01,7.201935217769915631e+00,2.329838855661330399e+01,2.034746760431545898e+00,2.452086308741335685e+01,8.104353054314582749e+00,1.398430916791755019e+00,6.019913046987944716e-01,9.760737791209412535e+02,-8.970778869498364116e+00,1.080219019864819829e+00,1.086805494756489132e+00,7.500000000000001110e-01,2.717013736891222830e-01,1.185868131776290912e+00,1.000000000000000000e+00,1.570074447065546508e+01,2.565323654479010784e+01,2.170137368912250508e-02,3.399999999999999911e+00,1.278802197664436369e+00,4.939519124917548965e+00,2.407965218795177886e+00,1.188666279272991773e+02,1.017338892269926909e+00,1.427842725404072439e+02,4.839208550225277961e+00,-1.900701818158267997e-13,-5.251604272976662102e-20,1.257674520083185143e-16,0.000000000000000000e+00,1.021701373689122505e+00,1.021701373689122505e+00,9.336950659840841382e-01,5.031520295396934017e-01,6.155355083215938716e-01,1.008094318145335011e+00,8.824259341751335972e-01,1.000000000000000000e+00,1.000000000000000000e+00,1.000000000000000000e+00,8.649354428444946397e-01,6.967300932985624751e-02,6.967300932985624229e+01,5.491639072720833781e+01,9.856785740503930526e-01,1.018166110773007116e+00,1.000387280801165790e+00,6.665558707938495253e+00,9.240464405324495534e-01,1.023104251382157770e+00,6.019913046987886984e-01,1.398430916791756795e+00,8.920999914194140956e+00,-4.609186183148167998e-03,1.799539081381685079e+01,5.491639072801099530e+01,8.026574960240395740e-10,9.243248595806412027e+01,0.000000000000000000e+00,-3.139772604324364558e-02,8.404684414527767711e-01,1.774311068400332925e+00,1.924422414237791035e+00,1.900311068400331482e+00,9.948209952864530692e+00,3.824733482638122517e+00,6.123476470226408175e+00,7.967487368112044499e-02,2.999999999999999737e-04,1.259999999999985576e-01,3.000000000000051237e-04,3.172859013671291706e+01,1.006304059079386803e+00,2.203716444293096988e+00,2.201034983109986243e+00,2.203716444293096988e+00,5.080926392483240761e+01,1.016185278496648222e+08,1.100517491554993086e+02,2.201034983109986186e+08,2.437251417396740649e+01,1.852335272542991049e+02,9.017141301850192248e-01,1.210813518147109313e+01,1.138096261325583392e+00,4.990051602870335112e-01,1.802670721016774502e+00,1.185868131776290912e+00,5.763658940009160903e-01,1.042347612604989759e+00,3.483650466492812114e+01,1.784272540407243923e+00,1.260000000000000009e-01,1.910074447065546366e+01,9.017141295210713281e-01,1.180658089068081784e+00,1.047376677930306643e+00,1.080219019864819829e+00,1.080219019864819865e-05,1.080219019864814613e-05,4.839208550225468031e+00,1.383894982924369854e+00,1.102205897073871288e+00,9.341453444086091906e-01,1.358200333845743346e+00
9.960000000000000000e+03,6.916666666666666963e+00,2.078067722193607096e+03,1.455389788539577189e+01,3.120844931479959072e+01,4.719962153689786792e+05,1.364889105142309944e+01,7.201935217769915631e+00,2.329838855661330399e+01,2.034746760431545898e+00,2.452086308741335685e+01,8.104353054314582749e+00,1.398430916791755019e+00,6.019913046987943606e-01,9.760737791209412535e+02,-8.970778869498346353e+00,1.080219019864819829e+00,1.086805494756489132e+00,7.500000000000001110e-01,2.717013736891222830e-01,1.185868131776290912e+00,1.000000000000000000e+00,1.570074447065546508e+01,2.565323654479010784e+01,2.170137368912250508e-02,3.399999999999999911e+00,1.278802197664436369e+00,4.939519124917548965e+00,2.407965218795177442e+00,1.188666279272991773e+02,1.017338892269926909e+00,1.427842725404072723e+02,4.839208550225277961e+00,-1.900701818158267997e-13,-5.251604272976662102e-20,1.127570259384924611e-16,0.000000000000000000e+00,1.021701373689122505e+00,1.021701373689122505e+00,9.336950659840840272e-01,5.031520295396934017e-01,6.155355083215938716e-01,1.008094318145335011e+00,8.824259341751335972e-01,1.000000000000000000e+00,1.000000000000000000e+00,1.000000000000000000e+00,8.649354428444946397e-01,6.967300932985624751e-02,6.967300932985624229e+01,5.491639072720833070e+01,9.856785740503930526e-01,1.018166110773007116e+00,1.000387280801165568e+00,6.665558707938495253e+00,9.240464405324495534e-01,1.023104251382157770e+00,6.019913046987982463e-01,1.398430916791754131e+00,8.920999914194140956e+00,-4.609186183148167998e-03,1.799539081381685079e+01,5.491639072801099530e+01,8.026646014513971750e-10,9.243248595806412027e+01,0.000000000000000000e+00,-3.139772604324364558e-02,8.404684414527767711e-01,1.774311068400333147e+00,1.924422414237791479e+00,1.900311068400331926e+00,9.948209952864532468e+00,3.824733482638123405e+00,6.123476470226409063e+00,7.967487368112044499e-02,2.999999999999999737e-04,1.259999999999987796e-01,3.000000000000051237e-04,3.172859013671291706e+01,1.006304059079386803e+00,2.203716444293096988e+00,2.201034983109986243e+00,2.203716444293096988e+00,5.080926392483242182e+01,1.016185278496648371e+08,1.100517491554993086e+02,2.201034983109986186e+08,2.437251417396740649e+01,1.852335272542991333e+02,9.017141301850192248e-01,1.210813518147109313e+01,1.138096261325583392e+00,4.990051602870334557e-01,1.802670721016774502e+00,1.185868131776290912e+00,5.763658940009160903e-01,1.042347612604989981e+00,3.483650466492812114e+01,1.784272540407272345e+00,1.260000000000000009e-01,1.910074447065546366e+01,9.017141295210713281e-01,1.180658089068081784e+00,1.047376677930306643e+00,1.080219019864819829e+00,1.080219019864819865e-05,1.080219019864814613e-05,4.839208550225468031e+00,1.383894982924369854e+00,1.102205897073871288e+00,9.341453444086074143e-01,1.358200333845743346e+00
1.008000000000000000e+04,7.000000000000000000e+00,2.078067722193607096e+03,1.455389788539577189e+01,3.120844931479959072e+01,4.719962153689786792e+05,1.364889105142309944e+01,7.201935217769914743e+00,2.329838855661330044e+01,2.034746760431545898e+00,2.452086308741335330e+01,8.104353054314582749e+00,1.398430916791754797e+00,6.019913046987943606e-01,9.760737791209412535e+02,-8.970778869498328589e+00,1.080219019864819829e+00,1.086805494756489132e+00,7.500000000000001110e-01,2.717013736891222830e-01,1.185868131776290912e+00,1.000000000000000000e+00,1.570074447065546508e+01,2.565323654479010429e+01,2.170137368912250508e-02,3.399999999999999911e+00,1.278802197664436369e+00,4.939519124917548965e+00,2.407965218795177442e+00,1.188666279272991630e+02,1.017338892269926909e+00,1.427842725404072723e+02,4.839208550225277961e+00,-1.900701818158267997e-13,-5.251604272976662102e-20,1.006139616066548115e-16,0.000000000000000000e+00,1.021701373689122505e+00,1.021701373689122505e+00,9.336950659840840272e-01,5.031520295396934017e-01,6.155355083215938716e-01,1.008094318145335011e+00,8.824259341751335972e-01,1.000000000000000000e+00,1.000000000000000000e+00,1.000000000000000000e+00,8.649354428444946397e-01,6.967300932985624751e-02,6.967300932985624229e+01,5.491639072720833070e+01,9.856785740503930526e-01,1.018166110773007116e+00,1.000387280801165568e+00,6.665558707938495253e+00,9.240464405324495534e-01,1.023104251382157770e+00,6.019913046987982463e-01,1.398430916791754131e+00,8.920999914194140956e+00,-4.609186183148167998e-03,1.799539081381685079e+01,5.491639072801099530e+01,8.026646014513971750e-10,9.243248595806412027e+01,0.000000000000000000e+00,-3.139772604324364558e-02,8.404684414527767711e-01,1.774311068400333147e+00,1.924422414237791479e+00,1.900311068400331926e+00,9.948209952864532468e+00,3.824733482638123405e+00,6.123476470226409063e+00,7.967487368112044499e-02,2.999999999999999737e-04,1.259999999999987796e-01,3.000000000000051237e-04,3.172859013671291706e+01,1.006304059079386803e+00,2.203716444293096988e+00,2.201034983109986243e+00,2.203716444293096988e+00,5.080926392483242182e+01,1.016185278496648371e+08,1.100517491554993086e+02,2.201034983109986186e+08,2.437251417396740649e+01,1.852335272542991333e+02,9.017141301850192248e-01,1.210813518147109313e+01,1.138096261325583392e+00,4.990051602870334557e-01,1.802670721016774502e+00,1.185868131776290912e+00,5.763658940009160903e-01,1.042347612604989981e+00,3.483650466492812114e+01,1.784272540407272345e+00,1.260000000000000009e-01,1.910074447065546366e+01,9.017141295210713281e-01,1.180658089068081784e+00,1.047376677930306643e+00,1.080219019864819829e+00,1.080219019864819865e-05,1.080219019864814613e-05,4.839208550225468031e+00,1.383894982924369854e+00,1.102205897073871288e+00,9.341453444086074143e-01,1.358200333845743346e+00
1.020000000000000000e+04,7.083333333333333037e+00,2.078067722193607096e+03,1.455389788539577189e+01,3.120844931479958717e+01,4.719962153689786792e+05,1.364889105142309766e+01,7.201935217769914743e+00,2.329838855661330044e+01,2.034746760431545898e+00,2.452086308741335330e+01,8.104353054314582749e+00,1.398430916791754575e+00,6.019913046987942495e-01,9.760737791209412535e+02,-8.970778869498312602e+00,1.080219019864819829e+00,1.086805494756489132e+00,7.500000000000001110e-01,2.717013736891222830e-01,1.185868131776290912e+00,1.000000000000000000e+00,1.570074447065546508e+01,2.565323654479010429e+01,2.170137368912250508e-02,3.399999999999999911e+00,1.278802197664436369e+00,4.939519124917548965e+00,2.407965218795176998e+00,1.188666279272991346e+02,1.017338892269926909e+00,1.427842725404072723e+02,4.839208550225277961e+00,-1.900701818158267997e-13,-5.251604272976662102e-20,8.933825901280556536e-17,0.000000000000000000e+00,1.021701373689122505e+00,1.021701373689122505e+00,9.336950659840838052e-01,5.031520295396934017e-01,6.155355083215938716e-01,1.008094318145335011e+00,8.824259341751335972e-01,1.000000000000000000e+00,1.000000000000000000e+00,1.000000000000000000e+00,8.649354428444946397e-01,6.967300932985624751e-02,6.967300932985624229e+01,5.491639072720833070e+01,9.856785740503928306e-01,1.018166110773007116e+00,1.000387280801165568e+00,6.665558707938495253e+00,9.240464405324495534e-01,1.023104251382157770e+00,6.019913046987982463e-01,1.398430916791754131e+00,8.920999914194140956e+00,-4.609186183148167998e-03,1.799539081381685079e+01,5.491639072801099530e+01,8.026646014513971750e-10,9.243248595806412027e+01,0.000000000000000000e+00,-3.139772604324364558e-02,8.404684414527767711e-01,1.774311068400332703e+00,1.924422414237791479e+00,1.900311068400331926e+00,9.948209952864532468e+00,3.824733482638123405e+00,6.123476470226409063e+00,7.967487368112044499e-02,2.999999999999999737e-04,1.259999999999992237e-01,3.000000000000042563e-04,3.172859013671291351e+01,1.006304059079386803e+00,2.203716444293096988e+00,2.201034983109986243e+00,2.203716444293096988e+00,5.080926392483242182e+01,1.016185278496648371e+08,1.100517491554993086e+02,2.201034983109986186e+08,2.437251417396740649e+01,1.852335272542991333e+02,9.017141301850192248e-01,1.210813518147109313e+01,1.138096261325583392e+00,4.990051602870334557e-01,1.802670721016774502e+00,1.185868131776290912e+00,5.763658940009160903e-01,1.042347612604989981e+00,3.483650466492812114e+01,1.784272540407272345e+00,1.260000000000000009e-01,1.910074447065546366e+01,9.017141295210713281e-01,1.180658089068081784e+00,1.047376677930306643e+00,1.080219019864819829e+00,1.080219019864819865e-05,1.080219019864814613e-05,4.839208550225468031e+00,1.383894982924369854e+00,1.102205897073871288e+00,9.341453444086074143e-01,1.358200333845743346e+00
1.032000000000000000e+04,7.166666666666666963e+00,2.078067722193607096e+03,1.455389788539577367e+01,3.120844931479958717e+01,4.719962153689786792e+05,1.364889105142309766e+01,7.201935217769914743e+00,2.329838855661330044e+01,2.034746760431545454e+00,2.452086308741335330e+01,8.104353054314582749e+00,1.398430916791754353e+00,6.019913046987942495e-01,9.760737791209412535e+02,-8.970778869498294839e+00,1.080219019864819829e+00,1.086805494756489132e+00,7.500000000000001110e-01,2.717013736891222830e-01,1.185868131776290912e+00,1.000000000000000000e+00,1.570074447065546508e+01,2.565323654479010429e+01,2.170137368912250508e-02,3.399999999999999911e+00,1.278802197664436369e+00,4.939519124917548965e+00,2.407965218795176998e+00,1.188666279272991204e+02,1.017338892269926909e+00,1.427842725404072723e+02,4.839208550225277961e+00,-1.900701818158267997e-13,-5.251604272976662102e-20,7.719519468096791570e-17,0.000000000000000000e+00,1.021701373689122505e+00,1.021701373689122505e+00,9.336950659840838052e-01,5.031520295396932907e-01,6.155355083215938716e-01,1.008094318145335011e+00,8.824259341751335972e-01,1.000000000000000000e+00,1.000000000000000000e+00,1.000000000000000000e+00,8.649354428444946397e-01,6.967300932985624751e-02,6.967300932985624229e+01,5.491639072720833070e+01,9.856785740503928306e-01,1.018166110773007116e+00,1.000387280801165568e+00,6.665558707938495253e+00,9.240464405324495534e-01,1.023104251382157770e+00,6.019913046987982463e-01,1.398430916791754131e+00,8.920999914194140956e+00,-4.609186183148167998e-03,1.799539081381685079e+01,5.491639072801099530e+01,8.026646014513971750e-10,9.243248595806412027e+01,0.000000000000000000e+00,-3.139772604324364558e-02,8.404684414527767711e-01,1.774311068400333147e+00,1.924422414237791035e+00,1.900311068400332370e+00,9.948209952864532468e+00,3.824733482638123405e+00,6.123476470226409063e+00,7.967487368112044499e-02,2.999999999999999737e-04,1.259999999999992237e-01,3.000000000000042563e-04,3.172859013671291351e+01,1.006304059079386581e+00,2.203716444293096988e+00,2.201034983109986243e+00,2.203716444293096988e+00,5.080926392483242182e+01,1.016185278496648371e+08,1.100517491554993086e+02,2.201034983109986186e+08,2.437251417396740649e+01,1.852335272542991333e+02,9.017141301850192248e-01,1.210813518147109313e+01,1.138096261325583392e+00,4.990051602870334557e-01,1.802670721016774502e+00,1.185868131776290912e+00,5.763658940009160903e-01,1.042347612604989981e+00,3.483650466492812114e+01,1.784272540407272345e+00,1.260000000000000009e-01,1.910074447065546366e+01,9.017141295210713281e-01,1.180658089068081784e+00,1.047376677930306643e+00,1.080219019864819829e+00,1.080219019864819865e-05,1.080219019864814613e-05,4.839208550225468031e+00,1.383894982924369854e+00,1.102205897073871288e+00,9.341453444086074143e-01,1.358200333845743346e+00
1.044000000000000000e+04,7.250000000000000000e+00,2.078067722193607096e+03,1.455389788539577367e+01,3.120844931479958717e+01,4.719962153689786792e+05,1.364889105142309766e+01,7.201935217769914743e+00,2.329838855661330044e+01,2.034746760431545454e+00,2.452086308741335330e+01,8.104353054314582749e+00,1.398430916791754131e+00,6.019913046987941385e-01,9.760737791209412535e+02,-8.970778869498278851e+00,1.080219019864819829e+00,1.086805494756489132e+00,7.500000000000001110e-01,2.717013736891222830e-01,1.185868131776290912e+00,1.000000000000000000e+00,1.570074447065546508e+01,2.565323654479010429e+01,2.170137368912250508e-02,3.399999999999999911e+00,1.278802197664436369e+00,4.939519124917548965e+00,2.407965218795176554e+00,1.188666279272991062e+02,1.017338892269926909e+00,1.427842725404072723e+02,4.839208550225277961e+00,-1.900701818158267997e-13,-5.251604272976662102e-20,6.591949208711866959e-17,0.000000000000000000e+00,1.021701373689122505e+00,1.021701373689122505e+00,9.336950659840838052e-01,5.031520295396932907e-01,6.155355083215938716e-01,1.008094318145335011e+00,8.824259341751335972e-01,1.000000000000000000e+00,1.000000000000000000e+00,1.000000000000000000e+00,8.649354428444946397e-01,6.967300932985624751e-02,6.967300932985624229e+01,5.491639072720833070e+01,9.856785740503928306e-01,1.018166110773007116e+00,1.000387280801165568e+00,6.665558707938495253e+00,9.240464405324494424e-01,1.023104251382157770e+00,6.019913046987982463e-01,1.398430916791754131e+00,8.920999914194140956e+00,-4.609186183148167998e-03,1.799539081381685079e+01,5.491639072801099530e+01,8.026646014513971750e-10,9.243248595806412027e+01,0.000000000000000000e+00,-3.139772604324364558e-02,8.404684414527767711e-01,1.774311068400333147e+00,1.924422414237791035e+00,1.900311068400332370e+00,9.948209952864532468e+00,3.824733482638123405e+00,6.123476470226409063e+00,7.967487368112044499e-02,2.999999999999999737e-04,1.259999999999992237e-01,3.000000000000033890e-04,3.172859013671291351e+01,1.006304059079386581e+00,2.203716444293096988e+00,2.201034983109986243e+00,2.203716444293096988e+00,5.080926392483242182e+01,1.016185278496648371e+08,1.100517491554993086e+02,2.201034983109986186e+08,2.437251417396740649e+01,1.852335272542991333e+02,9.017141301850192248e-01,1.210813518147109313e+01,1.138096261325583392e+00,4.990051602870334557e-01,1.802670721016774502e+00,1.185868131776290912e+00,5.763658940009160903e-01,1.042347612604989981e+00,3.483650466492812114e+01,1.784272540407272345e+00,1.260000000000000009e-01,1.910074447065546366e+01,9.017141295210713281e-01,1.180658089068081784e+00,1.047376677930306643e+00,1.080219019864819829e+00,1.080219019864819865e-05,1.080219019864814613e-05,4.839208550225468031e+00,1.383894982924369854e+00,1.102205897073871288e+00,9.341453444086074143e-01,1.358200333845743346e+00
1.056000000000000000e+04,7.333333333333333037e+00,2.078067722193607096e+03,1.455389788539577367e+01,3.120844931479958717e+01,4.719962153689786792e+05,1.364889105142309766e+01,7.201935217769913855e+00,2.329838855661330044e+01,2.034746760431545454e+00,2.452086308741335330e+01,8.104353054314582749e+00,1.398430916791753909e+00,6.019913046987941385e-01,9.760737791209412535e+02,-8.970778869498261088e+00,1.080219019864819607e+00,1.086805494756488910e+00,7.499999999999998890e-01,2.717013736891222275e-01,1.185868131776290468e+00,1.000000000000000000e+00,1.570074447065545975e+01,2.565323654479010429e+01,2.170137368912206099e-02,3.399999999999999911e+00,1.278802197664435703e+00,4.939519124917548965e+00,2.407965218795176554e+00,1.188666279272990778e+02,1.017338892269926909e+00,1.427842725404072723e+02,4.839208550225279737e+00,-1.874056465567264240e-13,-5.929230630780102373e-20,1.196959198423996895e-16,0.000000000000000000e+00,1.021701373689122061e+00,1.021701373689122061e+00,9.336950659840838052e-01,5.031520295396932907e-01,6.155355083215938716e-01,1.008094318145335011e+00,8.824259341751335972e-01,1.000000000000000000e+00,1.000000000000000000e+00,1.000000000000000000e+00,8.649354428444946397e-01,6.967300932985634465e-02,6.967300932985634176e+01,5.491639072720832360e+01,9.856785740503928306e-01,1.018166110773007116e+00,1.000387280801165568e+00,6.665558707938492589e+00,9.240464405324494424e-01,1.023104251382157770e+00,6.019913046987980243e-01,1.398430916791753464e+00,8.920999914194155167e+00,-4.609186183148118558e-03,1.799539081381685079e+01,5.491639072801100241e+01,8.026788123061123770e-10,9.243248595806413448e+01,0.000000000000000000e+00,-3.139772604324331251e-02,8.404684414527771041e-01,1.774311068400335589e+00,1.924422414237793699e+00,1.900311068400335035e+00,9.948209952864546679e+00,3.824733482638128734e+00,6.123476470226417945e+00,7.967487368112052826e-02,2.999999999999999737e-04,1.259999999999994458e-01,3.000000000000033890e-04,3.172859013671291351e+01,1.006304059079386581e+00,2.203716444293096988e+00,2.201034983109986243e+00,2.203716444293096988e+00,5.080926392483248577e+01,1.016185278496649712e+08,1.100517491554993086e+02,2.201034983109986186e+08,2.437251417396742426e+01,1.852335272542992470e+02,9.017141301850192248e-01,1.210813518147108425e+01,1.138096261325583392e+00,4.990051602870332337e-01,1.802670721016773392e+00,1.185868131776290468e+00,5.763658940009166454e-01,1.042347612604990870e+00,3.483650466492817088e+01,1.784272540407272345e+00,1.260000000000000009e-01,1.910074447065546011e+01,9.017141295210713281e-01,1.180658089068080896e+00,1.047376677930306643e+00,1.080219019864819607e+00,1.080219019864819695e-05,1.080219019864813766e-05,4.839208550225467143e+00,1.383894982924369632e+00,1.102205897073871288e+00,9.341453444086074143e-01,1.358200333845742902e+00
1.068000000000000000e+04,7.416666666666666963e+00,2.078067722193607096e+03,1.455389788539577545e+01,3.120844931479958362e+01,4.719962153689786792e+05,1.364889105142309766e+01,7.201935217769913855e+00,2.329838855661329688e+01,2.034746760431545454e+00,2.452086308741335330e+01,8.104353054314582749e+00,1.398430916791753909e+00,6.019913046987940275e-01,9.760737791209412535e+02,-8.970778869498243324e+00,1.080219019864819607e+00,1.086805494756488910e+00,7.499999999999998890e-01,2.717013736891222275e-01,1.185868131776290468e+00,1.000000000000000000e+00,1.570074447065545975e+01,2.565323654479010429e+01,2.170137368912206099e-02,3.399999999999999911e+00,1.278802197664435703e+00,4.939519124917548965e+00,2.407965218795176110e+00,1.188666279272990778e+02,1.017338892269926909e+00,1.427842725404072439e+02,4.839208550225279737e+00,-1.874056465567264240e-13,-5.929230630780102373e-20,1.075528555105620399e-16,0.000000000000000000e+00,1.021701373689122061e+00,1.021701373689122061e+00,9.336950659840838052e-01,5.031520295396932907e-01,6.155355083215938716e-01,1.008094318145335011e+00,8.824259341751335972e-01,1.000000000000000000e+00,1.000000000000000000e+00,1.000000000000000000e+00,8.649354428444946397e-01,6.967300932985634465e-02,6.967300932985634176e+01,5.491639072720833070e+01,9.856785740503928306e-01,1.018166110773007116e+00,1.000387280801165568e+00,6.665558707938492589e+00,9.240464405324494424e-01,1.023104251382157770e+00,6.019913046987886984e-01,1.398430916791756129e+00,8.920999914194155167e+00,-4.609186183148118558e-03,1.799539081381685079e+01,5.491639072801100241e+01,8.026717068787547760e-10,9.243248595806413448e+01,0.000000000000000000e+00,-3.139772604324331251e-02,8.404684414527771041e-01,1.774311068400335145e+00,1.924422414237793255e+00,1.900311068400334591e+00,9.948209952864544903e+00,3.824733482638127846e+00,6.123476470226417057e+00,7.967487368112052826e-02,2.999999999999999737e-04,1.259999999999994458e-01,3.000000000000033890e-04,3.172859013671290995e+01,1.006304059079386581e+00,2.203716444293096988e+00,2.201034983109986243e+00,2.203716444293096988e+00,5.080926392483247866e+01,1.016185278496649563e+08,1.100517491554993086e+02,2.201034983109986186e+08,2.437251417396742426e+01,1.852335272542992470e+02,9.017141301850192248e-01,1.210813518147108603e+01,1.138096261325583392e+00,4.990051602870332337e-01,1.802670721016773614e+00,1.185868131776290468e+00,5.763658940009166454e-01,1.042347612604990648e+00,3.483650466492817088e+01,1.784272540407243923e+00,1.260000000000000009e-01,1.910074447065546011e+01,9.017141295210713281e-01,1.180658089068081118e+00,1.047376677930306643e+00,1.080219019864819607e+00,1.080219019864819695e-05,1.080219019864813766e-05,4.839208550225467143e+00,1.383894982924369632e+00,1.102205897073871288e+00,9.341453444086091906e-01,1.358200333845742902e+00
1.080000000000000000e+04,7.500000000000000000e+00,2.078067722193607096e+03,1.455389788539577545e+01,3.120844931479958362e+01,4.719962153689786792e+05,1.364889105142309589e+01,7.201935217769913855e+00,2.329838855661329688e+01,2.034746760431545454e+00,2.452086308741334975e+01,8.104353054314580973e+00,1.398430916791753686e+00,6.019913046987940275e-01,9.760737791209411398e+02,-8.970778869498227337e+00,1.080219019864819607e+00,1.086805494756488910e+00,7.499999999999998890e-01,2.717013736891222275e-01,1.185868131776290468e+00,1.000000000000000000e+00,1.570074447065545975e+01,2.565323654479010074e+01,2.170137368912206099e-02,3.399999999999999911e+00,1.278802197664435703e+00,4.939519124917548965e+00,2.407965218795176110e+00,1.188666279272990636e+02,1.017338892269926909e+00,1.427842725404072439e+02,4.839208550225279737e+00,-1.874056465567264240e-13,-5.929230630780102373e-20,9.627715291671279374e-17,0.000000000000000000e+00,1.021701373689122061e+00,1.021701373689122061e+00,9.336950659840838052e-01,5.031520295396932907e-01,6.155355083215938716e-01,1.008094318145335011e+00,8.824259341751335972e-01,1.000000000000000000e+00,1.000000000000000000e+00,1.000000000000000000e+00,8.649354428444946397e-01,6.967300932985634465e-02,6.967300932985634176e+01,5.491639072720833070e+01,9.856785740503928306e-01,1.018166110773007116e+00,1.000387280801165568e+00,6.665558707938492589e+00,9.240464405324494424e-01,1.023104251382157770e+00,6.019913046987886984e-01,1.398430916791756129e+00,8.920999914194155167e+00,-4.609186183148118558e-03,1.799539081381685079e+01,5.491639072801100241e+01,8.026717068787547760e-10,9.243248595806413448e+01,0.000000000000000000e+00,-3.139772604324331251e-02,8.404684414527771041e-01,1.774311068400335145e+00,1.924422414237793255e+00,1.900311068400334591e+00,9.948209952864544903e+00,3.824733482638127846e+00,6.123476470226417057e+00,7.967487368112052826e-02,2.999999999999999737e-04,1.259999999999994458e-01,3.000000000000033890e-04,3.172859013671290995e+01,1.006304059079386581e+00,2.203716444293096988e+00,2.201034983109986243e+00,2.203716444293096988e+00,5.080926392483247866e+01,1.016185278496649563e+08,1.100517491554993086e+02,2.201034983109986186e+08,2.437251417396742426e+01,1.852335272542992470e+02,9.017141301850194468e-01,1.210813518147108603e+01,1.138096261325583392e+00,4.990051602870332337e-01,1.802670721016774058e+00,1.185868131776290468e+00,5.763658940009166454e-01,1.042347612604990648e+00,3.483650466492817088e+01,1.784272540407243923e+00,1.260000000000000009e-01,1.910074447065546011e+01,9.017141295210715501e-01,1.180658089068081118e+00,1.047376677930306643e+00,1.080219019864819607e+00,1.080219019864819695e-05,1.080219019864813766e-05,4.839208550225467143e+00,1.383894982924369632e+00,1.102205897073871288e+00,9.341453444086091906e-01,1.358200333845742902e+00
1.092000000000000000e+04,7.583333333333333037e+00,2.078067722193607551e+03,1.455389788539577545e+01,3.120844931479958362e+01,4.719962153689786792e+05,1.364889105142309589e+01,7.201935217769913855e+00,2.329838855661329688e+01,2.034746760431545454e+00,2.452086308741334975e+01,8.104353054314580973e+00,1.398430916791753464e+00,6.019913046987939165e-01,9.760737791209411398e+02,-8.970778869498209573e+00,1.080219019864819607e+00,1.086805494756488910e+00,7.499999999999998890e-01,2.717013736891222275e-01,1.185868131776290468e+00,1.000000000000000000e+00,1.570074447065545975e+01,2.565323654479010074e+01,2.170137368912206099e-02,3.399999999999999911e+00,1.278802197664435703e+00,4.939519124917548965e+00,2.407965218795175666e+00,1.188666279272990494e+02,1.017338892269926909e+00,1.427842725404072723e+02,4.839208550225279737e+00,-1.874056465567264240e-13,-5.929230630780102373e-20,8.413408858487514408e-17,0.000000000000000000e+00,1.021701373689122061e+00,1.021701373689122061e+00,9.336950659840838052e-01,5.031520295396932907e-01,6.155355083215938716e-01,1.008094318145335011e+00,8.824259341751335972e-01,1.000000000000000000e+00,1.000000000000000000e+00,1.000000000000000000e+00,8.649354428444946397e-01,6.967300932985634465e-02,6.967300932985634176e+01,5.491639072720832360e+01,9.856785740503928306e-01,1.018166110773007116e+00,1.000387280801165568e+00,6.665558707938492589e+00,9.240464405324493313e-01,1.023104251382157770e+00,6.019913046987981353e-01,1.398430916791753464e+00,8.920999914194155167e+00,-4.609186183148118558e-03,1.799539081381685079e+01,5.491639072801100241e+01,8.026788123061123770e-10,9.243248595806413448e+01,0.000000000000000000e+00,-3.139772604324331251e-02,8.404684414527771041e-01,1.774311068400335589e+00,1.924422414237793699e+00,1.900311068400335035e+00,9.948209952864546679e+00,3.824733482638128734e+00,6.123476470226417945e+00,7.967487368112052826e-02,2.999999999999999737e-04,1.259999999999994458e-01,3.000000000000025216e-04,3.172859013671290995e+01,1.006304059079386581e+00,2.203716444293096988e+00,2.201034983109986243e+00,2.203716444293096988e+00,5.080926392483248577e+01,1.016185278496649712e+08,1.100517491554993086e+02,2.201034983109986186e+08,2.437251417396742426e+01,1.852335272542992470e+02,9.017141301850194468e-01,1.210813518147108425e+01,1.138096261325583392e+00,4.990051602870332337e-01,1.802670721016773836e+00,1.185868131776290468e+00,5.763658940009166454e-01,1.042347612604990870e+00,3.483650466492817088e+01,1.784272540407272345e+00,1.260000000000000009e-01,1.910074447065546011e+01,9.017141295210715501e-01,1.180658089068080896e+00,1.047376677930306643e+00,1.080219019864819607e+00,1.080219019864819695e-05,1.080219019864813766e-05,4.839208550225467143e+00,1.383894982924369632e+00,1.102205897073871288e+00,9.341453444086074143e-01,1.358200333845742902e+00
1.104000000000000000e+04,7.666666666666666963e+00,2.078067722193607551e+03,1.455389788539577545e+01,3.120844931479958362e+01,4.719962153689786792e+05,1.364889105142309589e+01,7.201935217769912967e+00,2.329838855661329688e+01,2.034746760431545454e+00,2.452086308741334975e+01,8.104353054314580973e+00,1.398430916791753242e+00,6.019913046987938054e-01,9.760737791209411398e+02,-8.970778869498193586e+00,1.080219019864819607e+00,1.086805494756488910e+00,7.499999999999998890e-01,2.717013736891222275e-01,1.185868131776290468e+00,1.000000000000000000e+00,1.570074447065545975e+01,2.565323654479010074e+01,2.170137368912206099e-02,3.399999999999999911e+00,1.278802197664435703e+00,4.939519124917548965e+00,2.407965218795175222e+00,1.188666279272990209e+02,1.017338892269926909e+00,1.427842725404072723e+02,4.839208550225279737e+00,-1.874056465567264240e-13,-5.929230630780102373e-20,7.285838599102589797e-17,0.000000000000000000e+00,1.021701373689122061e+00,1.021701373689122061e+00,9.336950659840838052e-01,5.031520295396931797e-01,6.155355083215938716e-01,1.008094318145335011e+00,8.824259341751335972e-01,1.000000000000000000e+00,1.000000000000000000e+00,1.000000000000000000e+00,8.649354428444946397e-01,6.967300932985634465e-02,6.967300932985634176e+01,5.491639072720832360e+01,9.856785740503928306e-01,1.018166110773007116e+00,1.000387280801165568e+00,6.665558707938492589e+00,9.240464405324493313e-01,1.023104251382157770e+00,6.019913046987981353e-01,1.398430916791753464e+00,8.920999914194155167e+00,-4.609186183148118558e-03,1.799539081381685079e+01,5.491639072801100241e+01,8.026788123061123770e-10,9.243248595806413448e+01,0.000000000000000000e+00,-3.139772604324331251e-02,8.404684414527771041e-01,1.774311068400336033e+00,1.924422414237793255e+00,1.900311068400335479e+00,9.948209952864546679e+00,3.824733482638128734e+00,6.123476470226417945e+00,7.967487368112052826e-02,2.999999999999999737e-04,1.259999999999994458e-01,3.000000000000025216e-04,3.172859013671290995e+01,1.006304059079386359e+00,2.203716444293096988e+00,2.201034983109986243e+00,2.203716444293096988e+00,5.080926392483248577e+01,1.016185278496649712e+08,1.100517491554993086e+02,2.201034983109986186e+08,2.437251417396742426e+01,1.852335272542992470e+02,9.017141301850194468e-01,1.210813518147108425e+01,1.138096261325583392e+00,4.990051602870332337e-01,1.802670721016773836e+00,1.185868131776290468e+00,5.763658940009166454e-01,1.042347612604990870e+00,3.483650466492817088e+01,1.784272540407272345e+00,1.260000000000000009e-01,1.910074447065546011e+01,9.017141295210715501e-01,1.180658089068080896e+00,1.047376677930306643e+00,1.080219019864819607e+00,1.080219019864819695e-05,1.080219019864813766e-05,4.839208550225467143e+00,1.383894982924369632e+00,1.102205897073871288e+00,9.341453444086074143e-01,1.358200333845742902e+00
1.116000000000000000e+04,7.750000000000000000e+00,2.078067722193607551e+03,1.455389788539577722e+01,3.120844931479958007e+01,4.719962153689786792e+05,1.364889105142309589e+01,7.201935217769912967e+00,2.329838855661329688e+01,2.034746760431545010e+00,2.452086308741334975e+01,8.104353054314580973e+00,1.398430916791753020e+00,6.019913046987938054e-01,9.760737791209411398e+02,-8.970778869498175823e+00,1.080219019864819607e+00,1.086805494756488466e+00,7.499999999999996669e-01,2.717013736891221165e-01,1.185868131776290024e+00,1.000000000000000000e+00,1.570074447065545620e+01,2.565323654479010074e+01,2.170137368912183895e-02,3.399999999999999911e+00,1.278802197664435036e+00,4.939519124917549853e+00,2.407965218795175222e+00,1.188666279272990067e+02,1.017338892269926909e+00,1.427842725404072723e+02,4.839208550225282401e+00,-1.882938249764265493e-13,-7.284483346386982916e-20,1.717376241217039023e-16,0.000000000000000000e+00,1.021701373689121839e+00,1.021701373689121839e+00,9.336950659840838052e-01,5.031520295396931797e-01,6.155355083215938716e-01,1.008094318145335011e+00,8.824259341751335972e-01,1.000000000000000000e+00,1.000000000000000000e+00,1.000000000000000000e+00,8.649354428444946397e-01,6.967300932985634465e-02,6.967300932985634176e+01,5.491639072720833070e+01,9.856785740503928306e-01,1.018166110773007116e+00,1.000387280801165568e+00,6.665558707938497918e+00,9.240464405324493313e-01,1.023104251382157770e+00,6.019913046987980243e-01,1.398430916791751688e+00,8.920999914194155167e+00,-4.609186183148037026e-03,1.799539081381685079e+01,5.491639072801100951e+01,8.026788123061123770e-10,9.243248595806416290e+01,0.000000000000000000e+00,-3.139772604324275740e-02,8.404684414527776593e-01,1.774311068400336033e+00,1.924422414237793255e+00,1.900311068400335479e+00,9.948209952864546679e+00,3.824733482638128734e+00,6.123476470226417945e+00,7.967487368112052826e-02,2.999999999999999737e-04,1.259999999999994458e-01,3.000000000000025216e-04,3.172859013671290640e+01,1.006304059079386359e+00,2.203716444293096988e+00,2.201034983109986243e+00,2.203716444293096988e+00,5.080926392483249998e+01,1.016185278496650010e+08,1.100517491554993086e+02,2.201034983109986186e+08,2.437251417396743136e+01,1.852335272542992470e+02,9.017141301850194468e-01,1.210813518147108425e+01,1.138096261325582947e+00,4.990051602870334002e-01,1.802670721016772948e+00,1.185868131776290024e+00,5.763658940009172005e-01,1.042347612604990870e+00,3.483650466492817088e+01,1.784272540407272345e+00,1.260000000000000009e-01,1.910074447065545655e+01,9.017141295210715501e-01,1.180658089068080896e+00,1.047376677930306199e+00,1.080219019864819607e+00,1.080219019864819695e-05,1.080219019864812411e-05,4.839208550225470695e+00,1.383894982924369410e+00,1.102205897073871288e+00,9.341453444086074143e-01,1.358200333845740904e+00
1.128000000000000000e+04,7.833333333333333037e+00,2.078067722193607551e+03,1.455389788539577722e+01,3.120844931479958007e+01,4.719962153689786792e+05,1.364889105142309589e+01,7.201935217769912967e+00,2.329838855661329333e+01,2.034746760431545010e+00,2.452086308741334975e+01,8.104353054314580973e+00,1.398430916791752798e+00,6.019913046987936944e-01,9.760737791209411398e+02,-8.970778869498158059e+00,1.080219019864819607e+00,1.086805494756488466e+00,7.499999999999996669e-01,2.717013736891221165e-01,1.185868131776290024e+00,1.000000000000000000e+00,1.570074447065545620e+01,2.565323654479010074e+01,2.170137368912183895e-02,3.399999999999999911e+00,1.278802197664435036e+00,4.939519124917549853e+00,2.407965218795174778e+00,1.188666279272989925e+02,1.017338892269926909e+00,1.427842725404072723e+02,4.839208550225282401e+00,-1.882938249764265493e-13,-7.284483346386982916e-20,1.587271980518778491e-16,0.000000000000000000e+00,1.021701373689121839e+00,1.021701373689121839e+00,9.336950659840838052e-01,5.031520295396931797e-01,6.155355083215938716e-01,1.008094318145335011e+00,8.824259341751335972e-01,1.000000000000000000e+00,1.000000000000000000e+00,1.000000000000000000e+00,8.649354428444946397e-01,6.967300932985634465e-02,6.967300932985634176e+01,5.491639072720833070e+01,9.856785740503928306e-01,1.018166110773007116e+00,1.000387280801165568e+00,6.665558707938497918e+00,9.240464405324492203e-01,1.023104251382157770e+00,6.019913046987980243e-01,1.398430916791751688e+00,8.920999914194155167e+00,-4.609186183148037026e-03,1.799539081381685079e+01,5.491639072801100951e+01,8.026788123061123770e-10,9.243248595806416290e+01,0.000000000000000000e+00,-3.139772604324275740e-02,8.404684414527776593e-01,1.774311068400336033e+00,1.924422414237793255e+00,1.900311068400335479e+00,9.948209952864546679e+00,3.824733482638128734e+00,6.123476470226417945e+00,7.967487368112052826e-02,2.999999999999999737e-04,1.259999999999994458e-01,3.000000000000016542e-04,3.172859013671290640e+01,1.006304059079386359e+00,2.203716444293096988e+00,2.201034983109986243e+00,2.203716444293096988e+00,5.080926392483249998e+01,1.016185278496650010e+08,1.100517491554993086e+02,2.201034983109986186e+08,2.437251417396743136e+01,1.852335272542992470e+02,9.017141301850194468e-01,1.210813518147108425e+01,1.138096261325582947e+00,4.990051602870334002e-01,1.802670721016772948e+00,1.185868131776290024e+00,5.763658940009172005e-01,1.042347612604990870e+00,3.483650466492817088e+01,1.784272540407272345e+00,1.260000000000000009e-01,1.910074447065545655e+01,9.017141295210715501e-01,1.180658089068080896e+00,1.047376677930306199e+00,1.080219019864819607e+00,1.080219019864819695e-05,1.080219019864812411e-05,4.839208550225470695e+00,1.383894982924369410e+00,1.102205897073871288e+00,9.341453444086074143e-01,1.358200333845740904e+00
1.140000000000000000e+04,7.916666666666666963e+00,2.078067722193607551e+03,1.455389788539577722e+01,3.120844931479958007e+01,4.719962153689786792e+05,1.364889105142309411e+01,7.201935217769912967e+00,2.329838855661329333e+01,2.034746760431545010e+00,2.452086308741334619e+01,8.104353054314580973e+00,1.398430916791752798e+00,6.019913046987936944e-01,9.760737791209411398e+02,-8.970778869498142072e+00,1.080219019864819607e+00,1.086805494756488466e+00,7.499999999999996669e-01,2.717013736891221165e-01,1.185868131776290024e+00,1.000000000000000000e+00,1.570074447065545620e+01,2.565323654479009718e+01,2.170137368912183895e-02,3.399999999999999911e+00,1.278802197664435036e+00,4.939519124917549853e+00,2.407965218795174778e+00,1.188666279272989925e+02,1.017338892269926909e+00,1.427842725404072723e+02,4.839208550225282401e+00,-1.882938249764265493e-13,-7.284483346386982916e-20,1.474514954580286030e-16,0.000000000000000000e+00,1.021701373689121839e+00,1.021701373689121839e+00,9.336950659840838052e-01,5.031520295396931797e-01,6.155355083215938716e-01,1.008094318145335011e+00,8.824259341751335972e-01,1.000000000000000000e+00,1.000000000000000000e+00,1.000000000000000000e+00,8.649354428444946397e-01,6.967300932985634465e-02,6.967300932985634176e+01,5.491639072720833781e+01,9.856785740503928306e-01,1.018166110773007116e+00,1.000387280801165568e+00,6.665558707938497918e+00,9.240464405324492203e-01,1.023104251382157770e+00,6.019913046987980243e-01,1.398430916791751688e+00,8.920999914194155167e+00,-4.609186183148037026e-03,1.799539081381685079e+01,5.491639072801100951e+01,8.026717068787547760e-10,9.243248595806416290e+01,0.000000000000000000e+00,-3.139772604324275740e-02,8.404684414527776593e-01,1.774311068400336033e+00,1.924422414237793255e+00,1.900311068400335479e+00,9.948209952864546679e+00,3.824733482638128734e+00,6.123476470226417945e+00,7.967487368112052826e-02,2.999999999999999737e-04,1.259999999999994458e-01,3.000000000000016542e-04,3.172859013671290640e+01,1.006304059079386359e+00,2.203716444293096544e+00,2.201034983109986243e+00,2.203716444293096544e+00,5.080926392483249288e+01,1.016185278496649861e+08,1.100517491554993086e+02,2.201034983109986186e+08,2.437251417396742070e+01,1.852335272542992470e+02,9.017141301850195578e-01,1.210813518147108425e+01,1.138096261325582947e+00,4.990051602870334002e-01,1.802670721016773170e+00,1.185868131776290024e+00,5.763658940009172005e-01,1.042347612604990870e+00,3.483650466492817088e+01,1.784272540407272345e+00,1.260000000000000009e-01,1.910074447065545655e+01,9.017141295210716612e-01,1.180658089068080896e+00,1.047376677930306199e+00,1.080219019864819607e+00,1.080219019864819695e-05,1.080219019864812411e-05,4.839208550225470695e+00,1.383894982924369410e+00,1.102205897073871288e+00,9.341453444086074143e-01,1.358200333845740904e+00
1.152000000000000000e+04,8.000000000000000000e+00,2.078067722193607551e+03,1.455389788539577722e+01,3.120844931479958007e+01,4.719962153689786792e+05,1.364889105142309411e+01,7.201935217769912079e+00,2.329838855661329333e+01,2.034746760431545010e+00,2.452086308741334619e+01,8.104353054314580973e+00,1.398430916791752576e+00,6.019913046987935834e-01,9.760737791209411398e+02,-8.970778869498124308e+00,1.080219019864819607e+00,1.086805494756488466e+00,7.499999999999996669e-01,2.717013736891221165e-01,1.185868131776290024e+00,1.000000000000000000e+00,1.570074447065545620e+01,2.565323654479009718e+01,2.170137368912183895e-02,3.399999999999999911e+00,1.278802197664435036e+00,4.939519124917549853e+00,2.407965218795174334e+00,1.188666279272989641e+02,1.017338892269926909e+00,1.427842725404072723e+02,4.839208550225282401e+00,-1.882938249764265493e-13,-7.284483346386982916e-20,1.353084311261909534e-16,0.000000000000000000e+00,1.021701373689121839e+00,1.021701373689121839e+00,9.336950659840838052e-01,5.031520295396931797e-01,6.155355083215938716e-01,1.008094318145335011e+00,8.824259341751335972e-01,1.000000000000000000e+00,1.000000000000000000e+00,1.000000000000000000e+00,8.649354428444946397e-01,6.967300932985634465e-02,6.967300932985634176e+01,5.491639072720833781e+01,9.856785740503928306e-01,1.018166110773007116e+00,1.000387280801165568e+00,6.665558707938497918e+00,9.240464405324492203e-01,1.023104251382157770e+00,6.019913046987980243e-01,1.398430916791751688e+00,8.920999914194155167e+00,-4.609186183148037026e-03,1.799539081381685079e+01,5.491639072801100951e+01,8.026717068787547760e-10,9.243248595806416290e+01,0.000000000000000000e+00,-3.139772604324275740e-02,8.404684414527776593e-01,1.774311068400336033e+00,1.924422414237793255e+00,1.900311068400335479e+00,9.948209952864546679e+00,3.824733482638128734e+00,6.123476470226417945e+00,7.967487368112052826e-02,2.999999999999999737e-04,1.259999999999994458e-01,3.000000000000016542e-04,3.172859013671290640e+01,1.006304059079386359e+00,2.203716444293096544e+00,2.201034983109986243e+00,2.203716444293096544e+00,5.080926392483249288e+01,1.016185278496649861e+08,1.100517491554993086e+02,2.201034983109986186e+08,2.437251417396742070e+01,1.852335272542992470e+02,9.017141301850195578e-01,1.210813518147108425e+01,1.138096261325582947e+00,4.990051602870334002e-01,1.802670721016773170e+00,1.185868131776290024e+00,5.763658940009172005e-01,1.042347612604990870e+00,3.483650466492817088e+01,1.784272540407272345e+00,1.260000000000000009e-01,1.910074447065545655e+01,9.017141295210716612e-01,1.180658089068080896e+00,1.047376677930306199e+00,1.080219019864819607e+00,1.080219019864819695e-05,1.080219019864812411e-05,4.839208550225470695e+00,1.383894982924369410e+00,1.102205897073871288e+00,9.341453444086074143e-01,1.358200333845740904e+00
1.164000000000000000e+04,8.083333333333333925e+00,2.078067722193607551e+03,1.455389788539577900e+01,3.120844931479957651e+01,4.719962153689786792e+05,1.364889105142309411e+01,7.201935217769912079e+00,2.329838855661329333e+01,2.034746760431545010e+00,2.452086308741334619e+01,8.104353054314580973e+00,1.398430916791752354e+00,6.019913046987935834e-01,9.760737791209411398e+02,-8.970778869498108321e+00,1.080219019864819607e+00,1.086805494756488466e+00,7.499999999999996669e-01,2.717013736891221165e-01,1.185868131776290024e+00,1.000000000000000000e+00,1.570074447065545620e+01,2.565323654479009718e+01,2.170137368912183895e-02,3.399999999999999911e+00,1.278802197664435036e+00,4.939519124917549853e+00,2.407965218795174334e+00,1.188666279272989499e+02,1.017338892269926909e+00,1.427842725404072439e+02,4.839208550225282401e+00,-1.882938249764265493e-13,-7.284483346386982916e-20,1.240327285323417073e-16,0.000000000000000000e+00,1.021701373689121839e+00,1.021701373689121839e+00,9.336950659840838052e-01,5.031520295396930686e-01,6.155355083215938716e-01,1.008094318145335011e+00,8.824259341751335972e-01,1.000000000000000000e+00,1.000000000000000000e+00,1.000000000000000000e+00,8.649354428444946397e-01,6.967300932985634465e-02,6.967300932985634176e+01,5.491639072720834491e+01,9.856785740503928306e-01,1.018166110773007116e+00,1.000387280801165568e+00,6.665558707938497918e+00,9.240464405324492203e-01,1.023104251382157770e+00,6.019913046987884764e-01,1.398430916791754131e+00,8.920999914194155167e+00,-4.609186183148037026e-03,1.799539081381685079e+01,5.491639072801100951e+01,8.026646014513971750e-10,9.243248595806416290e+01,0.000000000000000000e+00,-3.139772604324275740e-02,8.404684414527776593e-01,1.774311068400336033e+00,1.924422414237792367e+00,1.900311068400335479e+00,9.948209952864544903e+00,3.824733482638127846e+00,6.123476470226417057e+00,7.967487368112052826e-02,2.999999999999999737e-04,1.259999999999994458e-01,3.000000000000016542e-04,3.172859013671290285e+01,1.006304059079386137e+00,2.203716444293096544e+00,2.201034983109986243e+00,2.203716444293096544e+00,5.080926392483247866e+01,1.016185278496649563e+08,1.100517491554993086e+02,2.201034983109986186e+08,2.437251417396742070e+01,1.852335272542992470e+02,9.017141301850195578e-01,1.210813518147108603e+01,1.138096261325582947e+00,4.990051602870334002e-01,1.802670721016773392e+00,1.185868131776290024e+00,5.763658940009172005e-01,1.042347612604990648e+00,3.483650466492817088e+01,1.784272540407243923e+00,1.260000000000000009e-01,1.910074447065545655e+01,9.017141295210716612e-01,1.180658089068081118e+00,1.047376677930306199e+00,1.080219019864819607e+00,1.080219019864819695e-05,1.080219019864812411e-05,4.839208550225470695e+00,1.383894982924369410e+00,1.102205897073871288e+00,9.341453444086091906e-01,1.358200333845740904e+00
1.176000000000000000e+04,8.166666666666666075e+00,2.078067722193607551e+03,1.455389788539577900e+01,3.120844931479957651e+01,4.719962153689786792e+05,1.364889105142309411e+01,7.201935217769912079e+00,2.329838855661329333e+01,2.034746760431545010e+00,2.452086308741334619e+01,8.104353054314579197e+00,1.398430916791752132e+00,6.019913046987934724e-01,9.760737791209410261e+02,-8.970778869498090557e+00,1.080219019864819607e+00,1.086805494756488466e+00,7.499999999999996669e-01,2.717013736891221165e-01,1.185868131776290024e+00,1.000000000000000000e+00,1.570074447065545620e+01,2.565323654479009718e+01,2.170137368912183895e-02,3.399999999999999911e+00,1.278802197664435036e+00,4.939519124917549853e+00,2.407965218795173890e+00,1.188666279272989357e+02,1.017338892269926909e+00,1.427842725404072439e+02,4.839208550225282401e+00,-1.882938249764265493e-13,-7.284483346386982916e-20,1.118896642005040576e-16,0.000000000000000000e+00,1.021701373689121839e+00,1.021701373689121839e+00,9.336950659840838052e-01,5.031520295396930686e-01,6.155355083215938716e-01,1.008094318145335011e+00,8.824259341751335972e-01,1.000000000000000000e+00,1.000000000000000000e+00,1.000000000000000000e+00,8.649354428444946397e-01,6.967300932985634465e-02,6.967300932985634176e+01,5.491639072720834491e+01,9.856785740503928306e-01,1.018166110773007116e+00,1.000387280801165568e+00,6.665558707938497918e+00,9.240464405324492203e-01,1.023104251382157770e+00,6.019913046987884764e-01,1.398430916791754131e+00,8.920999914194155167e+00,-4.609186183148037026e-03,1.799539081381685079e+01,5.491639072801100951e+01,8.026646014513971750e-10,9.243248595806416290e+01,0.000000000000000000e+00,-3.139772604324275740e-02,8.404684414527776593e-01,1.774311068400336033e+00,1.924422414237792367e+00,1.900311068400335479e+00,9.948209952864544903e+00,3.824733482638127846e+00,6.123476470226417057e+00,7.967487368112052826e-02,2.999999999999999737e-04,1.259999999999994458e-01,3.000000000000007869e-04,3.172859013671290285e+01,1.006304059079386137e+00,2.203716444293096544e+00,2.201034983109986243e+00,2.203716444293096544e+00,5.080926392483247866e+01,1.016185278496649563e+08,1.100517491554993086e+02,2.201034983109986186e+08,2.437251417396742070e+01,1.852335272542992470e+02,9.017141301850195578e-01,1.210813518147108603e+01,1.138096261325582947e+00,4.990051602870334002e-01,1.802670721016773392e+00,1.185868131776290024e+00,5.763658940009172005e-01,1.042347612604990648e+00,3.483650466492817088e+01,1.784272540407243923e+00,1.260000000000000009e-01,1.910074447065545655e+01,9.017141295210716612e-01,1.180658089068081118e+00,1.047376677930306199e+00,1.080219019864819607e+00,1.080219019864819695e-05,1.080219019864812411e-05,4.839208550225470695e+00,1.383894982924369410e+00,1.102205897073871288e+00,9.341453444086091906e-01,1.358200333845740904e+00
1.188000000000000000e+04,8.250000000000000000e+00,2.078067722193608006e+03,1.455389788539577900e+01,3.120844931479957651e+01,4.719962153689786792e+05,1.364889105142309411e+01,7.201935217769912079e+00,2.329838855661329333e+01,2.034746760431544566e+00,2.452086308741334619e+01,8.104353054314579197e+00,1.398430916791751910e+00,6.019913046987934724e-01,9.760737791209410261e+02,-8.970778869498072794e+00,1.080219019864819607e+00,1.086805494756488466e+00,7.499999999999996669e-01,2.717013736891221165e-01,1.185868131776290024e+00,1.000000000000000000e+00,1.570074447065545620e+01,2.565323654479009718e+01,2.170137368912183895e-02,3.399999999999999911e+00,1.278802197664435036e+00,4.939519124917549853e+00,2.407965218795173890e+00,1.188666279272989073e+02,1.017338892269926909e+00,1.427842725404072723e+02,4.839208550225282401e+00,-1.882938249764265493e-13,-7.284483346386982916e-20,9.887923813067800438e-17,0.000000000000000000e+00,1.021701373689121839e+00,1.021701373689121839e+00,9.336950659840835831e-01,5.031520295396930686e-01,6.155355083215938716e-01,1.008094318145335011e+00,8.824259341751335972e-01,1.000000000000000000e+00,1.000000000000000000e+00,1.000000000000000000e+00,8.649354428444946397e-01,6.967300932985634465e-02,6.967300932985634176e+01,5.491639072720833781e+01,9.856785740503928306e-01,1.018166110773007116e+00,1.000387280801165346e+00,6.665558707938497918e+00,9.240464405324492203e-01,1.023104251382157548e+00,6.019913046987980243e-01,1.398430916791751688e+00,8.920999914194155167e+00,-4.609186183148037026e-03,1.799539081381685079e+01,5.491639072801100951e+01,8.026717068787547760e-10,9.243248595806416290e+01,0.000000000000000000e+00,-3.139772604324275740e-02,8.404684414527776593e-01,1.774311068400336033e+00,1.924422414237792811e+00,1.900311068400335923e+00,9.948209952864546679e+00,3.824733482638128734e+00,6.123476470226417945e+00,7.967487368112052826e-02,2.999999999999999737e-04,1.259999999999998899e-01,3.000000000000007869e-04,3.172859013671290285e+01,1.006304059079386137e+00,2.203716444293096544e+00,2.201034983109986243e+00,2.203716444293096544e+00,5.080926392483249288e+01,1.016185278496649861e+08,1.100517491554993086e+02,2.201034983109986186e+08,2.437251417396742070e+01,1.852335272542992470e+02,9.017141301850195578e-01,1.210813518147108425e+01,1.138096261325582947e+00,4.990051602870334002e-01,1.802670721016773170e+00,1.185868131776290024e+00,5.763658940009172005e-01,1.042347612604990870e+00,3.483650466492817088e+01,1.784272540407272345e+00,1.260000000000000009e-01,1.910074447065545655e+01,9.017141295210716612e-01,1.180658089068080896e+00,1.047376677930306199e+00,1.080219019864819607e+00,1.080219019864819695e-05,1.080219019864812411e-05,4.839208550225470695e+00,1.383894982924369410e+00,1.102205897073871288e+00,9.341453444086074143e-01,1.358200333845740904e+00
1.200000000000000000e+04,8.333333333333333925e+00,2.078067722193608006e+03,1.455389788539578078e+01,3.120844931479957296e+01,4.719962153689786792e+05,1.364889105142309234e+01,7.201935217769911191e+00,2.329838855661328978e+01,2.034746760431544566e+00,2.452086308741334264e+01,8.104353054314579197e+00,1.398430916791751910e+00,6.019913046987933614e-01,9.760737791209410261e+02,-8.970778869498056807e+00,1.080219019864819607e+00,1.086805494756488466e+00,7.499999999999996669e-01,2.717013736891221165e-01,1.185868131776290024e+00,1.000000000000000000e+00,1.570074447065545620e+01,2.565323654479009363e+01,2.170137368912183895e-02,3.399999999999999911e+00,1.278802197664435036e+00,4.939519124917549853e+00,2.407965218795173445e+00,1.188666279272989073e+02,1.017338892269926909e+00,1.427842725404072439e+02,4.839208550225282401e+00,-1.882938249764265493e-13,-7.284483346386982916e-20,8.847089727481716182e-17,0.000000000000000000e+00,1.021701373689121839e+00,1.021701373689121839e+00,9.336950659840835831e-01,5.031520295396930686e-01,6.155355083215938716e-01,1.008094318145335011e+00,8.824259341751335972e-01,1.000000000000000000e+00,1.000000000000000000e+00,1.000000000000000000e+00,8.649354428444946397e-01,6.967300932985645567e-02,6.967300932985645545e+01,5.491639072720828096e+01,9.856785740503928306e-01,1.018166110773007116e+00,1.000387280801165346e+00,6.665558707938497918e+00,9.240464405324491093e-01,1.023104251382157548e+00,6.019913046987885874e-01,1.398430916791753464e+00,8.920999914194169378e+00,-4.609186183148037026e-03,1.799539081381685079e+01,5.491639072801101662e+01,8.027356557249731850e-10,9.243248595806416290e+01,0.000000000000000000e+00,-3.139772604324275740e-02,8.404684414527776593e-01,1.774311068400338476e+00,1.924422414237795476e+00,1.900311068400338588e+00,9.948209952864560890e+00,3.824733482638134063e+00,6.123476470226426827e+00,7.967487368112061152e-02,2.999999999999999737e-04,1.260000000000001119e-01,2.999999999999999195e-04,3.172859013671289929e+01,1.006304059079386137e+00,2.203716444293096099e+00,2.201034983109985799e+00,2.203716444293096099e+00,5.080926392483261367e+01,1.016185278496652246e+08,1.100517491554992944e+02,2.201034983109985888e+08,2.437251417396746334e+01,1.852335272542993891e+02,9.017141301850195578e-01,1.210813518147107537e+01,1.138096261325582947e+00,4.990051602870330116e-01,1.802670721016772282e+00,1.185868131776290024e+00,5.763658940009183107e-01,1.042347612604991536e+00,3.483650466492822773e+01,1.784272540407243923e+00,1.260000000000000009e-01,1.910074447065545655e+01,9.017141295210716612e-01,1.180658089068080230e+00,1.047376677930306199e+00,1.080219019864819607e+00,1.080219019864819695e-05,1.080219019864812411e-05,4.839208550225470695e+00,1.383894982924369410e+00,1.102205897073870844e+00,9.341453444086091906e-01,1.358200333845740904e+00
1.212000000000000000e+04,8.416666666666666075e+00,2.078067722193608006e+03,1.455389788539578078e+01,3.120844931479957296e+01,4.719962153689786792e+05,1.364889105142309234e+01,7.201935217769911191e+00,2.329838855661328978e+01,2.034746760431544566e+00,2.452086308741334264e+01,8.104353054314579197e+00,1.398430916791751688e+00,6.019913046987932503e-01,9.760737791209410261e+02,-8.970778869498039043e+00,1.080219019864819607e+00,1.086805494756488466e+00,7.499999999999996669e-01,2.717013736891221165e-01,1.185868131776290024e+00,1.000000000000000000e+00,1.570074447065545620e+01,2.565323654479009363e+01,2.170137368912183895e-02,3.399999999999999911e+00,1.278802197664435036e+00,4.939519124917549853e+00,2.407965218795173001e+00,1.188666279272988930e+02,1.017338892269926909e+00,1.427842725404072439e+02,4.839208550225282401e+00,-1.882938249764265493e-13,-7.284483346386982916e-20,7.546047120499110861e-17,0.000000000000000000e+00,1.021701373689121839e+00,1.021701373689121839e+00,9.336950659840835831e-01,5.031520295396930686e-01,6.155355083215938716e-01,1.008094318145335011e+00,8.824259341751335972e-01,1.000000000000000000e+00,1.000000000000000000e+00,1.000000000000000000e+00,8.649354428444946397e-01,6.967300932985645567e-02,6.967300932985645545e+01,5.491639072720828096e+01,9.856785740503928306e-01,1.018166110773007116e+00,1.000387280801165346e+00,6.665558707938497918e+00,9.240464405324489983e-01,1.023104251382157548e+00,6.019913046987885874e-01,1.398430916791753464e+00,8.920999914194169378e+00,-4.609186183148037026e-03,1.799539081381685079e+01,5.491639072801101662e+01,8.027356557249731850e-10,9.243248595806416290e+01,0.000000000000000000e+00,-3.139772604324275740e-02,8.404684414527776593e-01,1.774311068400338476e+00,1.924422414237795476e+00,1.900311068400338588e+00,9.948209952864560890e+00,3.824733482638134063e+00,6.123476470226426827e+00,7.967487368112061152e-02,2.999999999999999737e-04,1.260000000000001119e-01,2.999999999999999195e-04,3.172859013671289929e+01,1.006304059079386137e+00,2.203716444293096099e+00,2.201034983109985799e+00,2.203716444293096099e+00,5.080926392483261367e+01,1.016185278496652246e+08,1.100517491554992944e+02,2.201034983109985888e+08,2.437251417396746334e+01,1.852335272542993891e+02,9.017141301850195578e-01,1.210813518147107537e+01,1.138096261325582947e+00,4.990051602870330116e-01,1.802670721016772282e+00,1.185868131776290024e+00,5.763658940009183107e-01,1.042347612604991536e+00,3.483650466492822773e+01,1.784272540407243923e+00,1.260000000000000009e-01,1.910074447065545655e+01,9.017141295210716612e-01,1.180658089068080230e+00,1.047376677930306199e+00,1.080219019864819607e+00,1.080219019864819695e-05,1.080219019864812411e-05,4.839208550225470695e+00,1.383894982924369410e+00,1.102205897073870844e+00,9.341453444086091906e-01,1.358200333845740904e+00
1.224000000000000000e+04,8.500000000000000000e+00,2.078067722193608006e+03,1.455389788539578078e+01,3.120844931479957296e+01,4.719962153689786792e+05,1.364889105142309234e+01,7.201935217769911191e+00,2.329838855661328978e+01,2.034746760431544566e+00,2.452086308741334264e+01,8.104353054314579197e+00,1.398430916791751466e+00,6.019913046987932503e-01,9.760737791209410261e+02,-8.970778869498024832e+00,1.080219019864819607e+00,1.086805494756488466e+00,7.499999999999996669e-01,2.717013736891221165e-01,1.185868131776290024e+00,1.000000000000000000e+00,1.570074447065545620e+01,2.565323654479009363e+01,2.170137368912183895e-02,3.399999999999999911e+00,1.278802197664435036e+00,4.939519124917549853e+00,2.407965218795173001e+00,1.188666279272988788e+02,1.017338892269926909e+00,1.427842725404072439e+02,4.839208550225282401e+00,-1.882938249764265493e-13,-7.284483346386982916e-20,6.591949208711866959e-17,0.000000000000000000e+00,1.021701373689121839e+00,1.021701373689121839e+00,9.336950659840835831e-01,5.031520295396929576e-01,6.155355083215938716e-01,1.008094318145335011e+00,8.824259341751335972e-01,1.000000000000000000e+00,1.000000000000000000e+00,1.000000000000000000e+00,8.649354428444946397e-01,6.967300932985645567e-02,6.967300932985645545e+01,5.491639072720828096e+01,9.856785740503928306e-01,1.018166110773007116e+00,1.000387280801165346e+00,6.665558707938497918e+00,9.240464405324489983e-01,1.023104251382157548e+00,6.019913046987885874e-01,1.398430916791753464e+00,8.920999914194169378e+00,-4.609186183148037026e-03,1.799539081381685079e+01,5.491639072801101662e+01,8.027356557249731850e-10,9.243248595806416290e+01,0.000000000000000000e+00,-3.139772604324275740e-02,8.404684414527776593e-01,1.774311068400338698e+00,1.924422414237795254e+00,1.900311068400338810e+00,9.948209952864560890e+00,3.824733482638134063e+00,6.123476470226426827e+00,7.967487368112061152e-02,2.999999999999999737e-04,1.260000000000001119e-01,2.999999999999999195e-04,3.172859013671289929e+01,1.006304059079385915e+00,2.203716444293096099e+00,2.201034983109985799e+00,2.203716444293096099e+00,5.080926392483261367e+01,1.016185278496652246e+08,1.100517491554992944e+02,2.201034983109985888e+08,2.437251417396746334e+01,1.852335272542993891e+02,9.017141301850195578e-01,1.210813518147107537e+01,1.138096261325582947e+00,4.990051602870330116e-01,1.802670721016772282e+00,1.185868131776290024e+00,5.763658940009183107e-01,1.042347612604991536e+00,3.483650466492822773e+01,1.784272540407243923e+00,1.260000000000000009e-01,1.910074447065545655e+01,9.017141295210716612e-01,1.180658089068080230e+00,1.047376677930306199e+00,1.080219019864819607e+00,1.080219019864819695e-05,1.080219019864812411e-05,4.839208550225470695e+00,1.383894982924369410e+00,1.102205897073870844e+00,9.341453444086091906e-01,1.358200333845740904e+00
1.236000000000000000e+04,8.583333333333333925e+00,2.078067722193608006e+03,1.455389788539578078e+01,3.120844931479957296e+01,4.719962153689786792e+05,1.364889105142309234e+01,7.201935217769911191e+00,2.329838855661328978e+01,2.034746760431544566e+00,2.452086308741334264e+01,8.104353054314579197e+00,1.398430916791751466e+00,6.019913046987932503e-01,9.760737791209410261e+02,-8.970778869498023056e+00,1.080219019864819607e+00,1.086805494756488466e+00,7.499999999999996669e-01,2.717013736891221165e-01,1.185868131776290024e+00,1.000000000000000000e+00,1.570074447065545620e+01,2.565323654479009363e+01,2.170137368912183895e-02,3.399999999999999911e+00,1.278802197664435036e+00,4.939519124917549853e+00,2.407965218795173001e+00,1.188666279272988788e+02,1.017338892269926909e+00,1.427842725404072439e+02,4.839208550225282401e+00,-1.882938249764265493e-13,-7.284483346386982916e-20,6.418476861114186249e-17,0.000000000000000000e+00,1.021701373689121839e+00,1.021701373689121839e+00,9.336950659840835831e-01,5.031520295396929576e-01,6.155355083215938716e-01,1.008094318145335011e+00,8.824259341751335972e-01,1.000000000000000000e+00,1.000000000000000000e+00,1.000000000000000000e+00,8.649354428444946397e-01,6.967300932985645567e-02,6.967300932985645545e+01,5.491639072720828096e+01,9.856785740503928306e-01,1.018166110773007116e+00,1.000387280801165346e+00,6.665558707938497918e+00,9.240464405324489983e-01,1.023104251382157548e+00,6.019913046987885874e-01,1.398430916791753464e+00,8.920999914194169378e+00,-4.609186183148037026e-03,1.799539081381685079e+01,5.491639072801101662e+01,8.027356557249731850e-10,9.243248595806416290e+01,0.000000000000000000e+00,-3.139772604324275740e-02,8.404684414527776593e-01,1.774311068400338698e+00,1.924422414237795254e+00,1.900311068400338810e+00,9.948209952864560890e+00,3.824733482638134063e+00,6.123476470226426827e+00,7.967487368112061152e-02,2.999999999999999737e-04,1.260000000000001119e-01,2.999999999999999195e-04,3.172859013671289929e+01,1.006304059079385915e+00,2.203716444293096099e+00,2.201034983109985799e+00,2.203716444293096099e+00,5.080926392483261367e+01,1.016185278496652246e+08,1.100517491554992944e+02,2.201034983109985888e+08,2.437251417396746334e+01,1.852335272542993891e+02,9.017141301850195578e-01,1.210813518147107537e+01,1.138096261325582947e+00,4.990051602870330116e-01,1.802670721016772282e+00,1.185868131776290024e+00,5.763658940009183107e-01,1.042347612604991536e+00,3.483650466492822773e+01,1.784272540407243923e+00,1.260000000000000009e-01,1.910074447065545655e+01,9.017141295210716612e-01,1.180658089068080230e+00,1.047376677930306199e+00,1.080219019864819607e+00,1.080219019864819695e-05,1.080219019864812411e-05,4.839208550225470695e+00,1.383894982924369410e+00,1.102205897073870844e+00,9.341453444086091906e-01,1.358200333845740904e+00
1.248000000000000000e+04,8.666666666666666075e+00,2.078067722193608006e+03,1.455389788539578078e+01,3.120844931479957296e+01,4.719962153689786792e+05,1.364889105142309234e+01,7.201935217769911191e+00,2.329838855661328978e+01,2.034746760431544566e+00,2.452086308741334264e+01,8.104353054314577420e+00,1.398430916791751688e+00,6.019913046987932503e-01,9.760737791209409124e+02,-8.970778869498021280e+00,1.080219019864819607e+00,1.086805494756488466e+00,7.499999999999996669e-01,2.717013736891221165e-01,1.185868131776290024e+00,1.000000000000000000e+00,1.570074447065545620e+01,2.565323654479009363e+01,2.170137368912183895e-02,3.399999999999999911e+00,1.278802197664435036e+00,4.939519124917549853e+00,2.407965218795173001e+00,1.188666279272988930e+02,1.017338892269926909e+00,1.427842725404072439e+02,4.839208550225282401e+00,-1.882938249764265493e-13,-7.284483346386982916e-20,6.331740687315345895e-17,0.000000000000000000e+00,1.021701373689121839e+00,1.021701373689121839e+00,9.336950659840835831e-01,5.031520295396930686e-01,6.155355083215938716e-01,1.008094318145335011e+00,8.824259341751335972e-01,1.000000000000000000e+00,1.000000000000000000e+00,1.000000000000000000e+00,8.649354428444946397e-01,6.967300932985645567e-02,6.967300932985645545e+01,5.491639072720828096e+01,9.856785740503928306e-01,1.018166110773007116e+00,1.000387280801165346e+00,6.665558707938497918e+00,9.240464405324489983e-01,1.023104251382157548e+00,6.019913046987885874e-01,1.398430916791753464e+00,8.920999914194169378e+00,-4.609186183148037026e-03,1.799539081381685079e+01,5.491639072801101662e+01,8.027356557249731850e-10,9.243248595806416290e+01,0.000000000000000000e+00,-3.139772604324275740e-02,8.404684414527776593e-01,1.774311068400338476e+00,1.924422414237795476e+00,1.900311068400338588e+00,9.948209952864560890e+00,3.824733482638134063e+00,6.123476470226426827e+00,7.967487368112061152e-02,2.999999999999999737e-04,1.260000000000001119e-01,2.999999999999999195e-04,3.172859013671289929e+01,1.006304059079386137e+00,2.203716444293096099e+00,2.201034983109985799e+00,2.203716444293096099e+00,5.080926392483261367e+01,1.016185278496652246e+08,1.100517491554992944e+02,2.201034983109985888e+08,2.437251417396746334e+01,1.852335272542993891e+02,9.017141301850195578e-01,1.210813518147107537e+01,1.138096261325582947e+00,4.990051602870330116e-01,1.802670721016772282e+00,1.185868131776290024e+00,5.763658940009183107e-01,1.042347612604991536e+00,3.483650466492822773e+01,1.784272540407243923e+00,1.260000000000000009e-01,1.910074447065545655e+01,9.017141295210716612e-01,1.180658089068080230e+00,1.047376677930306199e+00,1.080219019864819607e+00,1.080219019864819695e-05,1.080219019864812411e-05,4.839208550225470695e+00,1.383894982924369410e+00,1.102205897073870844e+00,9.341453444086091906e-01,1.358200333845740904e+00
1.260000000000000000e+04,8.750000000000000000e+00,2.078067722193608006e+03,1.455389788539578078e+01,3.120844931479957651e+01,4.719962153689786792e+05,1.364889105142309234e+01,7.201935217769911191e+00,2.329838855661328978e+01,2.034746760431544566e+00,2.452086308741334264e+01,8.104353054314577420e+00,1.398430916791751688e+00,6.019913046987932503e-01,9.760737791209409124e+02,-8.970778869498019503e+00,1.080219019864819607e+00,1.086805494756488466e+00,7.499999999999996669e-01,2.717013736891221165e-01,1.185868131776290024e+00,1.000000000000000000e+00,1.570074447065545620e+01,2.565323654479009363e+01,2.170137368912183895e-02,3.399999999999999911e+00,1.278802197664435036e+00,4.939519124917549853e+00,2.407965218795173001e+00,1.188666279272988930e+02,1.017338892269926909e+00,1.427842725404072439e+02,4.839208550225282401e+00,-1.882938249764265493e-13,-7.284483346386982916e-20,6.158268339717665185e-17,0.000000000000000000e+00,1.021701373689121839e+00,1.021701373689121839e+00,9.336950659840835831e-01,5.031520295396930686e-01,6.155355083215938716e-01,1.008094318145335011e+00,8.824259341751335972e-01,1.000000000000000000e+00,1.000000000000000000e+00,1.000000000000000000e+00,8.649354428444946397e-01,6.967300932985645567e-02,6.967300932985645545e+01,5.491639072720828096e+01,9.856785740503928306e-01,1.018166110773007116e+00,1.000387280801165346e+00,6.665558707938497918e+00,9.240464405324489983e-01,1.023104251382157548e+00,6.019913046987885874e-01,1.398430916791753464e+00,8.920999914194169378e+00,-4.609186183148037026e-03,1.799539081381685079e+01,5.491639072801101662e+01,8.027356557249731850e-10,9.243248595806416290e+01,0.000000000000000000e+00,-3.139772604324275740e-02,8.404684414527776593e-01,1.774311068400338476e+00,1.924422414237795476e+00,1.900311068400338588e+00,9.948209952864560890e+00,3.824733482638134063e+00,6.123476470226426827e+00,7.967487368112061152e-02,2.999999999999999737e-04,1.260000000000001119e-01,2.999999999999999195e-04,3.172859013671290285e+01,1.006304059079386137e+00,2.203716444293096099e+00,2.201034983109985799e+00,2.203716444293096099e+00,5.080926392483261367e+01,1.016185278496652246e+08,1.100517491554992944e+02,2.201034983109985888e+08,2.437251417396746334e+01,1.852335272542993891e+02,9.017141301850195578e-01,1.210813518147107537e+01,1.138096261325582947e+00,4.990051602870330116e-01,1.802670721016772282e+00,1.185868131776290024e+00,5.763658940009183107e-01,1.042347612604991536e+00,3.483650466492822773e+01,1.784272540407243923e+00,1.260000000000000009e-01,1.910074447065545655e+01,9.017141295210716612e-01,1.180658089068080230e+00,1.047376677930306199e+00,1.080219019864819607e+00,1.080219019864819695e-05,1.080219019864812411e-05,4.839208550225470695e+00,1.383894982924369410e+00,1.102205897073870844e+00,9.341453444086091906e-01,1.358200333845740904e+00
1.272000000000000000e+04,8.833333333333333925e+00,2.078067722193608006e+03,1.455389788539578255e+01,3.120844931479957651e+01,4.719962153689786792e+05,1.364889105142309234e+01,7.201935217769911191e+00,2.329838855661328978e+01,2.034746760431544566e+00,2.452086308741334264e+01,8.104353054314577420e+00,1.398430916791751688e+00,6.019913046987932503e-01,9.760737791209409124e+02,-8.970778869498017727e+00,1.080219019864819385e+00,1.086805494756488022e+00,7.499999999999992228e-01,2.717013736891220055e-01,1.185868131776289136e+00,1.000000000000000000e+00,1.570074447065544909e+01,2.565323654479009363e+01,2.170137368912117282e-02,3.399999999999999911e+00,1.278802197664433704e+00,4.939519124917550741e+00,2.407965218795173001e+00,1.188666279272988930e+02,1.017338892269926909e+00,1.427842725404072439e+02,4.839208550225285954e+00,-1.882938249764265493e-13,-8.978549240895583594e-20,1.717376241217039023e-16,0.000000000000000000e+00,1.021701373689121173e+00,1.021701373689121173e+00,9.336950659840835831e-01,5.031520295396930686e-01,6.155355083215936496e-01,1.008094318145335011e+00,8.824259341751335972e-01,1.000000000000000000e+00,1.000000000000000000e+00,1.000000000000000000e+00,8.649354428444944176e-01,6.967300932985645567e-02,6.967300932985645545e+01,5.491639072720831649e+01,9.856785740503928306e-01,1.018166110773007116e+00,1.000387280801165346e+00,6.665558707938501470e+00,9.240464405324489983e-01,1.023104251382157548e+00,6.019913046987882543e-01,1.398430916791751022e+00,8.920999914194169378e+00,-4.609186183147955494e-03,1.799539081381685079e+01,5.491639072801101662e+01,8.027001285881851800e-10,9.243248595806420553e+01,0.000000000000000000e+00,-3.139772604324220229e-02,8.404684414527782144e-01,1.774311068400339364e+00,1.924422414237796364e+00,1.900311068400339476e+00,9.948209952864560890e+00,3.824733482638135840e+00,6.123476470226425050e+00,7.967487368112061152e-02,2.999999999999999737e-04,1.260000000000001119e-01,2.999999999999999195e-04,3.172859013671290285e+01,1.006304059079386137e+00,2.203716444293096099e+00,2.201034983109985799e+00,2.203716444293096099e+00,5.080926392483257814e+01,1.016185278496651500e+08,1.100517491554992944e+02,2.201034983109985888e+08,2.437251417396744557e+01,1.852335272542993039e+02,9.017141301850195578e-01,1.210813518147107359e+01,1.138096261325582947e+00,4.990051602870334557e-01,1.802670721016771838e+00,1.185868131776289136e+00,5.763658940009183107e-01,1.042347612604991980e+00,3.483650466492822773e+01,1.784272540407243923e+00,1.260000000000000009e-01,1.910074447065544945e+01,9.017141295210716612e-01,1.180658089068080008e+00,1.047376677930306199e+00,1.080219019864819385e+00,1.080219019864819526e-05,1.080219019864810547e-05,4.839208550225474248e+00,1.383894982924369188e+00,1.102205897073870844e+00,9.341453444086091906e-01,1.358200333845738461e+00
1.284000000000000000e+04,8.916666666666666075e+00,2.078067722193608006e+03,1.455389788539578255e+01,3.120844931479957651e+01,4.719962153689786792e+05,1.364889105142309234e+01,7.201935217769911191e+00,2.329838855661328978e+01,2.034746760431544566e+00,2.452086308741334264e+01,8.104353054314577420e+00,1.398430916791751688e+00,6.019913046987932503e-01,9.760737791209407987e+02,-8.970778869498015951e+00,1.080219019864819385e+00,1.086805494756488022e+00,7.499999999999992228e-01,2.717013736891220055e-01,1.185868131776289136e+00,1.000000000000000000e+00,1.570074447065544909e+01,2.565323654479009363e+01,2.170137368912117282e-02,3.399999999999999911e+00,1.278802197664433704e+00,4.939519124917550741e+00,2.407965218795173001e+00,1.188666279272988930e+02,1.017338892269926909e+00,1.427842725404072439e+02,4.839208550225285954e+00,-1.882938249764265493e-13,-8.978549240895583594e-20,1.708702623837154988e-16,0.000000000000000000e+00,1.021701373689121173e+00,1.021701373689121173e+00,9.336950659840835831e-01,5.031520295396930686e-01,6.155355083215936496e-01,1.008094318145335011e+00,8.824259341751335972e-01,1.000000000000000000e+00,1.000000000000000000e+00,1.000000000000000000e+00,8.649354428444944176e-01,6.967300932985645567e-02,6.967300932985645545e+01,5.491639072720831649e+01,9.856785740503928306e-01,1.018166110773007116e+00,1.000387280801165346e+00,6.665558707938501470e+00,9.240464405324489983e-01,1.023104251382157548e+00,6.019913046987882543e-01,1.398430916791751022e+00,8.920999914194169378e+00,-4.609186183147955494e-03,1.799539081381685079e+01,5.491639072801101662e+01,8.027001285881851800e-10,9.243248595806420553e+01,0.000000000000000000e+00,-3.139772604324220229e-02,8.404684414527782144e-01,1.774311068400339364e+00,1.924422414237796364e+00,1.900311068400339476e+00,9.948209952864560890e+00,3.824733482638135840e+00,6.123476470226425050e+00,7.967487368112061152e-02,2.999999999999999737e-04,1.260000000000001119e-01,2.999999999999999195e-04,3.172859013671290285e+01,1.006304059079386137e+00,2.203716444293096099e+00,2.201034983109985799e+00,2.203716444293096099e+00,5.080926392483257814e+01,1.016185278496651500e+08,1.100517491554992944e+02,2.201034983109985888e+08,2.437251417396744557e+01,1.852335272542993039e+02,9.017141301850195578e-01,1.210813518147107359e+01,1.138096261325582947e+00,4.990051602870334557e-01,1.802670721016771838e+00,1.185868131776289136e+00,5.763658940009183107e-01,1.042347612604991980e+00,3.483650466492822773e+01,1.784272540407243923e+00,1.260000000000000009e-01,1.910074447065544945e+01,9.017141295210716612e-01,1.180658089068080008e+00,1.047376677930306199e+00,1.080219019864819385e+00,1.080219019864819526e-05,1.080219019864810547e-05,4.839208550225474248e+00,1.383894982924369188e+00,1.102205897073870844e+00,9.341453444086091906e-01,1.358200333845738461e+00
1.296000000000000000e+04,9.000000000000000000e+00,2.078067722193608006e+03,1.455389788539578255e+01,3.120844931479957651e+01,4.719962153689786792e+05,1.364889105142309234e+01,7.201935217769911191e+00,2.329838855661328978e+01,2.034746760431544566e+00,2.452086308741334264e+01,8.104353054314577420e+00,1.398430916791751688e+00,6.019913046987932503e-01,9.760737791209407987e+02,-8.970778869498014174e+00,1.080219019864819385e+00,1.086805494756488022e+00,7.499999999999992228e-01,2.717013736891220055e-01,1.185868131776289136e+00,1.000000000000000000e+00,1.570074447065544909e+01,2.565323654479009363e+01,2.170137368912117282e-02,3.399999999999999911e+00,1.278802197664433704e+00,4.939519124917550741e+00,2.407965218795173001e+00,1.188666279272988930e+02,1.017338892269926909e+00,1.427842725404072439e+02,4.839208550225285954e+00,-1.882938249764265493e-13,-8.978549240895583594e-20,1.691355389077386917e-16,0.000000000000000000e+00,1.021701373689121173e+00,1.021701373689121173e+00,9.336950659840835831e-01,5.031520295396930686e-01,6.155355083215936496e-01,1.008094318145335011e+00,8.824259341751335972e-01,1.000000000000000000e+00,1.000000000000000000e+00,1.000000000000000000e+00,8.649354428444944176e-01,6.967300932985645567e-02,6.967300932985645545e+01,5.491639072720831649e+01,9.856785740503928306e-01,1.018166110773007116e+00,1.000387280801165346e+00,6.665558707938501470e+00,9.240464405324489983e-01,1.023104251382157548e+00,6.019913046987882543e-01,1.398430916791751022e+00,8.920999914194169378e+00,-4.609186183147955494e-03,1.799539081381685079e+01,5.491639072801101662e+01,8.027001285881851800e-10,9.243248595806420553e+01,0.000000000000000000e+00,-3.139772604324220229e-02,8.404684414527782144e-01,1.774311068400339364e+00,1.924422414237796364e+00,1.900311068400339476e+00,9.948209952864560890e+00,3.824733482638135840e+00,6.123476470226425050e+00,7.967487368112061152e-02,2.999999999999999737e-04,1.260000000000001119e-01,2.999999999999999195e-04,3.172859013671290285e+01,1.006304059079386137e+00,2.203716444293096099e+00,2.201034983109985799e+00,2.203716444293096099e+00,5.080926392483257814e+01,1.016185278496651500e+08,1.100517491554992944e+02,2.201034983109985888e+08,2.437251417396744557e+01,1.852335272542993039e+02,9.017141301850195578e-01,1.210813518147107359e+01,1.138096261325582947e+00,4.990051602870334557e-01,1.802670721016771838e+00,1.185868131776289136e+00,5.763658940009183107e-01,1.042347612604991980e+00,3.483650466492822773e+01,1.784272540407243923e+00,1.260000000000000009e-01,1.910074447065544945e+01,9.017141295210716612e-01,1.180658089068080008e+00,1.047376677930306199e+00,1.080219019864819385e+00,1.080219019864819526e-05,1.080219019864810547e-05,4.839208550225474248e+00,1.383894982924369188e+00,1.102205897073870844e+00,9.341453444086091906e-01,1.358200333845738461e+00
1.308000000000000000e+04,9.083333333333333925e+00,2.078067722193608006e+03,1.455389788539578255e+01,3.120844931479957651e+01,4.719962153689786792e+05,1.364889105142309234e+01,7.201935217769911191e+00,2.329838855661328978e+01,2.034746760431544566e+00,2.452086308741334264e+01,8.104353054314577420e+00,1.398430916791751688e+00,6.019913046987932503e-01,9.760737791209407987e+02,-8.970778869498012398e+00,1.080219019864819385e+00,1.086805494756488022e+00,7.499999999999992228e-01,2.717013736891220055e-01,1.185868131776289136e+00,1.000000000000000000e+00,1.570074447065544909e+01,2.565323654479009363e+01,2.170137368912117282e-02,3.399999999999999911e+00,1.278802197664433704e+00,4.939519124917550741e+00,2.407965218795173001e+00,1.188666279272988930e+02,1.017338892269926909e+00,1.427842725404072439e+02,4.839208550225285954e+00,-1.882938249764265493e-13,-8.978549240895583594e-20,1.682681771697502882e-16,0.000000000000000000e+00,1.021701373689121173e+00,1.021701373689121173e+00,9.336950659840835831e-01,5.031520295396930686e-01,6.155355083215936496e-01,1.008094318145335011e+00,8.824259341751335972e-01,1.000000000000000000e+00,1.000000000000000000e+00,1.000000000000000000e+00,8.649354428444944176e-01,6.967300932985645567e-02,6.967300932985645545e+01,5.491639072720831649e+01,9.856785740503928306e-01,1.018166110773007116e+00,1.000387280801165346e+00,6.665558707938501470e+00,9.240464405324489983e-01,1.023104251382157548e+00,6.019913046987882543e-01,1.398430916791751022e+00,8.920999914194169378e+00,-4.609186183147955494e-03,1.799539081381685079e+01,5.491639072801101662e+01,8.027001285881851800e-10,9.243248595806420553e+01,0.000000000000000000e+00,-3.139772604324220229e-02,8.404684414527782144e-01,1.774311068400339364e+00,1.924422414237796364e+00,1.900311068400339476e+00,9.948209952864560890e+00,3.824733482638135840e+00,6.123476470226425050e+00,7.967487368112061152e-02,2.999999999999999737e-04,1.260000000000001119e-01,2.999999999999999195e-04,3.172859013671290285e+01,1.006304059079386137e+00,2.203716444293096099e+00,2.201034983109985799e+00,2.203716444293096099e+00,5.080926392483257814e+01,1.016185278496651500e+08,1.100517491554992944e+02,2.201034983109985888e+08,2.437251417396744557e+01,1.852335272542993039e+02,9.017141301850195578e-01,1.210813518147107359e+01,1.138096261325582947e+00,4.990051602870334557e-01,1.802670721016771838e+00,1.185868131776289136e+00,5.763658940009183107e-01,1.042347612604991980e+00,3.483650466492822773e+01,1.784272540407243923e+00,1.260000000000000009e-01,1.910074447065544945e+01,9.017141295210716612e-01,1.180658089068080008e+00,1.047376677930306199e+00,1.080219019864819385e+00,1.080219019864819526e-05,1.080219019864810547e-05,4.839208550225474248e+00,1.383894982924369188e+00,1.102205897073870844e+00,9.341453444086091906e-01,1.358200333845738461e+00
1.320000000000000000e+04,9.166666666666666075e+00,2.078067722193608461e+03,1.455389788539578255e+01,3.120844931479957651e+01,4.719962153689786792e+05,1.364889105142309234e+01,7.201935217769911191e+00,2.329838855661328978e+01,2.034746760431544566e+00,2.452086308741334264e+01,8.104353054314577420e+00,1.398430916791751688e+00,6.019913046987932503e-01,9.760737791209406851e+02,-8.970778869498010621e+00,1.080219019864819385e+00,1.086805494756488022e+00,7.499999999999992228e-01,2.717013736891220055e-01,1.185868131776289136e+00,1.000000000000000000e+00,1.570074447065544909e+01,2.565323654479009363e+01,2.170137368912117282e-02,3.399999999999999911e+00,1.278802197664433704e+00,4.939519124917550741e+00,2.407965218795173001e+00,1.188666279272988930e+02,1.017338892269926909e+00,1.427842725404072723e+02,4.839208550225285954e+00,-1.882938249764265493e-13,-8.978549240895583594e-20,1.665334536937734811e-16,0.000000000000000000e+00,1.021701373689121173e+00,1.021701373689121173e+00,9.336950659840835831e-01,5.031520295396930686e-01,6.155355083215936496e-01,1.008094318145335011e+00,8.824259341751335972e-01,1.000000000000000000e+00,1.000000000000000000e+00,1.000000000000000000e+00,8.649354428444944176e-01,6.967300932985645567e-02,6.967300932985645545e+01,5.491639072720831649e+01,9.856785740503928306e-01,1.018166110773007116e+00,1.000387280801165346e+00,6.665558707938501470e+00,9.240464405324489983e-01,1.023104251382157548e+00,6.019913046987978023e-01,1.398430916791748357e+00,8.920999914194169378e+00,-4.609186183147955494e-03,1.799539081381685079e+01,5.491639072801101662e+01,8.027001285881851800e-10,9.243248595806420553e+01,0.000000000000000000e+00,-3.139772604324220229e-02,8.404684414527782144e-01,1.774311068400339808e+00,1.924422414237796808e+00,1.900311068400339920e+00,9.948209952864562666e+00,3.824733482638136728e+00,6.123476470226425938e+00,7.967487368112061152e-02,2.999999999999999737e-04,1.260000000000001119e-01,2.999999999999999195e-04,3.172859013671290285e+01,1.006304059079386137e+00,2.203716444293096099e+00,2.201034983109985799e+00,2.203716444293096099e+00,5.080926392483257814e+01,1.016185278496651500e+08,1.100517491554992944e+02,2.201034983109985888e+08,2.437251417396744557e+01,1.852335272542993039e+02,9.017141301850195578e-01,1.210813518147107182e+01,1.138096261325582947e+00,4.990051602870334557e-01,1.802670721016771616e+00,1.185868131776289136e+00,5.763658940009183107e-01,1.042347612604991980e+00,3.483650466492822773e+01,1.784272540407272345e+00,1.260000000000000009e-01,1.910074447065544945e+01,9.017141295210716612e-01,1.180658089068079786e+00,1.047376677930306199e+00,1.080219019864819385e+00,1.080219019864819526e-05,1.080219019864810547e-05,4.839208550225474248e+00,1.383894982924369188e+00,1.102205897073870844e+00,9.341453444086074143e-01,1.358200333845738461e+00
1.332000000000000000e+04,9.250000000000000000e+00,2.078067722193608461e+03,1.455389788539578255e+01,3.120844931479958007e+01,4.719962153689786792e+05,1.364889105142309234e+01,7.201935217769911191e+00,2.329838855661328978e+01,2.034746760431544566e+00,2.452086308741334264e+01,8.104353054314577420e+00,1.398430916791751910e+00,6.019913046987932503e-01,9.760737791209406851e+02,-8.970778869498008845e+00,1.080219019864819385e+00,1.086805494756488022e+00,7.499999999999992228e-01,2.717013736891220055e-01,1.185868131776289136e+00,1.000000000000000000e+00,1.570074447065544909e+01,2.565323654479009363e+01,2.170137368912117282e-02,3.399999999999999911e+00,1.278802197664433704e+00,4.939519124917550741e+00,2.407965218795173001e+00,1.188666279272989073e+02,1.017338892269926909e+00,1.427842725404072723e+02,4.839208550225285954e+00,-1.882938249764265493e-13,-8.978549240895583594e-20,1.656660919557850775e-16,0.000000000000000000e+00,1.021701373689121173e+00,1.021701373689121173e+00,9.336950659840835831e-01,5.031520295396930686e-01,6.155355083215936496e-01,1.008094318145335011e+00,8.824259341751335972e-01,1.000000000000000000e+00,1.000000000000000000e+00,1.000000000000000000e+00,8.649354428444944176e-01,6.967300932985645567e-02,6.967300932985645545e+01,5.491639072720831649e+01,9.856785740503928306e-01,1.018166110773007116e+00,1.000387280801165346e+00,6.665558707938501470e+00,9.240464405324489983e-01,1.023104251382157548e+00,6.019913046987978023e-01,1.398430916791748357e+00,8.920999914194169378e+00,-4.609186183147955494e-03,1.799539081381685079e+01,5.491639072801101662e+01,8.027001285881851800e-10,9.243248595806420553e+01,0.000000000000000000e+00,-3.139772604324220229e-02,8.404684414527782144e-01,1.774311068400339808e+00,1.924422414237796808e+00,1.900311068400339920e+00,9.948209952864562666e+00,3.824733482638136728e+00,6.123476470226425938e+00,7.967487368112061152e-02,2.999999999999999737e-04,1.260000000000001119e-01,2.999999999999999195e-04,3.172859013671290640e+01,1.006304059079386137e+00,2.203716444293096099e+00,2.201034983109985799e+00,2.203716444293096099e+00,5.080926392483257814e+01,1.016185278496651500e+08,1.100517491554992944e+02,2.201034983109985888e+08,2.437251417396744557e+01,1.852335272542993039e+02,9.017141301850195578e-01,1.210813518147107182e+01,1.138096261325582947e+00,4.990051602870334557e-01,1.802670721016771616e+00,1.185868131776289136e+00,5.763658940009183107e-01,1.042347612604991980e+00,3.483650466492822773e+01,1.784272540407272345e+00,1.260000000000000009e-01,1.910074447065544945e+01,9.017141295210716612e-01,1.180658089068079786e+00,1.047376677930306199e+00,1.080219019864819385e+00,1.080219019864819526e-05,1.080219019864810547e-05,4.839208550225474248e+00,1.383894982924369188e+00,1.102205897073870844e+00,9.341453444086074143e-01,1.358200333845738461e+00
1.344000000000000000e+04,9.333333333333333925e+00,2.078067722193608461e+03,1.455389788539578255e+01,3.120844931479958007e+01,4.719962153689786792e+05,1.364889105142309234e+01,7.201935217769911191e+00,2.329838855661329333e+01,2.034746760431544566e+00,2.452086308741334264e+01,8.104353054314577420e+00,1.398430916791751910e+00,6.019913046987932503e-01,9.760737791209406851e+02,-8.970778869498007069e+00,1.080219019864819385e+00,1.086805494756488022e+00,7.499999999999992228e-01,2.717013736891220055e-01,1.185868131776289136e+00,1.000000000000000000e+00,1.570074447065544909e+01,2.565323654479009363e+01,2.170137368912117282e-02,3.399999999999999911e+00,1.278802197664433704e+00,4.939519124917550741e+00,2.407965218795173001e+00,1.188666279272989073e+02,1.017338892269926909e+00,1.427842725404072723e+02,4.839208550225285954e+00,-1.882938249764265493e-13,-8.978549240895583594e-20,1.639313684798082704e-16,0.000000000000000000e+00,1.021701373689121173e+00,1.021701373689121173e+00,9.336950659840835831e-01,5.031520295396930686e-01,6.155355083215936496e-01,1.008094318145335011e+00,8.824259341751335972e-01,1.000000000000000000e+00,1.000000000000000000e+00,1.000000000000000000e+00,8.649354428444944176e-01,6.967300932985645567e-02,6.967300932985645545e+01,5.491639072720831649e+01,9.856785740503928306e-01,1.018166110773007116e+00,1.000387280801165346e+00,6.665558707938501470e+00,9.240464405324489983e-01,1.023104251382157548e+00,6.019913046987978023e-01,1.398430916791748357e+00,8.920999914194169378e+00,-4.609186183147955494e-03,1.799539081381685079e+01,5.491639072801101662e+01,8.027001285881851800e-10,9.243248595806420553e+01,0.000000000000000000e+00,-3.139772604324220229e-02,8.404684414527782144e-01,1.774311068400339808e+00,1.924422414237796808e+00,1.900311068400339920e+00,9.948209952864562666e+00,3.824733482638136728e+00,6.123476470226425938e+00,7.967487368112061152e-02,2.999999999999999737e-04,1.260000000000001119e-01,2.999999999999999195e-04,3.172859013671290640e+01,1.006304059079386137e+00,2.203716444293096099e+00,2.201034983109985799e+00,2.203716444293096099e+00,5.080926392483257814e+01,1.016185278496651500e+08,1.100517491554992944e+02,2.201034983109985888e+08,2.437251417396744557e+01,1.852335272542993039e+02,9.017141301850195578e-01,1.210813518147107182e+01,1.138096261325582947e+00,4.990051602870334557e-01,1.802670721016771616e+00,1.185868131776289136e+00,5.763658940009183107e-01,1.042347612604991980e+00,3.483650466492822773e+01,1.784272540407272345e+00,1.260000000000000009e-01,1.910074447065544945e+01,9.017141295210716612e-01,1.180658089068079786e+00,1.047376677930306199e+00,1.080219019864819385e+00,1.080219019864819526e-05,1.080219019864810547e-05,4.839208550225474248e+00,1.383894982924369188e+00,1.102205897073870844e+00,9.341453444086074143e-01,1.358200333845738461e+00
1.356000000000000000e+04,9.416666666666666075e+00,2.078067722193608461e+03,1.455389788539578255e+01,3.120844931479958007e+01,4.719962153689786792e+05,1.364889105142309411e+01,7.201935217769911191e+00,2.329838855661329333e+01,2.034746760431545010e+00,2.452086308741334264e+01,8.104353054314577420e+00,1.398430916791751910e+00,6.019913046987932503e-01,9.760737791209405714e+02,-8.970778869498007069e+00,1.080219019864819385e+00,1.086805494756488022e+00,7.499999999999992228e-01,2.717013736891220055e-01,1.185868131776289136e+00,1.000000000000000000e+00,1.570074447065544909e+01,2.565323654479009363e+01,2.170137368912117282e-02,3.399999999999999911e+00,1.278802197664433704e+00,4.939519124917550741e+00,2.407965218795173001e+00,1.188666279272989073e+02,1.017338892269926909e+00,1.427842725404072723e+02,4.839208550225285954e+00,-1.882938249764265493e-13,-8.978549240895583594e-20,1.639313684798082704e-16,0.000000000000000000e+00,1.021701373689121173e+00,1.021701373689121173e+00,9.336950659840835831e-01,5.031520295396930686e-01,6.155355083215936496e-01,1.008094318145335011e+00,8.824259341751335972e-01,1.000000000000000000e+00,1.000000000000000000e+00,1.000000000000000000e+00,8.649354428444944176e-01,6.967300932985645567e-02,6.967300932985645545e+01,5.491639072720831649e+01,9.856785740503928306e-01,1.018166110773007116e+00,1.000387280801165346e+00,6.665558707938501470e+00,9.240464405324489983e-01,1.023104251382157548e+00,6.019913046987978023e-01,1.398430916791748357e+00,8.920999914194169378e+00,-4.609186183147955494e-03,1.799539081381685079e+01,5.491639072801101662e+01,8.027001285881851800e-10,9.243248595806420553e+01,0.000000000000000000e+00,-3.139772604324220229e-02,8.404684414527782144e-01,1.774311068400339808e+00,1.924422414237796808e+00,1.900311068400339920e+00,9.948209952864562666e+00,3.824733482638136728e+00,6.123476470226425938e+00,7.967487368112061152e-02,2.999999999999999737e-04,1.260000000000001119e-01,2.999999999999999195e-04,3.172859013671290640e+01,1.006304059079386137e+00,2.203716444293096099e+00,2.201034983109985799e+00,2.203716444293096099e+00,5.080926392483257814e+01,1.016185278496651500e+08,1.100517491554992944e+02,2.201034983109985888e+08,2.437251417396744557e+01,1.852335272542993039e+02,9.017141301850195578e-01,1.210813518147107182e+01,1.138096261325582947e+00,4.990051602870334557e-01,1.802670721016771616e+00,1.185868131776289136e+00,5.763658940009183107e-01,1.042347612604991980e+00,3.483650466492822773e+01,1.784272540407272345e+00,1.260000000000000009e-01,1.910074447065544945e+01,9.017141295210716612e-01,1.180658089068079786e+00,1.047376677930306199e+00,1.080219019864819385e+00,1.080219019864819526e-05,1.080219019864810547e-05,4.839208550225474248e+00,1.383894982924369188e+00,1.102205897073870844e+00,9.341453444086074143e-01,1.358200333845738461e+00
1.368000000000000000e+04,9.500000000000000000e+00,2.078067722193608461e+03,1.455389788539578255e+01,3.120844931479958007e+01,4.719962153689786792e+05,1.364889105142309411e+01,7.201935217769912079e+00,2.329838855661329333e+01,2.034746760431545010e+00,2.452086308741334619e+01,8.104353054314577420e+00,1.398430916791751910e+00,6.019913046987932503e-01,9.760737791209405714e+02,-8.970778869498005292e+00,1.080219019864819385e+00,1.086805494756488022e+00,7.499999999999992228e-01,2.717013736891220055e-01,1.185868131776289136e+00,1.000000000000000000e+00,1.570074447065544909e+01,2.565323654479009718e+01,2.170137368912117282e-02,3.399999999999999911e+00,1.278802197664433704e+00,4.939519124917550741e+00,2.407965218795173001e+00,1.188666279272989073e+02,1.017338892269926909e+00,1.427842725404072723e+02,4.839208550225285954e+00,-1.882938249764265493e-13,-8.978549240895583594e-20,1.630640067418198669e-16,0.000000000000000000e+00,1.021701373689121173e+00,1.021701373689121173e+00,9.336950659840835831e-01,5.031520295396930686e-01,6.155355083215936496e-01,1.008094318145335011e+00,8.824259341751335972e-01,1.000000000000000000e+00,1.000000000000000000e+00,1.000000000000000000e+00,8.649354428444944176e-01,6.967300932985645567e-02,6.967300932985645545e+01,5.491639072720832360e+01,9.856785740503928306e-01,1.018166110773007116e+00,1.000387280801165346e+00,6.665558707938501470e+00,9.240464405324489983e-01,1.023104251382157548e+00,6.019913046987978023e-01,1.398430916791748801e+00,8.920999914194169378e+00,-4.609186183147955494e-03,1.799539081381685079e+01,5.491639072801101662e+01,8.026930231608275790e-10,9.243248595806420553e+01,0.000000000000000000e+00,-3.139772604324220229e-02,8.404684414527782144e-01,1.774311068400339808e+00,1.924422414237796808e+00,1.900311068400339920e+00,9.948209952864562666e+00,3.824733482638136728e+00,6.123476470226425938e+00,7.967487368112061152e-02,2.999999999999999737e-04,1.260000000000001119e-01,2.999999999999999195e-04,3.172859013671290640e+01,1.006304059079386137e+00,2.203716444293096544e+00,2.201034983109986243e+00,2.203716444293096544e+00,5.080926392483259235e+01,1.016185278496651798e+08,1.100517491554993086e+02,2.201034983109986186e+08,2.437251417396744912e+01,1.852335272542993607e+02,9.017141301850195578e-01,1.210813518147107182e+01,1.138096261325582947e+00,4.990051602870332892e-01,1.802670721016771616e+00,1.185868131776289136e+00,5.763658940009183107e-01,1.042347612604991980e+00,3.483650466492822773e+01,1.784272540407272345e+00,1.260000000000000009e-01,1.910074447065544945e+01,9.017141295210716612e-01,1.180658089068079786e+00,1.047376677930306199e+00,1.080219019864819385e+00,1.080219019864819526e-05,1.080219019864810547e-05,4.839208550225474248e+00,1.383894982924369188e+00,1.102205897073871288e+00,9.341453444086074143e-01,1.358200333845738461e+00
1.380000000000000000e+04,9.583333333333333925e+00,2.078067722193608461e+03,1.455389788539578255e+01,3.120844931479958007e+01,4.719962153689786792e+05,1.364889105142309411e+01,7.201935217769912079e+00,2.329838855661329333e+01,2.034746760431545010e+00,2.452086308741334619e+01,8.104353054314577420e+00,1.398430916791751910e+00,6.019913046987932503e-01,9.760737791209405714e+02,-8.970778869498003516e+00,1.080219019864819385e+00,1.086805494756488022e+00,7.499999999999992228e-01,2.717013736891220055e-01,1.185868131776289136e+00,1.000000000000000000e+00,1.570074447065544909e+01,2.565323654479009718e+01,2.170137368912117282e-02,3.399999999999999911e+00,1.278802197664433704e+00,4.939519124917550741e+00,2.407965218795173001e+00,1.188666279272989073e+02,1.017338892269926909e+00,1.427842725404072723e+02,4.839208550225285954e+00,-1.882938249764265493e-13,-8.978549240895583594e-20,1.621966450038314633e-16,0.000000000000000000e+00,1.021701373689121173e+00,1.021701373689121173e+00,9.336950659840835831e-01,5.031520295396930686e-01,6.155355083215936496e-01,1.008094318145335011e+00,8.824259341751335972e-01,1.000000000000000000e+00,1.000000000000000000e+00,1.000000000000000000e+00,8.649354428444944176e-01,6.967300932985645567e-02,6.967300932985645545e+01,5.491639072720832360e+01,9.856785740503928306e-01,1.018166110773007116e+00,1.000387280801165346e+00,6.665558707938501470e+00,9.240464405324489983e-01,1.023104251382157548e+00,6.019913046987978023e-01,1.398430916791748801e+00,8.920999914194169378e+00,-4.609186183147955494e-03,1.799539081381685079e+01,5.491639072801101662e+01,8.026930231608275790e-10,9.243248595806420553e+01,0.000000000000000000e+00,-3.139772604324220229e-02,8.404684414527782144e-01,1.774311068400339808e+00,1.924422414237796808e+00,1.900311068400339920e+00,9.948209952864562666e+00,3.824733482638136728e+00,6.123476470226425938e+00,7.967487368112061152e-02,2.999999999999999737e-04,1.260000000000001119e-01,2.999999999999999195e-04,3.172859013671290640e+01,1.006304059079386137e+00,2.203716444293096544e+00,2.201034983109986243e+00,2.203716444293096544e+00,5.080926392483259235e+01,1.016185278496651798e+08,1.100517491554993086e+02,2.201034983109986186e+08,2.437251417396744912e+01,1.852335272542993607e+02,9.017141301850195578e-01,1.210813518147107182e+01,1.138096261325582947e+00,4.990051602870332892e-01,1.802670721016771616e+00,1.185868131776289136e+00,5.763658940009183107e-01,1.042347612604991980e+00,3.483650466492822773e+01,1.784272540407272345e+00,1.260000000000000009e-01,1.910074447065544945e+01,9.017141295210716612e-01,1.180658089068079786e+00,1.047376677930306199e+00,1.080219019864819385e+00,1.080219019864819526e-05,1.080219019864810547e-05,4.839208550225474248e+00,1.383894982924369188e+00,1.102205897073871288e+00,9.341453444086074143e-01,1.358200333845738461e+00
1.392000000000000000e+04,9.666666666666666075e+00,2.078067722193608461e+03,1.455389788539578255e+01,3.120844931479958007e+01,4.719962153689786792e+05,1.364889105142309411e+01,7.201935217769912079e+00,2.329838855661329333e+01,2.034746760431545010e+00,2.452086308741334619e+01,8.104353054314577420e+00,1.398430916791751910e+00,6.019913046987932503e-01,9.760737791209404577e+02,-8.970778869498001740e+00,1.080219019864819385e+00,1.086805494756488022e+00,7.499999999999992228e-01,2.717013736891220055e-01,1.185868131776289136e+00,1.000000000000000000e+00,1.570074447065544909e+01,2.565323654479009718e+01,2.170137368912117282e-02,3.399999999999999911e+00,1.278802197664433704e+00,4.939519124917550741e+00,2.407965218795173001e+00,1.188666279272989073e+02,1.017338892269926909e+00,1.427842725404072723e+02,4.839208550225285954e+00,-1.882938249764265493e-13,-8.978549240895583594e-20,1.604619215278546562e-16,0.000000000000000000e+00,1.021701373689121173e+00,1.021701373689121173e+00,9.336950659840835831e-01,5.031520295396930686e-01,6.155355083215936496e-01,1.008094318145335011e+00,8.824259341751335972e-01,1.000000000000000000e+00,1.000000000000000000e+00,1.000000000000000000e+00,8.649354428444944176e-01,6.967300932985645567e-02,6.967300932985645545e+01,5.491639072720832360e+01,9.856785740503928306e-01,1.018166110773007116e+00,1.000387280801165346e+00,6.665558707938501470e+00,9.240464405324489983e-01,1.023104251382157548e+00,6.019913046987978023e-01,1.398430916791748801e+00,8.920999914194169378e+00,-4.609186183147955494e-03,1.799539081381685079e+01,5.491639072801101662e+01,8.026930231608275790e-10,9.243248595806420553e+01,0.000000000000000000e+00,-3.139772604324220229e-02,8.404684414527782144e-01,1.774311068400339808e+00,1.924422414237796808e+00,1.900311068400339920e+00,9.948209952864562666e+00,3.824733482638136728e+00,6.123476470226425938e+00,7.967487368112061152e-02,2.999999999999999737e-04,1.260000000000001119e-01,2.999999999999999195e-04,3.172859013671290640e+01,1.006304059079386137e+00,2.203716444293096544e+00,2.201034983109986243e+00,2.203716444293096544e+00,5.080926392483259235e+01,1.016185278496651798e+08,1.100517491554993086e+02,2.201034983109986186e+08,2.437251417396744912e+01,1.852335272542993607e+02,9.017141301850195578e-01,1.210813518147107182e+01,1.138096261325582947e+00,4.990051602870332892e-01,1.802670721016771616e+00,1.185868131776289136e+00,5.763658940009183107e-01,1.042347612604991980e+00,3.483650466492822773e+01,1.784272540407272345e+00,1.260000000000000009e-01,1.910074447065544945e+01,9.017141295210716612e-01,1.180658089068079786e+00,1.047376677930306199e+00,1.080219019864819385e+00,1.080219019864819526e-05,1.080219019864810547e-05,4.839208550225474248e+00,1.383894982924369188e+00,1.102205897073871288e+00,9.341453444086074143e-01,1.358200333845738461e+00
1.404000000000000000e+04,9.750000000000000000e+00,2.078067722193608461e+03,1.455389788539578255e+01,3.120844931479958362e+01,4.719962153689786792e+05,1.364889105142309411e+01,7.201935217769912079e+00,2.329838855661329333e+01,2.034746760431545010e+00,2.452086308741334619e+01,8.104353054314577420e+00,1.398430916791752132e+00,6.019913046987932503e-01,9.760737791209404577e+02,-8.970778869497999963e+00,1.080219019864819385e+00,1.086805494756488022e+00,7.499999999999992228e-01,2.717013736891220055e-01,1.185868131776289136e+00,1.000000000000000000e+00,1.570074447065544909e+01,2.565323654479009718e+01,2.170137368912117282e-02,3.399999999999999911e+00,1.278802197664433704e+00,4.939519124917550741e+00,2.407965218795173001e+00,1.188666279272989357e+02,1.017338892269926909e+00,1.427842725404072723e+02,4.839208550225285954e+00,-1.882938249764265493e-13,-8.978549240895583594e-20,1.595945597898662527e-16,0.000000000000000000e+00,1.021701373689121173e+00,1.021701373689121173e+00,9.336950659840835831e-01,5.031520295396930686e-01,6.155355083215936496e-01,1.008094318145335011e+00,8.824259341751335972e-01,1.000000000000000000e+00,1.000000000000000000e+00,1.000000000000000000e+00,8.649354428444944176e-01,6.967300932985645567e-02,6.967300932985645545e+01,5.491639072720832360e+01,9.856785740503928306e-01,1.018166110773007116e+00,1.000387280801165346e+00,6.665558707938501470e+00,9.240464405324489983e-01,1.023104251382157770e+00,6.019913046987978023e-01,1.398430916791748801e+00,8.920999914194169378e+00,-4.609186183147955494e-03,1.799539081381685079e+01,5.491639072801101662e+01,8.026930231608275790e-10,9.243248595806420553e+01,0.000000000000000000e+00,-3.139772604324220229e-02,8.404684414527782144e-01,1.774311068400339808e+00,1.924422414237796808e+00,1.900311068400339920e+00,9.948209952864562666e+00,3.824733482638136728e+00,6.123476470226425938e+00,7.967487368112061152e-02,2.999999999999999737e-04,1.260000000000001119e-01,2.999999999999999195e-04,3.172859013671290995e+01,1.006304059079386137e+00,2.203716444293096544e+00,2.201034983109986243e+00,2.203716444293096544e+00,5.080926392483259235e+01,1.016185278496651798e+08,1.100517491554993086e+02,2.201034983109986186e+08,2.437251417396744912e+01,1.852335272542993607e+02,9.017141301850195578e-01,1.210813518147107182e+01,1.138096261325582947e+00,4.990051602870332892e-01,1.802670721016771616e+00,1.185868131776289136e+00,5.763658940009183107e-01,1.042347612604991980e+00,3.483650466492822773e+01,1.784272540407272345e+00,1.260000000000000009e-01,1.910074447065544945e+01,9.017141295210716612e-01,1.180658089068079786e+00,1.047376677930306199e+00,1.080219019864819385e+00,1.080219019864819526e-05,1.080219019864810547e-05,4.839208550225474248e+00,1.383894982924369188e+00,1.102205897073871288e+00,9.341453444086074143e-01,1.358200333845738461e+00
1.416000000000000000e+04,9.833333333333333925e+00,2.078067722193608461e+03,1.455389788539578255e+01,3.120844931479958362e+01,4.719962153689786792e+05,1.364889105142309411e+01,7.201935217769912079e+00,2.329838855661329333e+01,2.034746760431545010e+00,2.452086308741334619e+01,8.104353054314577420e+00,1.398430916791752132e+00,6.019913046987932503e-01,9.760737791209404577e+02,-8.970778869497998187e+00,1.080219019864819385e+00,1.086805494756488022e+00,7.499999999999992228e-01,2.717013736891220055e-01,1.185868131776289136e+00,1.000000000000000000e+00,1.570074447065544909e+01,2.565323654479009718e+01,2.170137368912117282e-02,3.399999999999999911e+00,1.278802197664433704e+00,4.939519124917550741e+00,2.407965218795173001e+00,1.188666279272989357e+02,1.017338892269926909e+00,1.427842725404072723e+02,4.839208550225285954e+00,-1.882938249764265493e-13,-8.978549240895583594e-20,1.578598363138894456e-16,0.000000000000000000e+00,1.021701373689121173e+00,1.021701373689121173e+00,9.336950659840835831e-01,5.031520295396930686e-01,6.155355083215936496e-01,1.008094318145335011e+00,8.824259341751335972e-01,1.000000000000000000e+00,1.000000000000000000e+00,1.000000000000000000e+00,8.649354428444944176e-01,6.967300932985645567e-02,6.967300932985645545e+01,5.491639072720832360e+01,9.856785740503928306e-01,1.018166110773007116e+00,1.000387280801165346e+00,6.665558707938501470e+00,9.240464405324489983e-01,1.023104251382157770e+00,6.019913046987978023e-01,1.398430916791748801e+00,8.920999914194169378e+00,-4.609186183147955494e-03,1.799539081381685079e+01,5.491639072801101662e+01,8.026930231608275790e-10,9.243248595806420553e+01,0.000000000000000000e+00,-3.139772604324220229e-02,8.404684414527782144e-01,1.774311068400339808e+00,1.924422414237796808e+00,1.900311068400339920e+00,9.948209952864562666e+00,3.824733482638136728e+00,6.123476470226425938e+00,7.967487368112061152e-02,2.999999999999999737e-04,1.260000000000001119e-01,2.999999999999999195e-04,3.172859013671290995e+01,1.006304059079386137e+00,2.203716444293096544e+00,2.201034983109986243e+00,2.203716444293096544e+00,5.080926392483259235e+01,1.016185278496651798e+08,1.100517491554993086e+02,2.201034983109986186e+08,2.437251417396744912e+01,1.852335272542993607e+02,9.017141301850195578e-01,1.210813518147107182e+01,1.138096261325582947e+00,4.990051602870332892e-01,1.802670721016771616e+00,1.185868131776289136e+00,5.763658940009183107e-01,1.042347612604991980e+00,3.483650466492822773e+01,1.784272540407272345e+00,1.260000000000000009e-01,1.910074447065544945e+01,9.017141295210716612e-01,1.180658089068079786e+00,1.047376677930306199e+00,1.080219019864819385e+00,1.080219019864819526e-05,1.080219019864810547e-05,4.839208550225474248e+00,1.383894982924369188e+00,1.102205897073871288e+00,9.341453444086074143e-01,1.358200333845738461e+00
1.428000000000000000e+04,9.916666666666666075e+00,2.078067722193608461e+03,1.455389788539578255e+01,3.120844931479958362e+01,4.719962153689786792e+05,1.364889105142309411e+01,7.201935217769912079e+00,2.329838855661329333e+01,2.034746760431545010e+00,2.452086308741334619e+01,8.104353054314577420e+00,1.398430916791752132e+00,6.019913046987932503e-01,9.760737791209403440e+02,-8.970778869497996411e+00,1.080219019864819385e+00,1.086805494756488022e+00,7.499999999999992228e-01,2.717013736891220055e-01,1.185868131776289136e+00,1.000000000000000000e+00,1.570074447065544909e+01,2.565323654479009718e+01,2.170137368912117282e-02,3.399999999999999911e+00,1.278802197664433704e+00,4.939519124917550741e+00,2.407965218795173001e+00,1.188666279272989357e+02,1.017338892269926909e+00,1.427842725404072723e+02,4.839208550225285954e+00,-1.882938249764265493e-13,-8.978549240895583594e-20,1.569924745759010420e-16,0.000000000000000000e+00,1.021701373689121173e+00,1.021701373689121173e+00,9.336950659840835831e-01,5.031520295396930686e-01,6.155355083215936496e-01,1.008094318145335011e+00,8.824259341751335972e-01,1.000000000000000000e+00,1.000000000000000000e+00,1.000000000000000000e+00,8.649354428444944176e-01,6.967300932985645567e-02,6.967300932985645545e+01,5.491639072720832360e+01,9.856785740503928306e-01,1.018166110773007116e+00,1.000387280801165346e+00,6.665558707938501470e+00,9.240464405324489983e-01,1.023104251382157770e+00,6.019913046987978023e-01,1.398430916791748801e+00,8.920999914194169378e+00,-4.609186183147955494e-03,1.799539081381685079e+01,5.491639072801101662e+01,8.026930231608275790e-10,9.243248595806420553e+01,0.000000000000000000e+00,-3.139772604324220229e-02,8.404684414527782144e-01,1.774311068400339808e+00,1.924422414237796808e+00,1.900311068400339920e+00,9.948209952864562666e+00,3.824733482638136728e+00,6.123476470226425938e+00,7.967487368112061152e-02,2.999999999999999737e-04,1.260000000000001119e-01,2.999999999999999195e-04,3.172859013671290995e+01,1.006304059079386137e+00,2.203716444293096544e+00,2.201034983109986243e+00,2.203716444293096544e+00,5.080926392483259235e+01,1.016185278496651798e+08,1.100517491554993086e+02,2.201034983109986186e+08,2.437251417396744912e+01,1.852335272542993607e+02,9.017141301850195578e-01,1.210813518147107182e+01,1.138096261325582947e+00,4.990051602870332892e-01,1.802670721016771616e+00,1.185868131776289136e+00,5.763658940009183107e-01,1.042347612604991980e+00,3.483650466492822773e+01,1.784272540407272345e+00,1.260000000000000009e-01,1.910074447065544945e+01,9.017141295210716612e-01,1.180658089068079786e+00,1.047376677930306199e+00,1.080219019864819385e+00,1.080219019864819526e-05,1.080219019864810547e-05,4.839208550225474248e+00,1.383894982924369188e+00,1.102205897073871288e+00,9.341453444086074143e-01,1.358200333845738461e+00
1.440000000000000000e+04,1.000000000000000000e+01,2.078067722193608461e+03,1.455389788539578255e+01,3.120844931479958362e+01,4.719962153689786792e+05,1.364889105142309411e+01,7.201935217769912079e+00,2.329838855661329333e+01,2.034746760431545010e+00,2.452086308741334619e+01,8.104353054314577420e+00,1.398430916791752132e+00,6.019913046987932503e-01,9.760737791209403440e+02,-8.970778869497994634e+00,1.080219019864819385e+00,1.086805494756488022e+00,7.499999999999992228e-01,2.717013736891220055e-01,1.185868131776289136e+00,1.000000000000000000e+00,1.570074447065544909e+01,2.565323654479009718e+01,2.170137368912117282e-02,3.399999999999999911e+00,1.278802197664433704e+00,4.939519124917550741e+00,2.407965218795173001e+00,1.188666279272989357e+02,1.017338892269926909e+00,1.427842725404072723e+02,4.839208550225285954e+00,-1.882938249764265493e-13,-8.978549240895583594e-20,1.552577510999242349e-16,0.000000000000000000e+00,1.021701373689121173e+00,1.021701373689121173e+00,9.336950659840835831e-01,5.031520295396930686e-01,6.155355083215936496e-01,1.008094318145335011e+00,8.824259341751335972e-01,1.000000000000000000e+00,1.000000000000000000e+00,1.000000000000000000e+00,8.649354428444944176e-01,6.967300932985645567e-02,6.967300932985645545e+01,5.491639072720832360e+01,9.856785740503928306e-01,1.018166110773007116e+00,1.000387280801165346e+00,6.665558707938501470e+00,9.240464405324489983e-01,1.023104251382157770e+00,6.019913046987978023e-01,1.398430916791748801e+00,8.920999914194169378e+00,-4.609186183147955494e-03,1.799539081381685079e+01,5.491639072801101662e+01,8.026930231608275790e-10,9.243248595806420553e+01,0.000000000000000000e+00,-3.139772604324220229e-02,8.404684414527782144e-01,1.774311068400339808e+00,1.924422414237796808e+00,1.900311068400339920e+00,9.948209952864562666e+00,3.824733482638136728e+00,6.123476470226425938e+00,7.967487368112061152e-02,2.999999999999999737e-04,1.260000000000001119e-01,2.999999999999999195e-04,3.172859013671290995e+01,1.006304059079386137e+00,2.203716444293096544e+00,2.201034983109986243e+00,2.203716444293096544e+00,5.080926392483259235e+01,1.016185278496651798e+08,1.100517491554993086e+02,2.201034983109986186e+08,2.437251417396744912e+01,1.852335272542993607e+02,9.017141301850195578e-01,1.210813518147107182e+01,1.138096261325582947e+00,4.990051602870332892e-01,1.802670721016771616e+00,1.185868131776289136e+00,5.763658940009183107e-01,1.042347612604991980e+00,3.483650466492822773e+01,1.784272540407272345e+00,1.260000000000000009e-01,1.910074447065544945e+01,9.017141295210716612e-01,1.180658089068079786e+00,1.047376677930306199e+00,1.080219019864819385e+00,1.080219019864819526e-05,1.080219019864810547e-05,4.839208550225474248e+00,1.383894982924369188e+00,1.102205897073871288e+00,9.341453444086074143e-01,1.358200333845738461e+00
