time_min,time_days,m_sodium_mEq,v_ecf_L,prc_pg_per_mL,agt_fmol_per_mL,angi_fmol_per_mL,angii_fmol_per_mL,ang17_fmol_per_mL,angiv_fmol_per_mL,at1_bound_fmol_per_mL,at2_bound_fmol_per_mL,n_aldo,n_adh,baro_integral_min,ra_integral_min,vascularity,a_auto,a_baro,a_chemo,alpha_map,alpha_rap,arterial_resistance_mmHg_min_per_L,at1_bound_pg_per_mL,autonomic_adh_stimulus,basic_venous_resistance_mmHg_min_per_L,beta_rsna,blood_volume_L,c_adh_mU_per_L,c_aldo_ng_per_L,c_anp_hat,c_sodium_mEq_per_L,cardiac_output_L_per_min,cardiovascular_algebraic_residual_L_per_min,d_vascularity_per_min,delta_ra,delta_rihp_mmHg,epsilon_aum,epsilon_aum_adh,eta_cd,eta_dt,eta_pt,gamma_at1_tubule,gamma_filtered_sodium,gamma_rihp_cd,gamma_rihp_dt,gamma_rihp_pt,gamma_rsna_tubule,gfr_L_per_min,gfr_mL_per_min,implied_p_gh_mmHg,lambda_aldo_cd,lambda_anp,lambda_dt,mean_filling_pressure_mmHg,mu_adh,mu_aldo,n_adh_stimulus,n_aldo_stimulus,net_filtration_pressure_mmHg,p_b_cvp_mmHg,p_b_total_mmHg,p_gh_mmHg,p_gh_residual_mmHg,p_ma_mmHg,p_peritubular_mmHg,p_ra_mmHg,p_ra_raw_mmHg,phi_cd_reab_mEq_per_min,phi_dt_reab_mEq_per_min,phi_dt_sodium_mEq_per_min,phi_filtered_sodium_mEq_per_min,phi_md_sodium_mEq_per_min,phi_pt_reab_mEq_per_min,phi_tubular_water_reab_L_per_min,phi_urine_L_per_min,phi_urine_sodium_mEq_per_min,phi_water_in_L_per_min,pra_fmol_per_mL_per_min,psi_aldo_dt,psi_at1_aa,psi_at1_ea,psi_at1_preglom,r_aa_equivalent_mmHg_min_per_L,r_aa_single_mmHg_min_per_L,r_ea_equivalent_mmHg_min_per_L,r_ea_single_mmHg_min_per_L,r_preglom_mmHg_min_per_L,r_renal_mmHg_min_per_L,raw_v_at1,raw_v_md,raw_v_rsna,renal_blood_flow_L_per_min,renin_secretion_pg_per_mL_per_min,rsna,sigma_myo,sigma_tgf,sngfr_nL_per_min,sodium_adh_stimulus,sodium_intake_mEq_per_min,total_peripheral_resistance_mmHg_min_per_L,v_at1,v_md,v_rsna,vascularity,vascularity_destruction_per_min,vascularity_formation_per_min,venous_return_L_per_min,venous_return_resistance_mmHg_min_per_L,xi_at1,xi_k_sodium,xi_map
0.000000000000000000e+00,0.000000000000000000e+00,2.078067722193589816e+03,1.455389788539559959e+01,3.120844931479960138e+01,4.719962153689790284e+05,1.364889105142309944e+01,7.201935217769910302e+00,2.329838855661330044e+01,2.034746760431540125e+00,2.452086308741330001e+01,8.104353054314579197e+00,1.398430916791749912e+00,6.019913046987930283e-01,9.760737791209350007e+02,-8.970778869498499120e+00,1.080219019864820051e+00,1.086805494756500678e+00,7.500000000000091038e-01,2.717013736891251696e-01,1.185868131776307788e+00,1.000000000000000000e+00,1.570074447065564271e+01,2.565323654479004745e+01,2.170137368913427345e-02,3.399999999999999911e+00,1.278802197664461682e+00,4.939519124917522319e+00,2.407965218795172113e+00,1.188666279272987367e+02,1.017338892269923356e+00,1.427842725404077839e+02,4.839208550225182037e+00,-1.891820033961266745e-13,4.404571325722361763e-19,-3.444293461551950486e-15,0.000000000000000000e+00,1.021701373689134273e+00,1.021701373689134273e+00,9.336950659840858036e-01,5.031520295396928466e-01,6.155355083215949819e-01,1.008094318145335011e+00,8.824259341751337082e-01,1.000000000000000000e+00,1.000000000000000000e+00,1.000000000000000000e+00,8.649354428444959719e-01,6.967300932985479034e-02,6.967300932985479278e+01,5.491639072720808201e+01,9.856785740503927196e-01,1.018166110773007560e+00,1.000387280801167345e+00,6.665558707938369132e+00,9.240464405324488872e-01,1.023104251382157548e+00,6.019913046989738836e-01,1.398430916791757683e+00,8.920999914193956215e+00,-4.609186183150856819e-03,1.799539081381685079e+01,5.491639072801080346e+01,8.027214448702579830e-10,9.243248595806313972e+01,0.000000000000000000e+00,-3.139772604326196426e-02,8.404684414527584524e-01,1.774311068400302727e+00,1.924422414237750401e+00,1.900311068400295733e+00,9.948209952864360162e+00,3.824733482638046134e+00,6.123476470226314028e+00,7.967487368111927926e-02,2.999999999999999737e-04,1.259999999999930065e-01,2.999999999999981848e-04,3.172859013671292772e+01,1.006304059079385693e+00,2.203716444293093879e+00,2.201034983109983578e+00,2.203716444293093879e+00,5.080926392483141285e+01,1.016185278496628255e+08,1.100517491554991807e+02,2.201034983109983504e+08,2.437251417396720754e+01,1.852335272542977975e+02,9.017141301850212232e-01,1.210813518147121393e+01,1.138096261325589831e+00,4.990051602870317904e-01,1.802670721016806699e+00,1.185868131776307788e+00,5.763658940009005471e-01,1.042347612604978213e+00,3.483650466492739639e+01,1.784272540407783936e+00,1.260000000000000009e-01,1.910074447065564129e+01,9.017141295210733265e-01,1.180658089068093552e+00,1.047376677930312416e+00,1.080219019864820051e+00,1.080219019864820203e-05,1.080219019864864249e-05,4.839208550225371219e+00,1.383894982924375405e+00,1.102205897073869956e+00,9.341453444085718871e-01,1.358200333845800190e+00
6.000000000000000000e+01,4.166666666666666435e-02,2.078067722193590271e+03,1.455389788539562446e+01,3.120844931479985007e+01,4.719962153689790284e+05,1.364889105142321135e+01,7.201935217769974251e+00,2.329838855661339281e+01,2.034746760431562329e+00,2.452086308741348120e+01,8.104353054314628935e+00,1.398430916791766343e+00,6.019913046989037175e-01,9.760737791209354555e+02,-8.970778869498662544e+00,1.080219019864820051e+00,1.086805494756499124e+00,7.500000000000079936e-01,2.717013736891247810e-01,1.185868131776305123e+00,1.000000000000000000e+00,1.570074447065561785e+01,2.565323654479023929e+01,2.170137368913271914e-02,3.399999999999999911e+00,1.278802197664457685e+00,4.939519124917525872e+00,2.407965218795614870e+00,1.188666279273001436e+02,1.017338892269925132e+00,1.427842725404075566e+02,4.839208550225195360e+00,-1.891820033961266745e-13,3.726944967918921492e-19,-2.841477053650010021e-15,0.000000000000000000e+00,1.021701373689132719e+00,1.021701373689132719e+00,9.336950659840862476e-01,5.031520295396946230e-01,6.155355083215949819e-01,1.008094318145335233e+00,8.824259341751337082e-01,1.000000000000000000e+00,1.000000000000000000e+00,1.000000000000000000e+00,8.649354428444958609e-01,6.967300932985502626e-02,6.967300932985502016e+01,5.491639072720813175e+01,9.856785740503933857e-01,1.018166110773007338e+00,1.000387280801167567e+00,6.665558707938387784e+00,9.240464405324992914e-01,1.023104251382157992e+00,6.019913046988973893e-01,1.398430916791776779e+00,8.920999914193984637e+00,-4.609186183150498599e-03,1.799539081381685079e+01,5.491639072801083188e+01,8.027001285881851800e-10,9.243248595806328183e+01,0.000000000000000000e+00,-3.139772604325952177e-02,8.404684414527608949e-01,1.774311068400300062e+00,1.924422414237760393e+00,1.900311068400291958e+00,9.948209952864377925e+00,3.824733482638052351e+00,6.123476470226325574e+00,7.967487368111952906e-02,2.999999999999999737e-04,1.259999999999918963e-01,3.000000000005081935e-04,3.172859013671318351e+01,1.006304059079389246e+00,2.203716444293104093e+00,2.201034983109993348e+00,2.203716444293104093e+00,5.080926392483172549e+01,1.016185278496634513e+08,1.100517491554996639e+02,2.201034983109993339e+08,2.437251417396733899e+01,1.852335272542987354e+02,9.017141301850147839e-01,1.210813518147120504e+01,1.138096261325588943e+00,4.990051602870300140e-01,1.802670721016791600e+00,1.185868131776305123e+00,5.763658940009027676e-01,1.042347612604979101e+00,3.483650466492751008e+01,1.784272540407556562e+00,1.260000000000000009e-01,1.910074447065561642e+01,9.017141295210668872e-01,1.180658089068092886e+00,1.047376677930311750e+00,1.080219019864820051e+00,1.080219019864820203e-05,1.080219019864857473e-05,4.839208550225384542e+00,1.383894982924374739e+00,1.102205897073873064e+00,9.341453444085878743e-01,1.358200333845791752e+00
1.200000000000000000e+02,8.333333333333332871e-02,2.078067722193590726e+03,1.455389788539564400e+01,3.120844931479980744e+01,4.719962153689789702e+05,1.364889105142319359e+01,7.201935217769964481e+00,2.329838855661344255e+01,2.034746760431560109e+00,2.452086308741352738e+01,8.104353054314641369e+00,1.398430916791780998e+00,6.019913046988529803e-01,9.760737791209359102e+02,-8.970778869498806429e+00,1.080219019864820051e+00,1.086805494756497348e+00,7.500000000000066613e-01,2.717013736891243370e-01,1.185868131776302903e+00,1.000000000000000000e+00,1.570074447065559120e+01,2.565323654479028548e+01,2.170137368913094278e-02,3.399999999999999911e+00,1.278802197664454354e+00,4.939519124917529425e+00,2.407965218795411921e+00,1.188666279273013799e+02,1.017338892269925132e+00,1.427842725404074145e+02,4.839208550225208683e+00,-1.900701818158267997e-13,3.032377951170395214e-19,-2.229987028368185520e-15,0.000000000000000000e+00,1.021701373689130943e+00,1.021701373689130943e+00,9.336950659840870248e-01,5.031520295396960663e-01,6.155355083215948708e-01,1.008094318145335233e+00,8.824259341751337082e-01,1.000000000000000000e+00,1.000000000000000000e+00,1.000000000000000000e+00,8.649354428444956389e-01,6.967300932985513728e-02,6.967300932985513384e+01,5.491639072720818859e+01,9.856785740503939408e-01,1.018166110773007338e+00,1.000387280801167789e+00,6.665558707938405547e+00,9.240464405324761987e-01,1.023104251382158658e+00,6.019913046988492056e-01,1.398430916791785883e+00,8.920999914193998848e+00,-4.609186183150123031e-03,1.799539081381685079e+01,5.491639072801085319e+01,8.026646014513971750e-10,9.243248595806342394e+01,0.000000000000000000e+00,-3.139772604325696825e-02,8.404684414527634484e-01,1.774311068400298508e+00,1.924422414237768164e+00,1.900311068400288628e+00,9.948209952864385031e+00,3.824733482638056792e+00,6.123476470226328239e+00,7.967487368111959845e-02,2.999999999999999737e-04,1.259999999999901199e-01,3.000000000002748732e-04,3.172859013671313733e+01,1.006304059079392133e+00,2.203716444293106758e+00,2.201034983109995125e+00,2.203716444293106758e+00,5.080926392483183918e+01,1.016185278496636748e+08,1.100517491554997633e+02,2.201034983109995127e+08,2.437251417396737807e+01,1.852335272542989628e+02,9.017141301850132296e-01,1.210813518147119794e+01,1.138096261325588054e+00,4.990051602870301806e-01,1.802670721016785382e+00,1.185868131776302903e+00,5.763658940009044329e-01,1.042347612604979545e+00,3.483650466492756692e+01,1.784272540407414454e+00,1.260000000000000009e-01,1.910074447065559156e+01,9.017141295210653329e-01,1.180658089068091998e+00,1.047376677930310862e+00,1.080219019864820051e+00,1.080219019864820203e-05,1.080219019864850527e-05,4.839208550225398753e+00,1.383894982924373851e+00,1.102205897073873953e+00,9.341453444085985325e-01,1.358200333845783758e+00
1.800000000000000000e+02,1.250000000000000000e-01,2.078067722193591180e+03,1.455389788539565288e+01,3.120844931479979323e+01,4.719962153689789120e+05,1.364889105142318648e+01,7.201935217769961817e+00,2.329838855661344965e+01,2.034746760431558776e+00,2.452086308741352028e+01,8.104353054314637816e+00,1.398430916791785439e+00,6.019913046988338845e-01,9.760737791209362513e+02,-8.970778869498923669e+00,1.080219019864820051e+00,1.086805494756497348e+00,7.500000000000066613e-01,2.717013736891243370e-01,1.185868131776302903e+00,1.000000000000000000e+00,1.570074447065559120e+01,2.565323654479027837e+01,2.170137368913094278e-02,3.399999999999999911e+00,1.278802197664454354e+00,4.939519124917530313e+00,2.407965218795335538e+00,1.188666279273017636e+02,1.017338892269925132e+00,1.427842725404073576e+02,4.839208550225208683e+00,-1.900701818158267997e-13,3.032377951170395214e-19,-2.147587663259287183e-15,0.000000000000000000e+00,1.021701373689130943e+00,1.021701373689130943e+00,9.336950659840874689e-01,5.031520295396966214e-01,6.155355083215948708e-01,1.008094318145335233e+00,8.824259341751337082e-01,1.000000000000000000e+00,1.000000000000000000e+00,1.000000000000000000e+00,8.649354428444956389e-01,6.967300932985513728e-02,6.967300932985513384e+01,5.491639072720818859e+01,9.856785740503941629e-01,1.018166110773007338e+00,1.000387280801168011e+00,6.665558707938405547e+00,9.240464405324675390e-01,1.023104251382158658e+00,6.019913046988302208e-01,1.398430916791790990e+00,8.920999914193998848e+00,-4.609186183150123031e-03,1.799539081381685079e+01,5.491639072801085319e+01,8.026646014513971750e-10,9.243248595806342394e+01,0.000000000000000000e+00,-3.139772604325696825e-02,8.404684414527634484e-01,1.774311068400295843e+00,1.924422414237769052e+00,1.900311068400285075e+00,9.948209952864379702e+00,3.824733482638054127e+00,6.123476470226325574e+00,7.967487368111958457e-02,2.999999999999999737e-04,1.259999999999892317e-01,3.000000000001864023e-04,3.172859013671312312e+01,1.006304059079393243e+00,2.203716444293106758e+00,2.201034983109995125e+00,2.203716444293106758e+00,5.080926392483182497e+01,1.016185278496636450e+08,1.100517491554997633e+02,2.201034983109995127e+08,2.437251417396737807e+01,1.852335272542989344e+02,9.017141301850134516e-01,1.210813518147120327e+01,1.138096261325588054e+00,4.990051602870302361e-01,1.802670721016786937e+00,1.185868131776302903e+00,5.763658940009044329e-01,1.042347612604979323e+00,3.483650466492756692e+01,1.784272540407357610e+00,1.260000000000000009e-01,1.910074447065559156e+01,9.017141295210655549e-01,1.180658089068092664e+00,1.047376677930310862e+00,1.080219019864820051e+00,1.080219019864820203e-05,1.080219019864850527e-05,4.839208550225398753e+00,1.383894982924373851e+00,1.102205897073873953e+00,9.341453444086020852e-01,1.358200333845783758e+00
2.400000000000000000e+02,1.666666666666666574e-01,2.078067722193592090e+03,1.455389788539566176e+01,3.120844931479977902e+01,4.719962153689789120e+05,1.364889105142318115e+01,7.201935217769959152e+00,2.329838855661345320e+01,2.034746760431557888e+00,2.452086308741351672e+01,8.104353054314634264e+00,1.398430916791788325e+00,6.019913046988207839e-01,9.760737791209365923e+02,-8.970778869499016039e+00,1.080219019864820051e+00,1.086805494756496682e+00,7.500000000000059952e-01,2.717013736891241704e-01,1.185868131776301793e+00,1.000000000000000000e+00,1.570074447065557699e+01,2.565323654479027482e+01,2.170137368913005460e-02,3.399999999999999911e+00,1.278802197664452578e+00,4.939519124917532089e+00,2.407965218795283135e+00,1.188666279273020052e+02,1.017338892269925132e+00,1.427842725404073292e+02,4.839208550225215788e+00,-1.900701818158267997e-13,2.676624113323589071e-19,-1.837939522797427117e-15,0.000000000000000000e+00,1.021701373689130055e+00,1.021701373689130055e+00,9.336950659840871358e-01,5.031520295396969544e-01,6.155355083215947598e-01,1.008094318145335233e+00,8.824259341751337082e-01,1.000000000000000000e+00,1.000000000000000000e+00,1.000000000000000000e+00,8.649354428444955278e-01,6.967300932985535933e-02,6.967300932985536122e+01,5.491639072720816017e+01,9.856785740503942739e-01,1.018166110773007338e+00,1.000387280801167567e+00,6.665558707938414429e+00,9.240464405324615438e-01,1.023104251382158880e+00,6.019913046988203398e-01,1.398430916791789658e+00,8.920999914194027269e+00,-4.609186183149944355e-03,1.799539081381685079e+01,5.491639072801087451e+01,8.027143394429003820e-10,9.243248595806348078e+01,0.000000000000000000e+00,-3.139772604325574701e-02,8.404684414527646696e-01,1.774311068400300506e+00,1.924422414237776824e+00,1.900311068400290626e+00,9.948209952864409900e+00,3.824733482638067450e+00,6.123476470226342450e+00,7.967487368111975110e-02,2.999999999999999737e-04,1.259999999999901199e-01,3.000000000001265543e-04,3.172859013671310535e+01,1.006304059079393909e+00,2.203716444293106314e+00,2.201034983109995125e+00,2.203716444293106314e+00,5.080926392483199550e+01,1.016185278496639878e+08,1.100517491554997633e+02,2.201034983109995127e+08,2.437251417396741004e+01,1.852335272542991333e+02,9.017141301850135626e-01,1.210813518147118018e+01,1.138096261325587832e+00,4.990051602870300140e-01,1.802670721016783384e+00,1.185868131776301793e+00,5.763658940009060982e-01,1.042347612604981322e+00,3.483650466492767350e+01,1.784272540407329188e+00,1.260000000000000009e-01,1.910074447065557735e+01,9.017141295210656660e-01,1.180658089068090444e+00,1.047376677930310640e+00,1.080219019864820051e+00,1.080219019864820203e-05,1.080219019864846970e-05,4.839208550225405858e+00,1.383894982924373407e+00,1.102205897073873730e+00,9.341453444086038616e-01,1.358200333845780206e+00
3.000000000000000000e+02,2.083333333333333426e-01,2.078067722193592090e+03,1.455389788539566531e+01,3.120844931479977546e+01,4.719962153689788538e+05,1.364889105142317938e+01,7.201935217769958264e+00,2.329838855661344610e+01,2.034746760431557888e+00,2.452086308741350962e+01,8.104353054314632487e+00,1.398430916791787437e+00,6.019913046988195626e-01,9.760737791209368197e+02,-8.970778869499049790e+00,1.080219019864820051e+00,1.086805494756496682e+00,7.500000000000059952e-01,2.717013736891241704e-01,1.185868131776301793e+00,1.000000000000000000e+00,1.570074447065557699e+01,2.565323654479026771e+01,2.170137368913005460e-02,3.399999999999999911e+00,1.278802197664452578e+00,4.939519124917532089e+00,2.407965218795278250e+00,1.188666279273019342e+02,1.017338892269925132e+00,1.427842725404073008e+02,4.839208550225215788e+00,-1.900701818158267997e-13,2.676624113323589071e-19,-1.814520755871740221e-15,0.000000000000000000e+00,1.021701373689130055e+00,1.021701373689130055e+00,9.336950659840873579e-01,5.031520295396968434e-01,6.155355083215947598e-01,1.008094318145335233e+00,8.824259341751337082e-01,1.000000000000000000e+00,1.000000000000000000e+00,1.000000000000000000e+00,8.649354428444955278e-01,6.967300932985523443e-02,6.967300932985523332e+01,5.491639072720820280e+01,9.856785740503942739e-01,1.018166110773007338e+00,1.000387280801167789e+00,6.665558707938414429e+00,9.240464405324609887e-01,1.023104251382158658e+00,6.019913046988109029e-01,1.398430916791792322e+00,8.920999914194013058e+00,-4.609186183149944355e-03,1.799539081381685079e+01,5.491639072801086741e+01,8.026646014513971750e-10,9.243248595806348078e+01,0.000000000000000000e+00,-3.139772604325574701e-02,8.404684414527646696e-01,1.774311068400297620e+00,1.924422414237772383e+00,1.900311068400287073e+00,9.948209952864390360e+00,3.824733482638059456e+00,6.123476470226330903e+00,7.967487368111965396e-02,2.999999999999999737e-04,1.259999999999894538e-01,3.000000000001204828e-04,3.172859013671310180e+01,1.006304059079393687e+00,2.203716444293105869e+00,2.201034983109994236e+00,2.203716444293105869e+00,5.080926392483188181e+01,1.016185278496637642e+08,1.100517491554997065e+02,2.201034983109994233e+08,2.437251417396737807e+01,1.852335272542989628e+02,9.017141301850137847e-01,1.210813518147119439e+01,1.138096261325587832e+00,4.990051602870304581e-01,1.802670721016786048e+00,1.185868131776301793e+00,5.763658940009055431e-01,1.042347612604980212e+00,3.483650466492761666e+01,1.784272540407300767e+00,1.260000000000000009e-01,1.910074447065557735e+01,9.017141295210658880e-01,1.180658089068091776e+00,1.047376677930310640e+00,1.080219019864820051e+00,1.080219019864820203e-05,1.080219019864846970e-05,4.839208550225405858e+00,1.383894982924373407e+00,1.102205897073873730e+00,9.341453444086056379e-01,1.358200333845780206e+00
3.600000000000000000e+02,2.500000000000000000e-01,2.078067722193592544e+03,1.455389788539566887e+01,3.120844931479976836e+01,4.719962153689788538e+05,1.364889105142317760e+01,7.201935217769956488e+00,2.329838855661344255e+01,2.034746760431557444e+00,2.452086308741350607e+01,8.104353054314630711e+00,1.398430916791786771e+00,6.019913046988183414e-01,9.760737791209370471e+02,-8.970778869499085317e+00,1.080219019864820051e+00,1.086805494756496238e+00,7.500000000000056621e-01,2.717013736891240594e-01,1.185868131776301126e+00,1.000000000000000000e+00,1.570074447065556988e+01,2.565323654479026416e+01,2.170137368912961051e-02,3.399999999999999911e+00,1.278802197664451690e+00,4.939519124917532977e+00,2.407965218795273366e+00,1.188666279273018773e+02,1.017338892269925132e+00,1.427842725404073008e+02,4.839208550225219341e+00,-1.900701818158267997e-13,2.473336205982556990e-19,-1.612425470920442194e-15,0.000000000000000000e+00,1.021701373689129611e+00,1.021701373689129611e+00,9.336950659840871358e-01,5.031520295396967324e-01,6.155355083215947598e-01,1.008094318145335233e+00,8.824259341751337082e-01,1.000000000000000000e+00,1.000000000000000000e+00,1.000000000000000000e+00,8.649354428444955278e-01,6.967300932985535933e-02,6.967300932985536122e+01,5.491639072720818149e+01,9.856785740503942739e-01,1.018166110773007338e+00,1.000387280801167567e+00,6.665558707938418870e+00,9.240464405324604336e-01,1.023104251382158658e+00,6.019913046988106808e-01,1.398430916791789658e+00,8.920999914194027269e+00,-4.609186183149813383e-03,1.799539081381685079e+01,5.491639072801088162e+01,8.027001285881851800e-10,9.243248595806352341e+01,0.000000000000000000e+00,-3.139772604325485883e-02,8.404684414527655578e-01,1.774311068400300728e+00,1.924422414237775714e+00,1.900311068400290848e+00,9.948209952864408123e+00,3.824733482638066562e+00,6.123476470226341561e+00,7.967487368111975110e-02,2.999999999999999737e-04,1.259999999999901199e-01,3.000000000001152786e-04,3.172859013671309825e+01,1.006304059079393465e+00,2.203716444293105869e+00,2.201034983109994236e+00,2.203716444293105869e+00,5.080926392483198839e+01,1.016185278496639729e+08,1.100517491554997065e+02,2.201034983109994233e+08,2.437251417396740294e+01,1.852335272542990765e+02,9.017141301850138957e-01,1.210813518147118373e+01,1.138096261325587388e+00,4.990051602870304026e-01,1.802670721016783828e+00,1.185868131776301126e+00,5.763658940009066534e-01,1.042347612604981322e+00,3.483650466492767350e+01,1.784272540407300767e+00,1.260000000000000009e-01,1.910074447065557024e+01,9.017141295210659990e-01,1.180658089068090666e+00,1.047376677930310196e+00,1.080219019864820051e+00,1.080219019864820203e-05,1.080219019864844937e-05,4.839208550225409411e+00,1.383894982924373185e+00,1.102205897073873508e+00,9.341453444086056379e-01,1.358200333845777763e+00
4.200000000000000000e+02,2.916666666666666852e-01,2.078067722193592999e+03,1.455389788539567064e+01,3.120844931479976125e+01,4.719962153689788538e+05,1.364889105142317405e+01,7.201935217769955599e+00,2.329838855661343899e+01,2.034746760431557000e+00,2.452086308741350251e+01,8.104353054314628935e+00,1.398430916791786105e+00,6.019913046988171201e-01,9.760737791209372745e+02,-8.970778869499119068e+00,1.080219019864820051e+00,1.086805494756496238e+00,7.500000000000056621e-01,2.717013736891240594e-01,1.185868131776301126e+00,1.000000000000000000e+00,1.570074447065556988e+01,2.565323654479026061e+01,2.170137368912961051e-02,3.399999999999999911e+00,1.278802197664451690e+00,4.939519124917532977e+00,2.407965218795268481e+00,1.188666279273018205e+02,1.017338892269925132e+00,1.427842725404073008e+02,4.839208550225219341e+00,-1.900701818158267997e-13,2.473336205982556990e-19,-1.589006703994755298e-15,0.000000000000000000e+00,1.021701373689129611e+00,1.021701373689129611e+00,9.336950659840871358e-01,5.031520295396967324e-01,6.155355083215947598e-01,1.008094318145335233e+00,8.824259341751337082e-01,1.000000000000000000e+00,1.000000000000000000e+00,1.000000000000000000e+00,8.649354428444955278e-01,6.967300932985535933e-02,6.967300932985536122e+01,5.491639072720818149e+01,9.856785740503942739e-01,1.018166110773007338e+00,1.000387280801167567e+00,6.665558707938418870e+00,9.240464405324598784e-01,1.023104251382158658e+00,6.019913046988106808e-01,1.398430916791789658e+00,8.920999914194027269e+00,-4.609186183149813383e-03,1.799539081381685079e+01,5.491639072801088162e+01,8.027001285881851800e-10,9.243248595806352341e+01,0.000000000000000000e+00,-3.139772604325485883e-02,8.404684414527655578e-01,1.774311068400300728e+00,1.924422414237775714e+00,1.900311068400290848e+00,9.948209952864408123e+00,3.824733482638066562e+00,6.123476470226341561e+00,7.967487368111975110e-02,2.999999999999999737e-04,1.259999999999901199e-01,3.000000000001100744e-04,3.172859013671309114e+01,1.006304059079393465e+00,2.203716444293105425e+00,2.201034983109994236e+00,2.203716444293105425e+00,5.080926392483198129e+01,1.016185278496639580e+08,1.100517491554997065e+02,2.201034983109994233e+08,2.437251417396739583e+01,1.852335272542990765e+02,9.017141301850141177e-01,1.210813518147118373e+01,1.138096261325587388e+00,4.990051602870304026e-01,1.802670721016784272e+00,1.185868131776301126e+00,5.763658940009066534e-01,1.042347612604981322e+00,3.483650466492767350e+01,1.784272540407300767e+00,1.260000000000000009e-01,1.910074447065557024e+01,9.017141295210662211e-01,1.180658089068090666e+00,1.047376677930310196e+00,1.080219019864820051e+00,1.080219019864820203e-05,1.080219019864844937e-05,4.839208550225409411e+00,1.383894982924373185e+00,1.102205897073873508e+00,9.341453444086056379e-01,1.358200333845777763e+00
4.800000000000000000e+02,3.333333333333333148e-01,2.078067722193593454e+03,1.455389788539567419e+01,3.120844931479975770e+01,4.719962153689788538e+05,1.364889105142317227e+01,7.201935217769954711e+00,2.329838855661343544e+01,2.034746760431556556e+00,2.452086308741349541e+01,8.104353054314627158e+00,1.398430916791785217e+00,6.019913046988158989e-01,9.760737791209373881e+02,-8.970778869499154595e+00,1.080219019864820273e+00,1.086805494756495793e+00,7.500000000000053291e-01,2.717013736891239484e-01,1.185868131776300682e+00,1.000000000000000000e+00,1.570074447065555923e+01,2.565323654479025350e+01,2.170137368912916642e-02,3.399999999999999911e+00,1.278802197664451024e+00,4.939519124917533865e+00,2.407965218795263596e+00,1.188666279273017494e+02,1.017338892269925132e+00,1.427842725404073008e+02,4.839208550225223782e+00,-1.891820033961266745e-13,2.236166980751352895e-19,-1.386911419043457272e-15,0.000000000000000000e+00,1.021701373689129166e+00,1.021701373689129166e+00,9.336950659840870248e-01,5.031520295396966214e-01,6.155355083215946488e-01,1.008094318145335233e+00,8.824259341751337082e-01,1.000000000000000000e+00,1.000000000000000000e+00,1.000000000000000000e+00,8.649354428444954168e-01,6.967300932985545647e-02,6.967300932985546069e+01,5.491639072720818859e+01,9.856785740503941629e-01,1.018166110773007338e+00,1.000387280801167567e+00,6.665558707938423311e+00,9.240464405324594344e-01,1.023104251382158658e+00,6.019913046988104588e-01,1.398430916791788325e+00,8.920999914194041480e+00,-4.609186183149683279e-03,1.799539081381685079e+01,5.491639072801088872e+01,8.027001285881851800e-10,9.243248595806355183e+01,0.000000000000000000e+00,-3.139772604325397065e-02,8.404684414527664460e-01,1.774311068400303837e+00,1.924422414237778378e+00,1.900311068400294401e+00,9.948209952864422334e+00,3.824733482638072779e+00,6.123476470226349555e+00,7.967487368111983437e-02,2.999999999999999737e-04,1.259999999999905640e-01,3.000000000001040029e-04,3.172859013671308759e+01,1.006304059079393243e+00,2.203716444293104981e+00,2.201034983109993792e+00,2.203716444293104981e+00,5.080926392483202392e+01,1.016185278496640474e+08,1.100517491554996923e+02,2.201034983109993935e+08,2.437251417396739939e+01,1.852335272542991049e+02,9.017141301850142288e-01,1.210813518147117129e+01,1.138096261325587166e+00,4.990051602870304581e-01,1.802670721016782496e+00,1.185868131776300682e+00,5.763658940009072085e-01,1.042347612604982210e+00,3.483650466492773035e+01,1.784272540407300767e+00,1.260000000000000009e-01,1.910074447065555958e+01,9.017141295210663321e-01,1.180658089068089556e+00,1.047376677930309974e+00,1.080219019864820273e+00,1.080219019864820373e-05,1.080219019864842735e-05,4.839208550225412964e+00,1.383894982924372963e+00,1.102205897073873508e+00,9.341453444086056379e-01,1.358200333845776653e+00
5.400000000000000000e+02,3.750000000000000000e-01,2.078067722193593909e+03,1.455389788539567775e+01,3.120844931479975060e+01,4.719962153689788538e+05,1.364889105142317050e+01,7.201935217769952935e+00,2.329838855661343189e+01,2.034746760431556112e+00,2.452086308741349185e+01,8.104353054314627158e+00,1.398430916791784551e+00,6.019913046988145666e-01,9.760737791209376155e+02,-8.970778869499188346e+00,1.080219019864820273e+00,1.086805494756495571e+00,7.500000000000052180e-01,2.717013736891238929e-01,1.185868131776300238e+00,1.000000000000000000e+00,1.570074447065555923e+01,2.565323654479024995e+01,2.170137368912916642e-02,3.399999999999999911e+00,1.278802197664450357e+00,4.939519124917534754e+00,2.407965218795258266e+00,1.188666279273016926e+02,1.017338892269925132e+00,1.427842725404073008e+02,4.839208550225225558e+00,-1.927347170749271754e-13,2.151463686025922861e-19,-1.318389841742373392e-15,0.000000000000000000e+00,1.021701373689129166e+00,1.021701373689129166e+00,9.336950659840870248e-01,5.031520295396965103e-01,6.155355083215946488e-01,1.008094318145335233e+00,8.824259341751337082e-01,1.000000000000000000e+00,1.000000000000000000e+00,1.000000000000000000e+00,8.649354428444954168e-01,6.967300932985545647e-02,6.967300932985546069e+01,5.491639072720818859e+01,9.856785740503941629e-01,1.018166110773007338e+00,1.000387280801167567e+00,6.665558707938430416e+00,9.240464405324586572e-01,1.023104251382158658e+00,6.019913046988104588e-01,1.398430916791786549e+00,8.920999914194041480e+00,-4.609186183149650319e-03,1.799539081381685079e+01,5.491639072801089583e+01,8.027072340155427810e-10,9.243248595806358026e+01,0.000000000000000000e+00,-3.139772604325374861e-02,8.404684414527666680e-01,1.774311068400304281e+00,1.924422414237777934e+00,1.900311068400294845e+00,9.948209952864422334e+00,3.824733482638072779e+00,6.123476470226349555e+00,7.967487368111983437e-02,2.999999999999999737e-04,1.259999999999905640e-01,3.000000000000987987e-04,3.172859013671308048e+01,1.006304059079393021e+00,2.203716444293104981e+00,2.201034983109993348e+00,2.203716444293104981e+00,5.080926392483204523e+01,1.016185278496640921e+08,1.100517491554996639e+02,2.201034983109993339e+08,2.437251417396741715e+01,1.852335272542991333e+02,9.017141301850144508e-01,1.210813518147117129e+01,1.138096261325586944e+00,4.990051602870305691e-01,1.802670721016782496e+00,1.185868131776300238e+00,5.763658940009077636e-01,1.042347612604982210e+00,3.483650466492773035e+01,1.784272540407300767e+00,1.260000000000000009e-01,1.910074447065555958e+01,9.017141295210665541e-01,1.180658089068089556e+00,1.047376677930309752e+00,1.080219019864820273e+00,1.080219019864820373e-05,1.080219019864841887e-05,4.839208550225418293e+00,1.383894982924372963e+00,1.102205897073873508e+00,9.341453444086056379e-01,1.358200333845774654e+00
6.000000000000000000e+02,4.166666666666666852e-01,2.078067722193594363e+03,1.455389788539568130e+01,3.120844931479974704e+01,4.719962153689787956e+05,1.364889105142316694e+01,7.201935217769952047e+00,2.329838855661342478e+01,2.034746760431555668e+00,2.452086308741348475e+01,8.104353054314625382e+00,1.398430916791783885e+00,6.019913046988133454e-01,9.760737791209378429e+02,-8.970778869499222097e+00,1.080219019864820273e+00,1.086805494756495571e+00,7.500000000000052180e-01,2.717013736891238929e-01,1.185868131776300238e+00,1.000000000000000000e+00,1.570074447065555923e+01,2.565323654479024285e+01,2.170137368912916642e-02,3.399999999999999911e+00,1.278802197664450357e+00,4.939519124917534754e+00,2.407965218795253382e+00,1.188666279273016357e+02,1.017338892269925132e+00,1.427842725404073008e+02,4.839208550225225558e+00,-1.927347170749271754e-13,2.151463686025922861e-19,-1.294971074816686496e-15,0.000000000000000000e+00,1.021701373689129166e+00,1.021701373689129166e+00,9.336950659840869138e-01,5.031520295396963993e-01,6.155355083215946488e-01,1.008094318145335233e+00,8.824259341751337082e-01,1.000000000000000000e+00,1.000000000000000000e+00,1.000000000000000000e+00,8.649354428444954168e-01,6.967300932985545647e-02,6.967300932985546069e+01,5.491639072720819570e+01,9.856785740503941629e-01,1.018166110773007338e+00,1.000387280801167345e+00,6.665558707938430416e+00,9.240464405324582131e-01,1.023104251382158658e+00,6.019913046988104588e-01,1.398430916791786549e+00,8.920999914194041480e+00,-4.609186183149650319e-03,1.799539081381685079e+01,5.491639072801089583e+01,8.027001285881851800e-10,9.243248595806358026e+01,0.000000000000000000e+00,-3.139772604325374861e-02,8.404684414527666680e-01,1.774311068400304503e+00,1.924422414237777490e+00,1.900311068400295289e+00,9.948209952864422334e+00,3.824733482638072779e+00,6.123476470226349555e+00,7.967487368111983437e-02,2.999999999999999737e-04,1.259999999999907860e-01,3.000000000000927272e-04,3.172859013671307693e+01,1.006304059079392799e+00,2.203716444293104537e+00,2.201034983109993348e+00,2.203716444293104537e+00,5.080926392483203813e+01,1.016185278496640772e+08,1.100517491554996639e+02,2.201034983109993339e+08,2.437251417396741004e+01,1.852335272542991049e+02,9.017141301850145618e-01,1.210813518147117129e+01,1.138096261325586944e+00,4.990051602870306247e-01,1.802670721016782718e+00,1.185868131776300238e+00,5.763658940009077636e-01,1.042347612604982210e+00,3.483650466492773035e+01,1.784272540407300767e+00,1.260000000000000009e-01,1.910074447065555958e+01,9.017141295210666652e-01,1.180658089068089556e+00,1.047376677930309752e+00,1.080219019864820273e+00,1.080219019864820373e-05,1.080219019864841887e-05,4.839208550225418293e+00,1.383894982924372963e+00,1.102205897073873508e+00,9.341453444086056379e-01,1.358200333845774654e+00
6.600000000000000000e+02,4.583333333333333148e-01,2.078067722193594818e+03,1.455389788539568308e+01,3.120844931479973994e+01,4.719962153689787956e+05,1.364889105142316517e+01,7.201935217769950270e+00,2.329838855661342123e+01,2.034746760431555668e+00,2.452086308741348120e+01,8.104353054314623606e+00,1.398430916791782996e+00,6.019913046988121241e-01,9.760737791209380703e+02,-8.970778869499257624e+00,1.080219019864820273e+00,1.086805494756495571e+00,7.500000000000052180e-01,2.717013736891238929e-01,1.185868131776300238e+00,1.000000000000000000e+00,1.570074447065555923e+01,2.565323654479023929e+01,2.170137368912916642e-02,3.399999999999999911e+00,1.278802197664450357e+00,4.939519124917534754e+00,2.407965218795248497e+00,1.188666279273015505e+02,1.017338892269925132e+00,1.427842725404073008e+02,4.839208550225225558e+00,-1.927347170749271754e-13,2.151463686025922861e-19,-1.269817584415022793e-15,0.000000000000000000e+00,1.021701373689129166e+00,1.021701373689129166e+00,9.336950659840869138e-01,5.031520295396962883e-01,6.155355083215946488e-01,1.008094318145335233e+00,8.824259341751337082e-01,1.000000000000000000e+00,1.000000000000000000e+00,1.000000000000000000e+00,8.649354428444954168e-01,6.967300932985545647e-02,6.967300932985546069e+01,5.491639072720819570e+01,9.856785740503941629e-01,1.018166110773007338e+00,1.000387280801167345e+00,6.665558707938430416e+00,9.240464405324576580e-01,1.023104251382158658e+00,6.019913046988104588e-01,1.398430916791785883e+00,8.920999914194041480e+00,-4.609186183149650319e-03,1.799539081381685079e+01,5.491639072801089583e+01,8.027001285881851800e-10,9.243248595806358026e+01,0.000000000000000000e+00,-3.139772604325374861e-02,8.404684414527666680e-01,1.774311068400304725e+00,1.924422414237777046e+00,1.900311068400295733e+00,9.948209952864422334e+00,3.824733482638072779e+00,6.123476470226349555e+00,7.967487368111982049e-02,2.999999999999999737e-04,1.259999999999910081e-01,3.000000000000866557e-04,3.172859013671306982e+01,1.006304059079392577e+00,2.203716444293104093e+00,2.201034983109993348e+00,2.203716444293104093e+00,5.080926392483203102e+01,1.016185278496640623e+08,1.100517491554996639e+02,2.201034983109993339e+08,2.437251417396740649e+01,1.852335272542990765e+02,9.017141301850147839e-01,1.210813518147117129e+01,1.138096261325586944e+00,4.990051602870306802e-01,1.802670721016783162e+00,1.185868131776300238e+00,5.763658940009077636e-01,1.042347612604982210e+00,3.483650466492773035e+01,1.784272540407300767e+00,1.260000000000000009e-01,1.910074447065555958e+01,9.017141295210668872e-01,1.180658089068089556e+00,1.047376677930309752e+00,1.080219019864820273e+00,1.080219019864820373e-05,1.080219019864841887e-05,4.839208550225418293e+00,1.383894982924372963e+00,1.102205897073873064e+00,9.341453444086056379e-01,1.358200333845774654e+00
7.200000000000000000e+02,5.000000000000000000e-01,2.078067722193595273e+03,1.455389788539568663e+01,3.120844931479973283e+01,4.719962153689787956e+05,1.364889105142316161e+01,7.201935217769949382e+00,2.329838855661341768e+01,2.034746760431555224e+00,2.452086308741347764e+01,8.104353054314621829e+00,1.398430916791782330e+00,6.019913046988109029e-01,9.760737791209382976e+02,-8.970778869499291375e+00,1.080219019864820273e+00,1.086805494756494905e+00,7.500000000000045519e-01,2.717013736891237263e-01,1.185868131776299350e+00,1.000000000000000000e+00,1.570074447065554679e+01,2.565323654479023574e+01,2.170137368912827824e-02,3.399999999999999911e+00,1.278802197664449025e+00,4.939519124917535642e+00,2.407965218795243612e+00,1.188666279273014936e+02,1.017338892269925132e+00,1.427842725404073008e+02,4.839208550225230887e+00,-1.882938249764265493e-13,1.863472483959460746e-19,-1.024354212564304589e-15,0.000000000000000000e+00,1.021701373689128278e+00,1.021701373689128278e+00,9.336950659840866917e-01,5.031520295396962883e-01,6.155355083215945378e-01,1.008094318145335233e+00,8.824259341751335972e-01,1.000000000000000000e+00,1.000000000000000000e+00,1.000000000000000000e+00,8.649354428444953058e-01,6.967300932985558137e-02,6.967300932985557438e+01,5.491639072720819570e+01,9.856785740503941629e-01,1.018166110773007338e+00,1.000387280801167122e+00,6.665558707938431304e+00,9.240464405324571029e-01,1.023104251382158658e+00,6.019913046988100147e-01,1.398430916791783218e+00,8.920999914194055691e+00,-4.609186183149488122e-03,1.799539081381685079e+01,5.491639072801090293e+01,8.027072340155427810e-10,9.243248595806362289e+01,0.000000000000000000e+00,-3.139772604325263838e-02,8.404684414527677783e-01,1.774311068400308056e+00,1.924422414237781043e+00,1.900311068400299730e+00,9.948209952864440098e+00,3.824733482638080773e+00,6.123476470226359325e+00,7.967487368111993151e-02,2.999999999999999737e-04,1.259999999999916742e-01,3.000000000000814515e-04,3.172859013671306272e+01,1.006304059079392577e+00,2.203716444293104093e+00,2.201034983109992904e+00,2.203716444293104093e+00,5.080926392483208787e+01,1.016185278496641815e+08,1.100517491554996496e+02,2.201034983109993041e+08,2.437251417396740294e+01,1.852335272542991333e+02,9.017141301850148949e-01,1.210813518147116064e+01,1.138096261325586722e+00,4.990051602870307912e-01,1.802670721016781163e+00,1.185868131776299350e+00,5.763658940009083187e-01,1.042347612604983542e+00,3.483650466492778719e+01,1.784272540407300767e+00,1.260000000000000009e-01,1.910074447065554537e+01,9.017141295210669982e-01,1.180658089068088445e+00,1.047376677930309530e+00,1.080219019864820273e+00,1.080219019864820373e-05,1.080219019864839008e-05,4.839208550225419181e+00,1.383894982924372519e+00,1.102205897073873064e+00,9.341453444086056379e-01,1.358200333845772212e+00
7.800000000000000000e+02,5.416666666666666297e-01,2.078067722193595728e+03,1.455389788539569018e+01,3.120844931479972928e+01,4.719962153689787956e+05,1.364889105142315984e+01,7.201935217769947606e+00,2.329838855661341412e+01,2.034746760431554780e+00,2.452086308741347054e+01,8.104353054314620053e+00,1.398430916791781664e+00,6.019913046988096816e-01,9.760737791209385250e+02,-8.970778869499326902e+00,1.080219019864820273e+00,1.086805494756494683e+00,7.500000000000044409e-01,2.717013736891236708e-01,1.185868131776298906e+00,1.000000000000000000e+00,1.570074447065554324e+01,2.565323654479022863e+01,2.170137368912805620e-02,3.399999999999999911e+00,1.278802197664448359e+00,4.939519124917536530e+00,2.407965218795238727e+00,1.188666279273014368e+02,1.017338892269925132e+00,1.427842725404073008e+02,4.839208550225233552e+00,-1.909583602355269250e-13,1.727947212398772692e-19,-8.881784197001252323e-16,0.000000000000000000e+00,1.021701373689128056e+00,1.021701373689128056e+00,9.336950659840864697e-01,5.031520295396961773e-01,6.155355083215945378e-01,1.008094318145335233e+00,8.824259341751335972e-01,1.000000000000000000e+00,1.000000000000000000e+00,1.000000000000000000e+00,8.649354428444953058e-01,6.967300932985558137e-02,6.967300932985557438e+01,5.491639072720817438e+01,9.856785740503939408e-01,1.018166110773007338e+00,1.000387280801167122e+00,6.665558707938437522e+00,9.240464405324565478e-01,1.023104251382158658e+00,6.019913046988099037e-01,1.398430916791781664e+00,8.920999914194055691e+00,-4.609186183149406590e-03,1.799539081381685079e+01,5.491639072801091004e+01,8.027356557249731850e-10,9.243248595806365131e+01,0.000000000000000000e+00,-3.139772604325208327e-02,8.404684414527683334e-01,1.774311068400308056e+00,1.924422414237780599e+00,1.900311068400300174e+00,9.948209952864440098e+00,3.824733482638080773e+00,6.123476470226359325e+00,7.967487368111993151e-02,2.999999999999999737e-04,1.259999999999921183e-01,3.000000000000762473e-04,3.172859013671305917e+01,1.006304059079392355e+00,2.203716444293104093e+00,2.201034983109992460e+00,2.203716444293104093e+00,5.080926392483215892e+01,1.016185278496643156e+08,1.100517491554996212e+02,2.201034983109992445e+08,2.437251417396743847e+01,1.852335272542991902e+02,9.017141301850151169e-01,1.210813518147116064e+01,1.138096261325586500e+00,4.990051602870307912e-01,1.802670721016781386e+00,1.185868131776298906e+00,5.763658940009094289e-01,1.042347612604983542e+00,3.483650466492778719e+01,1.784272540407300767e+00,1.260000000000000009e-01,1.910074447065554182e+01,9.017141295210672203e-01,1.180658089068088445e+00,1.047376677930309308e+00,1.080219019864820273e+00,1.080219019864820373e-05,1.080219019864837652e-05,4.839208550225424510e+00,1.383894982924372297e+00,1.102205897073873064e+00,9.341453444086056379e-01,1.358200333845770658e+00
8.400000000000000000e+02,5.833333333333333703e-01,2.078067722193595728e+03,1.455389788539569373e+01,3.120844931479972217e+01,4.719962153689787374e+05,1.364889105142315806e+01,7.201935217769946718e+00,2.329838855661341057e+01,2.034746760431554335e+00,2.452086308741346699e+01,8.104353054314618277e+00,1.398430916791780776e+00,6.019913046988083494e-01,9.760737791209387524e+02,-8.970778869499360653e+00,1.080219019864820273e+00,1.086805494756494683e+00,7.500000000000044409e-01,2.717013736891236708e-01,1.185868131776298906e+00,1.000000000000000000e+00,1.570074447065554324e+01,2.565323654479022508e+01,2.170137368912805620e-02,3.399999999999999911e+00,1.278802197664448359e+00,4.939519124917536530e+00,2.407965218795233397e+00,1.188666279273013657e+02,1.017338892269925132e+00,1.427842725404072723e+02,4.839208550225233552e+00,-1.909583602355269250e-13,1.727947212398772692e-19,-8.647596527744383366e-16,0.000000000000000000e+00,1.021701373689128056e+00,1.021701373689128056e+00,9.336950659840864697e-01,5.031520295396960663e-01,6.155355083215945378e-01,1.008094318145335233e+00,8.824259341751335972e-01,1.000000000000000000e+00,1.000000000000000000e+00,1.000000000000000000e+00,8.649354428444953058e-01,6.967300932985558137e-02,6.967300932985557438e+01,5.491639072720819570e+01,9.856785740503939408e-01,1.018166110773007338e+00,1.000387280801167122e+00,6.665558707938437522e+00,9.240464405324558816e-01,1.023104251382158658e+00,6.019913046988004668e-01,1.398430916791784329e+00,8.920999914194055691e+00,-4.609186183149406590e-03,1.799539081381685079e+01,5.491639072801091004e+01,8.027143394429003820e-10,9.243248595806365131e+01,0.000000000000000000e+00,-3.139772604325208327e-02,8.404684414527683334e-01,1.774311068400308056e+00,1.924422414237779710e+00,1.900311068400300174e+00,9.948209952864438321e+00,3.824733482638079884e+00,6.123476470226358437e+00,7.967487368111993151e-02,2.999999999999999737e-04,1.259999999999921183e-01,3.000000000000693084e-04,3.172859013671304851e+01,1.006304059079392133e+00,2.203716444293103649e+00,2.201034983109992460e+00,2.203716444293103649e+00,5.080926392483212339e+01,1.016185278496642411e+08,1.100517491554996212e+02,2.201034983109992445e+08,2.437251417396742781e+01,1.852335272542991618e+02,9.017141301850152280e-01,1.210813518147116064e+01,1.138096261325586500e+00,4.990051602870308467e-01,1.802670721016781608e+00,1.185868131776298906e+00,5.763658940009094289e-01,1.042347612604983098e+00,3.483650466492778719e+01,1.784272540407272345e+00,1.260000000000000009e-01,1.910074447065554182e+01,9.017141295210673313e-01,1.180658089068088445e+00,1.047376677930309308e+00,1.080219019864820273e+00,1.080219019864820373e-05,1.080219019864837652e-05,4.839208550225424510e+00,1.383894982924372297e+00,1.102205897073873064e+00,9.341453444086074143e-01,1.358200333845770658e+00
9.000000000000000000e+02,6.250000000000000000e-01,2.078067722193596182e+03,1.455389788539569551e+01,3.120844931479971862e+01,4.719962153689787374e+05,1.364889105142315451e+01,7.201935217769945830e+00,2.329838855661340347e+01,2.034746760431553891e+00,2.452086308741345988e+01,8.104353054314618277e+00,1.398430916791780110e+00,6.019913046988071281e-01,9.760737791209389798e+02,-8.970778869499396180e+00,1.080219019864820273e+00,1.086805494756494239e+00,7.500000000000039968e-01,2.717013736891235598e-01,1.185868131776298462e+00,1.000000000000000000e+00,1.570074447065553613e+01,2.565323654479021798e+01,2.170137368912761211e-02,3.399999999999999911e+00,1.278802197664447693e+00,4.939519124917537418e+00,2.407965218795228513e+00,1.188666279273013089e+02,1.017338892269926909e+00,1.427842725404072723e+02,4.839208550225237104e+00,-1.900701818158267997e-13,1.558540622947912624e-19,-7.294512216482473832e-16,0.000000000000000000e+00,1.021701373689127612e+00,1.021701373689127612e+00,9.336950659840862476e-01,5.031520295396960663e-01,6.155355083215945378e-01,1.008094318145335233e+00,8.824259341751335972e-01,1.000000000000000000e+00,1.000000000000000000e+00,1.000000000000000000e+00,8.649354428444953058e-01,6.967300932985570627e-02,6.967300932985570228e+01,5.491639072720818149e+01,9.856785740503939408e-01,1.018166110773007116e+00,1.000387280801167122e+00,6.665558707938441962e+00,9.240464405324554376e-01,1.023104251382158658e+00,6.019913046988002447e-01,1.398430916791782330e+00,8.920999914194069902e+00,-4.609186183149325058e-03,1.799539081381685079e+01,5.491639072801091714e+01,8.027356557249731850e-10,9.243248595806367973e+01,0.000000000000000000e+00,-3.139772604325152816e-02,8.404684414527688885e-01,1.774311068400310942e+00,1.924422414237783263e+00,1.900311068400303727e+00,9.948209952864456085e+00,3.824733482638086990e+00,6.123476470226369095e+00,7.967487368112002866e-02,2.999999999999999737e-04,1.259999999999927844e-01,3.000000000000641043e-04,3.172859013671304496e+01,1.006304059079392133e+00,2.203716444293103205e+00,2.201034983109992016e+00,2.203716444293103205e+00,5.080926392483220866e+01,1.016185278496644199e+08,1.100517491554996070e+02,2.201034983109992146e+08,2.437251417396743847e+01,1.852335272542992470e+02,9.017141301850154500e-01,1.210813518147114998e+01,1.138096261325586278e+00,4.990051602870307912e-01,1.802670721016780053e+00,1.185868131776298462e+00,5.763658940009099840e-01,1.042347612604984430e+00,3.483650466492784403e+01,1.784272540407272345e+00,1.260000000000000009e-01,1.910074447065553471e+01,9.017141295210675533e-01,1.180658089068087335e+00,1.047376677930309308e+00,1.080219019864820273e+00,1.080219019864820373e-05,1.080219019864835958e-05,4.839208550225427174e+00,1.383894982924372297e+00,1.102205897073873064e+00,9.341453444086074143e-01,1.358200333845768659e+00
9.600000000000000000e+02,6.666666666666666297e-01,2.078067722193596637e+03,1.455389788539569906e+01,3.120844931479971152e+01,4.719962153689787374e+05,1.364889105142315273e+01,7.201935217769944053e+00,2.329838855661339991e+01,2.034746760431553891e+00,2.452086308741345633e+01,8.104353054314616500e+00,1.398430916791779444e+00,6.019913046988059069e-01,9.760737791209392071e+02,-8.970778869499429931e+00,1.080219019864820273e+00,1.086805494756494239e+00,7.500000000000039968e-01,2.717013736891235598e-01,1.185868131776298462e+00,1.000000000000000000e+00,1.570074447065553613e+01,2.565323654479021087e+01,2.170137368912761211e-02,3.399999999999999911e+00,1.278802197664447693e+00,4.939519124917537418e+00,2.407965218795223628e+00,1.188666279273012520e+02,1.017338892269926909e+00,1.427842725404072723e+02,4.839208550225237104e+00,-1.900701818158267997e-13,1.558540622947912624e-19,-7.051650929845720839e-16,0.000000000000000000e+00,1.021701373689127612e+00,1.021701373689127612e+00,9.336950659840862476e-01,5.031520295396960663e-01,6.155355083215945378e-01,1.008094318145335233e+00,8.824259341751335972e-01,1.000000000000000000e+00,1.000000000000000000e+00,1.000000000000000000e+00,8.649354428444953058e-01,6.967300932985570627e-02,6.967300932985570228e+01,5.491639072720818149e+01,9.856785740503939408e-01,1.018166110773007116e+00,1.000387280801167122e+00,6.665558707938441962e+00,9.240464405324547714e-01,1.023104251382158658e+00,6.019913046988002447e-01,1.398430916791782330e+00,8.920999914194069902e+00,-4.609186183149325058e-03,1.799539081381685079e+01,5.491639072801091714e+01,8.027356557249731850e-10,9.243248595806367973e+01,0.000000000000000000e+00,-3.139772604325152816e-02,8.404684414527688885e-01,1.774311068400310942e+00,1.924422414237783263e+00,1.900311068400303727e+00,9.948209952864456085e+00,3.824733482638086990e+00,6.123476470226369095e+00,7.967487368112002866e-02,2.999999999999999737e-04,1.259999999999927844e-01,3.000000000000580327e-04,3.172859013671303785e+01,1.006304059079392133e+00,2.203716444293102761e+00,2.201034983109991572e+00,2.203716444293102761e+00,5.080926392483219445e+01,1.016185278496643901e+08,1.100517491554995786e+02,2.201034983109991550e+08,2.437251417396743491e+01,1.852335272542991902e+02,9.017141301850157831e-01,1.210813518147114998e+01,1.138096261325586278e+00,4.990051602870309577e-01,1.802670721016780719e+00,1.185868131776298462e+00,5.763658940009099840e-01,1.042347612604984430e+00,3.483650466492784403e+01,1.784272540407272345e+00,1.260000000000000009e-01,1.910074447065553471e+01,9.017141295210678864e-01,1.180658089068087335e+00,1.047376677930309308e+00,1.080219019864820273e+00,1.080219019864820373e-05,1.080219019864835958e-05,4.839208550225427174e+00,1.383894982924372297e+00,1.102205897073873064e+00,9.341453444086074143e-01,1.358200333845768659e+00
1.020000000000000000e+03,7.083333333333333703e-01,2.078067722193597092e+03,1.455389788539570262e+01,3.120844931479970441e+01,4.719962153689787374e+05,1.364889105142315096e+01,7.201935217769943165e+00,2.329838855661339636e+01,2.034746760431553447e+00,2.452086308741345277e+01,8.104353054314614724e+00,1.398430916791778555e+00,6.019913046988046856e-01,9.760737791209394345e+02,-8.970778869499463681e+00,1.080219019864820273e+00,1.086805494756493795e+00,7.500000000000037748e-01,2.717013736891234488e-01,1.185868131776297574e+00,1.000000000000000000e+00,1.570074447065552903e+01,2.565323654479020732e+01,2.170137368912716802e-02,3.399999999999999911e+00,1.278802197664446361e+00,4.939519124917538306e+00,2.407965218795218743e+00,1.188666279273011810e+02,1.017338892269926909e+00,1.427842725404072723e+02,4.839208550225240657e+00,-1.900701818158267997e-13,1.372193374551966549e-19,-5.256212132209725496e-16,0.000000000000000000e+00,1.021701373689127168e+00,1.021701373689127168e+00,9.336950659840860256e-01,5.031520295396959552e-01,6.155355083215943157e-01,1.008094318145335233e+00,8.824259341751335972e-01,1.000000000000000000e+00,1.000000000000000000e+00,1.000000000000000000e+00,8.649354428444950837e-01,6.967300932985570627e-02,6.967300932985570228e+01,5.491639072720823123e+01,9.856785740503939408e-01,1.018166110773007116e+00,1.000387280801166900e+00,6.665558707938446403e+00,9.240464405324543273e-01,1.023104251382158658e+00,6.019913046988000227e-01,1.398430916791779888e+00,8.920999914194069902e+00,-4.609186183149210567e-03,1.799539081381685079e+01,5.491639072801091714e+01,8.026859177334699780e-10,9.243248595806372236e+01,0.000000000000000000e+00,-3.139772604325075100e-02,8.404684414527696656e-01,1.774311068400312053e+00,1.924422414237784373e+00,1.900311068400305281e+00,9.948209952864456085e+00,3.824733482638089654e+00,6.123476470226366430e+00,7.967487368112002866e-02,2.999999999999999737e-04,1.259999999999932285e-01,3.000000000000528286e-04,3.172859013671303074e+01,1.006304059079391910e+00,2.203716444293102317e+00,2.201034983109991572e+00,2.203716444293102317e+00,5.080926392483215892e+01,1.016185278496643156e+08,1.100517491554995786e+02,2.201034983109991550e+08,2.437251417396740294e+01,1.852335272542991333e+02,9.017141301850158941e-01,1.210813518147114465e+01,1.138096261325586056e+00,4.990051602870312908e-01,1.802670721016780053e+00,1.185868131776297574e+00,5.763658940009099840e-01,1.042347612604984874e+00,3.483650466492784403e+01,1.784272540407272345e+00,1.260000000000000009e-01,1.910074447065552761e+01,9.017141295210679974e-01,1.180658089068086891e+00,1.047376677930309086e+00,1.080219019864820273e+00,1.080219019864820373e-05,1.080219019864834095e-05,4.839208550225430727e+00,1.383894982924371853e+00,1.102205897073873064e+00,9.341453444086074143e-01,1.358200333845766217e+00
1.080000000000000000e+03,7.500000000000000000e-01,2.078067722193597547e+03,1.455389788539570617e+01,3.120844931479970086e+01,4.719962153689787374e+05,1.364889105142314740e+01,7.201935217769941389e+00,2.329838855661339281e+01,2.034746760431553003e+00,2.452086308741344567e+01,8.104353054314612947e+00,1.398430916791777889e+00,6.019913046988034644e-01,9.760737791209395482e+02,-8.970778869499499208e+00,1.080219019864820273e+00,1.086805494756493795e+00,7.500000000000037748e-01,2.717013736891234488e-01,1.185868131776297574e+00,1.000000000000000000e+00,1.570074447065552903e+01,2.565323654479020021e+01,2.170137368912716802e-02,3.399999999999999911e+00,1.278802197664446361e+00,4.939519124917538306e+00,2.407965218795213858e+00,1.188666279273011241e+02,1.017338892269926909e+00,1.427842725404072723e+02,4.839208550225240657e+00,-1.900701818158267997e-13,1.372193374551966549e-19,-5.004677228193088467e-16,0.000000000000000000e+00,1.021701373689127168e+00,1.021701373689127168e+00,9.336950659840859146e-01,5.031520295396958442e-01,6.155355083215943157e-01,1.008094318145335233e+00,8.824259341751335972e-01,1.000000000000000000e+00,1.000000000000000000e+00,1.000000000000000000e+00,8.649354428444950837e-01,6.967300932985570627e-02,6.967300932985570228e+01,5.491639072720822412e+01,9.856785740503938298e-01,1.018166110773007116e+00,1.000387280801166900e+00,6.665558707938446403e+00,9.240464405324536612e-01,1.023104251382158658e+00,6.019913046988000227e-01,1.398430916791779888e+00,8.920999914194069902e+00,-4.609186183149210567e-03,1.799539081381685079e+01,5.491639072801091714e+01,8.026930231608275790e-10,9.243248595806372236e+01,0.000000000000000000e+00,-3.139772604325075100e-02,8.404684414527696656e-01,1.774311068400312275e+00,1.924422414237783929e+00,1.900311068400305725e+00,9.948209952864456085e+00,3.824733482638089654e+00,6.123476470226366430e+00,7.967487368112002866e-02,2.999999999999999737e-04,1.259999999999934506e-01,3.000000000000467570e-04,3.172859013671302719e+01,1.006304059079391688e+00,2.203716444293102317e+00,2.201034983109991128e+00,2.203716444293102317e+00,5.080926392483215892e+01,1.016185278496643156e+08,1.100517491554995644e+02,2.201034983109991252e+08,2.437251417396740294e+01,1.852335272542991049e+02,9.017141301850161161e-01,1.210813518147114465e+01,1.138096261325586056e+00,4.990051602870314018e-01,1.802670721016780497e+00,1.185868131776297574e+00,5.763658940009099840e-01,1.042347612604984874e+00,3.483650466492784403e+01,1.784272540407272345e+00,1.260000000000000009e-01,1.910074447065552761e+01,9.017141295210682195e-01,1.180658089068086891e+00,1.047376677930309086e+00,1.080219019864820273e+00,1.080219019864820373e-05,1.080219019864834095e-05,4.839208550225430727e+00,1.383894982924371853e+00,1.102205897073873064e+00,9.341453444086074143e-01,1.358200333845766217e+00
1.140000000000000000e+03,7.916666666666666297e-01,2.078067722193598001e+03,1.455389788539570972e+01,3.120844931479969375e+01,4.719962153689786792e+05,1.364889105142314563e+01,7.201935217769940500e+00,2.329838855661338926e+01,2.034746760431552559e+00,2.452086308741344212e+01,8.104353054314611171e+00,1.398430916791777223e+00,6.019913046988021321e-01,9.760737791209397756e+02,-8.970778869499532959e+00,1.080219019864820273e+00,1.086805494756493351e+00,7.500000000000033307e-01,2.717013736891233378e-01,1.185868131776296908e+00,1.000000000000000000e+00,1.570074447065552192e+01,2.565323654479019666e+01,2.170137368912672393e-02,3.399999999999999911e+00,1.278802197664445472e+00,4.939519124917539195e+00,2.407965218795208528e+00,1.188666279273010673e+02,1.017338892269926909e+00,1.427842725404072723e+02,4.839208550225245098e+00,-1.882938249764265493e-13,1.135024149320762454e-19,-3.217912047936977160e-16,0.000000000000000000e+00,1.021701373689126724e+00,1.021701373689126724e+00,9.336950659840859146e-01,5.031520295396958442e-01,6.155355083215943157e-01,1.008094318145335233e+00,8.824259341751335972e-01,1.000000000000000000e+00,1.000000000000000000e+00,1.000000000000000000e+00,8.649354428444950837e-01,6.967300932985570627e-02,6.967300932985570228e+01,5.491639072720824544e+01,9.856785740503938298e-01,1.018166110773007116e+00,1.000387280801166900e+00,6.665558707938450844e+00,9.240464405324531061e-01,1.023104251382158436e+00,6.019913046987998007e-01,1.398430916791777001e+00,8.920999914194069902e+00,-4.609186183149096942e-03,1.799539081381685079e+01,5.491639072801092425e+01,8.026788123061123770e-10,9.243248595806376500e+01,0.000000000000000000e+00,-3.139772604324997385e-02,8.404684414527704428e-01,1.774311068400312275e+00,1.924422414237783929e+00,1.900311068400305725e+00,9.948209952864456085e+00,3.824733482638089654e+00,6.123476470226366430e+00,7.967487368112002866e-02,2.999999999999999737e-04,1.259999999999934506e-01,3.000000000000406855e-04,3.172859013671302364e+01,1.006304059079391688e+00,2.203716444293102317e+00,2.201034983109990684e+00,2.203716444293102317e+00,5.080926392483215892e+01,1.016185278496643156e+08,1.100517491554995360e+02,2.201034983109990656e+08,2.437251417396740294e+01,1.852335272542990765e+02,9.017141301850162272e-01,1.210813518147114465e+01,1.138096261325585612e+00,4.990051602870316794e-01,1.802670721016779831e+00,1.185868131776296908e+00,5.763658940009105391e-01,1.042347612604984874e+00,3.483650466492784403e+01,1.784272540407272345e+00,1.260000000000000009e-01,1.910074447065552050e+01,9.017141295210683305e-01,1.180658089068086891e+00,1.047376677930308642e+00,1.080219019864820273e+00,1.080219019864820373e-05,1.080219019864831723e-05,4.839208550225433392e+00,1.383894982924371853e+00,1.102205897073872620e+00,9.341453444086074143e-01,1.358200333845763996e+00
1.200000000000000000e+03,8.333333333333333703e-01,2.078067722193598456e+03,1.455389788539571150e+01,3.120844931479969020e+01,4.719962153689786792e+05,1.364889105142314385e+01,7.201935217769939612e+00,2.329838855661338215e+01,2.034746760431552115e+00,2.452086308741343856e+01,8.104353054314609395e+00,1.398430916791776335e+00,6.019913046988009109e-01,9.760737791209400029e+02,-8.970778869499568486e+00,1.080219019864820273e+00,1.086805494756493351e+00,7.500000000000032196e-01,2.717013736891233378e-01,1.185868131776297130e+00,1.000000000000000000e+00,1.570074447065551837e+01,2.565323654479019311e+01,2.170137368912650189e-02,3.399999999999999911e+00,1.278802197664445695e+00,4.939519124917539195e+00,2.407965218795203644e+00,1.188666279273009820e+02,1.017338892269926909e+00,1.427842725404072723e+02,4.839208550225245098e+00,-1.874056465567264240e-13,1.135024149320762454e-19,-2.966377143920340131e-16,0.000000000000000000e+00,1.021701373689126502e+00,1.021701373689126502e+00,9.336950659840856925e-01,5.031520295396957332e-01,6.155355083215943157e-01,1.008094318145335233e+00,8.824259341751335972e-01,1.000000000000000000e+00,1.000000000000000000e+00,1.000000000000000000e+00,8.649354428444950837e-01,6.967300932985578954e-02,6.967300932985578754e+01,5.491639072720820280e+01,9.856785740503938298e-01,1.018166110773007116e+00,1.000387280801166678e+00,6.665558707938449068e+00,9.240464405324525510e-01,1.023104251382158436e+00,6.019913046987996896e-01,1.398430916791777445e+00,8.920999914194084113e+00,-4.609186183149096942e-03,1.799539081381685079e+01,5.491639072801093135e+01,8.027285502976155840e-10,9.243248595806375079e+01,0.000000000000000000e+00,-3.139772604324997385e-02,8.404684414527704428e-01,1.774311068400314273e+00,1.924422414237785706e+00,1.900311068400308390e+00,9.948209952864468519e+00,3.824733482638094095e+00,6.123476470226374424e+00,7.967487368112008417e-02,2.999999999999999737e-04,1.259999999999941167e-01,3.000000000000346140e-04,3.172859013671302009e+01,1.006304059079391466e+00,2.203716444293101873e+00,2.201034983109990684e+00,2.203716444293101873e+00,5.080926392483223708e+01,1.016185278496644795e+08,1.100517491554995360e+02,2.201034983109990656e+08,2.437251417396742426e+01,1.852335272542991902e+02,9.017141301850162272e-01,1.210813518147114110e+01,1.138096261325585612e+00,4.990051602870312908e-01,1.802670721016779165e+00,1.185868131776297130e+00,5.763658940009110943e-01,1.042347612604985541e+00,3.483650466492789377e+01,1.784272540407272345e+00,1.260000000000000009e-01,1.910074447065551695e+01,9.017141295210683305e-01,1.180658089068086447e+00,1.047376677930308642e+00,1.080219019864820273e+00,1.080219019864820373e-05,1.080219019864831723e-05,4.839208550225432504e+00,1.383894982924371631e+00,1.102205897073872620e+00,9.341453444086074143e-01,1.358200333845764440e+00
1.260000000000000000e+03,8.750000000000000000e-01,2.078067722193598911e+03,1.455389788539571505e+01,3.120844931479968665e+01,4.719962153689786792e+05,1.364889105142314207e+01,7.201935217769938724e+00,2.329838855661337860e+01,2.034746760431552115e+00,2.452086308741343146e+01,8.104353054314607618e+00,1.398430916791775225e+00,6.019913046988003558e-01,9.760737791209402303e+02,-8.970778869499589803e+00,1.080219019864820273e+00,1.086805494756492907e+00,7.500000000000029976e-01,2.717013736891232267e-01,1.185868131776296241e+00,1.000000000000000000e+00,1.570074447065551659e+01,2.565323654479018600e+01,2.170137368912627984e-02,3.399999999999999911e+00,1.278802197664444362e+00,4.939519124917540083e+00,2.407965218795201423e+00,1.188666279273008968e+02,1.017338892269926909e+00,1.427842725404072723e+02,4.839208550225247762e+00,-1.891820033961266745e-13,9.994988777600744001e-20,-1.934216675714139910e-16,0.000000000000000000e+00,1.021701373689126280e+00,1.021701373689126280e+00,9.336950659840856925e-01,5.031520295396956222e-01,6.155355083215943157e-01,1.008094318145335233e+00,8.824259341751335972e-01,1.000000000000000000e+00,1.000000000000000000e+00,1.000000000000000000e+00,8.649354428444950837e-01,6.967300932985578954e-02,6.967300932985578754e+01,5.491639072720823833e+01,9.856785740503938298e-01,1.018166110773007116e+00,1.000387280801166678e+00,6.665558707938454397e+00,9.240464405324522179e-01,1.023104251382158436e+00,6.019913046987995786e-01,1.398430916791774559e+00,8.920999914194084113e+00,-4.609186183149031023e-03,1.799539081381685079e+01,5.491639072801093846e+01,8.027001285881851800e-10,9.243248595806379342e+01,0.000000000000000000e+00,-3.139772604324952976e-02,8.404684414527708869e-01,1.774311068400314717e+00,1.924422414237785262e+00,1.900311068400308834e+00,9.948209952864468519e+00,3.824733482638094095e+00,6.123476470226374424e+00,7.967487368112008417e-02,2.999999999999999737e-04,1.259999999999941167e-01,3.000000000000328793e-04,3.172859013671301653e+01,1.006304059079391244e+00,2.203716444293101429e+00,2.201034983109990684e+00,2.203716444293101429e+00,5.080926392483222287e+01,1.016185278496644497e+08,1.100517491554995360e+02,2.201034983109990656e+08,2.437251417396742426e+01,1.852335272542991618e+02,9.017141301850165602e-01,1.210813518147114110e+01,1.138096261325585612e+00,4.990051602870316239e-01,1.802670721016779831e+00,1.185868131776296241e+00,5.763658940009116494e-01,1.042347612604985541e+00,3.483650466492789377e+01,1.784272540407272345e+00,1.260000000000000009e-01,1.910074447065551695e+01,9.017141295210686636e-01,1.180658089068086447e+00,1.047376677930308642e+00,1.080219019864820273e+00,1.080219019864820373e-05,1.080219019864830368e-05,4.839208550225436944e+00,1.383894982924371631e+00,1.102205897073872398e+00,9.341453444086074143e-01,1.358200333845761998e+00
1.320000000000000000e+03,9.166666666666666297e-01,2.078067722193599366e+03,1.455389788539571505e+01,3.120844931479967599e+01,4.719962153689786792e+05,1.364889105142313319e+01,7.201935217769934283e+00,2.329838855661336794e+01,2.034746760431551227e+00,2.452086308741342791e+01,8.104353054314607618e+00,1.398430916791773448e+00,6.019913046988010219e-01,9.760737791209403440e+02,-8.970778869499598684e+00,1.080219019864820273e+00,1.086805494756492907e+00,7.500000000000029976e-01,2.717013736891232267e-01,1.185868131776296241e+00,1.000000000000000000e+00,1.570074447065551659e+01,2.565323654479018245e+01,2.170137368912627984e-02,3.399999999999999911e+00,1.278802197664444362e+00,4.939519124917540083e+00,2.407965218795204088e+00,1.188666279273007405e+02,1.017338892269926909e+00,1.427842725404073008e+02,4.839208550225247762e+00,-1.891820033961266745e-13,9.994988777600744001e-20,-1.873501354054951662e-16,0.000000000000000000e+00,1.021701373689126280e+00,1.021701373689126280e+00,9.336950659840855815e-01,5.031520295396954001e-01,6.155355083215943157e-01,1.008094318145335233e+00,8.824259341751335972e-01,1.000000000000000000e+00,1.000000000000000000e+00,1.000000000000000000e+00,8.649354428444950837e-01,6.967300932985578954e-02,6.967300932985578754e+01,5.491639072720825254e+01,9.856785740503937188e-01,1.018166110773007116e+00,1.000387280801166678e+00,6.665558707938454397e+00,9.240464405324525510e-01,1.023104251382158436e+00,6.019913046988091265e-01,1.398430916791771894e+00,8.920999914194084113e+00,-4.609186183149031023e-03,1.799539081381685079e+01,5.491639072801093135e+01,8.026788123061123770e-10,9.243248595806379342e+01,0.000000000000000000e+00,-3.139772604324952976e-02,8.404684414527708869e-01,1.774311068400315827e+00,1.924422414237784817e+00,1.900311068400310166e+00,9.948209952864470296e+00,3.824733482638094983e+00,6.123476470226375312e+00,7.967487368112008417e-02,2.999999999999999737e-04,1.259999999999943388e-01,3.000000000000354813e-04,3.172859013671300588e+01,1.006304059079390800e+00,2.203716444293101429e+00,2.201034983109990240e+00,2.203716444293101429e+00,5.080926392483218734e+01,1.016185278496643752e+08,1.100517491554995217e+02,2.201034983109990358e+08,2.437251417396739939e+01,1.852335272542991049e+02,9.017141301850167823e-01,1.210813518147113754e+01,1.138096261325585612e+00,4.990051602870317904e-01,1.802670721016779831e+00,1.185868131776296241e+00,5.763658940009110943e-01,1.042347612604985763e+00,3.483650466492789377e+01,1.784272540407300767e+00,1.260000000000000009e-01,1.910074447065551695e+01,9.017141295210688856e-01,1.180658089068086225e+00,1.047376677930308642e+00,1.080219019864820273e+00,1.080219019864820373e-05,1.080219019864830368e-05,4.839208550225436944e+00,1.383894982924371631e+00,1.102205897073872398e+00,9.341453444086056379e-01,1.358200333845761998e+00
1.380000000000000000e+03,9.583333333333333703e-01,2.078067722193599366e+03,1.455389788539571683e+01,3.120844931479967244e+01,4.719962153689786792e+05,1.364889105142313319e+01,7.201935217769934283e+00,2.329838855661336439e+01,2.034746760431551227e+00,2.452086308741342080e+01,8.104353054314607618e+00,1.398430916791772338e+00,6.019913046988010219e-01,9.760737791209405714e+02,-8.970778869499600461e+00,1.080219019864820273e+00,1.086805494756492907e+00,7.500000000000029976e-01,2.717013736891232267e-01,1.185868131776296241e+00,1.000000000000000000e+00,1.570074447065551659e+01,2.565323654479017534e+01,2.170137368912627984e-02,3.399999999999999911e+00,1.278802197664444362e+00,4.939519124917540083e+00,2.407965218795204088e+00,1.188666279273006552e+02,1.017338892269926909e+00,1.427842725404073008e+02,4.839208550225247762e+00,-1.891820033961266745e-13,9.994988777600744001e-20,-1.864827736675067626e-16,0.000000000000000000e+00,1.021701373689126280e+00,1.021701373689126280e+00,9.336950659840855815e-01,5.031520295396952891e-01,6.155355083215943157e-01,1.008094318145335233e+00,8.824259341751335972e-01,1.000000000000000000e+00,1.000000000000000000e+00,1.000000000000000000e+00,8.649354428444950837e-01,6.967300932985578954e-02,6.967300932985578754e+01,5.491639072720823123e+01,9.856785740503937188e-01,1.018166110773007116e+00,1.000387280801166678e+00,6.665558707938454397e+00,9.240464405324525510e-01,1.023104251382158436e+00,6.019913046988091265e-01,1.398430916791771894e+00,8.920999914194084113e+00,-4.609186183149031023e-03,1.799539081381685079e+01,5.491639072801093846e+01,8.027072340155427810e-10,9.243248595806379342e+01,0.000000000000000000e+00,-3.139772604324952976e-02,8.404684414527708869e-01,1.774311068400316271e+00,1.924422414237784373e+00,1.900311068400310610e+00,9.948209952864470296e+00,3.824733482638094983e+00,6.123476470226375312e+00,7.967487368112008417e-02,2.999999999999999737e-04,1.259999999999943388e-01,3.000000000000354813e-04,3.172859013671300232e+01,1.006304059079390578e+00,2.203716444293100540e+00,2.201034983109989795e+00,2.203716444293100540e+00,5.080926392483221576e+01,1.016185278496644348e+08,1.100517491554994933e+02,2.201034983109989762e+08,2.437251417396741360e+01,1.852335272542991049e+02,9.017141301850168933e-01,1.210813518147113754e+01,1.138096261325585612e+00,4.990051602870317904e-01,1.802670721016780053e+00,1.185868131776296241e+00,5.763658940009116494e-01,1.042347612604985763e+00,3.483650466492789377e+01,1.784272540407300767e+00,1.260000000000000009e-01,1.910074447065551695e+01,9.017141295210689966e-01,1.180658089068086225e+00,1.047376677930308642e+00,1.080219019864820273e+00,1.080219019864820373e-05,1.080219019864830368e-05,4.839208550225436944e+00,1.383894982924371631e+00,1.102205897073872398e+00,9.341453444086056379e-01,1.358200333845761998e+00
1.440000000000000000e+03,1.000000000000000000e+00,2.078067720337998708e+03,1.455389788539571860e+01,3.120844845293203562e+01,4.719962153689789702e+05,1.364889105108255940e+01,7.201935217781787912e+00,2.329838855661339991e+01,2.034746760430553358e+00,2.452086308741288789e+01,8.104353054314429983e+00,1.398430916791934209e+00,6.019913046961978820e-01,9.760737791209406851e+02,-8.970778869499600461e+00,1.080219019864820273e+00,1.086805494756492463e+00,7.500000000000025535e-01,2.717013736891231157e-01,1.185868131776295797e+00,1.000000000000000000e+00,1.570074447065550594e+01,2.565323654478961757e+01,2.170137368912561371e-02,3.399999999999999911e+00,1.278802197664443696e+00,4.939519124917540971e+00,2.407965218784791528e+00,1.188666279273144113e+02,1.017338892269926909e+00,1.427842724129087344e+02,4.839208550225252203e+00,-1.882938249764265493e-13,7.792703114739563119e-20,1.387778780781445676e-17,1.000000000000000056e-01,1.021701373689125614e+00,1.021701373689125614e+00,8.494041284729274555e-01,4.654470429108678031e-01,5.694621949819971274e-01,1.008094318145334567e+00,8.825087161170732664e-01,9.250624375631799623e-01,9.250624375631799623e-01,9.250624375631799623e-01,8.649354428444950837e-01,6.833503069792618012e-02,6.833503069792618589e+01,5.474507464074834218e+01,9.856785740504006021e-01,1.018166110773007116e+00,9.837990942615890688e-01,6.665558707938457950e+00,9.240464405312689422e-01,1.023104251382163765e+00,6.019912621992866697e-01,1.398430930071266953e+00,8.749683828159561472e+00,-4.609186183148884439e-03,1.799539081381685079e+01,5.474507464197641582e+01,1.228073642778326757e-09,9.243248595806383605e+01,1.000000000000000056e-01,-3.139772604324853056e-02,8.404684414527718861e-01,1.907392905374325931e+00,1.955263686364993259e+00,2.245565851914880451e+00,9.757167638517172392e+00,4.200829538279873709e+00,5.556338100237298683e+00,7.860449077557490893e-02,2.999999999999999737e-04,3.381729465405545199e-01,2.999999999880511442e-04,3.172858926048090566e+01,1.006304059079425439e+00,2.203716444293070342e+00,2.201034983109962262e+00,2.203716444293070342e+00,5.199261997988853068e+01,1.039852399597770572e+08,1.100517491554981149e+02,2.201034983109962344e+08,2.376881726046060805e+01,1.858131863958472536e+02,9.017141301850355450e-01,1.144619895561935508e+01,1.138096261325585168e+00,4.974484736575703892e-01,1.704121024004067841e+00,1.185868131776295797e+00,5.620895534980349106e-01,1.093714916694197070e+00,3.416751534896308584e+01,1.784272412908734395e+00,1.260000000000000009e-01,1.910074447065550629e+01,9.017141295210876484e-01,1.116113025126691305e+00,1.047376677930308198e+00,1.080219019864820273e+00,1.080219019864820373e-05,1.080219019864828166e-05,4.839208550225440497e+00,1.383894982924371186e+00,1.102205897073863516e+00,9.341453532792556302e-01,1.358200333845759555e+00
1.500000000000000000e+03,1.041666666666666741e+00,2.065553129734013055e+03,1.452267334692195888e+01,3.037818911770558827e+01,4.720471241210543085e+05,1.328466065680905395e+01,7.008942238166643968e+00,2.279811478759924981e+01,1.979927617855707700e+00,2.382702677653528767e+01,7.875034273600668655e+00,1.429784802617511952e+00,4.273308592496170566e-01,9.761037316273167335e+02,-8.983294563068321636e+00,1.080220734930115389e+00,1.088899593090238538e+00,7.515685759181368608e-01,2.722248982725596345e-01,1.188876282046826383e+00,1.000000000000000000e+00,1.573286933125297438e+01,2.492735887307568987e+01,2.379347419069643976e-02,3.399999999999999911e+00,1.283314423070239574e+00,4.934801648816701913e+00,1.709323436998468226e+00,1.215317082224885183e+02,1.016873142012303610e+00,1.422295386249805915e+02,4.821936835262759402e+00,-1.776356839400250465e-13,8.989101614077454568e-08,-6.521712659011526594e-04,1.000000000000000056e-01,1.023793474190696440e+00,1.023793474190696440e+00,8.516682184891450902e-01,4.685534860531168078e-01,5.692606058477470699e-01,1.007422106380607918e+00,8.825363931060720146e-01,9.250624375631799623e-01,9.250624375631799623e-01,9.250624375631799623e-01,8.651790548382392032e-01,6.815266320406955514e-02,6.815266320406955458e+01,5.472123900514831263e+01,9.869907803479421871e-01,1.018212685798769446e+00,9.850649044155074252e-01,6.643348711793276351e+00,8.219941043996599195e-01,1.024134300739865999e+00,4.179947568123963397e-01,1.451925052749839518e+00,8.726333316782273641e+00,-5.094310455675949562e-03,1.799490568954432490e+01,5.472123900632659854e+01,1.178285913283616537e-09,9.225748739263787002e+01,1.000000000000000056e-01,-3.470238730024488572e-02,8.371637801957755309e-01,1.889806024994340472e+00,1.956349298479864718e+00,2.218946279745939609e+00,9.693321843578504016e+00,4.175295578225804327e+00,5.518026265352699689e+00,7.831545710216447631e-02,2.999999999999999737e-04,3.291402547515991373e-01,-7.333120503615880165e-04,3.088449226966734784e+01,1.013020239557863356e+00,2.163583173587007469e+00,2.164548127689100987e+00,2.163583173587007469e+00,5.090263115018637308e+01,1.018052623003727496e+08,1.082274063844550511e+02,2.164548127689101100e+08,2.333638248030677076e+01,1.824664200149482269e+02,9.266409314298789113e-01,1.149562087604530980e+01,1.139246957267970428e+00,5.056135117085096553e-01,1.760569044856205245e+00,1.188876282046826383e+00,5.601032505272165452e-01,1.090628146696309031e+00,3.407633160203477729e+01,1.229538624980591521e+00,1.260000000000000009e-01,1.913286933125297296e+01,9.266409307475770296e-01,1.120932131393152176e+00,1.048435649947349724e+00,1.080220734930115389e+00,1.080220734930115491e-05,1.089209836544192946e-05,4.821936835262937038e+00,1.384931268750095867e+00,1.090651611561400447e+00,9.728912153197981638e-01,1.368339524086880976e+00
1.560000000000000000e+03,1.083333333333333259e+00,2.053771482764143457e+03,1.444881320647574263e+01,3.056016549114059799e+01,4.720864630279864650e+05,1.336489143473595576e+01,7.051746908878028464e+00,2.277584739439306105e+01,1.992195976123949164e+00,2.397439409017506051e+01,7.923740419634036414e+00,1.471831520706263108e+00,3.910748312160986506e-01,9.763045389147084734e+02,-9.065522454981044476e+00,1.080232275334162440e+00,1.093830493403451287e+00,7.552533573069775130e-01,2.734576233508628218e-01,1.195901636131349033e+00,1.000000000000000000e+00,1.580826889627753395e+01,2.508153160925934699e+01,2.871098065784027931e-02,3.399999999999999911e+00,1.293852454197023549e+00,4.923833717969263724e+00,1.564299324864394602e+00,1.251056792600323604e+02,1.015798863916071326e+00,1.421411885817496454e+02,4.781625585337650364e+00,5.329070518200751394e-15,3.025386265194728128e-07,-2.127098877681777092e-03,1.000000000000000056e-01,1.028710980657840279e+00,1.028710980657840279e+00,8.549482146520495096e-01,4.726453616684660464e-01,5.697434304808907113e-01,1.007566454620822283e+00,8.825780518117511964e-01,9.250624375631799623e-01,9.250624375631799623e-01,9.250624375631799623e-01,8.657479453720804408e-01,6.751911882692940292e-02,6.751911882692940026e+01,5.463899452106083032e+01,9.887086671279192718e-01,1.018320113608392807e+00,9.870363600835840856e-01,6.591488045906960913e+00,7.937686602254349078e-01,1.025464164493945063e+00,3.906755537617225271e-01,1.490277411424731024e+00,8.645213678223996112e+00,-6.219156013587685654e-03,1.799378084398641064e+01,5.463899452221040320e+01,1.149572881331550889e-09,9.184675000448604010e+01,1.000000000000000056e-01,-4.236482298084254250e-02,8.295013445151778742e-01,1.861730435444277854e+00,1.951684526746959136e+00,2.177594389388803897e+00,9.597247802052134347e+00,4.129278916135763033e+00,5.467968885916371313e+00,7.776391269141716411e-02,2.999999999999999737e-04,3.158639539445260436e-01,-1.019111058493693892e-03,3.106950158265960837e+01,1.021866941032691711e+00,2.172108293416194158e+00,2.172298684972038263e+00,2.172108293416194158e+00,5.063034327799412182e+01,1.012606865559882373e+08,1.086149342486019123e+02,2.172298684972038269e+08,2.333364436113682316e+01,1.825789218877328608e+02,9.212289600701937253e-01,1.158301655285325715e+01,1.141934250721568400e+00,5.030523187170656829e-01,1.767753192939450546e+00,1.195901636131349033e+00,5.532495435175335263e-01,1.084921465639570037e+00,3.375955941346470013e+01,1.141188581749645437e+00,1.260000000000000009e-01,1.920826889627753431e+01,9.212289593918767672e-01,1.129454039286184708e+00,1.050908734681654133e+00,1.080232275334162440e+00,1.080232275334162507e-05,1.110486137986109788e-05,4.781625585337645035e+00,1.387363512783146291e+00,1.093124006205154819e+00,9.790900193315152933e-01,1.392435423899684332e+00
1.620000000000000000e+03,1.125000000000000000e+00,2.042723493766103502e+03,1.437020361773007160e+01,3.071098383784254793e+01,4.721140816856546444e+05,1.343087394933111867e+01,7.086578221873389261e+00,2.285589742378422429e+01,2.002041806388602296e+00,2.409443341443318687e+01,7.963414433583912988e+00,1.504719251828225079e+00,3.950392248536795936e-01,9.767369011880562084e+02,-9.237816864716961618e+00,1.080257245442741043e+00,1.099042446614246327e+00,7.591334836514413986e-01,2.747606116535615817e-01,1.203238152346631118e+00,1.000000000000000000e+00,1.588755090925493541e+01,2.520711434951171270e+01,3.389409530500309131e-02,3.399999999999999911e+00,1.304857228519946677e+00,4.912452694393012465e+00,1.580156899414718374e+00,1.279011364053991286e+02,1.014696701973589299e+00,1.421499338565930373e+02,4.739565419036241956e+00,3.552713678800500929e-15,5.287144048010406085e-07,-3.590516698913229568e-03,1.000000000000000056e-01,1.033894095305003091e+00,1.033894095305003091e+00,8.576865895638170478e-01,4.757892372069220666e-01,5.702266785849561259e-01,1.007683401274380497e+00,8.826185429110131597e-01,9.250624375631799623e-01,9.250624375631799623e-01,9.250624375631799623e-01,8.663419544297243924e-01,6.685824650160754334e-02,6.685824650160753890e+01,5.455321311192530231e+01,9.900204919140085380e-01,1.018430329802640921e+00,9.887787310111875172e-01,6.537336550397251145e+00,7.969970514675881468e-01,1.026465628461592727e+00,3.958061561989845156e-01,1.519733452249011352e+00,8.560594942587393064e+00,-7.381829562093886535e-03,1.799261817043790757e+01,5.455321311302530063e+01,1.099998314657568699e-09,9.141460930740572621e+01,1.000000000000000056e-01,-5.028494252107551521e-02,8.215812249749449014e-01,1.836435374801868248e+00,1.943370967838163210e+00,2.141149689347249030e+00,9.503895317971304380e+00,4.084520657185412240e+00,5.419374660785892139e+00,7.724200199372803499e-02,2.999999999999999737e-04,3.047143145453807822e-01,-9.864215900817641797e-04,3.122283356847325919e+01,1.028664050959104292e+00,2.179052091350874854e+00,2.178611589701067608e+00,2.179052091350874854e+00,5.029965002281499409e+01,1.005993000456299931e+08,1.089305794850533715e+02,2.178611589701067507e+08,2.330432340334559882e+01,1.825345529112139786e+02,9.168683003915991669e-01,1.166596754872995234e+01,1.144740376915985403e+00,5.008071504789035622e-01,1.776339590013379155e+00,1.203238152346631118e+00,5.461010927521083858e-01,1.079191383337778198e+00,3.342912325080376945e+01,1.149933856593037262e+00,1.260000000000000009e-01,1.928755090925493576e+01,9.168682997164930848e-01,1.137542548607417325e+00,1.053491179797446442e+00,1.080257245442741043e+00,1.080257245442741192e-05,1.133128685922845253e-05,4.739565419036238403e+00,1.389920997072739972e+00,1.095130559789455837e+00,9.784760909072218737e-01,1.418245149488487122e+00
1.680000000000000000e+03,1.166666666666666741e+00,2.032297322080763479e+03,1.429499575985723858e+01,3.084806816617710012e+01,4.721313526566336513e+05,1.349087054271585018e+01,7.118266386607871254e+00,2.295588881698391504e+01,2.011005471579327075e+00,2.420551001754238385e+01,8.000126192238541378e+00,1.533239752421393209e+00,4.032184337378993955e-01,9.773961811949096727e+02,-9.492898104702311102e+00,1.080295509058273318e+00,1.103993486260263834e+00,7.628027894094973060e-01,2.759983715650659586e-01,1.210121338697100146e+00,1.000000000000000000e+00,1.596239096394093337e+01,2.532332047015249188e+01,3.880116097456332014e-02,3.399999999999999911e+00,1.315182008045650219e+00,4.901842650134980772e+00,1.612873734951597582e+00,1.303253789558184224e+02,1.013680654500909384e+00,1.421684452532541059e+02,4.700142447909761323e+00,1.776356839400250465e-15,7.447500978384988550e-07,-4.882930224694418189e-03,1.000000000000000056e-01,1.038801160974563320e+00,1.038801160974563320e+00,8.600929093502603928e-01,4.784769175909953098e-01,5.706786336667720727e-01,1.007791113891810530e+00,8.826559662405110140e-01,9.250624375631799623e-01,9.250624375631799623e-01,9.250624375631799623e-01,8.668991823029050803e-01,6.624283467275622617e-02,6.624283467275623138e+01,5.447333549028766697e+01,9.911364762147724106e-01,1.018531934549908868e+00,9.903375868773003354e-01,6.486533944958310371e+00,8.035452981546274964e-01,1.027308114568214581e+00,4.040431148177878740e-01,1.546912463287603456e+00,8.481797013157006404e+00,-8.461521831121750908e-03,1.799153847816887719e+01,5.447333549132588359e+01,1.038216623783227988e-09,9.100599566264317275e+01,1.000000000000000056e-01,-5.763979448993017396e-02,8.142263730060902427e-01,1.813608437768629233e+00,1.934575204334841869e+00,2.108619217822273129e+00,9.417640814594106402e+00,4.043194422157115220e+00,5.374446392436991182e+00,7.676172360246814874e-02,2.999999999999999737e-04,2.950107800536438951e-01,-9.201166232889633131e-04,3.136220263561338228e+01,1.034474859559555426e+00,2.185477106812492298e+00,2.184452843843829317e+00,2.185477106812492298e+00,4.997771252281656018e+01,9.995542504563312232e+07,1.092226421921914721e+02,2.184452843843829334e+08,2.327268851138378025e+01,1.824730432263918090e+02,9.128707972305009077e-01,1.174076838958510827e+01,1.147372860128740069e+00,4.987366575003260860e-01,1.784028056101538917e+00,1.210121338697100146e+00,5.394446242771568922e-01,1.073741705827628623e+00,3.312141733637810859e+01,1.168445253254105864e+00,1.260000000000000009e-01,1.936239096394093195e+01,9.128707965583382489e-01,1.144836340467280333e+00,1.055913823308172850e+00,1.080295509058273318e+00,1.080295509058273335e-05,1.154770518842123220e-05,4.700142447909759547e+00,1.392335192385191434e+00,1.096981448801843895e+00,9.771768185640326010e-01,1.443089609130289830e+00
1.740000000000000000e+03,1.208333333333333259e+00,2.022423153454003341e+03,1.422372191422516785e+01,3.097245187656257670e+01,4.721397760962474858e+05,1.354530631039594191e+01,7.147015908043956145e+00,2.305328951688527539e+01,2.019137299553013687e+00,2.430619071410598053e+01,8.033402015679081742e+00,1.559751695519385528e+00,4.112386625987155542e-01,9.782685639958205002e+02,-9.820423594026291170e+00,1.080346378568638466e+00,1.108652906087259193e+00,7.662391663469231284e-01,2.771632265218147984e-01,1.216521659215022755e+00,1.000000000000000000e+00,1.603233931747809038e+01,2.542865060128339749e+01,4.340239286873792679e-02,3.399999999999999911e+00,1.324782488822534132e+00,4.892035625483141636e+00,1.644954650394862217e+00,1.325788941191477761e+02,1.012751263154483716e+00,1.421866348097943842e+02,4.663520871132607937e+00,1.776356839400250465e-15,9.489826585441603541e-07,-6.008305311080285038e-03,1.000000000000000056e-01,1.043402392868737927e+00,1.043402392868737927e+00,8.622976736040982582e-01,4.809441099218382809e-01,5.710970941307432769e-01,1.007888331504101620e+00,8.826904846322564113e-01,9.250624375631799623e-01,9.250624375631799623e-01,9.250624375631799623e-01,8.674172498399218556e-01,6.567497129397285860e-02,6.567497129397285960e+01,5.439963140283296639e+01,9.921565029688744763e-01,1.018624873684551568e+00,9.917649572669162694e-01,6.439293981670211942e+00,8.098215629680438621e-01,1.028070617712657731e+00,4.120151693247340874e-01,1.572630922884436622e+00,8.409087233543260709e+00,-9.455829740943636971e-03,1.799054417025905650e+01,5.439963140380231721e+01,9.693508218333590776e-10,9.062311998198984497e+01,1.000000000000000056e-01,-6.441300913449343746e-02,8.074531583615269792e-01,1.792623122874457353e+00,1.926248290620202752e+00,2.078891289804747800e+00,9.338103159519848262e+00,4.005139580424950552e+00,5.332963579094897710e+00,7.631874102599084386e-02,2.999999999999999737e-04,2.862681669302904464e-01,-8.565657697888707720e-04,3.148865940783861816e+01,1.039808969411301520e+00,2.191300524823471818e+00,2.189747157620875129e+00,2.191300524823471818e+00,4.966604599682569443e+01,9.933209199365139008e+07,1.094873578810437635e+02,2.189747157620875239e+08,2.323911816499456506e+01,1.823925220428640159e+02,9.092782104619726580e-01,1.180813768447983314e+01,1.149820393262508844e+00,4.968576505603257698e-01,1.791016024139559626e+00,1.216521659215022755e+00,5.333026169835266561e-01,1.068587147847081642e+00,3.283748564698642980e+01,1.186634809794384182e+00,1.260000000000000009e-01,1.943233931747808896e+01,9.092782097924552165e-01,1.151405486068990180e+00,1.058166259424415889e+00,1.080346378568638466e+00,1.080346378568638575e-05,1.175244644423054610e-05,4.663520871132606160e+00,1.394591590886390176e+00,1.098654281952299749e+00,9.759004649735825154e-01,1.466763970357161773e+00
1.800000000000000000e+03,1.250000000000000000e+00,2.013049789109335734e+03,1.415609959690258712e+01,3.108583969989090434e+01,4.721406405130435014e+05,1.359492813677500855e+01,7.173221842839101470e+00,2.314351873788115199e+01,2.026549256289137180e+00,2.439784001641611511e+01,8.063692886781577585e+00,1.584847220326877748e+00,4.187447505332095865e-01,9.793405858555671557e+02,-1.021093129478345318e+01,1.080409165541554639e+00,1.113043681437707599e+00,7.694607440017144917e-01,2.782609203594268998e-01,1.222483601595017788e+00,1.000000000000000000e+00,1.609777127323528845e+01,2.552453226837421241e+01,4.772166436114133603e-02,3.399999999999999911e+00,1.333725402392526682e+00,4.882951224382098943e+00,1.674979002132838346e+00,1.347120137277846084e+02,1.011898664626600386e+00,1.422037034516060601e+02,4.629441385832653744e+00,1.776356839400250465e-15,1.142143415779723562e-06,-6.985435645449257318e-03,1.000000000000000056e-01,1.047721664361141336e+00,1.047721664361141336e+00,8.643437826973856541e-01,4.832525909411781728e-01,5.714854421389524708e-01,1.007976488490722744e+00,8.827224312187179622e-01,9.250624375631799623e-01,9.250624375631799623e-01,9.250624375631799623e-01,8.678997699547834621e-01,6.514956774034805220e-02,6.514956774034804710e+01,5.433144036410057254e+01,9.931071288764174998e-01,1.018710133537339857e+00,9.930835578934849028e-01,6.395285989551706685e+00,8.155682552993248624e-01,1.028774813220911355e+00,4.194701838708835839e-01,1.597077284749745862e+00,8.341814051260953988e+00,-1.037368626301949336e-02,1.798962631373698073e+01,5.433144036499793117e+01,8.973586318461457267e-10,9.026378926381447343e+01,1.000000000000000056e-01,-7.066543775898836977e-02,8.012007297370320469e-01,1.773180091138179204e+00,1.918501828495667416e+00,2.051475496942384069e+00,9.264509810948775126e+00,3.969977325438051707e+00,5.294532485510723419e+00,7.590862594586912648e-02,2.999999999999999737e-04,2.782954058042048651e-01,-7.983772645868388376e-04,3.160393702822242190e+01,1.044799942832340900e+00,2.196601345668097505e+00,2.194566354252644125e+00,2.196601345668097505e+00,4.936507446834001200e+01,9.873014893668001890e+07,1.097283177126322045e+02,2.194566354252644181e+08,2.320425499920995094e+01,1.822976471801821674e+02,9.060330288220356243e-01,1.186910745532116707e+01,1.152099997444790525e+00,4.951451138291332876e-01,1.797395041434216356e+00,1.222483601595017788e+00,5.276200304164943011e-01,1.063707377591324832e+00,3.257478387017402355e+01,1.203703451606060071e+00,1.260000000000000009e-01,1.949777127323528703e+01,9.060330281549077158e-01,1.157350617342599142e+00,1.060264152490731249e+00,1.080409165541554639e+00,1.080409165541554710e-05,1.194623507119527066e-05,4.629441385832651967e+00,1.396702299136622027e+00,1.100173086133919398e+00,9.747030624611827676e-01,1.489335651429486651e+00
1.860000000000000000e+03,1.291666666666666741e+00,2.004134493912623611e+03,1.409181909359138984e+01,3.118967034055821586e+01,4.721350559690317023e+05,1.364036606307484689e+01,7.197217220188667497e+00,2.322629290661669543e+01,2.033335638981196514e+00,2.448164868478565026e+01,8.091392361920584975e+00,1.608713674486418554e+00,4.257642712160891185e-01,9.805999392100262639e+02,-1.065606068935152173e+01,1.080483231251373244e+00,1.117190088203615872e+00,7.724865502074031998e-01,2.792975220509039680e-01,1.228051469792133865e+00,1.000000000000000000e+00,1.615908058033150496e+01,2.561221122104905135e+01,5.178407225830716776e-02,3.399999999999999911e+00,1.342077204688200798e+00,4.874511919807194893e+00,1.703057084864356474e+00,1.367406623313455896e+02,1.011113737373280586e+00,1.422197148999772764e+02,4.597647405608181082e+00,3.552713678800500929e-15,1.325075258290342627e-06,-7.831736052248777086e-03,1.000000000000000056e-01,1.051784072258307168e+00,1.051784072258307168e+00,8.662518339166875858e-01,4.854243932592354205e-01,5.718469173449930443e-01,1.008056821846207596e+00,8.827521004424048190e-01,9.250624375631799623e-01,9.250624375631799623e-01,9.250624375631799623e-01,8.683503387858001465e-01,6.466176963148496937e-02,6.466176963148497236e+01,5.426813232765058359e+01,9.939981600219677249e-01,1.018788626262671748e+00,9.943070151229045361e-01,6.354182666671738033e+00,8.208332744716733131e-01,1.029429277487637684e+00,4.264435694292774692e-01,1.620358639571884085e+00,8.279355906720226699e+00,-1.122357824453941444e-02,1.798877642175546043e+01,5.426813232847568713e+01,8.251035410467011388e-10,8.992575608624248673e+01,1.000000000000000056e-01,-7.645489267397420630e-02,7.954112748220462104e-01,1.755091758126241297e+00,1.911296486246970128e+00,2.026075662305655278e+00,9.196178441917801649e+00,3.937372148552625184e+00,5.258806293365176465e+00,7.552762485053945984e-02,2.999999999999999737e-04,2.709839041794139813e-01,-7.450660733374272343e-04,3.170949817956751815e+01,1.049495414683469630e+00,2.201448500090478433e+00,2.198973102125818091e+00,2.201448500090478433e+00,4.907473950580429545e+01,9.814947901160858572e+07,1.099486551062909001e+02,2.198973102125818133e+08,2.316853860947622223e+01,1.821919332215714462e+02,9.030862121026315137e-01,1.192455335672929806e+01,1.154228630647493592e+00,4.935770453507395961e-01,1.803243800257385843e+00,1.228051469792133865e+00,5.223443607063074090e-01,1.059081462430524478e+00,3.233088481574248618e+01,1.219714899977276445e+00,1.260000000000000009e-01,1.955908058033150354e+01,9.030862114376734251e-01,1.162757118923730904e+00,1.062223108730322441e+00,1.080483231251373244e+00,1.080483231251373372e-05,1.212990757080407635e-05,4.597647405608177529e+00,1.398680018720371176e+00,1.101558659472024804e+00,9.735800856417231586e-01,1.510886491536239662e+00
1.920000000000000000e+03,1.333333333333333259e+00,1.995640142904405138e+03,1.403060617324208792e+01,3.128513862147097768e+01,4.721239808850478730e+05,1.368214331941221040e+01,7.219278604993952797e+00,2.330226455180174838e+01,2.039574755495348501e+00,2.455861092502808063e+01,8.116829034542952570e+00,1.631458360715506206e+00,4.323460271493921314e-01,9.820353948945686398e+02,-1.114842597315536565e+01,1.080567985325034952e+00,1.121113628155053554e+00,7.753334602768224837e-01,2.802784070387633886e-01,1.233264022455143660e+00,1.000000000000000000e+00,1.621661684911732593e+01,2.569272757754588099e+01,5.561186731558587226e-02,3.399999999999999911e+00,1.349896033682715490e+00,4.866650759745632548e+00,1.729384108597568526e+00,1.386739606608180395e+02,1.010388735077691891e+00,1.422347771909035998e+02,4.567915351938086843e+00,8.881784197001252323e-16,1.498542886055832240e-06,-8.562307194669983162e-03,1.000000000000000056e-01,1.055611867315585872e+00,1.055611867315585872e+00,8.680366623619925059e-01,4.874732272368677566e-01,5.721843185341494165e-01,1.008130356938675254e+00,8.827797426057184538e-01,9.250624375631799623e-01,9.250624375631799623e-01,9.250624375631799623e-01,8.687721019383540799e-01,6.420742827539203945e-02,6.420742827539203290e+01,5.420916880186084086e+01,9.948358219372669398e-01,1.018861126492230706e+00,9.954459081851568802e-01,6.315698993581793985e+00,8.256758941613622227e-01,1.030039650849023491e+00,4.329837884712852136e-01,1.642565249620328460e+00,8.221181597361336912e+00,-1.201279474589499532e-02,1.798798720525410388e+01,5.420916880261544435e+01,7.546034908045839984e-10,8.960704525817037336e+01,1.000000000000000056e-01,-8.183102687939369790e-02,7.900351406166267187e-01,1.738210609700486353e+00,1.904577020745507943e+00,2.002462205882739710e+00,9.132529254751309722e+00,3.907039226628247874e+00,5.225490028123061848e+00,7.517255369860491310e-02,2.999999999999999737e-04,2.642515961822533566e-01,-6.960319950300511427e-04,3.180655759849549469e+01,1.053925026987325486e+00,2.205899535638929265e+00,2.203019720545207338e+00,2.205899535638929265e+00,4.879484120394565139e+01,9.758968240789130330e+07,1.101509860272603589e+02,2.203019720545207262e+08,2.313230841137541915e+01,1.820781356425814295e+02,9.003973979827042395e-01,1.197519997258551783e+01,1.156221133716994531e+00,4.921351206828512570e-01,1.808627712356643435e+00,1.233264022455143660e+00,5.174307335512869921e-01,1.054690269907316180e+00,3.210371413769601645e+01,1.234777190903599831e+00,1.260000000000000009e-01,1.961661684911732451e+01,9.003973973197259006e-01,1.167695644617272599e+00,1.064056786000528998e+00,1.080567985325034952e+00,1.080567985325035014e-05,1.230422273930618238e-05,4.567915351938085955e+00,1.400536027390881566e+00,1.102828281739438143e+00,9.725239095939670619e-01,1.531490997796635112e+00
1.980000000000000000e+03,1.375000000000000000e+00,1.987534072196057650e+03,1.397221984184657373e+01,3.137324569359504167e+01,4.721082452891241992e+05,1.372069830132724455e+01,7.239637704916533245e+00,2.337219647497898833e+01,2.045332206927422458e+00,2.462955801562533864e+01,8.140277649232219304e+00,1.653168227752044306e+00,4.385326865673097596e-01,9.836366734793554087e+02,-1.168148440999977389e+01,1.080662880815089544e+00,1.124833229432622872e+00,7.780163559533941342e-01,2.812083073581557180e-01,1.238155048448268847e+00,1.000000000000000000e+00,1.627068878104673999e+01,2.576695100478691813e+01,5.922466331154985220e-02,3.399999999999999911e+00,1.357232572672403270e+00,4.859309996335110071e+00,1.754130746269239038e+00,1.405192993589237744e+02,1.009717071410075384e+00,1.422489836756952002e+02,4.540050920762496389e+00,2.664535259100375697e-15,1.663232731077196735e-06,-9.190254718017629859e-03,1.000000000000000056e-01,1.059224663311549852e+00,1.059224663311549852e+00,8.697106439401016686e-01,4.894102777485844213e-01,5.725000601936606204e-01,1.008197945854025557e+00,8.828055715614353538e-01,9.250624375631799623e-01,9.250624375631799623e-01,9.250624375631799623e-01,8.691678013753656451e-01,6.378300100813473483e-02,6.378300100813473250e+01,5.415408992270647559e+01,9.956251951559065283e-01,1.018928292858992446e+00,9.965091485748657218e-01,6.279587422154624399e+00,8.301463007502738467e-01,1.030610531041348699e+00,4.391328645749225656e-01,1.663777489392935793e+00,8.166837517046701578e+00,-1.274759365288282396e-02,1.798725240634711753e+01,5.415408992339381911e+01,6.873435154375329148e-10,8.930592871242374997e+01,1.000000000000000056e-01,-8.683646902508734833e-02,7.850296984709330683e-01,1.722411961911337164e+00,1.898293080004082478e+00,1.980442545934809173e+00,9.073067069193008649e+00,3.878735625938891651e+00,5.194331443254116998e+00,7.484068947270729188e-02,2.999999999999999737e-04,2.580305840234720094e-01,-6.507668471350874437e-04,3.189613312182162375e+01,1.058112961624082082e+00,2.210002565605079461e+00,2.206749951634512374e+00,2.210002565605079461e+00,4.852509455857975951e+01,9.705018911715951562e+07,1.103374975817256143e+02,2.206749951634512246e+08,2.309582886547686087e+01,1.819584210057822133e+02,8.979332481329398430e-01,1.202165086808580341e+01,1.158090448490112667e+00,4.908040431367879375e-01,1.813601705253333973e+00,1.238155048448268847e+00,5.128408269494851845e-01,1.050516412318806214e+00,3.189150050406736980e+01,1.248983675695200191e+00,1.260000000000000009e-01,1.967068878104673857e+01,8.979332474717759416e-01,1.172225047757798455e+00,1.065777094522405877e+00,1.080662880815089544e+00,1.080662880815089670e-05,1.246986153922809344e-05,4.540050920762493725e+00,1.402280283259572213e+00,1.103996340722863012e+00,9.715279481073224588e-01,1.551216128671995653e+00
2.040000000000000000e+03,1.416666666666666741e+00,1.979787381891997939e+03,1.391644722929183509e+01,3.145483688484837614e+01,4.720885689958289149e+05,1.375640114112031220e+01,7.258490127009605608e+00,2.343678830805328772e+01,2.050663365993806941e+00,2.469518931768309855e+01,8.161969350759783026e+00,1.673919580608174806e+00,4.443610346119343246e-01,9.853943387399549465e+02,-1.224943043759664363e+01,1.080767409968214521e+00,1.128365628031763768e+00,7.805484186298677907e-01,2.820914070079409419e-01,1.242754135588233666e+00,1.000000000000000000e+00,1.632157015736291683e+01,2.583561316037370403e+01,6.263982563780867707e-02,3.399999999999999911e+00,1.364131203382350499e+00,4.852439540904718740e+00,1.777444138447737298e+00,1.422831643516948645e+02,1.009093109531721488e+00,1.422624143412745923e+02,4.513884374529471444e+00,8.881784197001252323e-16,1.819762842494226384e-06,-9.727005415371249922e-03,1.000000000000000056e-01,1.062639825637808677e+00,1.062639825637808677e+00,8.712844380163856650e-01,4.912452309990185118e-01,5.727962364321915745e-01,1.008260301524155800e+00,8.828297712004363751e-01,9.250624375631799623e-01,9.250624375631799623e-01,9.250624375631799623e-01,8.695398378893659519e-01,6.338544353234798479e-02,6.338544353234798479e+01,5.410250049102150882e+01,9.963706604763574726e-01,1.018990689046827658e+00,9.975043898862747671e-01,6.245631820853122740e+00,8.342867636689141886e-01,1.031145845803173922e+00,4.449270574425907565e-01,1.684067336222757394e+00,8.115933870979255005e+00,-1.343337933371965484e-02,1.798656662066628087e+01,5.410250049164553587e+01,6.240270522539503872e-10,8.902088737450719691e+01,1.000000000000000056e-01,-9.150803360844450562e-02,7.803581338875759110e-01,1.707588530117318593e+00,1.892400812355468531e+00,1.959851978998854882e+00,9.017366231004352528e+00,3.852252791354323413e+00,5.165113439650029115e+00,7.452968847851032530e-02,2.999999999999999737e-04,2.522634488815362896e-01,-6.088426141996356594e-04,3.197908416626251693e+01,1.062080160325323819e+00,2.213798065435880424e+00,2.210200593557093640e+00,2.213798065435880424e+00,4.826516040545413233e+01,9.653032081090825796e+07,1.105100296778546891e+02,2.210200593557093740e+08,2.305930585349820205e+01,1.818344959368070022e+02,8.956660201174169167e-01,1.206441264688716863e+01,1.159847910529290260e+00,4.895709525075189750e-01,1.818212327301275133e+00,1.242754135588233666e+00,5.085417076371281375e-01,1.046544087495419717e+00,3.169272176617398884e+01,1.262414341274592289e+00,1.260000000000000009e-01,1.972157015736291541e+01,8.956660194579223466e-01,1.176394727009648200e+00,1.067394466281485821e+00,1.080767409968214521e+00,1.080767409968214617e-05,1.262743694217637256e-05,4.513884374529470556e+00,1.403921617979448921e+00,1.105074895744142083e+00,9.705865592112683515e-01,1.570122244862546479e+00
2.100000000000000000e+03,1.458333333333333259e+00,1.972374352613438305e+03,1.386309912938312294e+01,3.153063173397722352e+01,4.720655777953441720e+05,1.378956689236794730e+01,7.276002369736710662e+00,2.349664325430234157e+01,2.055615365133719230e+00,2.475609951695672351e+01,8.182100687807826844e+00,1.693780886910865036e+00,4.498631807290308648e-01,9.872997001378022333e+02,-1.284709978652608697e+01,1.080881100271419371e+00,1.131725699746620295e+00,7.829413848107739105e-01,2.829314249366550738e-01,1.247087324044527268e+00,1.000000000000000000e+00,1.636950506153204543e+01,2.589933619264978759e+01,6.587280974742903972e-02,3.399999999999999911e+00,1.370630986066790902e+00,4.845995687453121370e+00,1.799452722916123459e+00,1.439713753874235351e+02,1.008511992839455473e+00,1.422751387842961037e+02,4.489266589927066065e+00,1.776356839400250465e-15,1.968692125572753105e-06,-1.018257246937638930e-02,1.000000000000000056e-01,1.065872809747429040e+00,1.065872809747429040e+00,8.727673352670038964e-01,4.929866272582335007e-01,5.730746753431371632e-01,1.008318026985691063e+00,8.828525006841679845e-01,9.250624375631799623e-01,9.250624375631799623e-01,9.250624375631799623e-01,8.698903241893303218e-01,6.301212232340258623e-02,6.301212232340258623e+01,5.405405861147470148e+01,9.970760601462630435e-01,1.019048800716054304e+00,9.984382659393248316e-01,6.213642398477499995e+00,8.381332862496062575e-01,1.031649002666543469e+00,4.503980555043030631e-01,1.703499561652609184e+00,8.068133460102764332e+00,-1.407484806283937351e-02,1.798592515193715968e+01,5.405405861203992401e+01,5.652225354424444959e-10,8.875057857212982526e+01,1.000000000000000056e-01,-9.587771159972324764e-02,7.759884558962971690e-01,1.693647169422863863e+00,1.886862187986505068e+00,1.940548300773343948e+00,8.965058448655145895e+00,3.827410488759849017e+00,5.137647959895296879e+00,7.423752058335297832e-02,2.999999999999999737e-04,2.469011313504800853e-01,-5.698947312682764443e-04,3.205614226287683977e+01,1.065845087293501692e+00,2.217320450379421715e+00,2.213402934839117542e+00,2.217320450379421715e+00,4.801466920463597887e+01,9.602933840927195549e+07,1.106701467419558753e+02,2.213402934839117527e+08,2.302290048242112519e+01,1.817077164290129758e+02,8.935723693541507417e-01,1.210391372017857492e+01,1.161503498219719877e+00,4.884249294212095749e-01,1.822499193015205021e+00,1.247087324044527268e+00,5.045048843366602975e-01,1.042758909575642434e+00,3.150606116170129312e+01,1.275138784296103722e+00,1.260000000000000009e-01,1.976950506153204401e+01,8.935723686961978274e-01,1.180246456529462140e+00,1.068918084268952740e+00,1.080881100271419371e+00,1.080881100271419410e-05,1.277750312828694721e-05,4.489266589927064288e+00,1.405467905210711077e+00,1.106074164419396322e+00,9.696948351781884412e-01,1.588264011977119861e+00
2.160000000000000000e+03,1.500000000000000000e+00,1.965271991532602442e+03,1.381200658089690059e+01,3.160124590351273000e+01,4.720398164622106124e+05,1.382046509951313951e+01,7.292316862308208414e+00,2.355227903607245210e+01,2.060228516543106458e+00,2.481279612885064978e+01,8.200839398518413148e+00,1.712813775780619663e+00,4.550673584686789064e-01,9.893447324727612795e+02,-1.346989132699600056e+01,1.081003511129396522e+00,1.134926719915558824e+00,7.852057462807359167e-01,2.837316799788897059e-01,1.251177624791411924e+00,1.000000000000000000e+00,1.641471197200004539e+01,2.595865105408097762e+01,6.893742625962562265e-02,3.399999999999999911e+00,1.376766437187117997e+00,4.839940110678315754e+00,1.820269433874715626e+00,1.455891709413526769e+02,1.007969513125184235e+00,1.422872180100702622e+02,4.466065950838453702e+00,8.881784197001252323e-16,2.110527500187585369e-06,-1.056576537944849126e-02,1.000000000000000056e-01,1.068937426259625623e+00,1.068937426259625623e+00,8.741674730220445610e-01,4.946420285873188716e-01,5.733369797774775511e-01,1.008371634475119016e+00,8.828738985238837600e-01,9.250624375631799623e-01,9.250624375631799623e-01,9.250624375631799623e-01,8.702211270258102260e-01,6.266074660487645775e-02,6.266074660487645787e+01,5.400846686871156521e+01,9.977447795112764917e-01,1.019103048687481472e+00,9.993165561471331060e-01,6.183451717773614575e+00,8.417167705380708131e-01,1.032122973195503501e+00,4.555737339031120658e-01,1.722132613963756054e+00,8.023142971174962668e+00,-1.467610195232573952e-02,1.798532389804767462e+01,5.400846686922263729e+01,5.110720735501672607e-10,8.849381046382046634e+01,1.000000000000000056e-01,-9.997344654172846123e-02,7.718927209542919554e-01,1.680506590359742924e+00,1.881644048796578872e+00,1.922408053630890734e+00,8.915823312841826720e+00,3.804052102427469606e+00,5.111771210414357114e+00,7.396241783542237269e-02,2.999999999999999737e-04,2.419014632711478097e-01,-5.336102889324989204e-04,3.212793333523794104e+01,1.069424091827392509e+00,2.220599089424457606e+00,2.216383676198646846e+00,2.220599089424457606e+00,4.777323473557498801e+01,9.554646947114998102e+07,1.108191838099323405e+02,2.216383676198646724e+08,2.298673776845871686e+01,1.815791563139660241e+02,8.916325577002714997e-01,1.214051873209558252e+01,1.163066030572534215e+00,4.873566562387096623e-01,1.826496335416790462e+00,1.251177624791411924e+00,5.007055724352196258e-01,1.039147773311424494e+00,3.133037330243822893e+01,1.287218010070262153e+00,1.260000000000000009e-01,1.981471197200004397e+01,8.916325570437468873e-01,1.183815792581010662e+00,1.070356064517603345e+00,1.081003511129396522e+00,1.081003511129396685e-05,1.292056261148155222e-05,4.466065950838452814e+00,1.406926192645162832e+00,1.107002838882011453e+00,9.688484752837602798e-01,1.605691087473702705e+00
2.220000000000000000e+03,1.541666666666666741e+00,1.958459657643086757e+03,1.376301806231461811e+01,3.166721038284978107e+01,4.720117596630341141e+05,1.384932823870950358e+01,7.307556448570411867e+00,2.360414144184262497e+01,2.064537589699791287e+00,2.486571586307639237e+01,8.218329819152250693e+00,1.731073919896619184e+00,4.599985056720529153e-01,9.915220066290754630e+02,-1.411370047057137178e+01,1.081134230944123420e+00,1.137980578809506760e+00,7.873509162649707793e-01,2.844951447023766899e-01,1.255045448276765674e+00,1.000000000000000000e+00,1.645738716137048385e+01,2.601401462163326173e+01,7.184606096734746927e-02,3.399999999999999911e+00,1.382568172415148400e+00,4.834239051020796651e+00,1.839994022688211661e+00,1.471412831912126364e+02,1.007462004931015898e+00,1.422987057617593223e+02,4.444165802814788790e+00,8.881784197001252323e-16,2.245729971664532003e-06,-1.088436222961852717e-02,1.000000000000000056e-01,1.071846060967347469e+00,1.071846060967347469e+00,8.754920126867767882e-01,4.962181604835240734e-01,5.735845619325843359e-01,1.008421562803318405e+00,8.828940858749882992e-01,9.250624375631799623e-01,9.250624375631799623e-01,9.250624375631799623e-01,8.705339020184766907e-01,6.232931351014237009e-02,6.232931351014237009e+01,5.396546521356400916e+01,9.983798152559112404e-01,1.019153799506898217e+00,1.000144320493481676e+00,6.154911432779361036e+00,8.450638906212415424e-01,1.032570362091829397e+00,4.604787283187627978e-01,1.740019434527080300e+00,7.980705955203887925e+00,-1.524074117831956780e-02,1.798475925882167914e+01,5.396546521402557062e+01,4.615614557224034797e-10,8.824952095581613776e+01,1.000000000000000056e-01,-1.038197627950924185e-01,7.680464047009279982e-01,1.668095495081789004e+00,1.876717344771720031e+00,1.905323487718191933e+00,8.869380643512199569e+00,3.782040832489911963e+00,5.087339811022287606e+00,7.370283286315293392e-02,2.999999999999999737e-04,2.372279926364029290e-01,-4.997191899485985481e-04,3.219499722256394136e+01,1.072831714561176986e+00,2.223659252870636038e+00,2.219165792031593476e+00,2.223659252870636038e+00,4.754046649999736474e+01,9.508093299999472499e+07,1.109582896015796791e+02,2.219165792031593621e+08,2.295091480675298357e+01,1.814496709083300345e+02,8.898297502893757205e-01,1.217453994792289151e+01,1.164543330900621898e+00,4.863581207617652113e-01,1.830233100240634903e+00,1.255045448276765674e+00,4.971221011687972924e-01,1.035698727050506252e+00,3.116465675507118149e+01,1.298705761759322286e+00,1.260000000000000009e-01,1.985738716137048243e+01,8.898297496341786017e-01,1.187133183993018593e+00,1.071715606730786252e+00,1.081134230944123420e+00,1.081134230944123491e-05,1.305707228110576692e-05,4.444165802814787902e+00,1.408302811657112352e+00,1.107868375909208059e+00,9.680436917455192969e-01,1.622448701412499750e+00
2.280000000000000000e+03,1.583333333333333259e+00,1.951918748269272555e+03,1.371599714640118250e+01,3.172898439704267304e+01,4.719818212243154412e+05,1.387635735105324741e+01,7.321827351053639354e+00,2.365261439569746571e+01,2.068572646004176896e+00,2.491523634300653711e+01,8.234696757434365466e+00,1.748611859414949565e+00,4.646787586922020985e-01,9.938246291577293050e+02,-1.477486170846433211e+01,1.081272874518911742e+00,1.140897963022490469e+00,7.893853695020472960e-01,2.852244907556226172e-01,1.258708963038699835e+00,1.000000000000000000e+00,1.649770756361031943e+01,2.606582195732658036e+01,7.460986025766991325e-02,3.399999999999999911e+00,1.388063444558049753e+00,4.828862643741822502e+00,1.858715034768808394e+00,1.486320080502707128e+02,1.006986259915246151e+00,1.423096496328317642e+02,4.423462340615192723e+00,2.664535259100375697e-15,2.374719882958924538e-06,-1.114525283091807178e-02,1.000000000000000056e-01,1.074609860257669913e+00,1.074609860257669913e+00,8.767472883869897871e-01,4.977210358236245358e-01,5.738186711040964560e-01,1.008468189858220843e+00,8.829131692143645793e-01,9.250624375631799623e-01,9.250624375631799623e-01,9.250624375631799623e-01,8.708301227893420204e-01,6.201606353113557624e-02,6.201606353113557901e+01,5.392482518312439765e+01,9.989838342505003022e-01,1.019201374008475325e+00,1.000926010666926436e+00,6.127889583699520415e+00,8.481978039590192253e-01,1.032993465294983038e+00,4.651349153067840803e-01,1.757208115191415176e+00,7.940597123064733864e+00,-1.577193952370284022e-02,1.798422806047629763e+01,5.392482518354103149e+01,4.166338385402923450e-10,8.801676007220432041e+01,1.000000000000000056e-01,-1.074382801342155247e-01,7.644278873618048920e-01,1.656351044585090193e+00,1.872056538664687020e+00,1.889200076834442354e+00,8.825484272723338464e+00,3.761256615499129374e+00,5.064227657224209089e+00,7.345740502740805145e-02,2.999999999999999737e-04,2.328490322493521614e-01,-4.679869462585212886e-04,3.225780080366005365e+01,1.076080955432008102e+00,2.226522790955231201e+00,2.221769147387333110e+00,2.226522790955231201e+00,4.731597687247497674e+01,9.463195374494995177e+07,1.110884573693666653e+02,2.221769147387333214e+08,2.291550635818327564e+01,1.813199406000249212e+02,8.881495078303057733e-01,1.220624629139093997e+01,1.165942363840783091e+00,4.854223963505546191e-01,1.833734950500049976e+00,1.258708963038699835e+00,4.937354319617528464e-01,1.032400858460152060e+00,3.100803176556778595e+01,1.309649632831764166e+00,1.260000000000000009e-01,1.989770756361031800e+01,8.881495071763457760e-01,1.190224853381349313e+00,1.073003120382289177e+00,1.081272874518911742e+00,1.081272874518911813e-05,1.318744862814804267e-05,4.423462340615190058e+00,1.409603469793881292e+00,1.108677205409635658e+00,9.672771310429357783e-01,1.638578159116912403e+00
2.340000000000000000e+03,1.625000000000000000e+00,1.945632441315258575e+03,1.367082057575123777e+01,3.178696830564086184e+01,4.719503619118895731e+05,1.390172770036525485e+01,7.335222167214114464e+00,2.369803044078742715e+01,2.072359888789643723e+00,2.496168540437667716e+01,8.250048565853406402e+00,1.765473537684931093e+00,4.691278421332498727e-01,9.962461904902677361e+02,-1.545009985228793070e+01,1.081419080794566501e+00,1.143688506214175282e+00,7.913167587549305715e-01,2.859221265535438206e-01,1.262184393688729145e+00,1.000000000000000000e+00,1.653583316005656201e+01,2.611441603635079645e+01,7.723888530847444756e-02,3.399999999999999911e+00,1.393276590533093717e+00,4.823784368514290044e+00,1.876511368532999491e+00,1.500652507032191352e+02,1.006539457416864458e+00,1.423200919457859470e+02,4.403862865893537482e+00,0.000000000000000000e+00,2.497881337604068114e-06,-1.135455697745053373e-02,1.000000000000000056e-01,1.077238885308474448e+00,1.077238885308474448e+00,8.779389219794145882e-01,4.991560440339785631e-01,5.740404164360836115e-01,1.008511842479404619e+00,8.829312425181580215e-01,9.250624375631799623e-01,9.250624375631799623e-01,9.250624375631799623e-01,8.711111051690130225e-01,6.171944431036853473e-02,6.171944431036853729e+01,5.388634520289281937e+01,9.995592166414553059e-01,1.019246054258313494e+00,1.001665558350918417e+00,6.102268367645490521e+00,8.511387125309699542e-01,1.033394313618936078e+00,4.695617960239573119e-01,1.773742446051369770e+00,7.902617709394178291e+00,-1.627250612555423276e-02,1.798372749387444713e+01,5.388634520326862543e+01,3.758060529435169883e-10,8.779467535422210744e+01,1.000000000000000056e-01,-1.108481343702604205e-01,7.610180331257599962e-01,1.645217638894421741e+00,1.867639071107009663e+00,1.873954551627678988e+00,8.783916989094464611e+00,3.741593622734688651e+00,5.042323366359775960e+00,7.322493284520295576e-02,2.999999999999999737e-04,2.287369127332572472e-01,-4.382089967934757122e-04,3.231675111073487727e+01,1.079183466467120933e+00,2.229208672276109304e+00,2.224210987477316603e+00,2.229208672276109304e+00,4.709938601893434651e+01,9.419877203786869347e+07,1.112105493738658311e+02,2.224210987477316558e+08,2.288056920499705171e+01,1.811905045977972293e+02,8.865793874967038413e-01,1.223587055908811649e+01,1.167269349277141099e+00,4.845434673804062120e-01,1.837024116464897050e+00,1.262184393688729145e+00,4.905287669390520078e-01,1.029244193991641687e+00,3.085972215518426509e+01,1.320091945785947019e+00,1.260000000000000009e-01,1.993583316005656059e+01,8.865793868438999192e-01,1.193113500622661194e+00,1.074224329558721935e+00,1.081419080794566501e+00,1.081419080794566649e-05,1.331207214554973461e-05,4.403862865893537482e+00,1.410833327743759913e+00,1.109434895331959048e+00,9.665458117634120327e-01,1.654117262103836694e+00
2.400000000000000000e+03,1.666666666666666741e+00,1.939585473592359904e+03,1.362737661242171860e+01,3.184151229197623678e+01,4.719176961843678146e+05,1.392559258605176531e+01,7.347821891091114388e+00,2.374067971357795770e+01,2.075922238396545882e+00,2.500534985385326436e+01,8.264480036443044852e+00,1.781700841468638163e+00,4.733633931543236861e-01,9.987807186812831333e+02,-1.613648691392618417e+01,1.081572510793043396e+00,1.146360918733924761e+00,7.931520151144019204e-01,2.865902296834811902e-01,1.265486274419349577e+00,1.000000000000000000e+00,1.657190903502402790e+01,2.616009691010421179e+01,7.974224479788305509e-02,3.399999999999999911e+00,1.398229411629024366e+00,4.818980587874031940e+00,1.893453572617294745e+00,1.514445715248342310e+02,1.006119107124417766e+00,1.423300704718453176e+02,4.385284313752261909e+00,8.881784197001252323e-16,2.615566118221809250e-06,-1.151772480983071292e-02,1.000000000000000056e-01,1.079742244797883055e+00,1.079742244797883055e+00,8.790719226923727758e-01,5.005280329852155319e-01,5.742507866615476075e-01,1.008552805561713006e+00,8.829483890729167284e-01,9.250624375631799623e-01,9.250624375631799623e-01,9.250624375631799623e-01,8.713780277875021740e-01,6.143808055598366097e-02,6.143808055598366025e+01,5.384984668315858869e+01,1.000108094666813274e+00,1.019288089287558208e+00,1.002366450055908409e+00,6.077942254793450516e+00,8.539043192290656226e-01,1.033774710804123087e+00,4.737768138176771671e-01,1.789662428259706228e+00,7.866591620484463476e+00,-1.674493698679101542e-02,1.798325506301321042e+01,5.384984668349767389e+01,3.390852043594350107e-10,8.758249940697794500e+01,1.000000000000000056e-01,-1.140663282478951990e-01,7.577998392481252177e-01,1.634645883032693092e+00,1.863444933848279028e+00,1.859513244406885590e+00,8.744486335188064174e+00,3.722958178255164619e+00,5.021528156932899556e+00,7.300435103098570910e-02,2.999999999999999737e-04,2.248673613741924981e-01,-4.102060860280368898e-04,3.237220416350917418e+01,1.082149728841477199e+00,2.231733490810039022e+00,2.226506398630790695e+00,2.231733490810039022e+00,4.689032633726320398e+01,9.378065267452640831e+07,1.113253199315395392e+02,2.226506398630790710e+08,2.284614624202024658e+01,1.810617925108229826e+02,8.851085819489510342e-01,1.226361527718392175e+01,1.168529859311332686e+00,4.837160739019122357e-01,1.840120043060437194e+00,1.265486274419349577e+00,4.874872236248058988e-01,1.026219604841257960e+00,3.071904027799182657e+01,1.330070471845317570e+00,1.260000000000000009e-01,1.997190903502402648e+01,8.851085812972301348e-01,1.195818873940499127e+00,1.075384362200048516e+00,1.081572510793043396e+00,1.081572510793043453e-05,1.343129122615224378e-05,4.385284313752261021e+00,1.411997065645936189e+00,1.110146304706412845e+00,9.658470737049356103e-01,1.669100682522814072e+00
2.460000000000000000e+03,1.708333333333333259e+00,1.933763946117749128e+03,1.358556358886523086e+01,3.189292385639648231e+01,4.718840981958883349e+05,1.394808661525207860e+01,7.359697635951990335e+00,2.378081652264032542e+01,2.079279817278619991e+00,2.504648154342140387e+01,8.278074408418660823e+00,1.797332093073002124e+00,4.774012465993507370e-01,1.001422637681072956e+03,-1.683140347017606686e+01,1.081732845741802951e+00,1.148923101010216996e+00,7.948974358243351412e-01,2.872307752525542490e-01,1.268627667287267613e+00,1.000000000000000000e+00,1.660606717692660439e+01,2.620312806109660642e+01,8.212821107688927924e-02,3.399999999999999911e+00,1.402941500930901420e+00,4.814430155402495082e+00,1.909604986397402948e+00,1.527732279112051685e+02,1.005723001211997314e+00,1.423396190720175980e+02,4.367651989845477978e+00,0.000000000000000000e+00,2.728097235166946388e-06,-1.163962309805051387e-02,1.000000000000000056e-01,1.082128211076889279e+00,1.082128211076889279e+00,8.801507717967419486e-01,5.018413804267198852e-01,5.744506662530781682e-01,1.008591328435488377e+00,8.829646829918917916e-01,9.250624375631799623e-01,9.250624375631799623e-01,9.250624375631799623e-01,8.716319498012605749e-01,6.117074885593289102e-02,6.117074885593289224e+01,5.381517075070355105e+01,1.000632386170521970e+00,1.019327699878800120e+00,1.003031790007923085e+00,6.054816374706329718e+00,8.565102103538744238e-01,1.034136265776309793e+00,4.777956353975125747e-01,1.805004699305110094e+00,7.832362209466438685e+00,-1.719145845694554364e-02,1.798280854154305430e+01,5.381517075100949654e+01,3.059454911635839380e-10,8.737953911428577669e+01,1.000000000000000056e-01,-1.171080276358688055e-01,7.547581398601516112e-01,1.624591717316713924e+00,1.859456318165825239e+00,1.845810705818354824e+00,8.707021090503543448e+00,3.705267023984180064e+00,5.001754066519363384e+00,7.279471125205991267e-02,2.999999999999999737e-04,2.212189885016409008e-01,-3.838203908242609694e-04,3.242447258733642457e+01,1.084989207320279148e+00,2.234111817589991222e+00,2.228668628022642650e+00,2.234111817589991222e+00,4.668844398605686763e+01,9.337688797211372852e+07,1.114334314011321396e+02,2.228668628022642732e+08,2.281226905435789831e+01,1.809341444415468914e+02,8.837276641724941539e-01,1.228965747551459842e+01,1.169728901794295117e+00,4.829355972803400787e-01,1.843039834165581814e+00,1.268627667287267613e+00,4.845975625841244527e-01,1.023318721053262159e+00,3.058537442796644257e+01,1.339619072017598000e+00,1.260000000000000009e-01,2.000606717692660297e+01,8.837276635217901077e-01,1.198358235423948814e+00,1.076487826972913675e+00,1.081732845741802951e+00,1.081732845741803105e-05,1.354542569258497744e-05,4.367651989845477978e+00,1.413098941191180735e+00,1.110815690567500846e+00,9.651785325798059034e-01,1.683560305294604653e+00
2.520000000000000000e+03,1.750000000000000000e+00,1.928155164472236493e+03,1.354528872130505412e+01,3.194147449459907406e+01,4.718498067995382007e+05,1.396932862643115136e+01,7.370912178650581126e+00,2.381866420752525570e+01,2.082450386779937546e+00,2.508530198443970960e+01,8.290904893161947342e+00,1.812402435132820955e+00,4.812556657697764639e-01,1.004166731613338584e+03,-1.753250593825317694e+01,1.081899785440314954e+00,1.151382237838342926e+00,7.965587573801475862e-01,2.878455594595857314e-01,1.271620344399075897e+00,1.000000000000000000e+00,1.663842797807139462e+01,2.624374123008113813e+01,8.440431683973326216e-02,3.399999999999999911e+00,1.407430516598613846e+00,4.810114091461805685e+00,1.925022663079105856e+00,1.540542069862897847e+02,1.005349175024405461e+00,1.423487682059879944e+02,4.350898522155440595e+00,8.881784197001252323e-16,2.835771887178322674e-06,-1.172460706525621857e-02,1.000000000000000056e-01,1.084404316839733262e+00,1.084404316839733262e+00,8.811794914978363646e-01,5.031000512025626259e-01,5.746408486329152021e-01,1.008627629731363662e+00,8.829801904616200181e-01,9.250624375631799623e-01,9.250624375631799623e-01,9.250624375631799623e-01,8.718738256884172033e-01,6.091635698643889374e-02,6.091635698643889185e+01,5.378217556353166628e+01,1.001133821540028279e+00,1.019365082497559305e+00,1.003664351597447046e+00,6.032805177870752544e+00,8.589701645779417305e-01,1.034480418673747737e+00,4.816323766309946186e-01,1.819802877894761917e+00,7.799789626944800602e+00,-1.761406313697254714e-02,1.798238593686302877e+01,5.378217556380783293e+01,2.761666451078781392e-10,8.718516667610906268e+01,1.000000000000000056e-01,-1.199868061101672101e-01,7.518793613858532066e-01,1.615015705996289297e+00,1.855657318919205379e+00,1.832788576650906665e+00,8.671368380615806615e+00,3.688445895570112043e+00,4.982922485045694572e+00,7.259516629649825914e-02,2.999999999999999737e-04,2.177728706546173676e-01,-3.589123918704166180e-04,3.247383240284239037e+01,1.087710473960741497e+00,2.236356467847012031e+00,2.230709326545858850e+00,2.236356467847012031e+00,4.649339950059738413e+01,9.298679900119477510e+07,1.115354663272929514e+02,2.230709326545858979e+08,2.277895981604560660e+01,1.808078256439359564e+02,8.824283924159666004e-01,1.231415256073928433e+01,1.170870990073809903e+00,4.821979710535451158e-01,1.845798636891161637e+00,1.271620344399075897e+00,4.818479636506525221e-01,1.020533858351319711e+00,3.045817849321944593e+01,1.348768205987994406e+00,1.260000000000000009e-01,2.003842797807139320e+01,8.824283917662191223e-01,1.200746738697119564e+00,1.077538877458492195e+00,1.081899785440314954e+00,1.081899785440314971e-05,1.365476974158147238e-05,4.350898522155439707e+00,1.414142838002303115e+00,1.111446789392698253e+00,9.645380440488349194e-01,1.697525511121430464e+00
2.580000000000000000e+03,1.791666666666666741e+00,1.922747505237668747e+03,1.350646711854369109e+01,3.198740509040159097e+01,4.718150297737241490e+05,1.398942406071764921e+01,7.381521220463305610e+00,2.385441983552556167e+01,2.085449707020857968e+00,2.512200728767458813e+01,8.303036306943113232e+00,1.826944141602838023e+00,4.849395297222467982e-01,1.007008113668778833e+03,-1.823769837118626569e+01,1.082073046814716166e+00,1.153744878129814966e+00,7.981412174156536921e-01,2.884362195324537415e-01,1.274474941971080799e+00,1.000000000000000000e+00,1.666910150514736699e+01,2.628214158421940283e+01,8.657743694810737800e-02,3.399999999999999911e+00,1.411712412956621199e+00,4.806015311435138493e+00,1.939758118888987193e+00,1.552902520362412417e+02,1.004995874418617596e+00,1.423575453419521182e+02,4.334962978938194489e+00,8.881784197001252323e-16,2.938863987923768048e-06,-1.177658101407311371e-02,1.000000000000000056e-01,1.086577436948107378e+00,1.086577436948107378e+00,8.821617021637527811e-01,5.043076441843669100e-01,5.748220478762150476e-01,1.008661902435765922e+00,8.829949707836161066e-01,9.250624375631799623e-01,9.250624375631799623e-01,9.250624375631799623e-01,8.721045177593442776e-01,6.067392663553756310e-02,6.067392663553756194e+01,5.375073406876676074e+01,1.001613965834238229e+00,1.019400412558138180e+00,1.004266620317016301e+00,6.011831310117438321e+00,8.612964040330157722e-01,1.034808462234997783e+00,4.852997866380995284e-01,1.834087888039868108e+00,7.768748608903656816e+00,-1.801453988744516899e-02,1.798198546011255416e+01,5.375073406901621098e+01,2.494502382432983723e-10,8.699881204536663404e+01,1.000000000000000056e-01,-1.227148493695174869e-01,7.491513181265029298e-01,1.605882442808940214e+00,1.852033678786052295e+00,1.820394649722444580e+00,8.637391262092814159e+00,3.672428328508496875e+00,4.964962933584317284e+00,7.240495683186295994e-02,2.999999999999999737e-04,2.145122069135043663e-01,-3.353583311741350007e-04,3.252052850857494803e+01,1.090321309581708586e+00,2.238478786927035724e+00,2.232638808752291926e+00,2.238478786927035724e+00,4.630486926576814710e+01,9.260973853153629601e+07,1.116319404376145883e+02,2.232638808752291799e+08,2.274623347081107738e+01,1.806830431741938128e+02,8.812035127392907619e-01,1.233723750585127732e+01,1.171960201996639750e+00,4.814995946326429133e-01,1.848409879744224327e+00,1.274474941971080799e+00,4.792278390846840264e-01,1.017857952728492332e+00,3.033696331776877742e+01,1.357545341952118179e+00,1.260000000000000009e-01,2.006910150514736557e+01,8.812035120904452290e-01,1.202997739926761955e+00,1.078541266451464420e+00,1.082073046814716166e+00,1.082073046814716307e-05,1.375959445607093112e-05,4.334962978938193601e+00,1.415132306617657099e+00,1.112042902511832576e+00,9.639236747505872671e-01,1.711023416696205501e+00
2.640000000000000000e+03,1.833333333333333259e+00,1.917530299024398118e+03,1.346902091383925537e+01,3.203092957468303581e+01,4.717799475485643488e+05,1.400846656068532603e+01,7.391574229560641029e+00,2.388825832626272216e+01,2.088291774476127127e+00,2.515677199336782266e+01,8.314526336790937222e+00,1.840986919696856461e+00,4.884644975456293725e-01,1.009942198083249991e+03,-1.894510725388937544e+01,1.082252362600176765e+00,1.156017004747655896e+00,7.996496089485891634e-01,2.890042511869139741e-01,1.277201093710048863e+00,1.000000000000000000e+00,1.669818861363454232e+01,2.631851172402155115e+01,8.865386013550313749e-02,3.399999999999999911e+00,1.415801640565073294e+00,4.802118392893487631e+00,1.953857990182517490e+00,1.564838881742327885e+02,1.004661528142719362e+00,1.423659753214993486e+02,4.319790107492579523e+00,8.881784197001252323e-16,3.037626432132415494e-06,-1.179905084375277094e-02,1.000000000000000056e-01,1.088653860135503137e+00,1.088653860135503137e+00,8.831006723207375231e-01,5.054674350997395704e-01,5.749949085784540337e-01,1.008694317814906816e+00,8.830090772578590430e-01,9.250624375631799623e-01,9.250624375631799623e-01,9.250624375631799623e-01,8.723248069866677001e-01,6.044257875117003270e-02,6.044257875117003209e+01,5.372073210101010687e+01,1.002074238702035824e+00,1.019433847185728048e+00,1.004840830611699598e+00,5.991824641683651365e+00,8.634998069414816513e-01,1.035121560599173041e+00,4.888094108262015514e-01,1.847888237551376989e+00,7.739126600661975885e+00,-1.839449942636289456e-02,1.798160550057363594e+01,5.372073210123561182e+01,2.255049480481829960e-10,8.681995635169849379e+01,1.000000000000000056e-01,-1.253031296073766621e-01,7.465630378886437546e-01,1.597160040616627086e+00,1.848572579852885145e+00,1.808582068474008597e+00,8.604966674856854070e+00,3.657154648326893742e+00,4.947812026529960328e+00,7.222340016516987093e-02,2.999999999999999737e-04,2.114220278573815115e-01,-3.130480589635812119e-04,3.256477840092775011e+01,1.092828796359417876e+00,2.240488871967920570e+00,2.234466254389969375e+00,2.240488871967920570e+00,4.612254599856566983e+01,9.224509199713133276e+07,1.117233127194984661e+02,2.234466254389969409e+08,2.271409931705046148e+01,1.805599580351145903e+02,8.800466056573588158e-01,1.235903349743171553e+01,1.173000231005474792e+00,4.808372647872131700e-01,1.850885491747227274e+00,1.277201093710048863e+00,4.767276751029677628e-01,1.015284501374516868e+00,3.022128937558501605e+01,1.365975321499348638e+00,1.260000000000000009e-01,2.009818861363454090e+01,8.800466050093651571e-01,1.205123055954624212e+00,1.079498392983939015e+00,1.082252362600176765e+00,1.082252362600176784e-05,1.386015005813418334e-05,4.319790107492578635e+00,1.416070600439824023e+00,1.112606962380148889e+00,9.633336765252487055e-01,1.724079091222186833e+00
2.700000000000000000e+03,1.875000000000000000e+00,1.912493726732697951e+03,1.343287849506065079e+01,3.207223859707806923e+01,4.717447165426769061e+05,1.402653957046917554e+01,7.401115281131018797e+00,2.392033540698018612e+01,2.090989057734897294e+00,2.518975145354705703e+01,8.325426327867083032e+00,1.854558182131202493e+00,4.918411572686658406e-01,1.012964674695345479e+03,-1.965305877804383172e+01,1.082437480132781626e+00,1.158204096190540877e+00,8.010883283407260747e-01,2.895510240476352193e-01,1.279807547045045624e+00,1.000000000000000000e+00,1.672578193377590949e+01,2.635301417567186277e+01,9.063935238836129393e-02,3.399999999999999911e+00,1.419711320567568436e+00,4.798409374683862971e+00,1.967364629074663362e+00,1.576374454811522128e+02,1.004344724313167347e+00,1.423740806883597827e+02,4.305329672277530939e+00,2.664535259100375697e-15,3.132293148027984046e-06,-1.179516991606664907e-02,1.000000000000000056e-01,1.090639352388361294e+00,1.090639352388361294e+00,8.839993616624221007e-01,5.065824140736753245e-01,5.751600139247442511e-01,1.008725027917998451e+00,8.830225579358151888e-01,9.250624375631799623e-01,9.250624375631799623e-01,9.250624375631799623e-01,8.725354024416303034e-01,6.022152105220420631e-02,6.022152105220420282e+01,5.369206676125006794e+01,1.002515931719688780e+00,1.019465527568683250e+00,1.005388997309922594e+00,5.972721423324824030e+00,8.655900911440470580e-01,1.035420765457032877e+00,4.921717368880701993e-01,1.861230244174731263e+00,7.710822157772625474e+00,-1.875539631855184172e-02,1.798124460368144639e+01,5.369206676145407187e+01,2.040039248640823644e-10,8.664812613727248447e+01,1.000000000000000056e-01,-1.277615553034866513e-01,7.441046121925337653e-01,1.588819695730423476e+00,1.845262468689037538e+00,1.797308645950306927e+00,8.573983697462278286e+00,3.642571114639344465e+00,4.931412582822933821e+00,7.204988065705614231e-02,2.999999999999999737e-04,2.084889502198834510e-01,-2.918831752980180147e-04,3.260677590702936612e+01,1.095239398992625679e+00,2.242395709822246008e+00,2.236199833795754266e+00,2.242395709822246008e+00,4.594613787466450816e+01,9.189227574932901561e+07,1.118099916897877222e+02,2.236199833795754313e+08,2.268256180542631384e+01,1.804386913698785406e+02,8.789519862117535220e-01,1.237964814146828552e+01,1.173994430676235767e+00,4.802081276440527957e-01,1.853236144072943681e+00,1.279807547045045624e+00,4.743388967878394702e-01,1.012807509768867575e+00,3.011076052610210141e+01,1.374080688359782698e+00,1.260000000000000009e-01,2.012578193377590807e+01,8.789519855645658852e-01,1.207133179385710520e+00,1.080413343312611740e+00,1.082437480132781626e+00,1.082437480132781661e-05,1.395666794935580066e-05,4.305329672277528275e+00,1.416960707541158326e+00,1.113141574534328715e+00,9.627664632079735441e-01,1.736715753868834922e+00
2.760000000000000000e+03,1.916666666666666741e+00,1.907628730085190455e+03,1.339797384217018461e+01,3.211150315015875378e+01,4.717094720550274360e+05,1.404371792987190659e+01,7.410183904896753937e+00,2.395078999244125129e+01,2.093552739219253223e+00,2.522108442052548583e+01,8.335782138987070766e+00,1.867683264906583540e+00,4.950791501814850726e-01,1.016071486339558419e+03,-2.036005882051838256e+01,1.082628160263644501e+00,1.160311179971342588e+00,8.024614168396583258e-01,2.900777949928356469e-01,1.282302263207173887e+00,1.000000000000000000e+00,1.675196672512456786e+01,2.638579409906535389e+01,9.253921183249391724e-02,3.399999999999999911e+00,1.423453394810760830e+00,4.794875585245156557e+00,1.980316600725940290e+00,1.587530775170596087e+02,1.004044190496093059e+00,1.423818819589660905e+02,4.291535886644175513e+00,-1.776356839400250465e-15,3.223080896080108830e-06,-1.176777859473828250e-02,1.000000000000000056e-01,1.092539211832493917e+00,1.092539211832493917e+00,8.848604570683138437e-01,5.076553163473408459e-01,5.753178929132073405e-01,1.008754168219986092e+00,8.830354562619269210e-01,9.250624375631799623e-01,9.250624375631799623e-01,9.250624375631799623e-01,8.727369494185526211e-01,6.001003739812998949e-02,6.001003739812998816e+01,5.366464503701256206e+01,1.002940222627763722e+00,1.019495580950390501e+00,1.005912942190736903e+00,5.954463562104907126e+00,8.675759664286875061e-01,1.035707029370328103e+00,4.953963164644408779e-01,1.874138249978721804e+00,7.683743584907809065e+00,-1.909854771052024378e-02,1.798090145228947989e+01,5.366464503719728896e+01,1.847269004429108463e-10,8.648288838733138562e+01,1.000000000000000056e-01,-1.300990988455057451e-01,7.417670686505146715e-01,1.580835318799100442e+00,1.842092899463024125e+00,1.786536290746525424e+00,8.544342061173685110e+00,3.628629190209549549e+00,4.915712870964135561e+00,7.188384155038969603e-02,2.999999999999999737e-04,2.057009719474249820e-01,-2.717754875958813474e-04,3.264669486932806564e+01,1.097559031117116390e+00,2.244207326868164376e+00,2.237846844095574994e+00,2.244207326868164376e+00,4.577536823117001319e+01,9.155073646234002709e+07,1.118923422047787426e+02,2.237846844095574915e+08,2.265162151190793693e+01,1.803193319478566821e+02,8.779146010865734873e-01,1.239917731378913501e+01,1.174945853075266555e+00,4.796096317190207126e-01,1.855471412612696769e+00,1.282302263207173887e+00,4.720537530997739317e-01,1.010421443937378871e+00,3.000501869906499408e+01,1.381881958966090451e+00,1.260000000000000009e-01,2.015196672512456644e+01,8.779146004401496839e-01,1.209037459023147854e+00,1.081288926218441304e+00,1.082628160263644501e+00,1.082628160263644528e-05,1.404936249871655411e-05,4.291535886644177289e+00,1.417805378229824553e+00,1.113649062278197155e+00,9.622205915275490185e-01,1.748954946720403081e+00
2.820000000000000000e+03,1.958333333333333259e+00,1.902926932380989001e+03,1.336424594132738086e+01,3.214887697528392607e+01,4.716743308262936771e+05,1.406006893077310060e+01,7.418815645752473209e+00,2.397974655426870072e+01,2.095992874827569796e+00,2.525089564510920326e+01,8.345635001349494431e+00,1.880385626768497298e+00,4.981872767391404278e-01,1.019258808305526827e+03,-2.106477488532175002e+01,1.082824176362807034e+00,1.162342879713548216e+00,8.037725972711825539e-01,2.905857199283870540e-01,1.284692504584710404e+00,1.000000000000000000e+00,1.677682163186769415e+01,2.641698200600034951e+01,9.435831719956966346e-02,3.399999999999999911e+00,1.427038756877065495e+00,4.791505493921695447e+00,1.992749106956561711e+00,1.598327782753222834e+02,1.003758776645708117e+00,1.423893978556925504e+02,4.278366917589901952e+00,0.000000000000000000e+00,3.310190886912381812e-06,-1.171943890918312678e-02,1.000000000000000056e-01,1.094358317199569663e+00,1.094358317199569663e+00,8.856864040430497687e-01,5.086886495796816288e-01,5.754690268283645382e-01,1.008781860227600857e+00,8.830478116264501853e-01,9.250624375631799623e-01,9.250624375631799623e-01,9.250624375631799623e-01,8.729300365255584504e-01,5.980747863271515530e-02,5.980747863271515286e+01,5.363838261380900008e+01,1.003348187892188381e+00,1.019524122335428995e+00,1.006414317000885683e+00,5.936997990469481401e+00,8.694652626718276656e-01,1.035981217365880669e+00,4.984918706004343725e-01,1.886634824574285441e+00,7.657807763471851104e+00,-1.942514949541872954e-02,1.798057485050458126e+01,5.363838261397643237e+01,1.674322902545100078e-10,8.632384617189504183e+01,1.000000000000000056e-01,-1.323239066445417444e-01,7.395422608514786722e-01,1.573183214392502416e+00,1.839054398830358483e+00,1.776230511398971590e+00,8.515950869779508992e+00,3.615284910229330073e+00,4.900665959550178918e+00,7.172477792230054494e-02,2.999999999999999737e-04,2.030472970064691740e-01,-2.526457130878146176e-04,3.268469159153865888e+01,1.099793114332218602e+00,2.245930939352494882e+00,2.239413845888238885e+00,2.245930939352494882e+00,4.560997550898707686e+01,9.121995101797415316e+07,1.119706922944119469e+02,2.239413845888238847e+08,2.262127614736809988e+01,1.802019439507671166e+02,8.769299287660431430e-01,1.241770672519964869e+01,1.175857282245195368e+00,4.790394835889202896e-01,1.857599888183109282e+00,1.284692504584710404e+00,4.698652178313691419e-01,1.008121186706206762e+00,2.990373931635757643e+01,1.389397855692550365e+00,1.260000000000000009e-01,2.017682163186769273e+01,8.769299281203443153e-01,1.210844252483876060e+00,1.082127703823296150e+00,1.082824176362807034e+00,1.082824176362807061e-05,1.413843265054045242e-05,4.278366917589901952e+00,1.418607149415086921e+00,1.114131510990921115e+00,9.616947446438643965e-01,1.760816691018777025e+00
2.880000000000000000e+03,2.000000000000000000e+00,1.898380571803512112e+03,1.333163829243661169e+01,3.218449820939900263e+01,4.716393932066396810e+05,1.407565303286694380e+01,7.427042438198609986e+00,2.400731700364110566e+01,2.098318498547462330e+00,2.527929747202212241e+01,8.355022045837623423e+00,1.892687028054022225e+00,5.011735850142926552e-01,1.022523030401294591e+03,-2.176602051014616634e+01,1.083025313437517179e+00,1.164303455344612104e+00,8.050253053806927239e-01,2.910758638361530259e-01,1.286984909463664506e+00,1.000000000000000000e+00,1.680041932837923468e+01,2.644669542928010486e+01,9.610116921684586089e-02,3.399999999999999911e+00,1.430477364195496648e+00,4.788288584451925622e+00,2.004694340057170621e+00,1.608783973845918922e+02,1.003487440663277219e+00,1.423966454955887286e+02,4.265784463501343104e+00,-3.552713678800500929e-15,3.393810165242667253e-06,-1.165246417961287966e-02,1.000000000000000056e-01,1.096101169216845861e+00,1.096101169216845861e+00,8.864794337185685213e-01,5.096847178500312214e-01,5.756138544389560741e-01,1.008808213116480612e+00,8.830596598321106550e-01,9.250624375631799623e-01,9.250624375631799623e-01,9.250624375631799623e-01,8.731152017512253671e-01,5.961325485958971632e-02,5.961325485958971626e+01,5.361320287236158322e+01,1.003740813690586098e+00,1.019551255933672129e+00,1.006894623013766088e+00,5.920276128559794238e+00,8.712650368777437038e-01,1.036244116975682639e+00,5.014663763283958575e-01,1.898740923041453810e+00,7.632939162559502222e+00,-1.973629004594895306e-02,1.798026370995405188e+01,5.361320287251355410e+01,1.519708803243702278e-10,8.617063492721237594e+01,1.000000000000000056e-01,-1.344433926835759685e-01,7.374227748124444481e-01,1.565841809148300845e+00,1.836138356369539704e+00,1.766359996170435931e+00,8.488727519079178663e+00,3.602498352539975635e+00,4.886229166539203028e+00,7.157223073474035246e-02,2.999999999999999737e-04,2.005181870221350859e-01,-2.344223949449853253e-04,3.272090651288898755e+01,1.101946630094837731e+00,2.247573045731668273e+00,2.240906747197056958e+00,2.247573045731668273e+00,4.544971248172625877e+01,9.089942496345251799e+07,1.120453373598528515e+02,2.240906747197057009e+08,2.259152107115286512e+01,1.800865709127319860e+02,8.759939155587882498e-01,1.243531322837189101e+01,1.176731262861964167e+00,4.784956173604401619e-01,1.859629309552742527e+00,1.286984909463664506e+00,4.677669060427960268e-01,1.005902000546590846e+00,2.980662742979485458e+01,1.396645495588728636e+00,1.260000000000000009e-01,2.020041932837923326e+01,8.759939149137786485e-01,1.212561053632769781e+00,1.082932017962682458e+00,1.083025313437517179e+00,1.083025313437517199e-05,1.422406329961783924e-05,4.265784463501346657e+00,1.419368365431588286e+00,1.114590795768197751e+00,9.611877188216375600e-01,1.772319619877051444e+00
2.940000000000000000e+03,2.041666666666666519e+00,1.893982442457822572e+03,1.330009847332648221e+01,3.221849161213604162e+01,4.716047450829868903e+05,1.409052483599364436e+01,7.434893118082192665e+00,2.403360214011401297e+01,2.100537766502674764e+00,2.530639105600162964e+01,8.363976704949473984e+00,1.904607685406950912e+00,5.040454502980933338e-01,1.025860740696504536e+03,-2.246274125456373838e+01,1.083231367325404149e+00,1.166196838659599333e+00,8.062227175902426657e-01,2.915492096648998332e-01,1.289185557558996997e+00,1.000000000000000000e+00,1.682282709134395660e+01,2.647504019496778938e+01,9.777192725514249894e-02,3.399999999999999911e+00,1.433778336338495496e+00,4.785215244789744915e+00,2.016181801192373335e+00,1.618916532595908393e+02,1.003229235940946040e+00,1.424036405637318126e+02,4.253753384404841853e+00,0.000000000000000000e+00,3.474112854076162398e-06,-1.156894506682604531e-02,1.000000000000000056e-01,1.097771927255142499e+00,1.097771927255142499e+00,8.872415861216157440e-01,5.106456423413645584e-01,5.757527764516376934e-01,1.008833324989423907e+00,8.830710334973989051e-01,9.250624375631799623e-01,9.250624375631799623e-01,9.250624375631799623e-01,8.732929377832152618e-01,5.942682876504485484e-02,5.942682876504485279e+01,5.358903602172689773e+01,1.004119005362259731e+00,1.019577076405905336e+00,1.007355227873362180e+00,5.904253413528880223e+00,8.729816662972590402e-01,1.036496446835565743e+00,5.043271453512604419e-01,1.910476022157667542e+00,7.609068984000622038e+00,-2.003296213564516662e-02,1.797996703786435546e+01,5.358903602186497750e+01,1.380797698402602691e-10,8.602291918203826526e+01,1.000000000000000056e-01,-1.364643197251033113e-01,7.354018477709171053e-01,1.558791417323825090e+00,1.833336928784982334e+00,1.756896252054351848e+00,8.462596763299886859e+00,3.590233180839334182e+00,4.872363582460552678e+00,7.142578168924361426e-02,2.999999999999999737e-04,1.981048347305267576e-01,-2.170409593694232545e-04,3.275546647233831266e+01,1.104024164436983702e+00,2.249139497063961990e+00,2.242330867466901356e+00,2.249139497063961990e+00,4.529434529208745630e+01,9.058869058417491615e+07,1.121165433733450669e+02,2.242330867466901243e+08,2.256234962279663847e+01,1.799732382882291404e+02,8.751029260991082248e-01,1.245206592819754121e+01,1.177570125364045595e+00,4.779761702363303777e-01,1.861566687226739791e+00,1.289185557558996997e+00,4.657530018220814583e-01,1.003759494231105442e+00,2.971341438252242639e+01,1.403640563731812563e+00,1.260000000000000009e-01,2.022282709134395517e+01,8.751029254547546543e-01,1.214194600852588568e+00,1.083704013311869385e+00,1.083231367325404149e+00,1.083231367325404167e-05,1.430642652733020407e-05,4.253753384404841853e+00,1.420091196494966290e+00,1.115028602614406061e+00,9.606984111985781283e-01,1.783481097964250583e+00
3.000000000000000000e+03,2.083333333333333481e+00,1.889725842354888528e+03,1.326957775539727358e+01,3.225097033501842247e+01,4.715704595714228344e+05,1.410473386114542649e+01,7.442393839832026181e+00,2.405869302770906515e+01,2.102658076672151655e+00,2.533226793031133184e+01,8.372529231204424605e+00,1.916166405970209263e+00,5.068096453275241497e-01,1.029268710817744022e+03,-2.315400214094059805e+01,1.083442143957715986e+00,1.168026664733838205e+00,8.073677755388352084e-01,2.920066661834595512e-01,1.291300027466656841e+00,1.000000000000000000e+00,1.684410730592950856e+01,2.650211206333311154e+01,9.937444172229481509e-02,3.399999999999999911e+00,1.436950041199985151e+00,4.782276671089885411e+00,2.027238581310096599e+00,1.628741445074677756e+02,1.002983300599828986e+00,1.424103974662087921e+02,4.242241378208334801e+00,-8.881784197001252323e-16,3.551261268416373330e-06,-1.147077247661250007e-02,1.000000000000000056e-01,1.099374441722294815e+00,1.099374441722294815e+00,8.879747303781659884e-01,5.115733792248016165e-01,5.758861596772198999e-01,1.008857284439228064e+00,8.830819624076069463e-01,9.250624375631799623e-01,9.250624375631799623e-01,9.250624375631799623e-01,8.734636966707998162e-01,5.924770980777098461e-02,5.924770980777098117e+01,5.356581834498516770e+01,1.004483595566296739e+00,1.019601669940016997e+00,1.007797380249258357e+00,5.888888887525653537e+00,8.746209287707881197e-01,1.036738864078762257e+00,5.070808934692331293e-01,1.921858256335754023e+00,7.586134418408576607e+00,-2.031607329784885368e-02,1.797968392670215110e+01,5.356581834511072771e+01,1.255600068361673038e-10,8.588038967810381052e+01,1.000000000000000056e-01,-1.383928698763545739e-01,7.334732976196658427e-01,1.552014036262488350e+00,1.830642953823058861e+00,1.747813291490316168e+00,8.437489902687262955e+00,3.578456245313375028e+00,4.859033657373887927e+00,7.128504874597564600e-02,2.999999999999999737e-04,1.957992552278278175e-01,-2.004429020505812606e-04,3.278848650726872904e+01,1.106029946632358207e+00,2.250635587763246459e+00,2.243691020072533071e+00,2.250635587763246459e+00,4.514365306731983907e+01,9.028730613463968039e+07,1.121845510036266660e+02,2.243691020072533190e+08,2.253375367988748934e+01,1.798619577508340228e+02,8.742536838741165051e-01,1.246802713458309242e+01,1.178376007986142726e+00,4.774794556449532545e-01,1.863418373538912265e+00,1.291300027466656841e+00,4.638181954258937534e-01,1.001689592169741960e+00,2.962385490388549059e+01,1.410397466208792139e+00,1.260000000000000009e-01,2.024410730592950713e+01,8.742536832303882122e-01,1.215750969950550431e+00,1.084445657663244855e+00,1.083442143957715986e+00,1.083442143957716013e-05,1.438568270799353346e-05,4.242241378208335689e+00,1.420777655029984210e+00,1.115446455071059884e+00,9.602258089942132813e-01,1.794317328822097490e+00
3.060000000000000000e+03,2.125000000000000000e+00,1.885604526571032920e+03,1.324003075792105832e+01,3.228203711549100774e+01,4.715365985363816726e+05,1.411832507191227570e+01,7.449568351196442784e+00,2.408267219671131798e+01,2.104686146422565240e+00,2.535701120765288152e+01,8.380707094054681505e+00,1.927380713138188595e+00,5.094724027399256672e-01,1.032743882445766985e+03,-2.383897621115738374e+01,1.083657458677775187e+00,1.169796300042276860e+00,8.084632080725748793e-01,2.924490750105692149e-01,1.293333447513407064e+00,1.000000000000000000e+00,1.686431791968526284e+01,2.652799798522229224e+01,1.009122830831441497e-01,3.399999999999999911e+00,1.440000171270110485e+00,4.779464783227890479e+00,2.037889610959702669e+00,1.638273606167460343e+02,1.002748848112977598e+00,1.424169294654349756e+02,4.231218694195875152e+00,8.881784197001252323e-16,3.625406929303921444e-06,-1.135965794630672265e-02,1.000000000000000056e-01,1.100912283083144150e+00,1.100912283083144150e+00,8.886805826263570740e-01,5.124697358983423268e-01,5.760143406133173549e-01,1.008880171751110666e+00,8.830924738213510317e-01,9.250624375631799623e-01,9.250624375631799623e-01,9.250624375631799623e-01,8.736278939511571417e-01,5.907544914684866033e-02,5.907544914684866200e+01,5.354349154073103989e+01,1.004835351632534790e+00,1.019625115188702136e+00,1.008222222691621095e+00,5.874144833166917046e+00,8.761880724795600983e-01,1.036971970905044449e+00,5.097338021548087905e-01,1.932904536656227634e+00,7.564077995755269512e+00,-2.058645490988179894e-02,1.797941354509011802e+01,5.354349154084538753e+01,1.143476424658729229e-10,8.574276080690074764e+01,1.000000000000000056e-01,-1.402347064705844470e-01,7.316314610254359696e-01,1.545493166774972060e+00,1.828049876724898937e+00,1.739087358258135652e+00,8.413344074285635799e+00,3.567137234983034588e+00,4.846206839302601210e+00,7.114968220955365796e-02,2.999999999999999737e-04,1.935941914831635913e-01,-1.845750818745498650e-04,3.282007106741586000e+01,1.107967884304764228e+00,2.252066125087007986e+00,2.244991575493346492e+00,2.252066125087007986e+00,4.499742729551795151e+01,8.999485459103590250e+07,1.122495787746673273e+02,2.244991575493346453e+08,2.250572403016965595e+01,1.797527301003549383e+02,8.734432252745425451e-01,1.248325317951826108e+01,1.179150876262110348e+00,4.770039417984419106e-01,1.865190133662400829e+00,1.293333447513407064e+00,4.619576284037820724e-01,9.996885066927292396e-01,2.953772457342432745e+01,1.416929465434975555e+00,1.260000000000000009e-01,2.026431791968526142e+01,8.734432246314111081e-01,1.217235653830255560e+00,1.085158759874626622e+00,1.083657458677775187e+00,1.083657458677775207e-05,1.446198151608167352e-05,4.231218694195874264e+00,1.421429610312427982e+00,1.115845734673873935e+00,9.597689799674853361e-01,1.804843453069269410e+00
3.120000000000000000e+03,2.166666666666666519e+00,1.881612665675020480e+03,1.321141514158425423e+01,3.231178537572943554e+01,4.715032139344463940e+05,1.413133935477045888e+01,7.456438246468272801e+00,2.410561463577948516e+01,2.106628083976717747e+00,2.538069655407276315e+01,8.388535301769739050e+00,1.938266957898544751e+00,5.120394695287988629e-01,1.036283355060428903e+03,-2.451693423756044865e+01,1.083877135617245635e+00,1.171508867404946752e+00,8.095115507711794223e-01,2.928772168512366880e-01,1.295290540544221436e+00,1.000000000000000000e+00,1.688351284586406109e+01,2.655277712093984732e+01,1.023887676224162213e-01,3.399999999999999911e+00,1.442935810816332154e+00,4.776772150769013514e+00,2.048157878115195452e+00,1.647526914213763121e+02,1.002525159152042988e+00,1.424232487973567629e+02,4.220657880859603139e+00,8.881784197001252323e-16,3.696691474065672049e-06,-1.123715166442404434e-02,1.000000000000000056e-01,1.102388767622416221e+00,1.102388767622416221e+00,8.893607216557605222e-01,5.133363852409190686e-01,5.761376285517644247e-01,1.008902059879522861e+00,8.831025927376763285e-01,9.250624375631799623e-01,9.250624375631799623e-01,9.250624375631799623e-01,8.737859122834423786e-01,5.890963522380665562e-02,5.890963522380665296e+01,5.352200214945633405e+01,1.005174981996634020e+00,1.019647484084795552e+00,1.008630802823407446e+00,5.859986452777762089e+00,8.776878759822575038e-01,1.037196320298485297e+00,5.122915722145343631e-01,1.943630655850582034e+00,7.542847019693553534e+00,-2.084487013294580859e-02,1.797915512986705266e+01,5.352200214956060620e+01,1.042721464727947023e-10,8.560976834441314054e+01,1.000000000000000056e-01,-1.419950281535817815e-01,7.298711393424386351e-01,1.539213656565730837e+00,1.825551685993674011e+00,1.730696689302976710e+00,8.390101634041746692e+00,3.556248375296650721e+00,4.833853258745095971e+00,7.101936131702585309e-02,2.999999999999999737e-04,1.914830327372458729e-01,-1.693891130024162764e-04,3.285031513199159292e+01,1.109841594245597474e+00,2.253435485490221879e+00,2.246236512547263420e+00,2.253435485490221879e+00,4.485547113370006400e+01,8.971094226740013063e+07,1.123118256273631772e+02,2.246236512547263503e+08,2.247825064292809927e+01,1.796455474039913440e+02,8.726688622178003785e-01,1.249779511874092286e+01,1.179896540204076416e+00,4.765482339058021988e-01,1.866887211179639960e+00,1.295290540544221436e+00,4.601668457967169612e-01,9.977527131946114514e-01,2.945481761190332648e+01,1.423248797356762907e+00,1.260000000000000009e-01,2.028351284586405967e+01,8.726688615752390410e-01,1.218653630910677244e+00,1.085844985679005559e+00,1.083877135617245635e+00,1.083877135617245777e-05,1.453546283023812982e-05,4.220657880859602251e+00,1.422048801479485869e+00,1.116227697563118015e+00,9.593270641526157050e-01,1.815073636698958826e+00
3.180000000000000000e+03,2.208333333333333481e+00,1.877744809895421440e+03,1.318369134502570894e+01,3.234030017393646261e+01,4.714703489661688218e+05,1.414381393219654726e+01,7.463023182263935240e+00,2.412758857137390933e+01,2.108489448532276711e+00,2.540339279024414409e+01,8.396036600165308172e+00,1.948840416355748006e+00,5.145161517128017392e-01,1.039884375074059108e+03,-2.518723571075281242e+01,1.084101007137531436e+00,1.173167267711655581e+00,8.105151629663018831e-01,2.932918169279138954e-01,1.297175662949997532e+00,1.000000000000000000e+00,1.690174231515999637e+01,2.657652146929762083e+01,1.038069798942158339e-01,3.399999999999999911e+00,1.445763494424996409e+00,4.774191928731089440e+00,2.058064606851206957e+00,1.656514353902385892e+02,1.002311574544715533e+00,1.424293667648633743e+02,4.210533566654961035e+00,8.881784197001252323e-16,3.765247451594658039e-06,-1.110465815242268547e-02,1.000000000000000056e-01,1.103806979894215834e+00,1.103806979894215834e+00,8.900166024615839833e-01,5.141748780579314948e-01,5.762563081533698117e-01,1.008923015068320161e+00,8.831123421264809314e-01,9.250624375631799623e-01,9.250624375631799623e-01,9.250624375631799623e-01,8.739381046154186539e-01,5.874988995509756312e-02,5.874988995509756506e+01,5.350130105915081913e+01,1.005503141810277334e+00,1.019668842545528253e+00,1.009024083001771821e+00,5.846381589603432793e+00,8.791246983683845828e-01,1.037412420994054729e+00,5.147594676366710198e-01,1.954051374070502778e+00,7.522393080038099811e+00,-2.109202079206305008e-02,1.797890797920793560e+01,5.350130105924603185e+01,9.521272659185342491e-11,8.548116747956055406e+01,1.000000000000000056e-01,-1.436786157497482730e-01,7.281875517462721437e-01,1.533161565154962158e+00,1.823142858854650994e+00,1.722621309439155590e+00,8.367709623809952646e+00,3.545764168293806584e+00,4.821945455516146062e+00,7.089379129424683290e-02,2.999999999999999737e-04,1.894597442841934321e-01,-1.548408570247036473e-04,3.287930517683540188e+01,1.111654429321295101e+00,2.254747649428322287e+00,2.247429450031811271e+00,2.254747649428322287e+00,4.471759852693065085e+01,8.943519705386130512e+07,1.123714725015905600e+02,2.247429450031811297e+08,2.245132276888075396e+01,1.795403937974019470e+02,8.719281578471685945e-01,1.251169933114304023e+01,1.180614669274362205e+00,4.761110615364903542e-01,1.868514400615035154e+00,1.297175662949997532e+00,4.584417549371690992e-01,9.958789285438596206e-01,2.937494497754877898e+01,1.429366764863374328e+00,1.260000000000000009e-01,2.030174231515999494e+01,8.719281572051527096e-01,1.220009423573927387e+00,1.086505871463029793e+00,1.084101007137531436e+00,1.084101007137531506e-05,1.460625752296997310e-05,4.210533566654960147e+00,1.422636848876128957e+00,1.116593484940449965e+00,9.588992672680962670e-01,1.825021147856808357e+00
3.240000000000000000e+03,2.250000000000000000e+00,1.873995854863571822e+03,1.315682233255148503e+01,3.236765944393621197e+01,4.714380391745571978e+05,1.415578290901616931e+01,7.469341168817060783e+00,2.414865625360706503e+01,2.110275333640942996e+00,2.542516274440863810e+01,8.403231754507762830e+00,1.959115380277006491e+00,5.169073581255820837e-01,1.043544325345125344e+03,-2.584932017806105975e+01,1.084328913289014151e+00,1.174774200198227758e+00,8.114762436481508523e-01,2.936935500495569396e-01,1.298992840254808989e+00,1.000000000000000000e+00,1.691905320474665331e+01,2.659929675994543175e+01,1.051697936977078474e-01,3.399999999999999911e+00,1.448489260382213484e+00,4.771717799323592857e+00,2.067629432502328335e+00,1.665248073235455593e+02,1.002107488973194904e+00,1.424352938343699861e+02,4.200822259391986613e+00,-8.881784197001252323e-16,3.831199085374927928e-06,-1.096345078827147893e-02,1.000000000000000056e-01,1.105169793697707847e+00,1.105169793697707847e+00,8.906495684836602811e-01,5.149866543680490238e-01,5.763706419535189474e-01,1.008943097693583146e+00,8.831217431367446302e-01,9.250624375631799623e-01,9.250624375631799623e-01,9.250624375631799623e-01,8.740847970704539449e-01,5.859586528873544226e-02,5.859586528873543898e+01,5.348134305820082091e+01,1.005820437999008554e+00,1.019689251102680494e+00,1.009402949028544771e+00,5.833300472719271212e+00,8.805025254303181503e-01,1.037620741905602051e+00,5.171423596186551785e-01,1.964180509207211989e+00,7.502671611873935831e+00,-2.132855358607903956e-02,1.797867144641391945e+01,5.348134305828785529e+01,8.703437970325467177e-11,8.535673099226981719e+01,1.000000000000000056e-01,-1.452898745645710976e-01,7.265762929314493190e-01,1.527324041478638428e+00,1.820818310197415135e+00,1.714842846753884098e+00,8.346119289880194358e+00,3.535661156951299233e+00,4.810458132928895125e+00,7.077270069303367994e-02,2.999999999999999737e-04,1.875188052752456702e-01,-1.408899554319461775e-04,3.290712043466848513e+01,1.113409502875585932e+00,2.256006250703593619e+00,2.248573691587115952e+00,2.256006250703593619e+00,4.458363364043584909e+01,8.916726728087170422e+07,1.124286845793557887e+02,2.248573691587115824e+08,2.242492917714510980e+01,1.794372473969367547e+02,8.712188947233135972e-01,1.252500804814792268e+01,1.181306806036205526e+00,4.756912638291339035e-01,1.870076089585396950e+00,1.298992840254808989e+00,4.567785881906546441e-01,9.940640901973126775e-01,2.929793264436771949e+01,1.435293834369986143e+00,1.260000000000000009e-01,2.031905320474665189e+01,8.712188940818199612e-01,1.221307149784564672e+00,1.087142836829604775e+00,1.084328913289014151e+00,1.084328913289014182e-05,1.467448821826506975e-05,4.200822259391987501e+00,1.423195264669246729e+00,1.116944137467668074e+00,9.584848539118464572e-01,1.834698431591560208e+00
3.300000000000000000e+03,2.291666666666666519e+00,1.870361014034243681e+03,1.313077339124242116e+01,3.239393453316512961e+01,4.714063133090462070e+05,1.416727750977326572e+01,7.475408696807054554e+00,2.416887461033505247e+01,2.111990403659931737e+00,2.544606401554300135e+01,8.410139801747066102e+00,1.969105233932918253e+00,5.192176360625783138e-01,1.047260716360077140e+03,-2.650270011107314971e+01,1.084560701349428280e+00,1.176332179405108924e+00,8.123968447726145348e-01,2.940830448512772310e-01,1.300745797381674063e+00,1.000000000000000000e+00,1.693548931369481991e+01,2.662116325178077858e+01,1.064798896238916548e-01,3.399999999999999911e+00,1.451118696072511094e+00,4.769343922544164727e+00,2.076870544250313255e+00,1.673739448842980551e+02,1.001912345619336620e+00,1.424410397091828884e+02,4.191502176611339614e+00,1.776356839400250465e-15,3.894662903097081792e-06,-1.081468398138316078e-02,1.000000000000000056e-01,1.106479889623891655e+00,1.106479889623891655e+00,8.912608620795916536e-01,5.157730530847024486e-01,5.764808725123431454e-01,1.008962363014318964e+00,8.831308152732447736e-01,9.250624375631799623e-01,9.250624375631799623e-01,9.250624375631799623e-01,8.742262914029703680e-01,5.844724028512555958e-02,5.844724028512555947e+01,5.346208645634398238e+01,1.006127433607677757e+00,1.019708765438066322e+00,1.009768217593266293e+00,5.820715501451369178e+00,8.818250081511479488e-01,1.037821715936602551e+00,5.194447609293877388e-01,1.974031013057406359e+00,7.483641521783042094e+00,-2.155506535940462584e-02,1.797844493464059568e+01,5.346208645642364132e+01,7.965894610606483184e-11,8.523624772080846412e+01,1.000000000000000056e-01,-1.468328702956718246e-01,7.250332972003485921e-01,1.521689219525052872e+00,1.818573349889089474e+00,1.707344374995300118e+00,8.325285674345723308e+00,3.525917724884389592e+00,4.799367949461333716e+00,7.065583913270775951e-02,2.999999999999999737e-04,1.856551554702472462e-01,-1.274994398936862491e-04,3.293383344205121688e+01,1.115109709661032733e+00,2.257214620615536571e+00,2.249672265834935736e+00,2.257214620615536571e+00,4.445341043892528887e+01,8.890682087785057724e+07,1.124836132917467779e+02,2.249672265834935606e+08,2.239905838980504527e+01,1.793360821204771014e+02,8.705390466121974979e-01,1.253775980436526893e+01,1.181974377766340734e+00,4.752877765197701110e-01,1.871576292044652146e+00,1.300745797381674063e+00,4.551738713686367399e-01,9.923053385841946739e-01,2.922362014256277618e+01,1.441039709182888373e+00,1.260000000000000009e-01,2.033548931369481849e+01,8.705390459712044615e-01,1.222550567032736124e+00,1.087757195284815515e+00,1.084560701349428280e+00,1.084560701349428428e-05,1.474026991659136607e-05,4.191502176611337838e+00,1.423725461732090913e+00,1.117280608109939788e+00,9.580831423867568475e-01,1.844117170462004740e+00
3.360000000000000000e+03,2.333333333333333481e+00,1.866835790253918958e+03,1.310551192186327540e+01,3.241919092537359148e+01,4.713751942225550301e+05,1.417832639138109840e+01,7.481240899849378678e+00,2.418829583828219043e+01,2.113638938742030682e+00,2.546614944110568857e+01,8.416778205111022260e+00,1.978822532584056049e+00,5.214512069426270324e-01,1.051031177243809225e+03,-2.714695360921864875e+01,1.084796225354828447e+00,1.177843551768428920e+00,8.132788843041596216e-01,2.944608879421072301e-01,1.302437987158167498e+00,1.000000000000000000e+00,1.695109163315285628e+01,2.664217622229595150e+01,1.077397722462669627e-01,3.399999999999999911e+00,1.453656980737251248e+00,4.767064889885077150e+00,2.085804827770508130e+00,1.681999152696447766e+02,1.001725631239557934e+00,1.424466134084826763e+02,4.182553084595408421e+00,0.000000000000000000e+00,3.955748378049967355e-06,-1.065940496490463615e-02,1.000000000000000056e-01,1.107739772246266963e+00,1.107739772246266963e+00,8.918516343280490366e-01,5.165353213785314201e-01,5.765872243036206379e-01,1.008980861643314242e+00,8.831395765598394343e-01,9.250624375631799623e-01,9.250624375631799623e-01,9.250624375631799623e-01,8.743628673105245941e-01,5.830371841758172358e-02,5.830371841758172025e+01,5.344349273411830836e+01,1.006424651948654159e+00,1.019727436876044058e+00,1.010120643134539309e+00,5.808601040720565933e+00,8.830954986970044329e-01,1.038015743534306479e+00,5.216708618979493117e-01,1.983615041436645798e+00,7.465264842199964335e+00,-2.177210800865654605e-02,1.797822789199134519e+01,5.344349273419130952e+01,7.300116067199269310e-11,8.511952108512727477e+01,1.000000000000000056e-01,-1.483113624567884425e-01,7.235548050392319741e-01,1.516246121669696301e+00,1.816403644049157551e+00,1.700110268690696591e+00,8.305167237706294614e+00,3.516513912739854142e+00,4.788653324966440472e+00,7.054297521060715059e-02,2.999999999999999737e-04,1.838641470210002904e-01,-1.146353678081945757e-04,3.295951077412981789e+01,1.116757746080794922e+00,2.258375815027342970e+00,2.250727950986046721e+00,2.258375815027342970e+00,4.432677192919707920e+01,8.865354385839416087e+07,1.125363975493023361e+02,2.250727950986046791e+08,2.237369873477225113e+01,1.792368682132716629e+02,8.698867604266600217e-01,1.254998983944591906e+01,1.182618707389197166e+00,4.748996226816719624e-01,1.873018693651021582e+00,1.302437987158167498e+00,4.536243945159426083e-01,9.905999999076213758e-01,2.915185920879086012e+01,1.446613408482676277e+00,1.260000000000000009e-01,2.035109163315285485e+01,8.698867597861472678e-01,1.223743111518831084e+00,1.088350164300541323e+00,1.084796225354828447e+00,1.084796225354828561e-05,1.480371063159825297e-05,4.182553084595408421e+00,1.424228762359769584e+00,1.117603770134391716e+00,9.576934991392977992e-01,1.853288347925033941e+00
3.420000000000000000e+03,2.375000000000000000e+00,1.863415954567426070e+03,1.308100728314242289e+01,3.244348872685038998e+01,4.713446995184752741e+05,1.418895585643314483e+01,7.486851667547059108e+00,2.420696784387037681e+01,2.115224866966953776e+00,2.548546757355925507e+01,8.423163011599910988e+00,1.988279062049736368e+00,5.236119930053289018e-01,1.054853448579682208e+03,-2.778171876063656498e+01,1.085035345716477861e+00,1.179310508881619590e+00,8.141241566409498365e-01,2.948276272204048976e-01,1.304072613898837663e+00,1.000000000000000000e+00,1.696589856244986905e+01,2.666238646610622354e+01,1.089517838613547340e-01,3.399999999999999911e+00,1.456108920848256494e+00,4.764875686118551279e+00,2.094447972021315607e+00,1.690037202742275895e+02,1.001546872061984672e+00,1.424520233215390022e+02,4.173956166527750256e+00,8.881784197001252323e-16,4.014558426755458764e-06,-1.049856328196014515e-02,1.000000000000000056e-01,1.108951783861354734e+00,1.108951783861354734e+00,8.924229530797481713e-01,5.172746221609952899e-01,5.766899053253462526e-01,1.008998640020341453e+00,8.831480436749854501e-01,9.250624375631799623e-01,9.250624375631799623e-01,9.250624375631799623e-01,8.744947843468806603e-01,5.816502533532504071e-02,5.816502533532504060e+01,5.342552625236886854e+01,1.006712579953915609e+00,1.019745312793801428e+00,1.010460923542265022e+00,5.796933253572380984e+00,8.843170791422755306e-01,1.038203195613366825e+00,5.238245562274389533e-01,1.992944011256935877e+00,7.447506444984000495e+00,-2.198019254817381446e-02,1.797801980745182604e+01,5.342552625243583009e+01,6.696154741803184152e-11,8.500636789161626439e+01,1.000000000000000056e-01,-1.497288320720286947e-01,7.221373354239917219e-01,1.510984578668234102e+00,1.814305182431774410e+00,1.693126082709809355e+00,8.285725545565629346e+00,3.507431265141583765e+00,4.778294280424045581e+00,7.043389476936968985e-02,2.999999999999999737e-04,1.821415040415752529e-01,-1.022665314362788264e-04,3.298421353896456054e+01,1.118356126368316605e+00,2.259492641936157842e+00,2.251743299905601514e+00,2.259492641936157842e+00,4.420356968121330965e+01,8.840713936242662370e+07,1.125871649952800766e+02,2.251743299905601442e+08,2.234883846039305411e+01,1.791395731368864404e+02,8.692603382966453962e-01,1.256173043721586779e+01,1.183241022526587027e+00,4.745259040371839210e-01,1.874406684043276483e+00,1.304072613898837663e+00,4.521271877029860997e-01,9.889455722621005584e-01,2.908251266766252030e+01,1.452023321539002154e+00,1.260000000000000009e-01,2.036589856244986763e+01,8.692603376565938289e-01,1.224887931222264692e+00,1.088922873642777622e+00,1.085035345716477861e+00,1.085035345716477962e-05,1.486491188392023839e-05,4.173956166527749367e+00,1.424706405240318441e+00,1.117914425182487292e+00,9.573153349348473284e-01,1.862222295973625874e+00
3.480000000000000000e+03,2.416666666666666519e+00,1.860097525327792482e+03,1.305723063835376152e+01,3.246688333164535578e+01,4.713148421873744810e+05,1.419919014441311589e+01,7.492253799209193765e+00,2.422493463047576157e+01,2.116751807729432056e+00,2.550406298982650100e+01,8.429308954264529419e+00,1.997485895398856348e+00,5.257036429755835849e-01,1.058725375418056728e+03,-2.840668815697148020e+01,1.085277928848700890e+00,1.180735100119091774e+00,8.149343425489343762e-01,2.951837750297729435e-01,1.305652655266222206e+00,1.000000000000000000e+00,1.697994611514447882e+01,2.668184061869668966e+01,1.101181175787073752e-01,3.399999999999999911e+00,1.458478982899333420e+00,4.762771654021754841e+00,2.102814571902334340e+00,1.697863011089027907e+02,1.001375630050836740e+00,1.424572772624556478e+02,4.165693899672824330e+00,-8.881784197001252323e-16,4.071189896203149697e-06,-1.033301971289543250e-02,1.000000000000000056e-01,1.110118117578707375e+00,1.110118117578707375e+00,8.929758103171965278e-01,5.179920410129713604e-01,5.767891085210320457e-01,1.009015740726679544e+00,8.831562320755982354e-01,9.250624375631799623e-01,9.250624375631799623e-01,9.250624375631799623e-01,8.746222836951178525e-01,5.803090681812243801e-02,5.803090681812243901e+01,5.340815398662324753e+01,1.006991671257734255e+00,1.019762436994916310e+00,1.010789705338099864e+00,5.785689945135524148e+00,8.854925878305102138e-01,1.038384416211242334e+00,5.259094665824168846e-01,2.002028652663290220e+00,7.430333779529121330e+00,-2.217979284431719628e-02,1.797782020715568407e+01,5.340815398668480896e+01,6.156142262625508010e-11,8.489661720751823282e+01,1.000000000000000056e-01,-1.510885071138773350e-01,7.207776603821430816e-01,1.505895156705902682e+00,1.812274248508714214e+00,1.686378443074498579e+00,8.266924982380995601e+00,3.498652691583212793e+00,4.768272290797782809e+00,7.032839931188335225e-02,2.999999999999999737e-04,1.804832863685958966e-01,-9.036419097653135973e-05,3.300799805383944374e+01,1.119907197567069135e+00,2.260567679381777939e+00,2.252720656394771037e+00,2.260567679381777939e+00,4.408366319401630307e+01,8.816732638803260028e+07,1.126360328197385456e+02,2.252720656394771039e+08,2.232446575348829754e+01,1.790441617672431676e+02,8.686582254125357894e-01,1.257301122752719280e+01,1.183842463885230067e+00,4.741657944584842799e-01,1.875743394070462422e+00,1.305652655266222206e+00,4.506794988904008203e-01,9.873397124212933695e-01,2.901545340906121595e+01,1.457277262455647815e+00,1.260000000000000009e-01,2.037994611514447740e+01,8.686582247729275341e-01,1.225987915334808109e+00,1.089476373090576100e+00,1.085277928848700890e+00,1.085277928848700914e-05,1.492396918469015883e-05,4.165693899672825218e+00,1.425159552101434635e+00,1.118213308597662436e+00,9.569481010001297250e-01,1.870928742645367793e+00
3.540000000000000000e+03,2.458333333333333481e+00,1.856876748128558347e+03,1.303415480800524051e+01,3.248942588958592381e+01,4.712856312105125398e+05,1.420905163878719613e+01,7.497459115006334329e+00,2.424223676078478817e+01,2.118223103895909176e+00,2.552197686564476697e+01,8.435229642035007913e+00,2.006453448940792139e+00,5.277295569644495643e-01,1.062644900516561165e+03,-2.902160361357494622e+01,1.085523846808372106e+00,1.182119244460263285e+00,8.157110184807427888e-01,2.955298111150658213e-01,1.307180882339160188e+00,1.000000000000000000e+00,1.699326811246626434e+01,2.670058175730024175e+01,1.112408295958084992e-01,3.399999999999999911e+00,1.460771323508740283e+00,4.760748462098099765e+00,2.110918227857798257e+00,1.705485431599673234e+02,1.001211499525848758e+00,1.424623825234999401e+02,4.157749942163214918e+00,3.552713678800500929e-15,4.125734030041553041e-06,-1.016355460835231123e-02,1.000000000000000056e-01,1.111240829595808499e+00,1.111240829595808499e+00,8.935111290060059330e-01,5.186885927662678863e-01,5.768850132362263183e-01,1.009032203039090358e+00,8.831641561105503246e-01,9.250624375631799623e-01,9.250624375631799623e-01,9.250624375631799623e-01,8.747455897951135206e-01,5.790112690194194195e-02,5.790112690194194300e+01,5.339134528369525157e+01,1.007262349097454157e+00,1.019778850047414975e+00,1.011107588458143969e+00,5.774850418782012440e+00,8.866246437414437853e-01,1.038559724944185580e+00,5.279289692347003404e-01,2.010879067372262519e+00,7.413716632771055970e+00,-2.237134901918540197e-02,1.797762865098081519e+01,5.339134528375187472e+01,5.662315061272238381e-11,8.479010931512553384e+01,1.000000000000000056e-01,-1.523933856892738525e-01,7.194727818067465641e-01,1.500969089705874504e+00,1.810307391625797457e+00,1.679854946379504277e+00,8.248732489246165756e+00,3.490162338005301734e+00,4.758570151240864021e+00,7.022630454830423863e-02,2.999999999999999737e-04,1.788858566736297728e-01,-7.890182783093068614e-05,3.303091632107902598e+01,1.121413153759888592e+00,2.261603308667049728e+00,2.253662185392802275e+00,2.261603308667049728e+00,4.396691957195214684e+01,8.793383914390429854e+07,1.126831092696401129e+02,2.253662185392802358e+08,2.230056890367121269e+01,1.789505977452634511e+02,8.680789895897932373e-01,1.258385945776682391e+01,1.184424092955392416e+00,4.738185308317574562e-01,1.877031708806339960e+00,1.307180882339160188e+00,4.492787736459893377e-01,9.857802229591131615e-01,2.895056345097097150e+01,1.462382523499940135e+00,1.260000000000000009e-01,2.039326811246626292e+01,8.680789889506115298e-01,1.227045720735270962e+00,1.090011639521013986e+00,1.085523846808372106e+00,1.085523846808372164e-05,1.498097249812527468e-05,4.157749942163211365e+00,1.425589293950524583e+00,1.118501098961752538e+00,9.565912852684288481e-01,1.879416858022449288e+00
3.600000000000000000e+03,2.500000000000000000e+00,1.853750077488158013e+03,1.301175413543622561e+01,3.251116369924164218e+01,4.712570721052986337e+05,1.421856103734821630e+01,7.502478544693270912e+00,2.425891169803568559e+01,2.119641846419187736e+00,2.553924725328116452e+01,8.440937651508093609e+00,2.015191534302590348e+00,5.296929089078755704e-01,1.066610058033116729e+03,-2.962625130216311220e+01,1.085772976956200564e+00,1.183464741217314931e+00,8.164556650421772588e-01,2.958661853043287326e-01,1.308659877665438120e+00,1.000000000000000000e+00,1.700589635921363296e+01,2.671864969143769031e+01,1.123218503465059914e-01,3.399999999999999911e+00,1.462989816498157181e+00,4.758802075615483851e+00,2.118771635631502281e+00,1.712912804157201663e+02,1.001054104148736634e+00,1.424673459237638724e+02,4.150109031017692018e+00,1.776356839400250465e-15,4.178276895999369304e-06,-9.990875448021969973e-03,1.000000000000000056e-01,1.112321850346505991e+00,1.112321850346505991e+00,8.940297692400809293e-01,5.193652275203650692e-01,5.769777864016881752e-01,1.009048063207018897e+00,8.831718291214443184e-01,9.250624375631799623e-01,9.250624375631799623e-01,9.250624375631799623e-01,8.748649118074564024e-01,5.777546621461288057e-02,5.777546621461288368e+01,5.337507164553356631e+01,1.007525008953289003e+00,1.019794589585126143e+00,1.011415130499862425e+00,5.764395346576659307e+00,8.877156681101886493e-01,1.038729419222665706e+00,5.298862165194667684e-01,2.019504775260873686e+00,7.397626916083595461e+00,-2.255527049789953289e-02,1.797744472950209982e+01,5.337507164558569883e+01,5.213252052271855064e-11,8.468669476638353899e+01,1.000000000000000056e-01,-1.536462567976807359e-01,7.182199106983396808e-01,1.496198219235575610e+00,1.808401403208987457e+00,1.673544070582049681e+00,8.231117331103986245e+00,3.481945473791037138e+00,4.749171857312949108e+00,7.012743910553906335e-02,2.999999999999999737e-04,1.773458513464740705e-01,-6.785492569463986989e-05,3.305301642756233349e+01,1.122876049077267568e+00,2.262601730426527791e+00,2.254569887585761823e+00,2.262601730426527791e+00,4.385321296868216479e+01,8.770642593736432493e+07,1.127284943792880938e+02,2.254569887585761845e+08,2.227713631545766049e+01,1.788588436634279049e+02,8.675213107235483223e-01,1.259430023030573054e+01,1.184986898936091659e+00,4.734834075397738595e-01,1.878274294911099540e+00,1.308659877665438120e+00,4.479226371321417544e-01,9.842650407955105818e-01,2.888773310730643828e+01,1.467345923763872406e+00,1.260000000000000009e-01,2.040589635921363154e+01,8.675213100847772862e-01,1.228063795143049530e+00,1.090529583282376924e+00,1.085772976956200564e+00,1.085772976956200649e-05,1.503600666556137580e-05,4.150109031017690242e+00,1.425996656748826918e+00,1.118778422816559370e+00,9.562444089544719361e-01,1.887695296521047839e+00
3.660000000000000000e+03,2.541666666666666519e+00,1.850714163041344591e+03,1.299000438574562111e+01,3.253214045227489493e+01,4.712291673108604155e+05,1.422773745922192568e+01,7.507322184209638039e+00,2.427499407407699650e+01,2.121010890397738713e+00,2.555590937072996738e+01,8.446444622529307722e+00,2.023709398556202466e+00,5.315966629266237753e-01,1.070618968510849072e+03,-3.022045803481813664e+01,1.086025201682621288e+00,1.184773278726270807e+00,8.171696738450294761e-01,2.961933196815677016e-01,1.310092050374195738e+00,1.000000000000000000e+00,1.701786078620173726e+01,2.673608126547027908e+01,1.133629935265971778e-01,3.399999999999999911e+00,1.465138075561293718e+00,4.756928732437747165e+00,2.126386651706495101e+00,1.720152988772772176e+02,1.000903094386283776e+00,1.424721738410032401e+02,4.142756897682073891e+00,-8.881784197001252323e-16,4.228899722917892249e-06,-9.815622918504671168e-03,1.000000000000000056e-01,1.113362993526597178e+00,1.113362993526597178e+00,8.945325333434971382e-01,5.200228355072366027e-01,5.770675835540770571e-01,1.009063354737423701e+00,8.831792635272198710e-01,9.250624375631799623e-01,9.250624375631799623e-01,9.250624375631799623e-01,8.749804448391080847e-01,5.765372058140366684e-02,5.765372058140366818e+01,5.335930654812688800e+01,1.007780020704989621e+00,1.019809690561371607e+00,1.011712850290724219e+00,5.754306662052806054e+00,8.887679015039916530e-01,1.038893776092834509e+00,5.317841524827806587e-01,2.027914753139893111e+00,7.382038486735424954e+00,-2.273193856047198841e-02,1.797726806143952771e+01,5.335930654817495622e+01,4.806821607417077757e-11,8.458623360794958046e+01,1.000000000000000056e-01,-1.548497177143868253e-01,7.170164497816335913e-01,1.491574944208499565e+00,1.806553296455374769e+00,1.667435100021946726e+00,8.214050901254369208e+00,3.473988396477321494e+00,4.740062504777047714e+00,7.003164344481273285e-02,2.999999999999999737e-04,1.758601558134471610e-01,-5.720079764043577847e-05,3.307434279314614400e+01,1.124297808215177996e+00,2.263564981357129025e+00,2.255445614617107797e+00,2.263564981357129025e+00,4.374242421298860251e+01,8.748484842597720027e+07,1.127722807308553854e+02,2.255445614617107809e+08,2.225415656296394218e+01,1.787688615068079230e+02,8.669839700815368255e-01,1.260435670522025831e+01,1.185531804534774025e+00,4.731597711983434040e-01,1.879473620166851600e+00,1.310092050374195738e+00,4.466088790145796850e-01,9.827922278075927887e-01,2.882686029070183409e+01,1.472173841003240113e+00,1.260000000000000009e-01,2.041786078620173583e+01,8.669839694431613619e-01,1.229044396885381918e+00,1.091031053531535733e+00,1.086025201682621288e+00,1.086025201682621332e-05,1.508915173974410557e-05,4.142756897682074779e+00,1.426382606006507681e+00,1.119045859535435561e+00,9.559070243078746643e-01,1.895772229275144216e+00
3.720000000000000000e+03,2.583333333333333481e+00,1.847765834963189263e+03,1.296888263890230064e+01,3.255239665913204306e+01,4.712019166038173134e+05,1.423659863041021367e+01,7.511999393072223086e+00,2.429051592059019882e+01,2.122332882376048335e+00,2.557199577890564512e+01,8.451761316756821074e+00,2.032015764753958287e+00,5.334435908900391210e-01,1.074669833662104111e+03,-3.080408736346964460e+01,1.086280408124111529e+00,1.186046442980851712e+00,8.178543543303764540e-01,2.965116107452129279e-01,1.311479650623505577e+00,1.000000000000000000e+00,1.702918959221555895e+01,2.675291054397551349e+01,1.143659650755894930e-01,3.399999999999999911e+00,1.467219475935258366e+00,4.755124919972292474e+00,2.133774363560156484e+00,1.727213400040864428e+02,1.000758145131973365e+00,1.424768722496193334e+02,4.135680186489191890e+00,1.776356839400250465e-15,4.277679248090719596e-06,-9.638376939118474540e-03,1.000000000000000056e-01,1.114365965075589493e+00,1.114365965075589493e+00,8.950201706960458914e-01,5.206622517952380624e-01,5.771545497581827000e-01,1.009078108574275268e+00,8.831864709038503847e-01,9.250624375631799623e-01,9.250624375631799623e-01,9.250624375631799623e-01,8.750923711148751449e-01,5.753569970940194955e-02,5.753569970940194622e+01,5.334402527063181765e+01,1.008027730695487234e+00,1.019824185486802648e+00,1.012001231227772857e+00,5.744567456661289206e+00,8.897834205962823484e-01,1.039053053965447004e+00,5.336255305446804265e-01,2.036117471404316426e+00,7.366926979436868805e+00,-2.290170876066366379e-02,1.797709829123933645e+01,5.334402527067620525e+01,4.438760470293345861e-11,8.448859462255708763e+01,1.000000000000000056e-01,-1.560061904677361166e-01,7.158599770282843000e-01,1.487092173560897734e+00,1.804760287217685999e+00,1.661518055402488869e+00,8.197506537288921535e+00,3.466278342620174868e+00,4.731228194668746667e+00,6.993876884065579336e-02,2.999999999999999737e-04,1.744258818415911350e-01,-4.691841626931238241e-05,3.309493660345091115e+01,1.125680236604954310e+00,2.264494944472141835e+00,2.256291078410089579e+00,2.264494944472141835e+00,4.363444030315360322e+01,8.726888060630720854e+07,1.128145539205044798e+02,2.256291078410089612e+08,2.223161837273772434e+01,1.786806125963958038e+02,8.664658433912940660e-01,1.261405028484408497e+01,1.186059671509845259e+00,4.728470167795995049e-01,1.880631977671333610e+00,1.311479650623505577e+00,4.453354392230171044e-01,9.813599615550665511e-01,2.876784985470096956e+01,1.476872249619333388e+00,1.260000000000000009e-01,2.042918959221555752e+01,8.664658427533001861e-01,1.229989612892914641e+00,1.091516843334671805e+00,1.086280408124111529e+00,1.086280408124111669e-05,1.514048332933183629e-05,4.135680186489190113e+00,1.426748051361792280e+00,1.119303944367117998e+00,9.555787119396601526e-01,1.903655378417663080e+00
3.780000000000000000e+03,2.625000000000000000e+00,1.844902088363880466e+03,1.294836717543105031e+01,3.257196996688861645e+01,4.711753175459360937e+05,1.424516102434692932e+01,7.516518869689669202e+00,2.430550699689269578e+01,2.123610282061943799e+00,2.558753676338004368e+01,8.456897743828786673e+00,2.040118875886158367e+00,5.352362911830325087e-01,1.078760930879240732e+03,-3.137703543407200968e+01,1.086538487866144820e+00,1.187285726292804489e+00,8.185109406299579948e-01,2.968214315732011221e-01,1.312824783523137917e+00,1.000000000000000000e+00,1.703990938685765499e+01,2.676916921111293490e+01,1.153323722031591725e-01,3.399999999999999911e+00,1.469237175284706876e+00,4.753387352981394365e+00,2.140945164732130035e+00,1.734101044503234732e+02,1.000618953457259153e+00,1.424814467622218785e+02,4.128866375184521154e+00,1.776356839400250465e-15,4.324688078101150582e-06,-9.459662715583454229e-03,1.000000000000000056e-01,1.115332372203159172e+00,1.115332372203159172e+00,8.954933824810792364e-01,5.212842610808084975e-01,5.772388206056059401e-01,1.009092353463482583e+00,8.831934620609858122e-01,9.250624375631799623e-01,9.250624375631799623e-01,9.250624375631799623e-01,8.752008611060659860e-01,5.742122592163646094e-02,5.742122592163646289e+01,5.332920473097532721e+01,1.008268463800874093e+00,1.019838104654273936e+00,1.012280724512952146e+00,5.735161878809493352e+00,8.907641547131325277e-01,1.039207494301632284e+00,5.354129323802070406e-01,2.044120938473892313e+00,7.352269644255628123e+00,-2.306491323926445486e-02,1.797693508676073648e+01,5.332920473101636105e+01,4.103384299014578573e-11,8.439365457921502411e+01,1.000000000000000056e-01,-1.571179375971692993e-01,7.147482298988511173e-01,1.482743280020338172e+00,1.803019775380332090e+00,1.655783626130444164e+00,8.181459344175159742e+00,3.458803401510776254e+00,4.722655942664383488e+00,6.984867639836986331e-02,2.999999999999999737e-04,1.730403461101059914e-01,-3.698824616648645203e-05,3.311483613300342910e+01,1.127025030773029846e+00,2.265393371178698878e+00,2.257107871239284247e+00,2.265393371178698878e+00,4.352915408533919361e+01,8.705830817067839205e+07,1.128553935619642203e+02,2.257107871239284277e+08,2.220951070620071377e+01,1.785940583535041242e+02,8.659658874943833018e-01,1.262340078557997280e+01,1.186571306009696070e+00,4.725445815905507940e-01,1.881751493476670145e+00,1.312824783523137917e+00,4.441003942513634950e-01,9.799665256287303228e-01,2.871061296081822789e+01,1.481446762221878544e+00,1.260000000000000009e-01,2.043990938685765357e+01,8.659658868567574608e-01,1.230901375452978952e+00,1.091987694580720092e+00,1.086538487866144820e+00,1.086538487866144948e-05,1.519007295676260006e-05,4.128866375184519377e+00,1.427093851188956597e+00,1.119553174735584467e+00,9.552590779008554023e-01,1.911352053607926704e+00
3.840000000000000000e+03,2.666666666666666519e+00,1.842120074223641495e+03,1.292843741024614346e+01,3.259089539538913982e+01,4.711493657057011733e+05,1.425343996506621913e+01,7.520888705681762154e+00,2.431999489704112705e+01,2.124845377609500652e+00,2.560256041434461238e+01,8.461863187791614394e+00,2.048026520545866092e+00,5.369771988781203431e-01,1.082890609607330134e+03,-3.193922849943534104e+01,1.086799336739249000e+00,1.188492533324365219e+00,8.191405963324649431e-01,2.971231333310913048e-01,1.314129419711395741e+00,1.000000000000000000e+00,1.705004528987935331e+01,2.678488665427904891e+01,1.162637296635562478e-01,3.399999999999999911e+00,1.471194129567093611e+00,4.751712956807746302e+00,2.147908795512481372e+00,1.740822542463986053e+02,1.000485236862343363e+00,1.424859026477330133e+02,4.122303716172408095e+00,0.000000000000000000e+00,4.369994923002741834e-06,-9.279954889677061169e-03,1.000000000000000056e-01,1.116263729663556248e+00,1.116263729663556248e+00,8.959528251352639749e-01,5.218896009193679797e-01,5.773205228637936504e-01,1.009106116039003798e+00,8.832002471000858224e-01,9.250624375631799623e-01,9.250624375631799623e-01,9.250624375631799623e-01,8.753060743882641326e-01,5.731013320057427168e-02,5.731013320057427052e+01,5.331482336161525382e+01,1.008502524871749628e+00,1.019851476313765604e+00,1.012551751581433734e+00,5.726075059328334049e+00,8.917118968984821814e-01,1.039357322853656118e+00,5.371487774287488914e-01,2.051932724468693348e+00,7.338045224145233192e+00,-2.322186249203284092e-02,1.797677813750796716e+01,5.331482336165320390e+01,3.795008751694695093e-11,8.430129769436369713e+01,1.000000000000000056e-01,-1.581870741964089833e-01,7.136790932996114334e-01,1.478522065929334772e+00,1.801329330772353243e+00,1.650223119399304439e+00,8.165886059945636433e+00,3.451552450171657682e+00,4.714333609773978750e+00,6.976123631033620542e-02,2.999999999999999737e-04,1.717010534699696667e-01,-2.739213185714347437e-05,3.313407698531229073e+01,1.128333785326190775e+00,2.266261885908241069e+00,2.257897469940394863e+00,2.266261885908241069e+00,4.342646386361054311e+01,8.685292772722108662e+07,1.128948734970197449e+02,2.257897469940394759e+08,2.218782273333001243e+01,1.785091600939603040e+02,8.654831368659156032e-01,1.263242657510497757e+01,1.187067462632769299e+00,4.722519429814736602e-01,1.882834148089642445e+00,1.314129419711395741e+00,4.429019468044333996e-01,9.786103031726577361e-01,2.865506660028713526e+01,1.485902647733013282e+00,1.260000000000000009e-01,2.045004528987935188e+01,8.654831362286452556e-01,1.231781475588401120e+00,1.092444301717802047e+00,1.086799336739249000e+00,1.086799336739249150e-05,1.523798829039523333e-05,4.122303716172408095e+00,1.427420815802559861e+00,1.119794011674213552e+00,9.549477524022584873e-01,1.918869174100364061e+00
3.900000000000000000e+03,2.708333333333333481e+00,1.839417089617549436e+03,1.290907382111736368e+01,3.260920547059881613e+01,4.711240549029947724e+05,1.426144968488177689e+01,7.525116415928311042e+00,2.433400526414303400e+01,2.126040294003139319e+00,2.561709287681618363e+01,8.466666289794922307e+00,2.055746062393791096e+00,5.386685970184239558e-01,1.087057287618766622e+03,-3.249062032208454553e+01,1.087062854612050211e+00,1.189668187147684630e+00,8.197444192765916959e-01,2.974170467869211576e-01,1.315395405555976671e+00,1.000000000000000000e+00,1.705962103108802452e+01,2.680009022586755663e+01,1.171614660635129646e-01,3.399999999999999911e+00,1.473093108333964896e+00,4.750098851227543939e+00,2.154674388073695823e+00,1.747384153034722374e+02,1.000356731621150352e+00,1.424902448546332607e+02,4.115981179266682943e+00,0.000000000000000000e+00,4.413664840401124441e-06,-9.099681661134052107e-03,1.000000000000000056e-01,1.117161466063512965e+00,1.117161466063512965e+00,8.963991137943414511e-01,5.224789651207645269e-01,5.773997751922720356e-01,1.009119421063508160e+00,8.832068354703851432e-01,9.250624375631799623e-01,9.250624375631799623e-01,9.250624375631799623e-01,8.754081604684145201e-01,5.720226626588129082e-02,5.720226626588129193e+01,5.330086098976470055e+01,1.008730200218149298e+00,1.019864326837884860e+00,1.012814706474415738e+00,5.717293038806845473e+00,8.926283149792819671e-01,1.039502750899363059e+00,5.388353341193025114e-01,2.059559990885720726e+00,7.324233836860599922e+00,-2.337284706075943436e-02,1.797662715293924052e+01,5.330086098979984399e+01,3.514344371069455519e-11,8.421141509888711596e+01,1.000000000000000056e-01,-1.592155794329661589e-01,7.126505880630542578e-01,1.474422729576254421e+00,1.799686679711934634e+00,1.644828410567268140e+00,8.150764926465353000e+00,3.444515090279202774e+00,4.706249836186150226e+00,6.967632713906479758e-02,2.999999999999999737e-04,1.704056809910137193e-01,-1.811318576373181083e-05,3.315269222844212749e+01,1.129608000292586123e+00,2.267102000587854160e+00,2.258661249066748589e+00,2.267102000587854160e+00,4.332627316483724655e+01,8.665254632967449725e+07,1.129330624533374277e+02,2.258661249066748619e+08,2.216654389009034887e+01,1.784258795082650124e+02,8.650166947642108362e-01,1.264114470054897232e+01,1.187548848341693830e+00,4.719686142557940611e-01,1.883881784471573395e+00,1.315395405555976671e+00,4.417384158166534069e-01,9.772897701072481569e-01,2.860113313294064241e+01,1.490244854633260729e+00,1.260000000000000009e-01,2.045962103108802310e+01,8.650166941272839916e-01,1.232631575556124792e+00,1.092887315355356215e+00,1.087062854612050211e+00,1.087062854612050372e-05,1.528429338652162816e-05,4.115981179266682943e+00,1.427729710680258890e+00,1.120026883972482512e+00,9.546443881764048456e-01,1.926213292497911622e+00
3.960000000000000000e+03,2.750000000000000000e+00,1.836790562908379343e+03,1.289025784018390652e+01,3.262693061186022447e+01,4.710993776320354664e+05,1.426920349442162816e+01,7.529209028710350360e+00,2.434756203497876470e+01,2.127197018650813565e+00,2.563115856835513640e+01,8.471315120049359493e+00,2.063284481317646968e+00,5.403126344927058344e-01,1.091259445713343212e+03,-3.303118820295890856e+01,1.087328945103023692e+00,1.190813936816399687e+00,8.203234475832197337e-01,2.977034842040999219e-01,1.316624474598763861e+00,1.000000000000000000e+00,1.706865907622006162e+01,2.681480547104177958e+01,1.180269317873197110e-01,3.399999999999999911e+00,1.474936711898145791e+00,4.748542332260147880e+00,2.161250537970823338e+00,1.753791809119999812e+02,1.000233190995070132e+00,1.424944780532158575e+02,4.109888385150775925e+00,-8.881784197001252323e-16,4.455759567759784472e-06,-8.919230122919171583e-03,1.000000000000000056e-01,1.118026931787319711e+00,1.118026931787319711e+00,8.968328262076020740e-01,5.230530079156734402e-01,5.774766889111991874e-01,1.009132291637655277e+00,8.832132360304418839e-01,9.250624375631799623e-01,9.250624375631799623e-01,9.250624375631799623e-01,8.755072597122435241e-01,5.709747955592864993e-02,5.709747955592865054e+01,5.328729870510761657e+01,1.008951759373281520e+00,1.019876680900492882e+00,1.013069958433213458e+00,5.708802683047833781e+00,8.935149656182799216e-01,1.039643976622593557e+00,5.404747383753654155e-01,2.067009528124698736e+00,7.310816844549123061e+00,-2.351813940890296051e-02,1.797648186059109676e+01,5.328729870514021627e+01,3.259970071667339653e-11,8.412390419696784249e+01,1.000000000000000056e-01,-1.602053093249520277e-01,7.116608581710683890e-01,1.470439827754017825e+00,1.798089690459952372e+00,1.639591889128325874e+00,8.136075547476215419e+00,3.437681579588278247e+00,4.698393967887937173e+00,6.959383502677138345e-02,2.999999999999999737e-04,1.691520613743080492e-01,-9.135645913341434998e-06,3.317071278872456475e+01,1.130849090129551371e+00,2.267915127232523975e+00,2.259400492337431565e+00,2.267915127232523975e+00,4.322849031020687249e+01,8.645698062041375041e+07,1.129700246168715836e+02,2.259400492337431610e+08,2.214566387228504496e+01,1.783441787993635046e+02,8.645657255393245366e-01,1.264957101747891777e+01,1.188016126849301468e+00,4.716941408645969891e-01,1.884896119151894478e+00,1.316624474598763861e+00,4.406082254283513189e-01,9.760034867210880538e-01,2.854873977796432527e+01,1.494478053215857472e+00,1.260000000000000009e-01,2.046865907622006020e+01,8.645657249027297597e-01,1.233453221424401614e+00,1.093317346300538562e+00,1.087328945103023692e+00,1.087328945103023791e-05,1.532904901879002238e-05,4.109888385150776813e+00,1.428021260523227864e+00,1.120252191782696416e+00,9.543486575130817329e-01,1.933390629404967420e+00
4.020000000000000000e+03,2.791666666666666519e+00,1.834238051773689904e+03,1.287197183969586511e+01,3.264409909481086203e+01,4.710753250374709605e+05,1.427671376575053230e+01,7.533173076325788919e+00,2.436068746397647899e+01,2.128317398557104223e+00,2.564478019421347810e+01,8.475817182833091934e+00,2.070648381792366877e+00,5.419113278699351222e-01,1.095495626361917175e+03,-3.356093245866499331e+01,1.087597515494734823e+00,1.191930960242937099e+00,8.208786619038630494e-01,2.979827400607342747e-01,1.317818253610243850e+00,1.000000000000000000e+00,1.707718067392204375e+01,2.682905614358225677e+01,1.188614019645972686e-01,3.399999999999999911e+00,1.476727380415365776e+00,4.747040862736159106e+00,2.167645311479740489e+00,1.760051124523511703e+02,1.000114384204149331e+00,1.424986066328303025e+02,4.104015573654788085e+00,8.881784197001252323e-16,4.496337614548213184e-06,-8.738948005769145433e-03,1.000000000000000056e-01,1.118861401964597269e+00,1.118861401964597269e+00,8.972545046317059736e-01,5.236123455125967219e-01,5.775513683574202695e-01,1.009144749222761428e+00,8.832194570814606571e-01,9.250624375631799623e-01,9.250624375631799623e-01,9.250624375631799623e-01,8.756035038355912681e-01,5.699563668314970577e-02,5.699563668314970499e+01,5.327411878905025588e+01,1.009167455832823190e+00,1.019888561579584962e+00,1.013317853300532922e+00,5.700591642923982683e+00,8.943732991737104454e-01,1.039781185811567532e+00,5.420689942668895922e-01,2.074287763791929695e+00,7.297776784014047280e+00,-2.365799493349662885e-02,1.797634200506650259e+01,5.327411878908055343e+01,3.029754225281067193e-11,8.403866839031890379e+01,1.000000000000000056e-01,-1.611580036341732081e-01,7.107081638618472086e-01,1.466568256509728441e+00,1.796536365126971013e+00,1.634506429267476690e+00,8.121798811499862936e+00,3.431042794394447704e+00,4.690756017105415232e+00,6.951365327051658993e-02,2.999999999999999737e-04,1.679381727577482497e-01,-4.448267279209827674e-07,3.318816741305771245e+01,1.132058387089866169e+00,2.268702578826189864e+00,2.260116393438346361e+00,2.268702578826189864e+00,4.313302822840756079e+01,8.626605645681512356e+07,1.130058196719173225e+02,2.260116393438346386e+08,2.212517263071732287e+01,1.782640205310422061e+02,8.641294535256689446e-01,1.265772027528171861e+01,1.188469920947157643e+00,4.714280993998154479e-01,1.885878757711088261e+00,1.317818253610243850e+00,4.395098990900461189e-01,9.747500945715591447e-01,2.849781834157485250e+01,1.498606632830302487e+00,1.260000000000000009e-01,2.047718067392204233e+01,8.641294528893953553e-01,1.234247851398429408e+00,1.093734967701142535e+00,1.087597515494734823e+00,1.087597515494734961e-05,1.537231276949556279e-05,4.104015573654787197e+00,1.428296150771678930e+00,1.120470306967027652e+00,9.540602524408257068e-01,1.940407080023949238e+00
4.080000000000000000e+03,2.833333333333333481e+00,1.831757229023078480e+03,1.285419902821371174e+01,3.266073740998956509e+01,4.710518873155819601e+05,1.428399208994969349e+01,7.537014678800793455e+00,2.437340236929676607e+01,2.129403164190671660e+00,2.565797901095504585e+01,8.480179503620584924e+00,2.077844031700386118e+00,5.434665781549439245e-01,1.099764428622888090e+03,-3.407987263247056831e+01,1.087868476457175770e+00,1.193020371136969793e+00,8.214109909635807227e-01,2.982550927842424482e-01,1.318978272715270350e+00,1.000000000000000000e+00,1.708520597153779619e+01,2.684286448168095163e+01,1.196660837478231709e-01,3.399999999999999911e+00,1.478467409072905525e+00,4.745592056218977284e+00,2.173866312619775698e+00,1.766167426945328316e+02,1.000000094877013801e+00,1.425026347423554114e+02,4.098353544230265655e+00,-8.881784197001252323e-16,4.535454574951659933e-06,-8.559148574791435732e-03,1.000000000000000056e-01,1.119666083747823171e+00,1.119666083747823171e+00,8.976646593115532591e-01,5.241575598858465579e-01,5.776239116009674879e-01,1.009156813889823257e+00,8.832255064214202811e-01,9.250624375631799623e-01,9.250624375631799623e-01,9.250624375631799623e-01,8.756970167247607462e-01,5.689660953794285769e-02,5.689660953794285803e+01,5.326130459833670017e+01,1.009377528641418609e+00,1.019899990512298515e+00,1.013558715801002874e+00,5.692648278732372447e+00,8.952046721976220089e-01,1.039914553073844505e+00,5.436199915593419307e-01,2.081400800146369079e+00,7.285097251977319388e+00,-2.379265361246029123e-02,1.797620734638753959e+01,5.326130459836485898e+01,2.815880861817277037e-11,8.395561649773893009e+01,1.000000000000000056e-01,-1.620752970876041532e-01,7.097908704084162634e-01,1.462803217977181935e+00,1.795024826664104234e+00,1.629565342473269451e+00,8.107916767063885644e+00,3.424590169137373685e+00,4.683326597926511958e+00,6.943568162647691111e-02,2.999999999999999737e-04,1.667621244960875160e-01,7.973007527988310028e-06,3.320508303348938739e+01,1.133237149411436606e+00,2.269465584566173533e+00,2.260810069881521223e+00,2.269465584566173533e+00,4.303980411373538573e+01,8.607960822747077048e+07,1.130405034940760629e+02,2.260810069881521165e+08,2.210506039303815129e+01,1.781853680008495928e+02,8.637071540394861691e-01,1.266560622633930855e+01,1.188910816384533664e+00,4.711700934800585050e-01,1.886831198892315875e+00,1.318978272715270350e+00,4.384420498637383590e-01,9.735283086421807619e-01,2.844830476897142901e+01,1.502634742355411390e+00,1.260000000000000009e-01,2.048520597153779477e+01,8.637071534035235532e-01,1.235016806465960126e+00,1.094140718615371544e+00,1.087868476457175770e+00,1.087868476457175817e-05,1.541413933952341810e-05,4.098353544230266543e+00,1.428555031339928671e+00,1.120681577412799168e+00,9.537788818894039622e-01,1.947268247265889762e+00
4.140000000000000000e+03,2.875000000000000000e+00,1.829345878142112497e+03,1.283692341809183901e+01,3.267687033075810632e+01,4.710290537798354053e+05,1.429104930665271667e+01,7.540739559336436137e+00,2.438572619167056033e+01,2.130455933790451617e+00,2.567077486663947994e+01,8.484408642363767683e+00,2.084877376388843739e+00,5.449801759275790802e-01,1.104064506071390269e+03,-3.458804633149775043e+01,1.088141741926222261e+00,1.194083222391203680e+00,8.219213142384410586e-01,2.985208055978009201e-01,1.320105971436518200e+00,1.000000000000000000e+00,1.709275407113523215e+01,2.685625124998089674e+01,1.204421198362419787e-01,3.399999999999999911e+00,1.480158957154777299e+00,4.744193667558698202e+00,2.179920703710316321e+00,1.772145769930517076e+02,9.998901200741423523e-01,1.425065662979578747e+02,4.092893622793218888e+00,-8.881784197001252323e-16,4.573163258762196691e-06,-8.380112796660354330e-03,1.000000000000000056e-01,1.120442119836241979e+00,1.120442119836241979e+00,8.980637704235883145e-01,5.246892005932072278e-01,5.776944108123664989e-01,1.009168504363139762e+00,8.832313913776257408e-01,9.250624375631799623e-01,9.250624375631799623e-01,9.250624375631799623e-01,8.757879149266001306e-01,5.680027775406493867e-02,5.680027775406493618e+01,5.324884049560394317e+01,1.009582203205647843e+00,1.019910987992585616e+00,1.013792850907875964e+00,5.684961618169289466e+00,8.960103532714315255e-01,1.040044242536362740e+00,5.451295101969256818e-01,2.088354427177248063e+00,7.272762836628032801e+00,-2.392234099787224691e-02,1.797607765900212939e+01,5.324884049563016220e+01,2.621902694954769686e-11,8.387466245121916586e+01,1.000000000000000056e-01,-1.629587261435438972e-01,7.089074413524765195e-01,1.459140201166960971e+00,1.793553311020976260e+00,1.624762348979661652e+00,8.094412547502077615e+00,3.418315660000637912e+00,4.676096887501439703e+00,6.935982589358687112e-02,2.999999999999999737e-04,1.656221478127006819e-01,1.613070183697010163e-05,3.322148483627074000e+01,1.134386565247109457e+00,2.270205292190346835e+00,2.261482565120869204e+00,2.270205292190346835e+00,4.294873919715634969e+01,8.589747839431269467e+07,1.130741282560434655e+02,2.261482565120869279e+08,2.208531764849233170e+01,1.781081851016921291e+02,8.632981516074980100e-01,1.267324170163218078e+01,1.189339364189125448e+00,4.709197525275457541e-01,1.887754846833018307e+00,1.320105971436518200e+00,4.374033746358471086e-01,9.723369136166410964e-01,2.840013887703246809e+01,1.506566297957874667e+00,1.260000000000000009e-01,2.049275407113523073e+01,8.632981509718364865e-01,1.235761337769360590e+00,1.094535106147569437e+00,1.088141741926222261e+00,1.088141741926222392e-05,1.545458067802442061e-05,4.092893622793219777e+00,1.428798518423717301e+00,1.120886327757457668e+00,9.535042711388594938e-01,1.953979453637753272e+00
4.200000000000000000e+03,2.916666666666666519e+00,1.827001885875319203e+03,1.282012977149952171e+01,3.269252103568906875e+01,4.710068130295849987e+05,1.429789555773053067e+01,7.544353072754870659e+00,2.439767711280994078e+01,2.131477221449824100e+00,2.568318634937043754e+01,8.488510742588418978e+00,2.091754059664012733e+00,5.464538089585923020e-01,1.108394563855291608e+03,-3.508550728728226886e+01,1.088417228938090675e+00,1.195120510330848651e+00,8.224104653389885389e-01,2.987801275827121628e-01,1.321202705431878455e+00,1.000000000000000000e+00,1.709984310029593857e+01,2.686923589498436726e+01,1.211905929217007571e-01,3.399999999999999911e+00,1.481804058147817571e+00,4.742843582297717298e+00,2.185815235834369208e+00,1.777990950714410872e+02,9.997842692379572682e-01,1.425104049989364228e+02,4.087627623322179105e+00,-8.881784197001252323e-16,4.609513872787815184e-06,-8.202092191313258007e-03,1.000000000000000056e-01,1.121190592921700757e+00,1.121190592921700757e+00,8.984522903116846093e-01,5.252077870499903822e-01,5.777629527256847863e-01,1.009179838162258314e+00,8.832371188428120856e-01,9.250624375631799623e-01,9.250624375631799623e-01,9.250624375631799623e-01,8.758763081945476481e-01,5.670652811435591967e-02,5.670652811435591900e+01,5.323671177219381434e+01,1.009781692272021969e+00,1.019921573076204124e+00,1.014020545358409908e+00,5.677521307589821653e+00,8.967915298565601878e-01,1.040170408632050014e+00,5.465992280164789774e-01,2.095154144382506356e+00,7.260759041530846503e+00,-2.404726931262956072e-02,1.797595273068737143e+01,5.323671177221821438e+01,2.440003754600184038e-11,8.379572493054025983e+01,1.000000000000000056e-01,-1.638097364620542118e-01,7.080564310339662049e-01,1.455574960222692393e+00,1.792120158259902230e+00,1.620091546227496071e+00,8.081270287660435869e+00,3.412211704487398301e+00,4.669058583173037569e+00,6.928599745056741865e-02,2.999999999999999737e-04,1.645165860048036777e-01,2.404027979600355247e-05,3.323739638628389059e+01,1.135507757581216692e+00,2.270922776568239154e+00,2.262134856362715052e+00,2.270922776568239154e+00,4.285975853425429705e+01,8.571951706850859523e+07,1.131067428181357570e+02,2.262134856362715065e+08,2.206593516500333507e+01,1.780324365173933927e+02,8.629018147801913452e-01,1.268063868789385218e+01,1.189756083250816276e+00,4.706767293068732094e-01,1.888651016361747370e+00,1.321202705431878455e+00,4.363926476848514202e-01,9.711747590519086426e-01,2.835326405717795595e+01,1.510404998936422771e+00,1.260000000000000009e-01,2.049984310029593715e+01,8.629018141448216994e-01,1.236482614128905366e+00,1.094918607826026236e+00,1.088417228938090675e+00,1.088417228938090698e-05,1.549368616216872217e-05,4.087627623322179993e+00,1.429027196783740017e+00,1.121084861839489744e+00,9.532361607044972374e-01,1.960545759421888468e+00
4.260000000000000000e+03,2.958333333333333481e+00,1.824723233782285206e+03,1.280380353857148279e+01,3.270771130038969687e+01,4.709851531524990569e+05,1.430454037112481380e+01,7.547860249688912226e+00,2.440927219565157458e+01,2.132468449581963466e+00,2.569523090602264404e+01,8.492491570634491893e+00,2.098479448750859344e+00,5.478890724871252615e-01,1.112753355367024824e+03,-3.557232310353271743e+01,1.088694857442617181e+00,1.196133179170766558e+00,8.228792355750943477e-01,2.990332947926916396e-01,1.322269753229364131e+00,1.000000000000000000e+00,1.710649028677612193e+01,2.688183666926277127e+01,1.219125303677859318e-01,3.399999999999999911e+00,1.483404629844046196e+00,4.741539806044549721e+00,2.191556289948501046e+00,1.783707531438230376e+02,9.996823631600975091e-01,1.425141543515020999e+02,4.082547808792045707e+00,0.000000000000000000e+00,4.644554218260670277e-06,-8.025311896774963566e-03,1.000000000000000056e-01,1.121912530367785932e+00,1.121912530367785932e+00,8.988306457993608944e-01,5.257138110333018366e-01,5.778296190852681979e-01,1.009190831715876868e+00,8.832426953108352130e-01,9.250624375631799623e-01,9.250624375631799623e-01,9.250624375631799623e-01,8.759623000343425003e-01,5.661525396063873949e-02,5.661525396063873927e+01,5.322490457150338727e+01,1.009976196982960817e+00,1.019931763683990189e+00,1.014242069170472105e+00,5.670317562413241141e+00,8.975493162469301289e-01,1.040293196918157914e+00,5.480307312555535715e-01,2.101805182746773859e+00,7.249072210068980837e+00,-2.416763854282793361e-02,1.797583236145717223e+01,5.322490457152615306e+01,2.276578925375360996e-11,8.371872698629321974e+01,1.000000000000000056e-01,-1.646296903462393102e-01,7.072364771497811065e-01,1.452103492512917260e+00,1.790723804350499826e+00,1.615547377361073345e+00,8.068475041595959851e+00,3.406271181711573171e+00,4.662203859884386681e+00,6.921411279747846645e-02,2.999999999999999737e-04,1.634438848481560846e-01,3.171302413995658043e-05,3.325283982206286026e+01,1.136601789643840288e+00,2.271619046567756151e+00,2.262767860808607256e+00,2.271619046567756151e+00,4.277279073689778954e+01,8.554558147379557788e+07,1.131383930404303726e+02,2.262767860808607340e+08,2.204690398016367325e+01,1.779580877574918532e+02,8.625175519547523262e-01,1.268780840075464056e+01,1.190161462903021050e+00,4.704406978140769913e-01,1.889520939766072383e+00,1.322269753229364131e+00,4.354087142938458665e-01,9.700407543703616353e-01,2.830762698031936964e+01,1.514154351502099871e+00,1.260000000000000009e-01,2.050649028677612051e+01,8.625175513196655652e-01,1.237181729174989364e+00,1.095291673978560976e+00,1.088694857442617181e+00,1.088694857442617290e-05,1.553150279268684318e-05,4.082547808792045707e+00,1.429241622154068470e+00,1.121277464662687517e+00,9.529743046684711061e-01,1.966971983020629366e+00
4.320000000000000000e+03,3.000000000000000000e+00,1.822507995933011443e+03,1.278793084089438814e+01,3.272246150265890208e+01,4.709640617226909962e+05,1.431099266285285943e+01,7.551265797462400897e+00,2.442052740004670852e+01,2.133430949105160401e+00,2.570692486734006366e+01,8.496356523951243744e+00,2.105058641679918630e+00,5.492874707269641554e-01,1.117139680978982369e+03,-3.604857474600141387e+01,1.088974550226106786e+00,1.197122123248216319e+00,8.233283757148641691e-01,2.992805308120540797e-01,1.323308320420267137e+00,1.000000000000000000e+00,1.711271199540663801e+01,2.689407065771382932e+01,1.226089065269182488e-01,3.399999999999999911e+00,1.484962480630400705e+00,4.740280458003194752e+00,2.197149882907856622e+00,1.789299845427930791e+02,9.995842333075621866e-01,1.425178176679555122e+02,4.077646868659845936e+00,0.000000000000000000e+00,4.678329773568310894e-06,-7.849971956073172746e-03,1.000000000000000056e-01,1.122608906526918249e+00,1.122608906526918249e+00,8.991992394767784891e-01,5.262077378023601870e-01,5.778944868990726347e-01,1.009201500389661055e+00,8.832481268991200229e-01,9.250624375631799623e-01,9.250624375631799623e-01,9.250624375631799623e-01,8.760459880440933933e-01,5.652635482726869887e-02,5.652635482726869753e+01,5.321340584138200569e+01,1.010165907391337381e+00,1.019941576669243677e+00,1.014457676574165079e+00,5.663341138605257896e+00,8.982847566108876913e-01,1.040412744537105860e+00,5.494255154795012475e-01,2.108312513398289845e+00,7.237689478523520847e+00,-2.428363712025323820e-02,1.797571636287974783e+01,5.321340584140326513e+01,2.125943865394219756e-11,8.364359583579113178e+01,1.000000000000000056e-01,-1.654198713913708207e-01,7.064462961046495959e-01,1.448722025611496322e+00,1.789362775466393884e+00,1.611124611776219240e+00,8.056012730706838099e+00,3.400487387242613124e+00,4.655525343464224974e+00,6.914409326906702236e-02,2.999999999999999737e-04,1.624025861647229174e-01,3.915950754418418001e-05,3.326783586103655210e+01,1.137669667332960266e+00,2.272295046509022587e+00,2.263382436977094514e+00,2.272295046509022587e+00,4.268776782247590518e+01,8.537553564495180547e+07,1.131691218488547150e+02,2.263382436977094412e+08,2.202821539472701318e+01,1.778851050660576334e+02,8.621448102293226556e-01,1.269476133756489133e+01,1.190555964533829947e+00,4.702113524610735951e-01,1.890365775525230108e+00,1.323308320420267137e+00,4.344504867836054274e-01,9.689338663515667527e-01,2.826317741363434877e+01,1.517817667955512206e+00,1.260000000000000009e-01,2.051271199540663659e+01,8.621448095945103418e-01,1.237859706498893209e+00,1.095654729215236101e+00,1.088974550226106786e+00,1.088974550226106931e-05,1.556807527582938021e-05,4.077646868659845936e+00,1.429442322432472157e+00,1.121464402855791409e+00,9.527184707304598987e-01,1.973262707944341665e+00
4.380000000000000000e+03,3.041666666666666519e+00,1.820354327821958577e+03,1.277249839034874945e+01,3.273679087039277391e+01,4.709435260910968645e+05,1.431726084598011184e+01,7.554574157983451776e+00,2.443145777233945992e+01,2.134365975941602489e+00,2.571828363787962246e+01,8.500110693875287282e+00,2.111496498569910507e+00,5.506504302224156655e-01,1.121552383848801355e+03,-3.651435355329482491e+01,1.089256232679023606e+00,1.198088192107098271e+00,8.237586000776085937e-01,2.995220480267745677e-01,1.324319546682804383e+00,1.000000000000000000e+00,1.711852381387970823e+01,2.690595397627690488e+01,1.232806481043831059e-01,3.399999999999999911e+00,1.486479320024206574e+00,4.739063759810783871e+00,2.202601720889662662e+00,1.794772023784423993e+02,9.994897207785315985e-01,1.425213980999573380e+02,4.072917876720683950e+00,2.664535259100375697e-15,4.710883933142063652e-06,-7.676250952120218518e-03,1.000000000000000056e-01,1.123280648104383106e+00,1.123280648104383106e+00,8.995584521844227632e-01,5.266900089631368909e-01,5.779576289383959731e-01,1.009211858663955574e+00,8.832534193856335092e-01,9.250624375631799623e-01,9.250624375631799623e-01,9.250624375631799623e-01,8.761274644831158476e-01,5.643973582781102588e-02,5.643973582781102749e+01,5.320220325446859988e+01,1.010351003637286249e+00,1.019951027922146647e+00,1.014667607585620690e+00,5.656583279139058007e+00,8.989988340540663314e-01,1.040529181081779608e+00,5.507849996712804730e-01,2.114680875992716036e+00,7.226598697543025196e+00,-2.439544305453912251e-02,1.797560455694545922e+01,5.320220325448848087e+01,1.988098574656760320e-11,8.357026244546972293e+01,1.000000000000000056e-01,-1.661814921971329628e-01,7.056846752988874538e-01,1.445426994169805912e+00,1.788035679491411623e+00,1.606818312539708193e+00,8.043870058571879866e+00,3.394853992031119816e+00,4.649016066540760050e+00,6.907586455875930342e-02,2.999999999999999737e-04,1.613913183699022813e-01,4.638968439011747352e-05,3.328240405156598314e+01,1.138712345407852489e+00,2.272951667147248500e+00,2.263979394688673263e+00,2.272951667147248500e+00,4.260462494447262571e+01,8.520924988894525170e+07,1.131989697344336605e+02,2.263979394688673317e+08,2.200986097847437506e+01,1.778134556573806435e+02,8.617830690382375369e-01,1.270150734702670903e+01,1.190940024274916187e+00,4.699884051885074854e-01,1.891186609732979251e+00,1.324319546682804383e+00,4.335169378740402202e-01,9.678531133417862531e-01,2.821986791390551375e+01,1.521398099957337990e+00,1.260000000000000009e-01,2.051852381387970681e+01,8.617830684036916766e-01,1.238517506442538885e+00,1.096008174902929566e+00,1.089256232679023606e+00,1.089256232679023646e-05,1.560344625993230011e-05,4.072917876720681285e+00,1.429629800447732579e+00,1.121645927761425021e+00,9.524684378779006977e-01,1.979422308562414745e+00
4.440000000000000000e+03,3.083333333333333481e+00,1.818260468561242078e+03,1.275749350550493411e+01,3.275071738566077784e+01,4.709235332375187427e+05,1.432335278833070191e+01,7.557789485179847055e+00,2.444207737672840608e+01,2.135274704546979319e+00,2.572932161219683067e+01,8.503758837929234815e+00,2.117797636716213017e+00,5.519792962616901777e-01,1.125990350203014259e+03,-3.696976201925014749e+01,1.089539832801735164e+00,1.199032191004079539e+00,8.241705868945186086e-01,2.997580477510198849e-01,1.325304507840373791e+00,1.000000000000000000e+00,1.712394056042833768e+01,2.691750168424808365e+01,1.239286346455386045e-01,3.399999999999999911e+00,1.487956761760560687e+00,4.737888032541539118e+00,2.207917185046760711e+00,1.800127991208780998e+02,9.993986759420758759e-01,1.425248986234366555e+02,4.068354282075012485e+00,-8.881784197001252323e-16,4.742258004498533120e-06,-7.504305915960875900e-03,1.000000000000000056e-01,1.123928634645538605e+00,1.123928634645538605e+00,8.999086434823281300e-01,5.271610425673324274e-01,5.780191138125804207e-01,1.009221920061258881e+00,8.832585782198971724e-01,9.250624375631799623e-01,9.250624375631799623e-01,9.250624375631799623e-01,8.762068164391780822e-01,5.635530747935808826e-02,5.635530747935808904e+01,5.319128518536253125e+01,1.010531656055352778e+00,1.019960132405792308e+00,1.014872088444341180e+00,5.650035702625626932e+00,8.996924705572937331e-01,1.040642628774546496e+00,5.521105213327183181e-01,2.120914775852841938e+00,7.215788409648922652e+00,-2.450322426780600707e-02,1.797549677573219284e+01,5.319128518538111905e+01,1.858779796748422086e-11,8.349866146407164536e+01,1.000000000000000056e-01,-1.669156966471798675e-01,7.049504708488405491e-01,1.442215034311174371e+00,1.786741202872922374e+00,1.602623827159068481e+00,8.032034485388113154e+00,3.389365030031990855e+00,4.642669455356122299e+00,6.900935657981858984e-02,2.999999999999999737e-04,1.604087928478941105e-01,5.341289013858271234e-05,3.329656267542178938e+01,1.139730727703076374e+00,2.273589740830006978e+00,2.264559490663115682e+00,2.273589740830006978e+00,4.252330029316431848e+01,8.504660058632864058e+07,1.132279745331557876e+02,2.264559490663115680e+08,2.199183254285865985e+01,1.777431073691787446e+02,8.614318425471413354e-01,1.270805566219077498e+01,1.191314053796730610e+00,4.697715860826150447e-01,1.891984468175653689e+00,1.325304507840373791e+00,4.326070987817600688e-01,9.667975647389325244e-01,2.817765373967904097e+01,1.524898623436655498e+00,1.260000000000000009e-01,2.052394056042833625e+01,8.614318419128540461e-01,1.239156029315991114e+00,1.096352389897142565e+00,1.089539832801735164e+00,1.089539832801735293e-05,1.563765633251588605e-05,4.068354282075013373e+00,1.429804534207365752e+00,1.121822274143067233e+00,9.522239974342969759e-01,1.985454947338392895e+00
4.500000000000000000e+03,3.125000000000000000e+00,1.816224727878152180e+03,1.274290401646037729e+01,3.276425807703936499e+01,4.709040701230864506e+05,1.432927594049110098e+01,7.560915712663148547e+00,2.445239952381537663e+01,2.136158247077810213e+00,2.574005242467424281e+01,8.507305462392077189e+00,2.123966467512426792e+00,5.532753480873344731e-01,1.130452504468308462e+03,-3.741491024358198558e+01,1.089825280935835305e+00,1.199954886403163945e+00,8.245649827543367616e-01,2.999887216007909863e-01,1.326264223006869525e+00,1.000000000000000000e+00,1.712897637708057275e+01,2.692872804564570188e+01,1.245537043551276923e-01,3.399999999999999911e+00,1.489396334510304287e+00,4.736751685276376911e+00,2.213101392349337893e+00,1.805371497385562805e+02,9.993109573978040672e-01,1.425283220788669780e+02,4.063949865169605324e+00,8.881784197001252323e-16,4.772491475827176098e-06,-7.334276376015323728e-03,1.000000000000000056e-01,1.124553704355127692e+00,1.124553704355127692e+00,9.002501542767011866e-01,5.276212363041669073e-01,5.780790065064680405e-01,1.009231697377564352e+00,8.832636085604768095e-01,9.250624375631799623e-01,9.250624375631799623e-01,9.250624375631799623e-01,8.762841264070011515e-01,5.627298507907589620e-02,5.627298507907589453e+01,5.318064062964735683e+01,1.010708026462369791e+00,1.019968904260219578e+00,1.015071333225899375e+00,5.643690547452649753e+00,9.003665365909367946e-01,1.040753203378575353e+00,5.534033531993737265e-01,2.127018517094804384e+00,7.205247769407925773e+00,-2.460713974314767197e-02,1.797539286025685357e+01,5.318064062966477934e+01,1.742250788083765656e-11,8.342873077970659779e+01,1.000000000000000056e-01,-1.676235677326135542e-01,7.042425997634068624e-01,1.439082959653274374e+00,1.785478102295561920e+00,1.598536754275253768e+00,8.020494141689805900e+00,3.384014856570815688e+00,4.636479285118990212e+00,6.894450298161565460e-02,2.999999999999999737e-04,1.594537946219793945e-01,6.023793867876957309e-05,3.331032904499002001e+01,1.140725674029179126e+00,2.274210055941285002e+00,2.265123441651101910e+00,2.274210055941285002e+00,4.244373483687003556e+01,8.488746967374007404e+07,1.132561720825550964e+02,2.265123441651102006e+08,2.197412216227880677e+01,1.776740290817039352e+02,8.610906714500582426e-01,1.271441496665147852e+01,1.191678443041699786e+00,4.695606398464777786e-01,1.892760313117117121e+00,1.326264223006869525e+00,4.317200524720651300e-01,9.657663346782006109e-01,2.813649253953794727e+01,1.528322078866978018e+00,1.260000000000000009e-01,2.052897637708057132e+01,8.610906708160221967e-01,1.239776121852112389e+00,1.096687733057329028e+00,1.089825280935835305e+00,1.089825280935835395e-05,1.567074428518553005e-05,4.063949865169604436e+00,1.429966979905824997e+00,1.121993664219391285e+00,9.519849502414956532e-01,1.991364604386370196e+00
4.560000000000000000e+03,3.166666666666666519e+00,1.814245490786290475e+03,1.272871829925466258e+01,3.277742890413224330e+01,4.708851234688897384e+05,1.433503728521574061e+01,7.563956526970592620e+00,2.446243666392648919e+01,2.137017645810088684e+00,2.575048883808215550e+01,8.510754785467566919e+00,2.130007183669527127e+00,5.545397927774766700e-01,1.134937810478603069e+03,-3.784991745480257919e+01,1.090112509820575948e+00,1.200857005494977203e+00,8.249424021623101844e-01,3.002142513737443008e-01,1.327199655363124897e+00,1.000000000000000000e+00,1.713364472055521404e+01,2.693964641262479276e+01,1.251566535360544297e-01,3.399999999999999911e+00,1.490799483044687346e+00,4.735653214192426574e+00,2.218159171109906680e+00,1.810506106119098035e+02,9.992264318083812213e-01,1.425316711496808466e+02,4.059698736737325397e+00,0.000000000000000000e+00,4.801621965104836275e-06,-7.166283460974930825e-03,1.000000000000000056e-01,1.125156653536054430e+00,1.125156653536054430e+00,9.005833067714661411e-01,5.280709669352826596e-01,5.781373683675610220e-01,1.009241202583936348e+00,8.832685152791611705e-01,9.250624375631799623e-01,9.250624375631799623e-01,9.250624375631799623e-01,8.763594723517054152e-01,5.619268864187165757e-02,5.619268864187165491e+01,5.317025919578601645e+01,1.010880267998213844e+00,1.019977356819161685e+00,1.015265543972908358e+00,5.637540370538781431e+00,9.010218494136861267e-01,1.040861014190132217e+00,5.546646955592919870e-01,2.132996194214412444e+00,7.194966535450916467e+00,-2.470733964863316631e-02,1.797529266035136786e+01,5.317025919580228788e+01,1.627142864890629426e-11,8.336041153265104242e+01,1.000000000000000056e-01,-1.683061283966836852e-01,7.035600390993367315e-01,1.436027760228427042e+00,1.784245202712302358e+00,1.594552940778455330e+00,8.009237818519657992e+00,3.378798143490757688e+00,4.630439675028900304e+00,6.888124109880398860e-02,2.999999999999999737e-04,1.585251805500282885e-01,6.687310510474549913e-05,3.332371938586778271e+01,1.141697998950944148e+00,2.274813350461401207e+00,2.265671918579327926e+00,2.274813350461401207e+00,4.236587228483337242e+01,8.473174456966674328e+07,1.132835959289664061e+02,2.265671918579328060e+08,2.195672215221635426e+01,1.776061903660161079e+02,8.607591262943082855e-01,1.272059341512220421e+01,1.192033560529120351e+00,4.693553268659129141e-01,1.893515054667325614e+00,1.327199655363124897e+00,4.308549329835239527e-01,9.647585826137731191e-01,2.809634432093582745e+01,1.531671149680846611e+00,1.260000000000000009e-01,2.053364472055521261e+01,8.607591256605162666e-01,1.240378579212847443e+00,1.097014543527487618e+00,1.090112509820575948e+00,1.090112509820576029e-05,1.570274706331059657e-05,4.059698736737325397e+00,1.430117571630813433e+00,1.122160305921386936e+00,9.517511081622700431e-01,1.997155069363987456e+00
4.620000000000000000e+03,3.208333333333333481e+00,1.812321204863319963e+03,1.271492518288396134e+01,3.279024499702981643e+01,4.708666800936182262e+05,1.434064344231134491e+01,7.566915423007002595e+00,2.447220060065516734e+01,2.137853888833069593e+00,2.576064295230100498e+01,8.514110806268748277e+00,2.135923796266077090e+00,5.557737799250467292e-01,1.139445266645051333e+03,-3.827490851726327747e+01,1.090401454325252706e+00,1.201739241392267399e+00,8.253034317589755808e-01,3.004348103480668497e-01,1.328111718733805846e+00,1.000000000000000000e+00,1.713795845085395442e+01,2.695026944383826972e+01,1.257382421070425416e-01,3.399999999999999911e+00,1.492167578100708880e+00,4.734591192004809379e+00,2.223095119700186917e+00,1.815535226826165456e+02,9.991449729512016376e-01,1.425349484008725085e+02,4.055595296836290053e+00,-8.881784197001252323e-16,4.829685477291335548e-06,-7.000433783874718957e-03,1.000000000000000056e-01,1.125738242107042542e+00,1.125738242107042542e+00,9.009084069538646489e-01,5.285105934163248920e-01,5.781942575893178615e-01,1.009250447019551356e+00,8.832733029953021564e-01,9.250624375631799623e-01,9.250624375631799623e-01,9.250624375631799623e-01,8.764329282412108846e-01,5.611434232908445174e-02,5.611434232908445097e+01,5.316013103091313496e+01,1.011048526374734635e+00,1.019985502704879643e+00,1.015454912187811143e+00,5.631578095289759389e+00,9.016591820634152210e-01,1.040966164905821278e+00,5.558956922544752155e-01,2.138851723221928403e+00,7.184934997321953176e+00,-2.480396639353391400e-02,1.797519603360646556e+01,5.316013103092841874e+01,1.528377424619975500e-11,8.329364769990243644e+01,1.000000000000000056e-01,-1.689643487297950442e-01,7.029018187662253725e-01,1.433046580194626607e+00,1.783041390188139452e+00,1.590668451013813822e+00,7.998254888424948028e+00,3.373709841201953274e+00,4.624545047222994754e+00,6.881951150812934404e-02,2.999999999999999737e-04,1.576218708191872153e-01,7.332621675112862419e-05,3.333674908031364481e+01,1.142648478536301360e+00,2.275400324034332566e+00,2.266205557521365765e+00,2.275400324034332566e+00,4.228965881029466090e+01,8.457931762058931589e+07,1.133102778760682980e+02,2.266205557521365881e+08,2.193962507090541081e+01,1.775395617572683591e+02,8.604368006439629957e-01,1.272659869194674087e+01,1.192379755869980240e+00,4.691554202087155345e-01,1.894249548938331529e+00,1.328111718733805846e+00,4.300109192440351169e-01,9.637735073781148465e-01,2.805717116454222548e+01,1.534948400872508500e+00,1.260000000000000009e-01,2.053795845085395300e+01,8.604368000104083425e-01,1.240964150694642054e+00,1.097333143050521320e+00,1.090401454325252706e+00,1.090401454325252852e-05,1.573370002054386407e-05,4.055595296836290942e+00,1.430256724221095288e+00,1.122322396260091448e+00,9.515222913805327920e-01,2.002829970115179492e+00
4.680000000000000000e+03,3.250000000000000000e+00,1.810450384390992213e+03,1.270151397964639273e+01,3.280272056475229192e+01,4.708487267226501717e+05,1.434610062868088676e+01,7.569795683023440525e+00,2.448170241117382417e+01,2.138667904132805830e+00,2.577052613591081709e+01,8.517377282207627687e+00,2.141720123414564192e+00,5.569783965513731561e-01,1.143973907079511491e+03,-3.869001532994013814e+01,1.090692051502919924e+00,1.202602252697958951e+00,8.256486299212657531e-01,3.006505631744897378e-01,1.329001278213763904e+00,1.000000000000000000e+00,1.714192982302071044e+01,2.696060903286718258e+01,1.262991930957555464e-01,3.399999999999999911e+00,1.493501917320645855e+00,4.733564267275846227e+00,2.227913586205492624e+00,1.820462104902379679e+02,9.990664615860724851e-01,1.425381562616990152e+02,4.051634234228193243e+00,-8.881784197001252323e-16,4.856716359977404198e-06,-6.836818593853113968e-03,1.000000000000000056e-01,1.126299193095755546e+00,1.126299193095755546e+00,9.012257445304251435e-01,5.289404563799298131e-01,5.782497292119992416e-01,1.009259441331948004e+00,8.832779760791369394e-01,9.250624375631799623e-01,9.250624375631799623e-01,9.250624375631799623e-01,8.765045640974225005e-01,5.603787439885429128e-02,5.603787439885429222e+01,5.315024681438471532e+01,1.011212939725714577e+00,1.019993353841392558e+00,1.015639618933307009e+00,5.625797010882227944e+00,9.022792619468182895e-01,1.041068753605375097e+00,5.570974244628746908e-01,2.144588834996047577e+00,7.175143969123467969e+00,-2.489715472441143135e-02,1.797510284527558966e+01,5.315024681439905407e+01,1.433875240763882175e-11,8.322838610806380188e+01,1.000000000000000056e-01,-1.695991466240560630e-01,7.022670208719643536e-01,1.430136717059642626e+00,1.781865610137349121e+00,1.586879564569919632e+00,7.987535297637355924e+00,3.368745174707268752e+00,4.618790122930087172e+00,6.875925798789774002e-02,2.999999999999999737e-04,1.567428475102770058e-01,7.960463891423970317e-05,3.334943257416482965e+01,1.143577849238536892e+00,2.275971634014667178e+00,2.266724956103820521e+00,2.275971634014667178e+00,4.221504304595504209e+01,8.443008609191007912e+07,1.133362478051910216e+02,2.266724956103820503e+08,2.192282371527441853e+01,1.774741145664204964e+02,8.601233130743043409e-01,1.273243802794289081e+01,1.192717360013219707e+00,4.689607062494468570e-01,1.894964605749869913e+00,1.329001278213763904e+00,4.291872345332544691e-01,9.628103476593277144e-01,2.801893719942714256e+01,1.538156261699015204e+00,1.260000000000000009e-01,2.054192982302070902e+01,8.601233124409805031e-01,1.241533541370853699e+00,1.097643836194869049e+00,1.090692051502919924e+00,1.090692051502920031e-05,1.576363687500660450e-05,4.051634234228194131e+00,1.430384833000667877e+00,1.122480120264660375e+00,9.512983296052457405e-01,2.008392765644278821e+00
4.740000000000000000e+03,3.291666666666666519e+00,1.808631600018166637e+03,1.268847440976172791e+01,3.281486909667598439e+01,4.708312502402936807e+05,1.435141474626198743e+01,7.572600422917874496e+00,2.449095260216539316e+01,2.139460572640942360e+00,2.578014917334448697e+01,8.520557777630653362e+00,2.147399819988193848e+00,5.581546785868709559e-01,1.148522797531877814e+03,-3.909537400606983937e+01,1.090984240362906643e+00,1.203446667737352760e+00,8.259785302076382285e-01,3.008616669343381900e-01,1.329869155533257796e+00,1.000000000000000000e+00,1.714557055960273857e+01,2.697067646216953563e+01,1.268401971419763630e-01,3.399999999999999911e+00,1.494803733299886694e+00,4.732571155804164320e+00,2.232618714347483824e+00,1.825289846989964815e+02,9.989907846825865079e-01,1.425412970551224987e+02,4.047810492951000150e+00,-8.881784197001252323e-16,4.882747513375688489e-06,-6.675516923872026886e-03,1.000000000000000056e-01,1.126840197141976363e+00,1.126840197141976363e+00,9.015355949330362550e-01,5.293608806455798454e-01,5.783038355047608325e-01,1.009268195613325148e+00,8.832825386797203970e-01,9.250624375631799623e-01,9.250624375631799623e-01,9.250624375631799623e-01,8.765744464305489370e-01,5.596321674221446663e-02,5.596321674221446330e+01,5.314059769751713702e+01,1.011373639611564679e+00,1.020000921531741156e+00,1.015819836039828727e+00,5.620190729812908792e+00,9.028827778895724965e-01,1.041168873449883181e+00,5.582709230627823649e-01,2.150211100234670880e+00,7.165584730117089407e+00,-2.498703258644075290e-02,1.797501296741355858e+01,5.314059769753064444e+01,1.350741740679950453e-11,8.316457609482510804e+01,1.000000000000000056e-01,-1.702113936406045580e-01,7.016547738554158586e-01,1.427295603650542422e+00,1.780716861448976784e+00,1.583182751377174791e+00,7.977069501812197316e+00,3.363899612826151575e+00,4.613169888986045741e+00,6.870042715773888586e-02,2.999999999999999737e-04,1.558871477266323691e-01,8.571534623755781845e-05,3.336178358162058544e+01,1.144486813322642460e+00,2.276527903975421374e+00,2.267230681241106716e+00,2.276527903975421374e+00,4.214197583493551491e+01,8.428395166987103224e+07,1.133615340620553411e+02,2.267230681241106689e+08,2.190631111016716659e+01,1.774098210071580013e+02,8.598183023378810352e-01,1.273811824777195234e+01,1.193046687297343755e+00,4.687709824783017343e-01,1.895660988684658488e+00,1.329869155533257796e+00,4.283831414608870736e-01,9.618683771768530288e-01,2.798160837110723165e+01,1.541297055122498705e+00,1.260000000000000009e-01,2.054557055960273715e+01,8.598183017047817955e-01,1.242087416710726755e+00,1.097946912242580453e+00,1.090984240362906643e+00,1.090984240362906671e-05,1.579258991700475519e-05,4.047810492951001038e+00,1.430502276116217164e+00,1.122633653359088157e+00,9.510790600111374005e-01,2.013846769408733639e+00
4.800000000000000000e+03,3.333333333333333481e+00,1.806863481189168169e+03,1.267579661919195999e+01,3.282670328446820918e+01,4.708142375664479914e+05,1.435659134785842639e+01,7.575332574186679935e+00,2.449996106016564212e+01,2.140232723128501657e+00,2.578952221075552131e+01,8.523655645927549429e+00,2.152966371224279474e+00,5.593036079410275141e-01,1.153091036000334952e+03,-3.949112579228192033e+01,1.091277961898483584e+00,1.204273084571457098e+00,8.262936413273704872e-01,3.010682711428642744e-01,1.330716129979309326e+00,1.000000000000000000e+00,1.714889185011031358e+01,2.698048234644821619e+01,1.273619124702347616e-01,3.399999999999999911e+00,1.496074194968963988e+00,4.731610639412820341e+00,2.237214431764110056e+00,1.830021415540637690e+02,9.989178352589540566e-01,1.425443729866620117e+02,4.044119269176270848e+00,0.000000000000000000e+00,4.907810373238193376e-06,-6.516595139843602003e-03,1.000000000000000056e-01,1.127361912470234762e+00,1.127361912470234762e+00,9.018382194268831364e-01,5.297721750206106917e-01,5.783566259904571183e-01,1.009276719353386920e+00,8.832869947296622115e-01,9.250624375631799623e-01,9.250624375631799623e-01,9.250624375631799623e-01,8.766426383140415446e-01,5.589030480874083301e-02,5.589030480874083651e+01,5.313117529392627603e+01,1.011530750983507199e+00,1.020008216474104445e+00,1.015995726276383015e+00,5.614753183951846971e+00,9.034703796422408617e-01,1.041266612723612539e+00,5.594171647573633610e-01,2.155721925995700783e+00,7.156249015203691499e+00,-2.507372126471965612e-02,1.797492627873528193e+01,5.313117529393897343e+01,1.269739868803299032e-11,8.310216949125035057e+01,1.000000000000000056e-01,-1.708019159722047320e-01,7.010642515238156847e-01,1.424520806119213168e+00,1.779594194700162779e+00,1.579574668086803912e+00,7.966848454995382411e+00,3.359168862786966692e+00,4.607679592208415720e+00,6.864296841936989857e-02,2.999999999999999737e-04,1.550538619675907448e-01,9.166491770998611011e-05,3.337381500587601124e+01,1.145376038435088395e+00,2.277069720580123136e+00,2.267723266291763018e+00,2.277069720580123136e+00,4.207041019320367070e+01,8.414082038640734553e+07,1.133861633145881456e+02,2.267723266291762888e+08,2.189008049721851989e+01,1.773466540050103504e+02,8.595214289344278447e-01,1.274364578632510359e+01,1.193368035807915284e+00,4.685860579523680736e-01,1.896339421898779465e+00,1.330716129979309326e+00,4.275979411615812298e-01,9.609469046618941412e-01,2.794515240437041470e+01,1.544372986662011726e+00,1.260000000000000009e-01,2.054889185011031216e+01,8.595214283015472079e-01,1.242626404177219479e+00,1.098242645518312521e+00,1.091277961898483584e+00,1.091277961898483622e-05,1.582058999222302960e-05,4.044119269176270848e+00,1.430609414519687483e+00,1.122783160523389778e+00,9.508643280137150100e-01,2.019195145793480251e+00
4.860000000000000000e+03,3.375000000000000000e+00,1.805144708148201289e+03,1.266347112131324515e+01,3.283823519183906114e+01,4.707976758288337733e+05,1.436163571157747754e+01,7.577994923334148147e+00,2.450873717559487019e+01,2.140985143384500855e+00,2.579865489209675999e+01,8.526674074506436440e+00,2.158423115955546479e+00,5.604261212425396543e-01,1.157677749456000129e+03,-3.987741492274796684e+01,1.091573158901135487e+00,1.205082074325881214e+00,8.265944498556956344e-01,3.012705185814703035e-01,1.331542942654664330e+00,1.000000000000000000e+00,1.715190440822544105e+01,2.699003677501378817e+01,1.278649684371659934e-01,3.399999999999999911e+00,1.497314413981996495e+00,4.730681559125382130e+00,2.241704484970158617e+00,1.834659648562214613e+02,9.988475117684245674e-01,1.425473861672929274e+02,4.040555984757896901e+00,-8.881784197001252323e-16,4.931935075784059884e-06,-6.360109373562735507e-03,1.000000000000000056e-01,1.127864968437165993e+00,1.127864968437165993e+00,9.021338666982219312e-01,5.301746342738044016e-01,5.784081477589864129e-01,1.009285021565045737e+00,8.832913479673061286e-01,9.250624375631799623e-01,9.250624375631799623e-01,9.250624375631799623e-01,8.767091997293749994e-01,5.581907723833443719e-02,5.581907723833443669e+01,5.312197163169705050e+01,1.011684392975032099e+00,1.020015248823157528e+00,1.016167444310549728e+00,5.609478590969197320e+00,9.040426832926057310e-01,1.041362055386047425e+00,5.605370817012187423e-01,2.161124575824096006e+00,7.147128967776495756e+00,-2.515733606750295351e-02,1.797484266393249541e+01,5.312197163170899472e+01,1.194422338812728412e-11,8.304112035482749832e+01,1.000000000000000056e-01,-1.713714990974315455e-01,7.004946683985888711e-01,1.421810009620914528e+00,1.778496707421024281e+00,1.576052138275984449e+00,7.956863558594809760e+00,3.354548845697008730e+00,4.602314712897801030e+00,6.858683367042295309e-02,2.999999999999999737e-04,1.542421286550699211e-01,9.745959146773789522e-05,3.338553911170304644e+01,1.146246161870764668e+00,2.277597641450136212e+00,2.268203218210928629e+00,2.277597641450136212e+00,4.200030113333952642e+01,8.400060226667904854e+07,1.134101609105464377e+02,2.268203218210928738e+08,2.187412533791297875e+01,1.772845873817989286e+02,8.592323706642850389e-01,1.274902672662477698e+01,1.193681689006406366e+00,4.684057513470738510e-01,1.897000588864131476e+00,1.331542942654664330e+00,4.268309693090829304e-01,9.600452700283099716e-01,2.790953861916721479e+01,1.547386167292927439e+00,1.260000000000000009e-01,2.055190440822543962e+01,8.592323700316172319e-01,1.243151096922748611e+00,1.098531296888342723e+00,1.091573158901135487e+00,1.091573158901135583e-05,1.584766666479541571e-05,4.040555984757897789e+00,1.430706593813723781e+00,1.122928798487454305e+00,9.506539856674951494e-01,2.024440928270156093e+00
4.920000000000000000e+03,3.416666666666666519e+00,1.803474013510085570e+03,1.265148880861948832e+01,3.284947620081048569e+01,4.707815522735880804e+05,1.436655281721285959e+01,7.580590099326969700e+00,2.451728979631318595e+01,2.141718576641468363e+00,2.580755630571060877e+01,8.529616067141521540e+00,2.163773241828091276e+00,5.615231073693562891e-01,1.162282094202460939e+03,-4.025438929613114425e+01,1.091869775975753187e+00,1.205874181375155230e+00,8.268814203480622238e-01,3.014685453437888074e-01,1.332350297437360886e+00,1.000000000000000000e+00,1.715461847430116293e+01,2.699934925590832790e+01,1.283499656918509757e-01,3.399999999999999911e+00,1.498525446156041330e+00,4.729782813858463442e+00,2.246092429477425156e+00,1.839207255553877474e+02,9.987797179413684390e-01,1.425503386037360656e+02,4.037116283386661841e+00,0.000000000000000000e+00,4.955150452638876985e-06,-6.206105248216551434e-03,1.000000000000000056e-01,1.128349965691850976e+00,1.128349965691850976e+00,9.024227729894152006e-01,5.305685390155187031e-01,5.784584454944762255e-01,1.009293110737584875e+00,8.832956019416118298e-01,9.250624375631799623e-01,9.250624375631799623e-01,9.250624375631799623e-01,8.767741876439970605e-01,5.574947578437704221e-02,5.574947578437704010e+01,5.311297914339800741e+01,1.011834678890153105e+00,1.020022028205862963e+00,1.016335136881237000e+00,5.604361449480654400e+00,9.046002708487551613e-01,1.041455281118590648e+00,5.616315582253776917e-01,2.166422167819038069e+00,7.138217129881823553e+00,-2.523798647254313007e-02,1.797476201352745662e+01,5.311297914340927662e+01,1.126920778915518895e-11,8.298138494140151522e+01,1.000000000000000056e-01,-1.719208887775417471e-01,6.999452787184786695e-01,1.419161016169691925e+00,1.777423542266488354e+00,1.572612148814132027e+00,7.947106650043731513e+00,3.350035691080620381e+00,4.597070958963111131e+00,6.853197724317168504e-02,2.999999999999999737e-04,1.534511326444401025e-01,1.031052605739261885e-04,3.339696747082399497e+01,1.147097790313817312e+00,2.278112192078306730e+00,2.268671014744439773e+00,2.278112192078306730e+00,4.193160560792229319e+01,8.386321121584458649e+07,1.134335507372219922e+02,2.268671014744439721e+08,2.185843929579892020e+01,1.772235956409431878e+02,8.589508241993427662e-01,1.275426681453714650e+01,1.193987916101266311e+00,4.682298914052203664e-01,1.897645138895884154e+00,1.332350297437360886e+00,4.260815952841064957e-01,9.591628441647553904e-01,2.787473789218852005e+01,1.550338603736065579e+00,1.260000000000000009e-01,2.055461847430116151e+01,8.589508235668822378e-01,1.243662055223795138e+00,1.098813114102058064e+00,1.091869775975753187e+00,1.091869775975753310e-05,1.587384821239641008e-05,4.037116283386661841e+00,1.430794144332295570e+00,1.123070714899722322e+00,9.504478923411081581e-01,2.029587017508016622e+00
4.980000000000000000e+03,3.458333333333333481e+00,1.801850175661029652e+03,1.263984090446295738e+01,3.286043713545195999e+01,4.707658543954078923e+05,1.437134740041777903e+01,7.583120602226066431e+00,2.452562733717066124e+01,2.142433729683931531e+00,2.581623509677856276e+01,8.532484481138563837e+00,2.169019805352690788e+00,5.625954152090508753e-01,1.166903253097606466e+03,-4.062219873599553921e+01,1.092167759381734493e+00,1.206649926109606197e+00,8.271549976005942995e-01,3.016624815274015492e-01,1.333138864520732270e+00,1.000000000000000000e+00,1.715704386305299778e+01,2.700842883354780000e+01,1.288174791279959042e-01,3.399999999999999911e+00,1.499708296781098404e+00,4.728913354753190745e+00,2.250381660836203501e+00,1.843666834549787268e+02,9.987143622764103057e-01,1.425532322186761576e+02,4.033796008596082672e+00,-8.881784197001252323e-16,4.977484168236453004e-06,-6.054619869034549851e-03,1.000000000000000056e-01,1.128817479127995904e+00,1.128817479127995904e+00,9.027051634430504068e-01,5.309541573921131574e-01,5.785075617353161448e-01,1.009300994940463880e+00,8.832997600305261265e-01,9.250624375631799623e-01,9.250624375631799623e-01,9.250624375631799623e-01,8.768376562979043332e-01,5.568144500826562732e-02,5.568144500826562648e+01,5.310419062640195165e+01,1.011981716881645843e+00,1.020028563772358954e+00,1.016498943603434624e+00,5.599396511140279920e+00,9.051436949708127067e-01,1.041546365795571694e+00,5.627014392243959717e-01,2.171617691154884344e+00,7.129506403106994128e+00,-2.531577669442586567e-02,1.797468422330557303e+01,5.310419062641256716e+01,1.061550847225589678e-11,8.292292148331776502e+01,1.000000000000000056e-01,-1.724507949211571134e-01,6.994153725748633033e-01,1.416571732640336867e+00,1.776373883286719080e+00,1.569251833275577601e+00,7.937569960534736069e+00,3.345625716562296681e+00,4.591944243972439388e+00,6.847835566743393221e-02,2.999999999999999737e-04,1.526801006352407342e-01,1.086075209289997373e-04,3.340811108770949289e+01,1.147931503501027350e+00,2.278613872330131240e+00,2.269127110339284492e+00,2.278613872330131240e+00,4.186428236180906026e+01,8.372856472361811996e+07,1.134563555169642228e+02,2.269127110339284539e+08,2.184301623855629160e+01,1.771636541173295711e+02,8.586765014135632201e-01,1.275937149005180693e+01,1.194286973401827101e+00,4.680583153269162189e-01,1.898273686118953085e+00,1.333138864520732270e+00,4.253492188677140406e-01,9.582990257525001443e-01,2.784072250413280969e+01,1.553232218676157572e+00,1.260000000000000009e-01,2.055704386305299636e+01,8.586765007813047523e-01,1.244159809530971605e+00,1.099088333037939069e+00,1.092167759381734493e+00,1.092167759381734646e-05,1.589916176205379946e-05,4.033796008596083560e+00,1.430872382679128751e+00,1.123209050139259535e+00,9.502459133032861160e-01,2.034636196459979285e+00
5.040000000000000000e+03,3.500000000000000000e+00,1.800272020577981493e+03,1.262851897653973587e+01,3.287112822024135284e+01,4.707505698445638409e+05,1.437602393453427752e+01,7.585588793626112825e+00,2.453375773656641456e+01,2.143131270156666268e+00,2.582469943124138112e+01,8.535282015410160739e+00,2.174165726437185420e+00,5.636438508311246709e-01,1.171540436037195150e+03,-4.098099574121187061e+01,1.092467057055644286e+00,1.207409804957203070e+00,8.274156066342213123e-01,3.018524512393007675e-01,1.333909281093990984e+00,1.000000000000000000e+00,1.715918996333237700e+01,2.701728405097610874e+01,1.292680578735221353e-01,3.399999999999999911e+00,1.500863921640986476e+00,4.728072184306665982e+00,2.254575403324498684e+00,1.848040867471607669e+02,9.986513579271267815e-01,1.425560688408818635e+02,4.030591201477745855e+00,0.000000000000000000e+00,4.998962708194918110e-06,-5.905681434829175569e-03,1.000000000000000056e-01,1.129268057873522135e+00,1.129268057873522135e+00,9.029812521511798584e-01,5.313317448824473876e-01,5.785555368944396148e-01,1.009308681791964313e+00,8.833038254444208759e-01,9.250624375631799623e-01,9.250624375631799623e-01,9.250624375631799623e-01,8.768996572589693450e-01,5.561493222617731186e-02,5.561493222617730936e+01,5.309559923596901143e+01,1.012125609902338352e+00,1.020034864207287173e+00,1.016658997082025895e+00,5.594578777760239596e+00,9.056734782440130083e-01,1.041635381499749435e+00,5.637475267300716686e-01,2.176714004035317895e+00,7.120990041764059697e+00,-2.539080578499927632e-02,1.797460919421500236e+01,5.309559923597906561e+01,1.005417971100541763e-11,8.286569017571704876e+01,1.000000000000000056e-01,-1.729618922683874294e-01,6.989042752276329873e-01,1.414040169450304640e+00,1.775346954404712019e+00,1.565968469535358398e+00,7.928246107015912258e+00,3.341315423940070417e+00,4.586930683075841841e+00,6.842592762763245740e-02,2.999999999999999737e-04,1.519283000850537579e-01,1.139716639112888300e-04,3.341898035724537408e+01,1.148747853781834083e+00,2.279103154359006567e+00,2.269571934248289402e+00,2.279103154359006567e+00,4.179829190567245689e+01,8.359658381134490669e+07,1.134785967124144719e+02,2.269571934248289466e+08,2.182785023145218517e+01,1.771047388495391033e+02,8.584091304243866016e-01,1.276434589880829229e+01,1.194579104582255802e+00,4.678908690643017176e-01,1.898886814136797607e+00,1.333909281093990984e+00,4.246332696649220972e-01,9.574532412139344917e-01,2.780746611308865113e+01,1.556068840881863480e+00,1.260000000000000009e-01,2.055918996333237558e+01,8.584091297923249764e-01,1.244644861592965723e+00,1.099357177946471475e+00,1.092467057055644286e+00,1.092467057055644343e-05,1.592363327875136154e-05,4.030591201477745855e+00,1.430941611720399242e+00,1.123343936757585926e+00,9.500479204101068831e-01,2.039591127858310315e+00
5.100000000000000000e+03,3.541666666666666519e+00,1.798738413313918954e+03,1.261751487477432399e+01,3.288155923002467773e+01,4.707356866054853890e+05,1.438058669613045026e+01,7.587996931198445871e+00,2.454168858108242190e+01,2.143811836308544994e+00,2.583295710917365184e+01,8.538011247947094873e+00,2.179213813351806639e+00,5.646691871294987619e-01,1.176192876414678722e+03,-4.133093318393255089e+01,1.092767618409488328e+00,1.208154293646984678e+00,8.276636553783794925e-01,3.020385734117461696e-01,1.334662155264387806e+00,1.000000000000000000e+00,1.716106579476701910e+01,2.702592306847529002e+01,1.297022287901257176e-01,3.399999999999999911e+00,1.501993232896581709e+00,4.727258350006482424e+00,2.258676748517995048e+00,1.852331741349035781e+02,9.985906221450431275e-01,1.425588502304889289e+02,4.027498075542317757e+00,-3.552713678800500929e-15,5.019611546640978137e-06,-5.759311710027716774e-03,1.000000000000000056e-01,1.129702228790125718e+00,1.129702228790125718e+00,9.032512436890476337e-01,5.317015463151135712e-01,5.786024095413730972e-01,1.009316178563476996e+00,8.833078012464128381e-01,9.250624375631799623e-01,9.250624375631799623e-01,9.250624375631799623e-01,8.769602397403652994e-01,5.554988717065510728e-02,5.554988717065510428e+01,5.308719844128433607e+01,1.012266456500770184e+00,1.020040937785495538e+00,1.016815423803199891e+00,5.589903469416756643e+00,9.061901187093852617e-01,1.041722397056991323e+00,5.647705903296941221e-01,2.181713853381714863e+00,7.112661609558912801e+00,-2.546316826506488801e-02,1.797453683173493388e+01,5.308719844129384313e+01,9.507061804470140487e-12,8.280965291952314544e+01,1.000000000000000056e-01,-1.734548246939024985e-01,6.984113428021179182e-01,1.411564427115849618e+00,1.774342015477882173e+00,1.562759461421559193e+00,7.919128045481979683e+00,3.337101476899441366e+00,4.582026568582538317e+00,6.837465370031184375e-02,2.999999999999999737e-04,1.511950343057095747e-01,1.192027323767960376e-04,3.342958521719175735e+01,1.149547370479626407e+00,2.279580489160657475e+00,2.270005896488996200e+00,2.279580489160657475e+00,4.173359631821594462e+01,8.346719263643188775e+07,1.135002948244498100e+02,2.270005896488996148e+08,2.181293552443856143e+01,1.770468266671043125e+02,8.581484519190718530e-01,1.276919492424356406e+01,1.194864542180227973e+00,4.677274056723286222e-01,1.899485075289121694e+00,1.334662155264387806e+00,4.239332034411538164e-01,9.566249410002352072e-01,2.777494358532755214e+01,1.558850230488928901e+00,1.260000000000000009e-01,2.056106579476701768e+01,8.581484512872021853e-01,1.245117687591225986e+00,1.099619862829358530e+00,1.092767618409488328e+00,1.092767618409488421e-05,1.594728773073586235e-05,4.027498075542321310e+00,1.431002122411839217e+00,1.123475501301217205e+00,9.498537903379951075e-01,2.044454373020498039e+00
5.160000000000000000e+03,3.583333333333333481e+00,1.797248263670594270e+03,1.260682077281005320e+01,3.289173936133913401e+01,4.707211928095021285e+05,1.438503970878615590e+01,7.590347139077795013e+00,2.454942701164857510e+01,2.144476028645208920e+00,2.584101547624066342e+01,8.540674606554002679e+00,2.184166746385949320e+00,5.656721570556110246e-01,1.180859833150766462e+03,-4.167216619626479712e+01,1.093069394440449038e+00,1.208883845945514679e+00,8.278995335879798523e-01,3.022209614863786697e-01,1.335398065338889495e+00,1.000000000000000000e+00,1.716267998505049164e+01,2.703435357093345814e+01,1.301204950743586330e-01,3.399999999999999911e+00,1.503097098008334243e+00,4.726470945801790613e+00,2.262688628222444098e+00,1.856541734428056998e+02,9.985320763639471409e-01,1.425615780583504488e+02,4.024513023909674025e+00,-1.776356839400250465e-15,5.039455065858853015e-06,-5.615524528173675145e-03,1.000000000000000056e-01,1.130120495074358633e+00,1.130120495074358633e+00,9.035153325754042841e-01,5.320637948391115923e-01,5.786482163156851932e-01,1.009323492100294706e+00,8.833116903484574678e-01,9.250624375631799623e-01,9.250624375631799623e-01,9.250624375631799623e-01,8.770194505427190146e-01,5.548626205998234001e-02,5.548626205998233729e+01,5.307898203446977448e+01,1.012404350453551594e+00,1.020046792363605181e+00,1.016968343921982543e+00,5.585366033587456869e+00,9.066940870406706710e-01,1.041807477847614516e+00,5.657713593176604272e-01,2.186619864326949880e+00,7.104514988474051052e+00,-2.553295399532033022e-02,1.797446704600467982e+01,5.307898203447873442e+01,8.959943897934863344e-12,8.275477340632248513e+01,1.000000000000000056e-01,-1.739302043277951570e-01,6.979359631682252596e-01,1.409142699945794330e+00,1.773358362082290807e+00,1.559622343020052870e+00,7.910209079830261558e+00,3.332980705102343677e+00,4.577228374727917881e+00,6.832449640626245269e-02,2.999999999999999737e-04,1.504796430742585400e-01,1.243054920756821863e-04,3.343993501736145646e+01,1.150330557666325415e+00,2.280046301455610713e+00,2.270429383191137518e+00,2.280046301455610713e+00,4.167015929218284498e+01,8.334031858436569571e+07,1.135214691595568866e+02,2.270429383191137612e+08,2.179826654947101261e+01,1.769898950012107264e+02,8.578942218679895815e-01,1.277392318871720178e+01,1.195143507327194321e+00,4.675677863177238880e-01,1.900068996586742998e+00,1.335398065338889495e+00,4.232485028732276833e-01,9.558136009946641698e-01,2.774313102999116865e+01,1.561578058350448828e+00,1.260000000000000009e-01,2.056267998505049022e+01,8.578942212363070974e-01,1.245578738249678796e+00,1.099876591191287778e+00,1.093069394440449038e+00,1.093069394440449155e-05,1.597014901026334456e-05,4.024513023909675802e+00,1.431054193066144897e+00,1.123603862914968943e+00,9.496634060229709462e-01,2.049228381337372173e+00
5.220000000000000000e+03,3.625000000000000000e+00,1.795800517016199365e+03,1.259642910109443825e+01,3.290167741466422768e+01,4.707070769247224089e+05,1.438938682279648695e+01,7.592641449913966056e+00,2.455697985667894656e+01,2.145124421807332649e+00,2.584888155898004314e+01,8.543274413561137592e+00,2.189027104798414669e+00,5.666534636497114752e-01,1.185540586853991726e+03,-4.200484967067158948e+01,1.093372337511741454e+00,1.209598897040399024e+00,8.281236156371379886e-01,3.023997242600997559e-01,1.336117563768546068e+00,1.000000000000000000e+00,1.716404082894827710e+01,2.704258290937374554e+01,1.305233398972376335e-01,3.399999999999999911e+00,1.504176345652818991e+00,4.725709105655337083e+00,2.266613854598845901e+00,1.860673039078652380e+02,9.984756456430332605e-01,1.425642539329000442e+02,4.021632593615754203e+00,1.776356839400250465e-15,5.058516732488066379e-06,-5.474328409723422384e-03,1.000000000000000056e-01,1.130523339897237634e+00,1.130523339897237634e+00,9.037737048566594211e-01,5.324187140559304421e-01,5.786929922216382804e-01,1.009330628945529496e+00,8.833154955318325285e-01,9.250624375631799623e-01,9.250624375631799623e-01,9.250624375631799623e-01,8.770773343732900518e-01,5.542401125680475327e-02,5.542401125680475360e+01,5.307094408623626691e+01,1.012539381600243704e+00,1.020052435435696569e+00,1.017117872167739856e+00,5.580962112562044553e+00,9.071858321499975952e-01,1.041890686358063700e+00,5.667505337356684159e-01,2.191434561563770700e+00,7.096544335058226238e+00,-2.560024881352805301e-02,1.797439975118647126e+01,5.307094408624470105e+01,8.434142273472389206e-12,8.270101685414351778e+01,1.000000000000000056e-01,-1.743886158959676580e-01,6.974775516000527587e-01,1.406773262303728123e+00,1.772395321662253442e+00,1.556554760051185093e+00,7.901482814795023124e+00,3.328950081713438536e+00,4.572532733081584588e+00,6.827541994568153694e-02,2.999999999999999737e-04,1.497814977474569709e-01,1.292844884112293383e-04,3.345003870490862852e+01,1.151097898771978434e+00,2.280500997509804062e+00,2.270842763706645062e+00,2.280500997509804062e+00,4.160794594390806367e+01,8.321589188781613111e+07,1.135421381853322487e+02,2.270842763706645072e+08,2.178383791410104209e+01,1.769339220433413686e+02,8.576462071774078044e-01,1.277853508474610855e+01,1.195416211254838768e+00,4.674118783954003264e-01,1.900639077312969993e+00,1.336117563768546068e+00,4.225786738537248288e-01,9.550187186477033796e-01,2.771200562840237325e+01,1.564253932900044219e+00,1.260000000000000009e-01,2.056404082894827567e+01,8.576462065459079520e-01,1.246028441880408177e+00,1.100127557426307412e+00,1.093372337511741454e+00,1.093372337511741551e-05,1.599224010760548189e-05,4.021632593615752427e+00,1.431098091256395977e+00,1.123729135510453947e+00,9.494766547837887316e-01,2.053915510258621957e+00
5.280000000000000000e+03,3.666666666666666519e+00,1.794394155848880700e+03,1.258633255837617959e+01,3.291138175510335628e+01,4.706933276799774612e+05,1.439363169791971053e+01,7.594881795729624407e+00,2.456435360166182491e+01,2.145757561974042105e+00,2.585656203280457532e+01,8.545812875248982365e+00,2.193797362208558699e+00,5.676137781161446627e-01,1.190234440264267278e+03,-4.232913893074199052e+01,1.093676401374105600e+00,1.210299863504656237e+00,8.283362604628655701e-01,3.025749658761640593e-01,1.336821177589907705e+00,1.000000000000000000e+00,1.716515628721727182e+01,2.705061806747949404e+01,1.309112263390295183e-01,3.399999999999999911e+00,1.505231766384861558e+00,4.724972003019955125e+00,2.270455112464578651e+00,1.864727757877274996e+02,9.984212585949521213e-01,1.425668793928947196e+02,4.018853484366591289e+00,1.776356839400250465e-15,5.076819086349681698e-06,-5.335726176878032023e-03,1.000000000000000056e-01,1.130911226339029518e+00,1.130911226339029518e+00,9.040265381110851317e-01,5.327665178255988065e-01,5.787367706368299336e-01,1.009337595312043590e+00,8.833192194492809346e-01,9.250624375631799623e-01,9.250624375631799623e-01,9.250624375631799623e-01,8.771339338818626707e-01,5.536309123521196418e-02,5.536309123521196085e+01,5.306307894160704564e+01,1.012671635790251434e+00,1.020057874140504639e+00,1.017264117909778776e+00,5.576687541869350007e+00,9.076657807131836009e-01,1.041972082180703252e+00,5.677087818035423394e-01,2.196160367334075492e+00,7.088744076211519030e+00,-2.566513459644370956e-02,1.797433486540355574e+01,5.306307894161507477e+01,8.029132914089132100e-12,8.264835000142663546e+01,1.000000000000000056e-01,-1.748306171419871102e-01,6.970355503540333064e-01,1.404454467908793580e+00,1.771452252466387156e+00,1.553554468482004625e+00,7.892943150948291020e+00,3.325006720948391781e+00,4.567936429999899239e+00,6.822739017161560948e-02,2.999999999999999737e-04,1.491000005732110445e-01,1.341440416339836905e-04,3.345990478435508209e+01,1.151849856165437336e+00,2.280944963285578719e+00,2.271246388928651605e+00,2.280944963285578719e+00,4.154692279294366841e+01,8.309384558588734269e+07,1.135623194464325820e+02,2.271246388928651512e+08,2.176964439498318171e+01,1.768788866343594179e+02,8.574041866315188498e-01,1.278303478270079374e+01,1.195682855466607020e+00,4.672595558127617954e-01,1.901195792685220320e+00,1.336821177589907705e+00,4.219232451345896751e-01,9.542398129966277454e-01,2.768154561760598042e+01,1.566879392894719558e+00,1.260000000000000009e-01,2.056515628721727040e+01,8.574041860001971882e-01,1.246467205134116574e+00,1.100372946975681776e+00,1.093676401374105600e+00,1.093676401374105626e-05,1.601358310009073796e-05,4.018853484366589512e+00,1.431134073781202387e+00,1.123851427267959391e+00,9.492934288267047549e-01,2.058518023125234908e+00
5.340000000000000000e+03,3.708333333333333481e+00,1.793028200118062159e+03,1.257652411414435001e+01,3.292086030267346786e+01,4.706799340208284557e+05,1.439777779905694288e+01,7.597070005589159791e+00,2.457155437787606544e+01,2.146375966186039985e+00,2.586406320990863961e+01,8.548292077851167292e+00,2.198479885579309290e+00,5.685537392943520452e-01,1.194940718207880536e+03,-4.264519003453157353e+01,1.093981541159952497e+00,1.210987143634518759e+00,8.285378118214234977e-01,3.027467859086296897e-01,1.337509409218323508e+00,1.000000000000000000e+00,1.716603399213400039e+01,2.705846564894222439e+01,1.312845977300531874e-01,3.399999999999999911e+00,1.506264113827485263e+00,4.724258849713454111e+00,2.274214957177408181e+00,1.868707902742413012e+02,9.983688472671250480e-01,1.425694559040768468e+02,4.016172544738401129e+00,-8.881784197001252323e-16,5.094383750409830550e-06,-5.199714903883368572e-03,1.000000000000000056e-01,1.131284597730053187e+00,1.131284597730053187e+00,9.042740016199920516e-01,5.331074103297321898e-01,5.787795833511633070e-01,1.009344397072424071e+00,8.833228646289881247e-01,9.250624375631799623e-01,9.250624375631799623e-01,9.250624375631799623e-01,8.771892897250779253e-01,5.530346051686288456e-02,5.530346051686288433e+01,5.305538121161997367e+01,1.012801194926595594e+00,1.020063115273287302e+00,1.017407185308101925e+00,5.572538345460989362e+00,9.081343373778386630e-01,1.042051722071760889e+00,5.686467389035944064e-01,2.200799602111952247e+00,7.081108901006771816e+00,-2.572768937919271345e-02,1.797427231062080821e+01,5.305538121162758358e+01,7.609912699990672991e-12,8.259674107336526561e+01,1.000000000000000056e-01,-1.752567396402773259e-01,6.966094278557430908e-01,1.402184747791571207e+00,1.770528542232830294e+00,1.550619331396877687e+00,7.884584275501738126e+00,3.321147873629707981e+00,4.563436401872030146e+00,6.818037453955894112e-02,2.999999999999999737e-04,1.484345836053064804e-01,1.388882489493500558e-04,3.346954130771802483e+01,1.152586871290667947e+00,2.281378563743182042e+00,2.271640590656468728e+00,2.281378563743182042e+00,4.148705772419108939e+01,8.297411544838218391e+07,1.135820295328234408e+02,2.271640590656468868e+08,2.175568093172566009e+01,1.768247681887401939e+02,8.571679512080014884e-01,1.278742624045869292e+01,1.195943632043100946e+00,4.671106990238081402e-01,1.901739596629279383e+00,1.337509409218323508e+00,4.212817676356319652e-01,9.534764242587266958e-01,2.765173025843144217e+01,1.569455904076846764e+00,1.260000000000000009e-01,2.056603399213399896e+01,8.571679505768537988e-01,1.246895413941414787e+00,1.100612936608941883e+00,1.093981541159952497e+00,1.093981541159952564e-05,1.603419916200935619e-05,4.016172544738402017e+00,1.431162386843032319e+00,1.123970840455141396e+00,9.491136254767429392e-01,2.063038089537633013e+00
5.400000000000000000e+03,3.750000000000000000e+00,1.791701699262756620e+03,1.256699695057613830e+01,3.293012066119511871e+01,4.706668852570223971e+05,1.440182845283153590e+01,7.599207835600510386e+00,2.457858807537526147e+01,2.146980130874354575e+00,2.587139115524413313e+01,8.550714025885628899e+00,2.203076959118680289e+00,5.694739621243908312e-01,1.199658764181686593e+03,-4.295315764201185971e+01,1.094287713187018785e+00,1.211661120328147101e+00,8.287286006751919398e-01,3.029152800820367752e-01,1.338182739750972017e+00,1.000000000000000000e+00,1.716668129797369247e+01,2.706613199879330978e+01,1.316438807572286596e-01,3.399999999999999911e+00,1.507274109626457914e+00,4.723568890490503769e+00,2.277895848497563325e+00,1.872615415250878357e+02,9.983183466761875735e-01,1.425719848830404430e+02,4.013586750440714113e+00,1.776356839400250465e-15,5.111231582142896024e-06,-5.066288139124342643e-03,1.000000000000000056e-01,1.131643880757228660e+00,1.131643880757228660e+00,9.045162577283645255e-01,5.334415879382703451e-01,5.788214608149077067e-01,1.009351039865003186e+00,8.833264334917216853e-01,9.250624375631799623e-01,9.250624375631799623e-01,9.250624375631799623e-01,8.772434408337006495e-01,5.524507938491571984e-02,5.524507938491571934e+01,5.304784573616309729e+01,1.012928137693648312e+00,1.020068165332381094e+00,1.017547174079723726e+00,5.568510708156464872e+00,9.085918894159183967e-01,1.042129660427230542e+00,5.695650173122653870e-01,2.205354502845527698e+00,7.073633724060911732e+00,-2.578798789058296334e-02,1.797421201210941533e+01,5.304784573617032351e+01,7.226219622680218890e-12,8.254615955808402816e+01,1.000000000000000056e-01,-1.756674924426632201e-01,6.961986750533571966e-01,1.399962598639097999e+00,1.769623605157975899e+00,1.547747303243631745e+00,7.876400622928573014e+00,3.317370908401607643e+00,4.559029714526965371e+00,6.813434188542119574e-02,2.999999999999999737e-04,1.477847046045337454e-01,1.435210316258648741e-04,3.347895600554836903e+01,1.153309368702666315e+00,2.281802149545185898e+00,2.272025687690823581e+00,2.281802149545185898e+00,4.142831982530475443e+01,8.285663965060950816e+07,1.136012843845411879e+02,2.272025687690823674e+08,2.174194262069782013e+01,1.767715468305437412e+02,8.569373003659845889e-01,1.279171322898966601e+01,1.196198724903315913e+00,4.669651934268256310e-01,1.902270919496172219e+00,1.338182739750972017e+00,4.206538113475268847e-01,9.527281105476279599e-01,2.762253969245785967e+01,1.571984883040443037e+00,1.260000000000000009e-01,2.056668129797369104e+01,8.569372997350066523e-01,1.247313436007651877e+00,1.100847695584588060e+00,1.094287713187018785e+00,1.094287713187018916e-05,1.605410871401308519e-05,4.013586750440712336e+00,1.431183267676570781e+00,1.124087473283516214e+00,9.489371455105999331e-01,2.067477802573092216e+00
5.460000000000000000e+03,3.791666666666666519e+00,1.790413738626862141e+03,1.255774450922609731e+01,3.293917001351702112e+01,4.706541708964702557e+05,1.440578680180812299e+01,7.601296944784375675e+00,2.458546025100871191e+01,2.147570525050384482e+00,2.587855159715656583e+01,8.553080612619272216e+00,2.207590766053574072e+00,5.703750302296732855e-01,1.204387942861838155e+03,-4.325319707697901350e+01,1.094594875098119591e+00,1.212322159488048889e+00,8.289089438271520782e-01,3.030805398720122223e-01,1.338841627754153052e+00,1.000000000000000000e+00,1.716710525227125572e+01,2.707362310991325671e+01,1.319894836991641895e-01,3.399999999999999911e+00,1.508262441631229578e+00,4.722901405321669799e+00,2.281500120918693142e+00,1.876452151145537925e+02,9.982696949702463129e-01,1.425744676770144679e+02,4.011093214512962746e+00,1.776356839400250465e-15,5.127382577434732073e-06,-4.935434172681406328e-03,1.000000000000000056e-01,1.131989483699164190e+00,1.131989483699164190e+00,9.047534611382469505e-01,5.337692379988246971e-01,5.788624320235012943e-01,1.009357529013594323e+00,8.833299283442885841e-01,9.250624375631799623e-01,9.250624375631799623e-01,9.250624375631799623e-01,8.772964243146983421e-01,5.518790999611773024e-02,5.518790999611773174e+01,5.304046759853925153e+01,1.013052539113747708e+00,1.020073030502975264e+00,1.017684179176914228e+00,5.564600988559669226e+00,9.090388034215467483e-01,1.042205949036461909e+00,5.704641982954378188e-01,2.209827210657628438e+00,7.066313699887032840e+00,-2.584610134089997124e-02,1.797415389865910029e+01,5.304046759854612958e+01,6.878053682157769799e-12,8.249657631955915349e+01,1.000000000000000056e-01,-1.760633606328335654e-01,6.958028068631868512e-01,1.397786588077019498e+00,1.768736882306001679e+00,1.544936436406112445e+00,7.868386889903471015e+00,3.313673318712114124e+00,4.554713571191356891e+00,6.808926251099869931e-02,2.999999999999999737e-04,1.471498483290929471e-01,1.480461015605826283e-04,3.348815618040897135e+01,1.154017753450008232e+00,2.282216051891333919e+00,2.272401981138029825e+00,2.282216051891333919e+00,4.137067946158629894e+01,8.274135892317259312e+07,1.136200990569014806e+02,2.272401981138029695e+08,2.172842471760298011e+01,1.767192032360907774e+02,8.567120448071967598e-01,1.279589932825507326e+01,1.196448309345343741e+00,4.668229304392378931e-01,1.902790172970766136e+00,1.338841627754153052e+00,4.200389665455108723e-01,9.519944496498732311e-01,2.759395499805886232e+01,1.574467677014467881e+00,1.260000000000000009e-01,2.056710525227125430e+01,8.567120441763846905e-01,1.247721620413034804e+00,1.101077385227404282e+00,1.094594875098119591e+00,1.094594875098119758e-05,1.607333132841592965e-05,4.011093214512960969e+00,1.431196943621653395e+00,1.124201418494994886e+00,9.487638945660563650e-01,2.071839166697266421e+00
5.520000000000000000e+03,3.833333333333333481e+00,1.789163430454051650e+03,1.254876042569829231e+01,3.294801526363308142e+01,4.706417807937867474e+05,1.440965586643055651e+01,7.603338927609364362e+00,2.459217624314083395e+01,2.148147599447795209e+00,2.588555003746197869e+01,8.555393656448952555e+00,2.212023414103519769e+00,5.712575058996857136e-01,1.209127636175213865e+03,-4.354546193085977990e+01,1.094902985634264692e+00,1.212970613142765330e+00,8.290791465241872382e-01,3.032426532856913326e-01,1.339486512743035540e+00,1.000000000000000000e+00,1.716731265095177861e+01,2.708094473819197390e+01,1.323217998098784598e-01,3.399999999999999911e+00,1.509229769114553310e+00,4.722255703620507283e+00,2.285030023598742854e+00,1.880219901987991875e+02,9.982228329394642330e-01,1.425769055874290814e+02,4.008689164014668904e+00,-2.664535259100375697e-15,5.142856037232560525e-06,-4.807138486547891248e-03,1.000000000000000056e-01,1.132321799809878460e+00,1.132321799809878460e+00,9.049857603296067587e-01,5.340905407970401031e-01,5.789025247725453349e-01,1.009363869627990296e+00,8.833333513976349138e-01,9.250624375631799623e-01,9.250624375631799623e-01,9.250624375631799623e-01,8.773482757327784043e-01,5.513191607959878199e-02,5.513191607959878127e+01,5.303324208633191006e+01,1.013174471307478841e+00,1.020077716706053517e+00,1.017818291584058787e+00,5.560805689529296991e+00,9.094754306409529310e-01,1.042280637573278268e+00,5.713448419085025431e-01,2.214219790927285381e+00,7.059144184327628579e+00,-2.590209798920190681e-02,1.797409790201079716e+01,5.303324208633842574e+01,6.515676886920118704e-12,8.244796335677220611e+01,1.000000000000000056e-01,-1.764448091907486749e-01,6.954213583052717418e-01,1.395655342467498006e+00,1.767867838260735791e+00,1.542184864830562052e+00,7.860537993735018603e+00,3.310052703091297843e+00,4.550485290643720759e+00,6.804510795065506212e-02,2.999999999999999737e-04,1.465295223630640464e-01,1.524670152458782249e-04,3.349714885136030063e+01,1.154712415313183138e+00,2.282620588881864698e+00,2.272769760195123112e+00,2.282620588881864698e+00,4.131410808272741519e+01,8.262821616545483470e+07,1.136384880097561592e+02,2.272769760195123255e+08,2.171512262053253295e+01,1.766677187130161144e+02,8.564920029617205666e-01,1.279998795314734572e+01,1.196692553374502754e+00,4.666838059459121335e-01,1.903297748358285579e+00,1.339486512743035540e+00,4.194368405282019596e-01,9.512750354829507815e-01,2.756595803979938708e+01,1.576905587429081379e+00,1.260000000000000009e-01,2.056731265095177719e+01,8.564920023310705899e-01,1.248120300141983829e+00,1.101302160150719578e+00,1.094902985634264692e+00,1.094902985634264812e-05,1.609188589357520865e-05,4.008689164014671569e+00,1.431203633901670047e+00,1.124312765122408297e+00,9.485937814961236114e-01,2.076124116848874657e+00
5.580000000000000000e+03,3.875000000000000000e+00,1.787949917361280541e+03,1.254003855482701368e+01,3.295666297048639848e+01,4.706297050616400084e+05,1.441343851619379635e+01,7.605335298866452653e+00,2.459874112393981349e+01,2.148711782279611349e+00,2.589239170503677201e+01,8.557654885562644864e+00,2.216376925868702052e+00,5.721219263306043246e-01,1.213877244647478847e+03,-4.383010523741346987e+01,1.095212004709497977e+00,1.213606818720417202e+00,8.292395018223260861e-01,3.034017046801043005e-01,1.340117814789034689e+00,1.000000000000000000e+00,1.716731002499144765e+01,2.708810235397537269e+01,1.326412065024302755e-01,3.399999999999999911e+00,1.510176722183552034e+00,4.721631125102483395e+00,2.288487705322417298e+00,1.883920386988396842e+02,9.981777040666859335e-01,1.425792998597319468e+02,4.006371944218801495e+00,1.776356839400250465e-15,5.157670520634516167e-06,-4.681382828733485907e-03,1.000000000000000056e-01,1.132641206502430276e+00,1.132641206502430276e+00,9.052132972490245510e-01,5.344056689580105601e-01,5.789417656114721478e-01,1.009370066562543133e+00,8.833367047645969139e-01,9.250624375631799623e-01,9.250624375631799623e-01,9.250624375631799623e-01,8.773990290787589963e-01,5.507706297613565449e-02,5.507706297613565738e+01,5.302616469650855890e+01,1.013294003280658773e+00,1.020082229593331391e+00,1.017949598196466132e+00,5.557121463479683499e+00,9.099021054359236471e-01,1.042353773487563862e+00,5.722074830210368557e-01,2.218534227028687855e+00,7.052120739582029785e+00,-2.595604306727342103e-02,1.797404395693272505e+01,5.302616469651475484e+01,6.195932655828073621e-12,8.240029385217582103e+01,1.000000000000000056e-01,-1.768122824746145572e-01,6.950538850214058595e-01,1.393567549027198815e+00,1.767015960988358447e+00,1.539490806489807628e+00,7.852849077467785932e+00,3.306506767478166076e+00,4.546342309989619856e+00,6.800185100089896351e-02,2.999999999999999737e-04,1.459232574626088130e-01,1.567871582120331300e-04,3.350594068666116954e+01,1.155393727510445334e+00,2.283016062835202753e+00,2.273129299711280638e+00,2.283016062835202753e+00,4.125857825342371399e+01,8.251715650684742630e+07,1.136564649855640425e+02,2.273129299711280763e+08,2.170203187122961452e+01,1.766170751102173710e+02,8.562770024037522631e-01,1.280398235410483920e+01,1.196931617556069583e+00,4.665477208291110012e-01,1.903794019688734851e+00,1.340117814789034689e+00,4.188470580428962364e-01,9.505694788910575843e-01,2.753853148806782514e+01,1.579299859731946754e+00,1.260000000000000009e-01,2.056731002499144623e+01,8.562770017732606043e-01,1.248509792143085884e+00,1.101522168120879996e+00,1.095212004709497977e+00,1.095212004709498047e-05,1.610979056772949663e-05,4.006371944218799719e+00,1.431203549193272417e+00,1.124421597758580749e+00,9.484267190784585466e-01,2.080334512287931759e+00
5.640000000000000000e+03,3.916666666666666519e+00,1.786772369843575461e+03,1.253157295257470949e+01,3.296511938573999601e+01,4.706179340909944149e+05,1.441713748613935131e+01,7.607287502357114484e+00,2.460515972931963091e+01,2.149263481687487154e+00,2.589908158548700712e+01,8.559865947745347370e+00,2.220653246128753366e+00,5.729688062162762163e-01,1.218636186209191919e+03,-4.410727894975229191e+01,1.095521893340066777e+00,1.214231100129161467e+00,8.293902914767179446e-01,3.035577750322903667e-01,1.340735935909276311e+00,1.000000000000000000e+00,1.716710365934383020e+01,2.709510117310479771e+01,1.329480665090083669e-01,3.399999999999999911e+00,1.511103903863914466e+00,4.721027037573190199e+00,2.291875224865104865e+00,1.887555259209440237e+02,9.981342543303632908e-01,1.425816516893411290e+02,4.004139009994313270e+00,-1.776356839400250465e-15,5.171843899116694329e-06,-4.558145880416350493e-03,1.000000000000000056e-01,1.132948066509008367e+00,1.132948066509008367e+00,9.054362078140408832e-01,5.347147880702389777e-01,5.789801799379781233e-01,1.009376124443658540e+00,8.833399904670284908e-01,9.250624375631799623e-01,9.250624375631799623e-01,9.250624375631799623e-01,8.774487168820450655e-01,5.502331752039532620e-02,5.502331752039532375e+01,5.301923112012227790e+01,1.013411201174720278e+00,1.020086574566963611e+00,1.018078182125864872e+00,5.553545101462177058e+00,9.103191468801714592e-01,1.042425402179755434e+00,5.730526339101845723e-01,2.222772426619598285e+00,7.045239119128723360e+00,-2.600799900060833322e-02,1.797399200099939165e+01,5.301923112012811856e+01,5.840661287948023528e-12,8.235354208497541606e+01,1.000000000000000056e-01,-1.771662057262147760e-01,6.946999617698056406e-01,1.391521951266367241e+00,1.766180760300799513e+00,1.536852557096058725e+00,7.845315493485027325e+00,3.303033317396858237e+00,4.542282176088169088e+00,6.795946562864824125e-02,2.999999999999999737e-04,1.453306058296914838e-01,1.610097611910209572e-04,3.351453804216899357e+01,1.156062048046824886e+00,2.283402762003324149e+00,2.273480861747322557e+00,2.283402762003324149e+00,4.120406358073159936e+01,8.240812716146320105e+07,1.136740430873661296e+02,2.273480861747322679e+08,2.168914814846222683e+01,1.765672548165599665e+02,8.560668788761297554e-01,1.280788562899457084e+01,1.197165655546748919e+00,4.664145804981479904e-01,1.904279344261554430e+00,1.340735935909276311e+00,4.182692600106765468e-01,9.498774064036485942e-01,2.751165876019766188e+01,1.581651689341128986e+00,1.260000000000000009e-01,2.056710365934382878e+01,8.560668782457927506e-01,1.248890398487774611e+00,1.101737550546354028e+00,1.095521893340066777e+00,1.095521893340066915e-05,1.612706283251736348e-05,4.004139009994315046e+00,1.431196892236897611e+00,1.124527997035722038e+00,9.482626235988114161e-01,2.084472142438737130e+00
5.700000000000000000e+03,3.958333333333333481e+00,1.785629982971090385e+03,1.252335785205472973e+01,3.297339051383701758e+01,4.706064585807286785e+05,1.442075540317876658e+01,7.609196924818864005e+00,2.461143670067095002e+01,2.149803089687209567e+00,2.590562446582460865e+01,8.562028425145108201e+00,2.224854251831041907e+00,5.737986406530218852e-01,1.223403894636857331e+03,-4.437713320097163461e+01,1.095832613552292001e+00,1.214843769054283706e+00,8.295317870184344411e-01,3.037109422635709266e-01,1.341341261642080340e+00,1.000000000000000000e+00,1.716669961582924486e+01,2.710194620365638940e+01,1.332427292820053122e-01,3.399999999999999911e+00,1.512011892463120510e+00,4.720442834376166630e+00,2.295194562612087541e+00,1.891126114056385745e+02,9.980924319815018819e-01,1.425839622300754570e+02,4.001987915715861099e+00,0.000000000000000000e+00,5.185393423527749710e-06,-4.437404118729702113e-03,1.000000000000000056e-01,1.133242729282005312e+00,1.133242729282005312e+00,9.056546225284405338e-01,5.350180574947228651e-01,5.790177921108089487e-01,1.009382047710804420e+00,8.833432104439328247e-01,9.250624375631799623e-01,9.250624375631799623e-01,9.250624375631799623e-01,8.774973703381414580e-01,5.497064790616919966e-02,5.497064790616919794e+01,5.301243722480238318e+01,1.013526128585955588e+00,1.020090756801849796e+00,1.018204123057974808e+00,5.550073520388247417e+00,9.107268604755038854e-01,1.042495567215359076e+00,5.738807878253973094e-01,2.226936229644007170e+00,7.038495250469807729e+00,-2.605802566180683011e-02,1.797394197433819230e+01,5.301243722480799647e+01,5.613287612504791468e-12,8.230768332870667336e+01,1.000000000000000056e-01,-1.775069867970492377e-01,6.943591806989711790e-01,1.389517343599777854e+00,1.765361766291630552e+00,1.534268482747287443e+00,7.837932784816005416e+00,3.299630249038917995e+00,4.538302535777087421e+00,6.791792686605793716e-02,2.999999999999999737e-04,1.447511391475095888e-01,1.651379174932975785e-04,3.352294702240097024e+01,1.156717721463384363e+00,2.283780963154535382e+00,2.273824697923812810e+00,2.283780963154535382e+00,4.115053863412708779e+01,8.230107726825417578e+07,1.136912348961906503e+02,2.273824697923812866e+08,2.167646726294260162e+01,1.765182407932603041e+02,8.558614748489029589e-01,1.281170073593978387e+01,1.197394814696820964e+00,4.662842942396313028e-01,1.904754062394436342e+00,1.341341261642080340e+00,4.177031020673329653e-01,9.491984587469365353e-01,2.748532395308459897e+01,1.583962230075457001e+00,1.260000000000000009e-01,2.056669961582924344e+01,8.558614742187171665e-01,1.249262407621139825e+00,1.101948443031880887e+00,1.095832613552292001e+00,1.095832613552292110e-05,1.614371955905067081e-05,4.001987915715861099e+00,1.431183858575137080e+00,1.124632040342558481e+00,9.481014142617443241e-01,2.088538734286390142e+00
5.760000000000000000e+03,4.000000000000000000e+00,1.784521978259208254e+03,1.251538767738608549e+01,3.298148205483191475e+01,4.705952694895234890e+05,1.442429476102232933e+01,7.611064882644894780e+00,2.461757644479047258e+01,2.150330978397144932e+00,2.591202488724258401e+01,8.564143818664790686e+00,2.228981745049539498e+00,5.746119027927387712e-01,1.228179820276073769e+03,-4.463981699725921004e+01,1.096144128422643416e+00,1.215445124660444298e+00,8.296642494829190584e-01,3.038612811651110746e-01,1.341934161022776628e+00,1.000000000000000000e+00,1.716610372746727009e+01,2.710864219653544893e+01,1.335255306480300774e-01,3.399999999999999911e+00,1.512901241534164942e+00,4.719877934597072056e+00,2.298447611170955085e+00,1.894634483292108484e+02,9.980521875453112202e-01,1.425862325849994363e+02,3.999916316611717537e+00,1.332267629550187849e-15,5.198335702188004018e-06,-4.319131312225901742e-03,1.000000000000000056e-01,1.133525530648030077e+00,1.133525530648030077e+00,9.058686662934629652e-01,5.353156299372453519e-01,5.790546254239178348e-01,1.009387840574261563e+00,8.833463665511703811e-01,9.250624375631799623e-01,9.250624375631799623e-01,9.250624375631799623e-01,8.775450193067886318e-01,5.491902369390694316e-02,5.491902369390694361e+01,5.300577905573393878e+01,1.013638846414986139e+00,1.020094781245468818e+00,1.018327497199642329e+00,5.546703764722147767e+00,9.111255372624323945e-01,1.042564310250982951e+00,5.746924156532308148e-01,2.231027405133215957e+00,7.031885236095639868e+00,-2.610618035636559295e-02,1.797389381964363508e+01,5.300577905573927495e+01,5.336175945558352396e-12,8.226269386862539079e+01,1.000000000000000056e-01,-1.778350160515367318e-01,6.940311514444836849e-01,1.387552572322734656e+00,1.764558528582297114e+00,1.531737020996845722e+00,7.830696685760510256e+00,3.296295549579142836e+00,4.534401136181367420e+00,6.787721081553134417e-02,2.999999999999999737e-04,1.441844486741110654e-01,1.691745740028506931e-04,3.353117342241244359e+01,1.157361077912504310e+00,2.284150928844010497e+00,2.274161046939612518e+00,2.284150928844010497e+00,4.109797893272979508e+01,8.219595786545959115e+07,1.137080523469806366e+02,2.274161046939612627e+08,2.166398514589345581e+01,1.764700164256038875e+02,8.556606409669703650e-01,1.281543049555273406e+01,1.197619236042787083e+00,4.661567757223258335e-01,1.905218501046293866e+00,1.341934161022776628e+00,4.171482546449397644e-01,9.485322911726647988e-01,2.745951184695347180e+01,1.586232584999436313e+00,1.260000000000000009e-01,2.056610372746726867e+01,8.556606403369324543e-01,1.249626094579644020e+00,1.102154975371703260e+00,1.096144128422643416e+00,1.096144128422643566e-05,1.615977698641443968e-05,3.999916316611716205e+00,1.431164636369911980e+00,1.124733801079398354e+00,9.479430138284001828e-01,2.092535949285776020e+00
