time_min,time_days,m_sodium_mEq,v_ecf_L,prc_pg_per_mL,agt_fmol_per_mL,angi_fmol_per_mL,angii_fmol_per_mL,ang17_fmol_per_mL,angiv_fmol_per_mL,at1_bound_fmol_per_mL,at2_bound_fmol_per_mL,n_aldo,n_adh,baro_integral_min,ra_integral_min,vascularity,a_auto,a_baro,a_chemo,alpha_map,alpha_rap,arterial_resistance_mmHg_min_per_L,at1_bound_pg_per_mL,autonomic_adh_stimulus,basic_venous_resistance_mmHg_min_per_L,beta_rsna,blood_volume_L,c_adh_mU_per_L,c_aldo_ng_per_L,c_anp_hat,c_sodium_mEq_per_L,cardiac_output_L_per_min,cardiovascular_algebraic_residual_L_per_min,d_vascularity_per_min,delta_ra,delta_rihp_mmHg,epsilon_aum,epsilon_aum_adh,eta_cd,eta_dt,eta_pt,gamma_at1_tubule,gamma_filtered_sodium,gamma_rihp_cd,gamma_rihp_dt,gamma_rihp_pt,gamma_rsna_tubule,gfr_L_per_min,gfr_mL_per_min,implied_p_gh_mmHg,lambda_aldo_cd,lambda_anp,lambda_dt,mean_filling_pressure_mmHg,mu_adh,mu_aldo,n_adh_stimulus,n_aldo_stimulus,net_filtration_pressure_mmHg,p_b_cvp_mmHg,p_b_total_mmHg,p_gh_mmHg,p_gh_residual_mmHg,p_ma_mmHg,p_peritubular_mmHg,p_ra_mmHg,p_ra_raw_mmHg,phi_cd_reab_mEq_per_min,phi_dt_reab_mEq_per_min,phi_dt_sodium_mEq_per_min,phi_filtered_sodium_mEq_per_min,phi_md_sodium_mEq_per_min,phi_pt_reab_mEq_per_min,phi_tubular_water_reab_L_per_min,phi_urine_L_per_min,phi_urine_sodium_mEq_per_min,phi_water_in_L_per_min,pra_fmol_per_mL_per_min,psi_aldo_dt,psi_at1_aa,psi_at1_ea,psi_at1_preglom,r_aa_equivalent_mmHg_min_per_L,r_aa_single_mmHg_min_per_L,r_ea_equivalent_mmHg_min_per_L,r_ea_single_mmHg_min_per_L,r_preglom_mmHg_min_per_L,r_renal_mmHg_min_per_L,raw_v_at1,raw_v_md,raw_v_rsna,renal_blood_flow_L_per_min,renin_secretion_pg_per_mL_per_min,rsna,sigma_myo,sigma_tgf,sngfr_nL_per_min,sodium_adh_stimulus,sodium_intake_mEq_per_min,total_peripheral_resistance_mmHg_min_per_L,v_at1,v_md,v_rsna,vascularity,vascularity_destruction_per_min,vascularity_formation_per_min,venous_return_L_per_min,venous_return_resistance_mmHg_min_per_L,xi_at1,xi_k_sodium,xi_map
0.000000000000000000e+00,0.000000000000000000e+00,2.149500000000000000e+03,1.500000000000000000e+01,5.737704918032786594e+00,4.944115905126477592e+05,2.509362401236208573e+00,1.324083061658436256e+00,4.283432260766826261e+00,3.740902464110248959e-01,4.508185437600095824e+00,1.489993492088167448e+00,1.141198426987449999e+00,7.666666666666667185e-01,0.000000000000000000e+00,0.000000000000000000e+00,1.305390135898610859e+00,1.000000000000000000e+00,7.500000000000000000e-01,2.500000000000000000e-01,1.332098882153444741e+00,9.927822938318336954e-01,1.271650485436892986e+01,4.716373441108468789e+00,0.000000000000000000e+00,3.399999999999999911e+00,1.483726275752677681e+00,5.012287703795992755e+00,3.994983465542341960e+00,1.000000000000000000e+02,1.228080173675003550e+00,1.433000000000000114e+02,5.150000000000000355e+00,0.000000000000000000e+00,0.000000000000000000e+00,0.000000000000000000e+00,0.000000000000000000e+00,1.000000000000000000e+00,1.000000000000000000e+00,9.573839264418488870e-01,4.777286046641966433e-01,6.009571933243091912e-01,9.739767590561110300e-01,8.806026525605162858e-01,1.000000000000000000e+00,1.000000000000000000e+00,1.000000000000000000e+00,8.758403872255930978e-01,9.899999999999999079e-02,9.899999999999998579e+01,5.867605633802817522e+01,9.755099865317411467e-01,9.970919826324995405e-01,9.512885782515075883e-01,7.533503593601426296e+00,1.038453391709287743e+00,1.014688563072567939e+00,7.666666666666704932e-01,1.141198426987449999e+00,1.267605633802816811e+01,0.000000000000000000e+00,1.800000000000000000e+01,5.867605633802816811e+01,-7.105427357601001859e-15,8.300000000000000000e+01,0.000000000000000000e+00,9.022132710207813044e-01,9.022132710207813044e-01,2.830630901907673636e+00,2.704469683558349935e+00,2.956630901907673525e+00,1.418670000000000009e+01,5.661100585466023460e+00,8.525599414533976628e+00,9.754166666666666541e-02,1.458333333333325377e-03,1.259999999999998899e-01,1.458333333333334918e-03,5.833333333333333037e+00,9.554572093283932865e-01,1.020175485878314081e+00,1.124774028406500426e+00,1.020175485878314081e+00,1.905830371822504432e+01,3.811660743645008653e+07,6.519561815336463440e+01,1.303912363067292571e+08,7.968300350632545381e+00,9.222222222222222854e+01,3.228467781816232396e+00,7.650278641364048227e+00,1.189586740586242808e+00,8.999999999999999112e-01,3.314228322349465072e-01,1.322484183835118454e+00,8.896713615023473798e-01,1.195882614835931612e+00,4.949999999999999289e+01,2.300000000000011369e+00,1.260000000000000009e-01,1.611650485436893021e+01,1.000000000000000000e+00,1.000000000000000000e+00,1.000000000000000000e+00,1.305390135898610859e+00,1.305390135898611038e-05,1.305390135898611038e-05,5.150000000000000355e+00,1.287629188850610618e+00,6.263696675314820439e-01,8.983929958971170748e-01,2.027981965048707647e+00
1.200000000000000000e+02,8.333333333333332871e-02,2.149500000000000000e+03,1.500000000000000000e+01,5.737704918032786594e+00,4.944115905126477592e+05,2.509362401236208129e+00,1.324083061658436034e+00,4.283432260766826261e+00,3.740902464110248404e-01,4.508185437600095824e+00,1.489993492088167448e+00,1.141198426987450443e+00,7.666666666666676067e-01,1.972061053480791699e-16,-1.018982861767836521e-16,1.305390135898610859e+00,1.000000000000000000e+00,7.500000000000000000e-01,2.500000000000000000e-01,1.332098882153444741e+00,9.927822938318336954e-01,1.271650485436892986e+01,4.716373441108468789e+00,0.000000000000000000e+00,3.399999999999999911e+00,1.483726275752677681e+00,5.012287703795992755e+00,3.994983465542346401e+00,1.000000000000000426e+02,1.228080173675003550e+00,1.433000000000000114e+02,5.150000000000000355e+00,0.000000000000000000e+00,0.000000000000000000e+00,7.132880032374855634e-20,0.000000000000000000e+00,1.000000000000000000e+00,1.000000000000000000e+00,9.573839264418489980e-01,4.777286046641966988e-01,6.009571933243091912e-01,9.739767590561110300e-01,8.806026525605162858e-01,1.000000000000000000e+00,1.000000000000000000e+00,1.000000000000000000e+00,8.758403872255930978e-01,9.899999999999999079e-02,9.899999999999998579e+01,5.867605633802817522e+01,9.755099865317411467e-01,9.970919826324995405e-01,9.512885782515076993e-01,7.533503593601426296e+00,1.038453391709287743e+00,1.014688563072567939e+00,7.666666666666704932e-01,1.141198426987449999e+00,1.267605633802816811e+01,0.000000000000000000e+00,1.800000000000000000e+01,5.867605633802816811e+01,-7.105427357601001859e-15,8.300000000000000000e+01,0.000000000000000000e+00,9.022132710207813044e-01,9.022132710207813044e-01,2.830630901907673191e+00,2.704469683558350379e+00,2.956630901907673081e+00,1.418670000000000009e+01,5.661100585466023460e+00,8.525599414533976628e+00,9.754166666666666541e-02,1.458333333333325377e-03,1.259999999999998899e-01,1.458333333333335785e-03,5.833333333333333037e+00,9.554572093283933976e-01,1.020175485878314081e+00,1.124774028406500426e+00,1.020175485878314081e+00,1.905830371822504432e+01,3.811660743645008653e+07,6.519561815336463440e+01,1.303912363067292571e+08,7.968300350632545381e+00,9.222222222222222854e+01,3.228467781816232396e+00,7.650278641364048227e+00,1.189586740586242808e+00,8.999999999999999112e-01,3.314228322349465072e-01,1.322484183835118454e+00,8.896713615023473798e-01,1.195882614835931612e+00,4.949999999999999289e+01,2.300000000000011369e+00,1.260000000000000009e-01,1.611650485436893021e+01,1.000000000000000000e+00,1.000000000000000000e+00,1.000000000000000000e+00,1.305390135898610859e+00,1.305390135898611038e-05,1.305390135898611038e-05,5.150000000000000355e+00,1.287629188850610618e+00,6.263696675314820439e-01,8.983929958971170748e-01,2.027981965048707647e+00
2.400000000000000000e+02,1.666666666666666574e-01,2.149500000000000000e+03,1.500000000000000000e+01,5.737704918032785706e+00,4.944115905126477592e+05,2.509362401236208573e+00,1.324083061658436256e+00,4.283432260766826261e+00,3.740902464110248404e-01,4.508185437600094936e+00,1.489993492088167448e+00,1.141198426987450443e+00,7.666666666666683838e-01,7.766065637763085497e-16,-3.819148113581904972e-16,1.305390135898610859e+00,1.000000000000000000e+00,7.500000000000000000e-01,2.500000000000000000e-01,1.332098882153444741e+00,9.927822938318336954e-01,1.271650485436892986e+01,4.716373441108467901e+00,0.000000000000000000e+00,3.399999999999999911e+00,1.483726275752677681e+00,5.012287703795992755e+00,3.994983465542350398e+00,1.000000000000000426e+02,1.228080173675003550e+00,1.433000000000000114e+02,5.150000000000000355e+00,0.000000000000000000e+00,0.000000000000000000e+00,2.673403679507333621e-19,0.000000000000000000e+00,1.000000000000000000e+00,1.000000000000000000e+00,9.573839264418489980e-01,4.777286046641966988e-01,6.009571933243091912e-01,9.739767590561110300e-01,8.806026525605162858e-01,1.000000000000000000e+00,1.000000000000000000e+00,1.000000000000000000e+00,8.758403872255930978e-01,9.899999999999999079e-02,9.899999999999998579e+01,5.867605633802817522e+01,9.755099865317411467e-01,9.970919826324995405e-01,9.512885782515076993e-01,7.533503593601426296e+00,1.038453391709288187e+00,1.014688563072567939e+00,7.666666666666704932e-01,1.141198426987449999e+00,1.267605633802816811e+01,0.000000000000000000e+00,1.800000000000000000e+01,5.867605633802816811e+01,-7.105427357601001859e-15,8.300000000000000000e+01,0.000000000000000000e+00,9.022132710207813044e-01,9.022132710207813044e-01,2.830630901907673191e+00,2.704469683558350379e+00,2.956630901907673081e+00,1.418670000000000009e+01,5.661100585466023460e+00,8.525599414533976628e+00,9.754166666666666541e-02,1.458333333333325377e-03,1.259999999999998899e-01,1.458333333333337520e-03,5.833333333333332149e+00,9.554572093283933976e-01,1.020175485878314081e+00,1.124774028406500426e+00,1.020175485878314081e+00,1.905830371822504432e+01,3.811660743645008653e+07,6.519561815336463440e+01,1.303912363067292571e+08,7.968300350632545381e+00,9.222222222222222854e+01,3.228467781816233284e+00,7.650278641364048227e+00,1.189586740586242808e+00,8.999999999999999112e-01,3.314228322349465627e-01,1.322484183835118454e+00,8.896713615023473798e-01,1.195882614835931612e+00,4.949999999999999289e+01,2.300000000000011369e+00,1.260000000000000009e-01,1.611650485436893021e+01,1.000000000000000222e+00,1.000000000000000000e+00,1.000000000000000000e+00,1.305390135898610859e+00,1.305390135898611038e-05,1.305390135898611038e-05,5.150000000000000355e+00,1.287629188850610618e+00,6.263696675314820439e-01,8.983929958971170748e-01,2.027981965048707647e+00
3.600000000000000000e+02,2.500000000000000000e-01,2.149500000000000000e+03,1.500000000000000000e+01,5.737704918032786594e+00,4.944115905126477592e+05,2.509362401236208129e+00,1.324083061658436034e+00,4.283432260766826261e+00,3.740902464110248959e-01,4.508185437600095824e+00,1.489993492088167226e+00,1.141198426987450887e+00,7.666666666666668295e-01,7.338158910516455705e-16,-3.146696103464905023e-16,1.305390135898610859e+00,1.000000000000000000e+00,7.500000000000000000e-01,2.500000000000000000e-01,1.332098882153444741e+00,9.927822938318336954e-01,1.271650485436892986e+01,4.716373441108468789e+00,0.000000000000000000e+00,3.399999999999999911e+00,1.483726275752677681e+00,5.012287703795992755e+00,3.994983465542342405e+00,1.000000000000000711e+02,1.228080173675003550e+00,1.433000000000000114e+02,5.150000000000000355e+00,0.000000000000000000e+00,0.000000000000000000e+00,2.202687272425433710e-19,0.000000000000000000e+00,1.000000000000000000e+00,1.000000000000000000e+00,9.573839264418492201e-01,4.777286046641967543e-01,6.009571933243091912e-01,9.739767590561110300e-01,8.806026525605162858e-01,1.000000000000000000e+00,1.000000000000000000e+00,1.000000000000000000e+00,8.758403872255930978e-01,9.899999999999999079e-02,9.899999999999998579e+01,5.867605633802817522e+01,9.755099865317413688e-01,9.970919826324995405e-01,9.512885782515076993e-01,7.533503593601426296e+00,1.038453391709287743e+00,1.014688563072567939e+00,7.666666666666704932e-01,1.141198426987449999e+00,1.267605633802816811e+01,0.000000000000000000e+00,1.800000000000000000e+01,5.867605633802816811e+01,-7.105427357601001859e-15,8.300000000000000000e+01,0.000000000000000000e+00,9.022132710207813044e-01,9.022132710207813044e-01,2.830630901907673636e+00,2.704469683558350823e+00,2.956630901907672637e+00,1.418670000000000009e+01,5.661100585466023460e+00,8.525599414533976628e+00,9.754166666666666541e-02,1.458333333333325377e-03,1.259999999999990017e-01,1.458333333333334918e-03,5.833333333333333037e+00,9.554572093283935086e-01,1.020175485878314081e+00,1.124774028406500426e+00,1.020175485878314081e+00,1.905830371822504432e+01,3.811660743645008653e+07,6.519561815336463440e+01,1.303912363067292571e+08,7.968300350632545381e+00,9.222222222222222854e+01,3.228467781816232396e+00,7.650278641364048227e+00,1.189586740586242808e+00,8.999999999999999112e-01,3.314228322349465072e-01,1.322484183835118454e+00,8.896713615023473798e-01,1.195882614835931612e+00,4.949999999999999289e+01,2.300000000000011369e+00,1.260000000000000009e-01,1.611650485436893021e+01,1.000000000000000000e+00,1.000000000000000000e+00,1.000000000000000000e+00,1.305390135898610859e+00,1.305390135898611038e-05,1.305390135898611038e-05,5.150000000000000355e+00,1.287629188850610618e+00,6.263696675314820439e-01,8.983929958971170748e-01,2.027981965048707647e+00
4.800000000000000000e+02,3.333333333333333148e-01,2.149500000000000000e+03,1.500000000000000000e+01,5.737704918032786594e+00,4.944115905126477592e+05,2.509362401236208573e+00,1.324083061658436034e+00,4.283432260766826261e+00,3.740902464110248959e-01,4.508185437600096712e+00,1.489993492088167226e+00,1.141198426987450887e+00,7.666666666666674956e-01,-3.414391840217931813e-16,2.224409311082722159e-16,1.305390135898610859e+00,1.000000000000000000e+00,7.500000000000000000e-01,2.500000000000000000e-01,1.332098882153444741e+00,9.927822938318336954e-01,1.271650485436892986e+01,4.716373441108469677e+00,0.000000000000000000e+00,3.399999999999999911e+00,1.483726275752677681e+00,5.012287703795992755e+00,3.994983465542345957e+00,1.000000000000000711e+02,1.228080173675003550e+00,1.433000000000000114e+02,5.150000000000000355e+00,0.000000000000000000e+00,0.000000000000000000e+00,-1.557086517757905390e-19,0.000000000000000000e+00,1.000000000000000000e+00,1.000000000000000000e+00,9.573839264418492201e-01,4.777286046641967543e-01,6.009571933243091912e-01,9.739767590561110300e-01,8.806026525605162858e-01,1.000000000000000000e+00,1.000000000000000000e+00,1.000000000000000000e+00,8.758403872255930978e-01,9.899999999999999079e-02,9.899999999999998579e+01,5.867605633802817522e+01,9.755099865317413688e-01,9.970919826324995405e-01,9.512885782515076993e-01,7.533503593601426296e+00,1.038453391709287743e+00,1.014688563072567939e+00,7.666666666666704932e-01,1.141198426987449999e+00,1.267605633802816811e+01,0.000000000000000000e+00,1.800000000000000000e+01,5.867605633802816811e+01,-7.105427357601001859e-15,8.300000000000000000e+01,0.000000000000000000e+00,9.022132710207813044e-01,9.022132710207813044e-01,2.830630901907673636e+00,2.704469683558350823e+00,2.956630901907672637e+00,1.418670000000000009e+01,5.661100585466023460e+00,8.525599414533976628e+00,9.754166666666666541e-02,1.458333333333325377e-03,1.259999999999990017e-01,1.458333333333335785e-03,5.833333333333333037e+00,9.554572093283935086e-01,1.020175485878314081e+00,1.124774028406500648e+00,1.020175485878314081e+00,1.905830371822504432e+01,3.811660743645008653e+07,6.519561815336464861e+01,1.303912363067292869e+08,7.968300350632545381e+00,9.222222222222224275e+01,3.228467781816231508e+00,7.650278641364048227e+00,1.189586740586242808e+00,8.999999999999998002e-01,3.314228322349464517e-01,1.322484183835118454e+00,8.896713615023473798e-01,1.195882614835931612e+00,4.949999999999999289e+01,2.300000000000011369e+00,1.260000000000000009e-01,1.611650485436893021e+01,9.999999999999997780e-01,1.000000000000000000e+00,1.000000000000000000e+00,1.305390135898610859e+00,1.305390135898611038e-05,1.305390135898611038e-05,5.150000000000000355e+00,1.287629188850610618e+00,6.263696675314820439e-01,8.983929958971170748e-01,2.027981965048707647e+00
6.000000000000000000e+02,4.166666666666666852e-01,2.149500000000000000e+03,1.500000000000000000e+01,5.737704918032786594e+00,4.944115905126477592e+05,2.509362401236208573e+00,1.324083061658436256e+00,4.283432260766826261e+00,3.740902464110248959e-01,4.508185437600096712e+00,1.489993492088167448e+00,1.141198426987450887e+00,7.666666666666668295e-01,-1.292536175565499075e-15,6.825139912141316703e-16,1.305390135898610859e+00,1.000000000000000000e+00,7.500000000000000000e-01,2.500000000000000000e-01,1.332098882153444741e+00,9.927822938318336954e-01,1.271650485436892986e+01,4.716373441108469677e+00,0.000000000000000000e+00,3.399999999999999911e+00,1.483726275752677681e+00,5.012287703795992755e+00,3.994983465542342405e+00,1.000000000000000711e+02,1.228080173675003550e+00,1.433000000000000114e+02,5.150000000000000355e+00,0.000000000000000000e+00,0.000000000000000000e+00,-4.777597938498921747e-19,0.000000000000000000e+00,1.000000000000000000e+00,1.000000000000000000e+00,9.573839264418492201e-01,4.777286046641967543e-01,6.009571933243091912e-01,9.739767590561110300e-01,8.806026525605162858e-01,1.000000000000000000e+00,1.000000000000000000e+00,1.000000000000000000e+00,8.758403872255930978e-01,9.899999999999999079e-02,9.899999999999998579e+01,5.867605633802817522e+01,9.755099865317413688e-01,9.970919826324995405e-01,9.512885782515076993e-01,7.533503593601426296e+00,1.038453391709287743e+00,1.014688563072567939e+00,7.666666666666704932e-01,1.141198426987449999e+00,1.267605633802816811e+01,0.000000000000000000e+00,1.800000000000000000e+01,5.867605633802816811e+01,-7.105427357601001859e-15,8.300000000000000000e+01,0.000000000000000000e+00,9.022132710207813044e-01,9.022132710207813044e-01,2.830630901907673636e+00,2.704469683558350823e+00,2.956630901907672637e+00,1.418670000000000009e+01,5.661100585466023460e+00,8.525599414533976628e+00,9.754166666666666541e-02,1.458333333333325377e-03,1.259999999999990017e-01,1.458333333333334918e-03,5.833333333333333037e+00,9.554572093283935086e-01,1.020175485878314081e+00,1.124774028406500648e+00,1.020175485878314081e+00,1.905830371822504432e+01,3.811660743645008653e+07,6.519561815336464861e+01,1.303912363067292869e+08,7.968300350632545381e+00,9.222222222222224275e+01,3.228467781816231508e+00,7.650278641364048227e+00,1.189586740586242808e+00,8.999999999999998002e-01,3.314228322349464517e-01,1.322484183835118454e+00,8.896713615023473798e-01,1.195882614835931612e+00,4.949999999999999289e+01,2.300000000000011369e+00,1.260000000000000009e-01,1.611650485436893021e+01,9.999999999999997780e-01,1.000000000000000000e+00,1.000000000000000000e+00,1.305390135898610859e+00,1.305390135898611038e-05,1.305390135898611038e-05,5.150000000000000355e+00,1.287629188850610618e+00,6.263696675314820439e-01,8.983929958971170748e-01,2.027981965048707647e+00
7.200000000000000000e+02,5.000000000000000000e-01,2.149500000000000455e+03,1.500000000000000178e+01,5.737704918032786594e+00,4.944115905126477592e+05,2.509362401236209017e+00,1.324083061658436478e+00,4.283432260766827149e+00,3.740902464110249515e-01,4.508185437600097600e+00,1.489993492088167448e+00,1.141198426987451109e+00,7.666666666666660523e-01,-2.243633167109204969e-15,1.142587051319990730e-15,1.305390135898610859e+00,1.000000000000000000e+00,7.500000000000000000e-01,2.500000000000000000e-01,1.332098882153444741e+00,9.927822938318336954e-01,1.271650485436892986e+01,4.716373441108470566e+00,0.000000000000000000e+00,3.399999999999999911e+00,1.483726275752677681e+00,5.012287703795992755e+00,3.994983465542338408e+00,1.000000000000000995e+02,1.228080173675003550e+00,1.433000000000000114e+02,5.150000000000000355e+00,0.000000000000000000e+00,0.000000000000000000e+00,-7.998109359239935456e-19,0.000000000000000000e+00,1.000000000000000000e+00,1.000000000000000000e+00,9.573839264418491091e-01,4.777286046641968098e-01,6.009571933243091912e-01,9.739767590561110300e-01,8.806026525605162858e-01,1.000000000000000000e+00,1.000000000000000000e+00,1.000000000000000000e+00,8.758403872255930978e-01,9.900000000000004630e-02,9.900000000000004263e+01,5.867605633802815390e+01,9.755099865317413688e-01,9.970919826324995405e-01,9.512885782515075883e-01,7.533503593601426296e+00,1.038453391709287299e+00,1.014688563072567939e+00,7.666666666666704932e-01,1.141198426987449999e+00,1.267605633802817522e+01,0.000000000000000000e+00,1.800000000000000000e+01,5.867605633802817522e+01,2.131628207280300558e-14,8.300000000000000000e+01,0.000000000000000000e+00,9.022132710207813044e-01,9.022132710207813044e-01,2.830630901907674080e+00,2.704469683558351711e+00,2.956630901907673525e+00,1.418670000000000719e+01,5.661100585466025237e+00,8.525599414533981957e+00,9.754166666666672092e-02,1.458333333333325377e-03,1.259999999999994458e-01,1.458333333333332316e-03,5.833333333333333037e+00,9.554572093283936196e-01,1.020175485878314303e+00,1.124774028406500648e+00,1.020175485878314303e+00,1.905830371822506208e+01,3.811660743645012379e+07,6.519561815336464861e+01,1.303912363067292869e+08,7.968300350632552487e+00,9.222222222222225696e+01,3.228467781816231508e+00,7.650278641364042898e+00,1.189586740586242808e+00,8.999999999999996891e-01,3.314228322349462297e-01,1.322484183835118454e+00,8.896713615023479349e-01,1.195882614835931612e+00,4.950000000000002132e+01,2.300000000000011369e+00,1.260000000000000009e-01,1.611650485436893021e+01,9.999999999999997780e-01,9.999999999999993339e-01,1.000000000000000000e+00,1.305390135898610859e+00,1.305390135898611038e-05,1.305390135898611038e-05,5.150000000000000355e+00,1.287629188850610618e+00,6.263696675314820439e-01,8.983929958971170748e-01,2.027981965048707647e+00
8.400000000000000000e+02,5.833333333333333703e-01,2.149500000000000455e+03,1.500000000000000178e+01,5.737704918032787482e+00,4.944115905126477592e+05,2.509362401236209017e+00,1.324083061658436478e+00,4.283432260766827149e+00,3.740902464110249515e-01,4.508185437600097600e+00,1.489993492088167670e+00,1.141198426987451109e+00,7.666666666666652752e-01,-3.194730158652910864e-15,1.602660111425849987e-15,1.305390135898610859e+00,1.000000000000000000e+00,7.500000000000000000e-01,2.500000000000000000e-01,1.332098882153444741e+00,9.927822938318336954e-01,1.271650485436892986e+01,4.716373441108470566e+00,0.000000000000000000e+00,3.399999999999999911e+00,1.483726275752677681e+00,5.012287703795992755e+00,3.994983465542334411e+00,1.000000000000000995e+02,1.228080173675003550e+00,1.433000000000000114e+02,5.150000000000000355e+00,0.000000000000000000e+00,0.000000000000000000e+00,-1.121862077998094917e-18,0.000000000000000000e+00,1.000000000000000000e+00,1.000000000000000000e+00,9.573839264418491091e-01,4.777286046641968098e-01,6.009571933243091912e-01,9.739767590561110300e-01,8.806026525605162858e-01,1.000000000000000000e+00,1.000000000000000000e+00,1.000000000000000000e+00,8.758403872255930978e-01,9.900000000000004630e-02,9.900000000000004263e+01,5.867605633802815390e+01,9.755099865317413688e-01,9.970919826324995405e-01,9.512885782515075883e-01,7.533503593601426296e+00,1.038453391709287299e+00,1.014688563072567939e+00,7.666666666666704932e-01,1.141198426987449999e+00,1.267605633802817522e+01,0.000000000000000000e+00,1.800000000000000000e+01,5.867605633802817522e+01,2.131628207280300558e-14,8.300000000000000000e+01,0.000000000000000000e+00,9.022132710207813044e-01,9.022132710207813044e-01,2.830630901907674080e+00,2.704469683558351711e+00,2.956630901907673525e+00,1.418670000000000719e+01,5.661100585466025237e+00,8.525599414533981957e+00,9.754166666666672092e-02,1.458333333333325377e-03,1.259999999999994458e-01,1.458333333333331448e-03,5.833333333333333925e+00,9.554572093283936196e-01,1.020175485878314303e+00,1.124774028406500648e+00,1.020175485878314303e+00,1.905830371822506208e+01,3.811660743645012379e+07,6.519561815336464861e+01,1.303912363067292869e+08,7.968300350632552487e+00,9.222222222222225696e+01,3.228467781816231508e+00,7.650278641364042898e+00,1.189586740586242808e+00,8.999999999999996891e-01,3.314228322349462297e-01,1.322484183835118454e+00,8.896713615023479349e-01,1.195882614835931612e+00,4.950000000000002132e+01,2.300000000000011369e+00,1.260000000000000009e-01,1.611650485436893021e+01,9.999999999999997780e-01,9.999999999999993339e-01,1.000000000000000000e+00,1.305390135898610859e+00,1.305390135898611038e-05,1.305390135898611038e-05,5.150000000000000355e+00,1.287629188850610618e+00,6.263696675314820439e-01,8.983929958971170748e-01,2.027981965048707647e+00
9.600000000000000000e+02,6.666666666666666297e-01,2.149500000000000455e+03,1.500000000000000178e+01,5.737704918032787482e+00,4.944115905126477592e+05,2.509362401236209017e+00,1.324083061658436700e+00,4.283432260766827149e+00,3.740902464110249515e-01,4.508185437600098489e+00,1.489993492088167670e+00,1.141198426987451331e+00,7.666666666666644980e-01,-4.145827150196616758e-15,2.062733171531709244e-15,1.305390135898610859e+00,1.000000000000000000e+00,7.500000000000000000e-01,2.500000000000000000e-01,1.332098882153444741e+00,9.927822938318336954e-01,1.271650485436892986e+01,4.716373441108471454e+00,0.000000000000000000e+00,3.399999999999999911e+00,1.483726275752677681e+00,5.012287703795992755e+00,3.994983465542330414e+00,1.000000000000001137e+02,1.228080173675003550e+00,1.433000000000000114e+02,5.150000000000000355e+00,0.000000000000000000e+00,0.000000000000000000e+00,-1.443913220072196480e-18,0.000000000000000000e+00,1.000000000000000000e+00,1.000000000000000000e+00,9.573839264418491091e-01,4.777286046641968098e-01,6.009571933243091912e-01,9.739767590561110300e-01,8.806026525605162858e-01,1.000000000000000000e+00,1.000000000000000000e+00,1.000000000000000000e+00,8.758403872255930978e-01,9.900000000000004630e-02,9.900000000000004263e+01,5.867605633802815390e+01,9.755099865317413688e-01,9.970919826324995405e-01,9.512885782515075883e-01,7.533503593601426296e+00,1.038453391709287299e+00,1.014688563072567939e+00,7.666666666666704932e-01,1.141198426987449999e+00,1.267605633802817522e+01,0.000000000000000000e+00,1.800000000000000000e+01,5.867605633802817522e+01,2.131628207280300558e-14,8.300000000000000000e+01,0.000000000000000000e+00,9.022132710207813044e-01,9.022132710207813044e-01,2.830630901907674080e+00,2.704469683558351711e+00,2.956630901907673525e+00,1.418670000000000719e+01,5.661100585466025237e+00,8.525599414533981957e+00,9.754166666666672092e-02,1.458333333333325377e-03,1.259999999999994458e-01,1.458333333333328846e-03,5.833333333333333925e+00,9.554572093283936196e-01,1.020175485878314303e+00,1.124774028406500648e+00,1.020175485878314303e+00,1.905830371822506208e+01,3.811660743645012379e+07,6.519561815336464861e+01,1.303912363067292869e+08,7.968300350632552487e+00,9.222222222222225696e+01,3.228467781816231064e+00,7.650278641364042898e+00,1.189586740586242808e+00,8.999999999999996891e-01,3.314228322349461187e-01,1.322484183835118454e+00,8.896713615023479349e-01,1.195882614835931612e+00,4.950000000000002132e+01,2.300000000000011369e+00,1.260000000000000009e-01,1.611650485436893021e+01,9.999999999999995559e-01,9.999999999999993339e-01,1.000000000000000000e+00,1.305390135898610859e+00,1.305390135898611038e-05,1.305390135898611038e-05,5.150000000000000355e+00,1.287629188850610618e+00,6.263696675314820439e-01,8.983929958971170748e-01,2.027981965048707647e+00
1.080000000000000000e+03,7.500000000000000000e-01,2.149500000000000455e+03,1.500000000000000178e+01,5.737704918032787482e+00,4.944115905126477592e+05,2.509362401236209461e+00,1.324083061658436922e+00,4.283432260766828037e+00,3.740902464110250070e-01,4.508185437600099377e+00,1.489993492088167892e+00,1.141198426987451553e+00,7.666666666666638319e-01,-5.096924141740322652e-15,2.522806231637568304e-15,1.305390135898610859e+00,1.000000000000000000e+00,7.500000000000000000e-01,2.500000000000000000e-01,1.332098882153444741e+00,9.927822938318336954e-01,1.271650485436892986e+01,4.716373441108472342e+00,0.000000000000000000e+00,3.399999999999999911e+00,1.483726275752677681e+00,5.012287703795992755e+00,3.994983465542326861e+00,1.000000000000001421e+02,1.228080173675003550e+00,1.433000000000000114e+02,5.150000000000000355e+00,0.000000000000000000e+00,0.000000000000000000e+00,-1.765964362146297658e-18,0.000000000000000000e+00,1.000000000000000000e+00,1.000000000000000000e+00,9.573839264418492201e-01,4.777286046641968653e-01,6.009571933243091912e-01,9.739767590561110300e-01,8.806026525605162858e-01,1.000000000000000000e+00,1.000000000000000000e+00,1.000000000000000000e+00,8.758403872255930978e-01,9.899999999999999079e-02,9.899999999999998579e+01,5.867605633802816101e+01,9.755099865317413688e-01,9.970919826324995405e-01,9.512885782515076993e-01,7.533503593601426296e+00,1.038453391709286855e+00,1.014688563072567939e+00,7.666666666666704932e-01,1.141198426987449999e+00,1.267605633802816811e+01,0.000000000000000000e+00,1.800000000000000000e+01,5.867605633802816811e+01,7.105427357601001859e-15,8.300000000000000000e+01,0.000000000000000000e+00,9.022132710207813044e-01,9.022132710207813044e-01,2.830630901907673191e+00,2.704469683558351267e+00,2.956630901907672193e+00,1.418670000000000009e+01,5.661100585466023460e+00,8.525599414533976628e+00,9.754166666666666541e-02,1.458333333333325377e-03,1.259999999999990017e-01,1.458333333333327111e-03,5.833333333333333925e+00,9.554572093283937306e-01,1.020175485878314525e+00,1.124774028406500648e+00,1.020175485878314525e+00,1.905830371822505143e+01,3.811660743645010144e+07,6.519561815336464861e+01,1.303912363067292869e+08,7.968300350632548934e+00,9.222222222222224275e+01,3.228467781816230175e+00,7.650278641364048227e+00,1.189586740586242808e+00,8.999999999999998002e-01,3.314228322349462852e-01,1.322484183835118454e+00,8.896713615023473798e-01,1.195882614835931612e+00,4.949999999999999289e+01,2.300000000000011369e+00,1.260000000000000009e-01,1.611650485436893021e+01,9.999999999999993339e-01,1.000000000000000000e+00,1.000000000000000000e+00,1.305390135898610859e+00,1.305390135898611038e-05,1.305390135898611038e-05,5.150000000000000355e+00,1.287629188850610618e+00,6.263696675314820439e-01,8.983929958971170748e-01,2.027981965048707647e+00
1.200000000000000000e+03,8.333333333333333703e-01,2.149500000000000455e+03,1.500000000000000178e+01,5.737704918032786594e+00,4.944115905126477592e+05,2.509362401236209461e+00,1.324083061658436700e+00,4.283432260766827149e+00,3.740902464110250070e-01,4.508185437600099377e+00,1.489993492088167670e+00,1.141198426987451553e+00,7.666666666666633878e-01,-1.275903126312044496e-14,5.148966155309457145e-15,1.305390135898610859e+00,1.000000000000000000e+00,7.500000000000000000e-01,2.500000000000000000e-01,1.332098882153444741e+00,9.927822938318336954e-01,1.271650485436892986e+01,4.716373441108472342e+00,0.000000000000000000e+00,3.399999999999999911e+00,1.483726275752677681e+00,5.012287703795992755e+00,3.994983465542324641e+00,1.000000000000001421e+02,1.228080173675003550e+00,1.433000000000000114e+02,5.150000000000000355e+00,0.000000000000000000e+00,0.000000000000000000e+00,-3.604276308716620272e-18,0.000000000000000000e+00,1.000000000000000000e+00,1.000000000000000000e+00,9.573839264418492201e-01,4.777286046641968653e-01,6.009571933243091912e-01,9.739767590561110300e-01,8.806026525605162858e-01,1.000000000000000000e+00,1.000000000000000000e+00,1.000000000000000000e+00,8.758403872255930978e-01,9.899999999999999079e-02,9.899999999999998579e+01,5.867605633802816101e+01,9.755099865317413688e-01,9.970919826324995405e-01,9.512885782515076993e-01,7.533503593601426296e+00,1.038453391709286855e+00,1.014688563072567939e+00,7.666666666666704932e-01,1.141198426987449999e+00,1.267605633802816811e+01,0.000000000000000000e+00,1.800000000000000000e+01,5.867605633802816811e+01,7.105427357601001859e-15,8.300000000000000000e+01,0.000000000000000000e+00,9.022132710207813044e-01,9.022132710207813044e-01,2.830630901907673191e+00,2.704469683558351267e+00,2.956630901907672193e+00,1.418670000000000009e+01,5.661100585466023460e+00,8.525599414533976628e+00,9.754166666666666541e-02,1.458333333333325377e-03,1.259999999999990017e-01,1.458333333333326244e-03,5.833333333333333037e+00,9.554572093283937306e-01,1.020175485878314525e+00,1.124774028406500648e+00,1.020175485878314525e+00,1.905830371822505143e+01,3.811660743645010144e+07,6.519561815336464861e+01,1.303912363067292869e+08,7.968300350632548934e+00,9.222222222222224275e+01,3.228467781816230175e+00,7.650278641364048227e+00,1.189586740586242808e+00,8.999999999999998002e-01,3.314228322349462852e-01,1.322484183835118454e+00,8.896713615023473798e-01,1.195882614835931612e+00,4.949999999999999289e+01,2.300000000000011369e+00,1.260000000000000009e-01,1.611650485436893021e+01,9.999999999999993339e-01,1.000000000000000000e+00,1.000000000000000000e+00,1.305390135898610859e+00,1.305390135898611038e-05,1.305390135898611038e-05,5.150000000000000355e+00,1.287629188850610618e+00,6.263696675314820439e-01,8.983929958971170748e-01,2.027981965048707647e+00
1.320000000000000000e+03,9.166666666666666297e-01,2.149500000000000455e+03,1.500000000000000178e+01,5.737704918032786594e+00,4.944115905126477592e+05,2.509362401236209017e+00,1.324083061658436700e+00,4.283432260766827149e+00,3.740902464110249515e-01,4.508185437600098489e+00,1.489993492088167670e+00,1.141198426987451331e+00,7.666666666666633878e-01,-3.370429912746154499e-14,1.206248065531318745e-14,1.305390135898610859e+00,1.000000000000000000e+00,7.500000000000000000e-01,2.500000000000000000e-01,1.332098882153444741e+00,9.927822938318336954e-01,1.271650485436892986e+01,4.716373441108471454e+00,0.000000000000000000e+00,3.399999999999999911e+00,1.483726275752677681e+00,5.012287703795992755e+00,3.994983465542324641e+00,1.000000000000001137e+02,1.228080173675003550e+00,1.433000000000000114e+02,5.150000000000000355e+00,0.000000000000000000e+00,0.000000000000000000e+00,-8.443736458719231506e-18,0.000000000000000000e+00,1.000000000000000000e+00,1.000000000000000000e+00,9.573839264418491091e-01,4.777286046641968098e-01,6.009571933243091912e-01,9.739767590561110300e-01,8.806026525605162858e-01,1.000000000000000000e+00,1.000000000000000000e+00,1.000000000000000000e+00,8.758403872255930978e-01,9.900000000000004630e-02,9.900000000000004263e+01,5.867605633802815390e+01,9.755099865317413688e-01,9.970919826324995405e-01,9.512885782515075883e-01,7.533503593601426296e+00,1.038453391709286855e+00,1.014688563072567939e+00,7.666666666666704932e-01,1.141198426987449999e+00,1.267605633802817522e+01,0.000000000000000000e+00,1.800000000000000000e+01,5.867605633802817522e+01,2.131628207280300558e-14,8.300000000000000000e+01,0.000000000000000000e+00,9.022132710207813044e-01,9.022132710207813044e-01,2.830630901907674080e+00,2.704469683558351711e+00,2.956630901907673525e+00,1.418670000000000719e+01,5.661100585466025237e+00,8.525599414533981957e+00,9.754166666666672092e-02,1.458333333333325377e-03,1.259999999999994458e-01,1.458333333333326244e-03,5.833333333333333037e+00,9.554572093283936196e-01,1.020175485878314303e+00,1.124774028406500648e+00,1.020175485878314303e+00,1.905830371822506208e+01,3.811660743645012379e+07,6.519561815336464861e+01,1.303912363067292869e+08,7.968300350632552487e+00,9.222222222222225696e+01,3.228467781816231064e+00,7.650278641364042898e+00,1.189586740586242808e+00,8.999999999999996891e-01,3.314228322349461187e-01,1.322484183835118454e+00,8.896713615023479349e-01,1.195882614835931612e+00,4.950000000000002132e+01,2.300000000000011369e+00,1.260000000000000009e-01,1.611650485436893021e+01,9.999999999999995559e-01,9.999999999999993339e-01,1.000000000000000000e+00,1.305390135898610859e+00,1.305390135898611038e-05,1.305390135898611038e-05,5.150000000000000355e+00,1.287629188850610618e+00,6.263696675314820439e-01,8.983929958971170748e-01,2.027981965048707647e+00
1.440000000000000000e+03,1.000000000000000000e+00,2.149500000000000455e+03,1.500000000000000178e+01,5.737704918032785706e+00,4.944115905126477592e+05,2.509362401236208573e+00,1.324083061658436478e+00,4.283432260766826261e+00,3.740902464110248959e-01,4.508185437600097600e+00,1.489993492088167448e+00,1.141198426987451109e+00,7.666666666666634988e-01,-5.464956699180263239e-14,1.897599515531692407e-14,1.305390135898610859e+00,1.000000000000000000e+00,7.500000000000000000e-01,2.500000000000000000e-01,1.332098882153444741e+00,9.927822938318336954e-01,1.271650485436892986e+01,4.716373441108470566e+00,0.000000000000000000e+00,3.399999999999999911e+00,1.483726275752677681e+00,5.012287703795992755e+00,3.994983465542325085e+00,1.000000000000000995e+02,1.228080173675003550e+00,1.433000000000000114e+02,5.150000000000000355e+00,0.000000000000000000e+00,0.000000000000000000e+00,-1.328319660872184659e-17,0.000000000000000000e+00,1.000000000000000000e+00,1.000000000000000000e+00,9.573839264418491091e-01,4.777286046641968098e-01,6.009571933243091912e-01,9.739767590561110300e-01,8.806026525605162858e-01,1.000000000000000000e+00,1.000000000000000000e+00,1.000000000000000000e+00,8.758403872255930978e-01,9.900000000000004630e-02,9.900000000000004263e+01,5.867605633802815390e+01,9.755099865317413688e-01,9.970919826324995405e-01,9.512885782515075883e-01,7.533503593601426296e+00,1.038453391709286855e+00,1.014688563072567939e+00,7.666666666666704932e-01,1.141198426987449999e+00,1.267605633802817522e+01,0.000000000000000000e+00,1.800000000000000000e+01,5.867605633802817522e+01,2.131628207280300558e-14,8.300000000000000000e+01,0.000000000000000000e+00,9.022132710207813044e-01,9.022132710207813044e-01,2.830630901907674080e+00,2.704469683558351711e+00,2.956630901907673525e+00,1.418670000000000719e+01,5.661100585466025237e+00,8.525599414533981957e+00,9.754166666666672092e-02,1.458333333333325377e-03,1.259999999999994458e-01,1.458333333333327111e-03,5.833333333333332149e+00,9.554572093283936196e-01,1.020175485878314303e+00,1.124774028406500648e+00,1.020175485878314303e+00,1.905830371822506208e+01,3.811660743645012379e+07,6.519561815336464861e+01,1.303912363067292869e+08,7.968300350632552487e+00,9.222222222222225696e+01,3.228467781816231508e+00,7.650278641364042898e+00,1.189586740586242808e+00,8.999999999999996891e-01,3.314228322349462297e-01,1.322484183835118454e+00,8.896713615023479349e-01,1.195882614835931612e+00,4.950000000000002132e+01,2.300000000000011369e+00,1.260000000000000009e-01,1.611650485436893021e+01,9.999999999999997780e-01,9.999999999999993339e-01,1.000000000000000000e+00,1.305390135898610859e+00,1.305390135898611038e-05,1.305390135898611038e-05,5.150000000000000355e+00,1.287629188850610618e+00,6.263696675314820439e-01,8.983929958971170748e-01,2.027981965048707647e+00
1.560000000000000000e+03,1.083333333333333259e+00,2.149500000000000455e+03,1.500000000000000178e+01,5.737704918032784818e+00,4.944115905126477592e+05,2.509362401236208129e+00,1.324083061658436256e+00,4.283432260766826261e+00,3.740902464110248404e-01,4.508185437600097600e+00,1.489993492088167226e+00,1.141198426987450887e+00,7.666666666666634988e-01,-7.559483485614370717e-14,2.588950965532065437e-14,1.305390135898610859e+00,1.000000000000000000e+00,7.500000000000000000e-01,2.500000000000000000e-01,1.332098882153444741e+00,9.927822938318336954e-01,1.271650485436892986e+01,4.716373441108470566e+00,0.000000000000000000e+00,3.399999999999999911e+00,1.483726275752677681e+00,5.012287703795992755e+00,3.994983465542325085e+00,1.000000000000000711e+02,1.228080173675003550e+00,1.433000000000000114e+02,5.150000000000000355e+00,0.000000000000000000e+00,0.000000000000000000e+00,-1.812265675872445860e-17,0.000000000000000000e+00,1.000000000000000000e+00,1.000000000000000000e+00,9.573839264418491091e-01,4.777286046641967543e-01,6.009571933243091912e-01,9.739767590561110300e-01,8.806026525605162858e-01,1.000000000000000000e+00,1.000000000000000000e+00,1.000000000000000000e+00,8.758403872255930978e-01,9.900000000000004630e-02,9.900000000000004263e+01,5.867605633802815390e+01,9.755099865317413688e-01,9.970919826324995405e-01,9.512885782515075883e-01,7.533503593601426296e+00,1.038453391709286855e+00,1.014688563072567939e+00,7.666666666666704932e-01,1.141198426987449999e+00,1.267605633802817522e+01,0.000000000000000000e+00,1.800000000000000000e+01,5.867605633802817522e+01,2.131628207280300558e-14,8.300000000000000000e+01,0.000000000000000000e+00,9.022132710207813044e-01,9.022132710207813044e-01,2.830630901907674080e+00,2.704469683558351711e+00,2.956630901907673525e+00,1.418670000000000719e+01,5.661100585466025237e+00,8.525599414533981957e+00,9.754166666666672092e-02,1.458333333333325377e-03,1.259999999999994458e-01,1.458333333333327111e-03,5.833333333333331261e+00,9.554572093283935086e-01,1.020175485878314303e+00,1.124774028406500648e+00,1.020175485878314303e+00,1.905830371822506208e+01,3.811660743645012379e+07,6.519561815336464861e+01,1.303912363067292869e+08,7.968300350632552487e+00,9.222222222222225696e+01,3.228467781816231508e+00,7.650278641364042898e+00,1.189586740586242808e+00,8.999999999999996891e-01,3.314228322349462297e-01,1.322484183835118454e+00,8.896713615023479349e-01,1.195882614835931612e+00,4.950000000000002132e+01,2.300000000000011369e+00,1.260000000000000009e-01,1.611650485436893021e+01,9.999999999999997780e-01,9.999999999999993339e-01,1.000000000000000000e+00,1.305390135898610859e+00,1.305390135898611038e-05,1.305390135898611038e-05,5.150000000000000355e+00,1.287629188850610618e+00,6.263696675314820439e-01,8.983929958971170748e-01,2.027981965048707647e+00
1.680000000000000000e+03,1.166666666666666741e+00,2.149500000000000455e+03,1.500000000000000355e+01,5.737704918032784818e+00,4.944115905126477592e+05,2.509362401236207685e+00,1.324083061658436034e+00,4.283432260766825372e+00,3.740902464110248404e-01,4.508185437600096712e+00,1.489993492088167226e+00,1.141198426987450665e+00,7.666666666666636099e-01,-9.654010272048479458e-14,3.280302415532438468e-14,1.305390135898610859e+00,9.999999999999996669e-01,7.499999999999997780e-01,2.499999999999999167e-01,1.332098882153444297e+00,9.927822938318336954e-01,1.271650485436892630e+01,4.716373441108469677e+00,0.000000000000000000e+00,3.399999999999999911e+00,1.483726275752677015e+00,5.012287703795993643e+00,3.994983465542325529e+00,1.000000000000000568e+02,1.228080173675003550e+00,1.432999999999999829e+02,5.150000000000003908e+00,-8.881784197001252323e-16,-2.202285662861180882e-20,8.806018555378858806e-17,0.000000000000000000e+00,9.999999999999996669e-01,1.000000000000000000e+00,9.573839264418489980e-01,4.777286046641967543e-01,6.009571933243091912e-01,9.739767590561110300e-01,8.806026525605162858e-01,1.000000000000000000e+00,1.000000000000000000e+00,1.000000000000000000e+00,8.758403872255930978e-01,9.900000000000011569e-02,9.900000000000011369e+01,5.867605633802817522e+01,9.755099865317413688e-01,9.970919826324995405e-01,9.512885782515074773e-01,7.533503593601430737e+00,1.038453391709286855e+00,1.014688563072567939e+00,7.666666666666609453e-01,1.141198426987450887e+00,1.267605633802818232e+01,8.149037000748650082e-17,1.800000000000000000e+01,5.867605633802818232e+01,7.105427357601001859e-15,8.300000000000002842e+01,0.000000000000000000e+00,9.022132710207818596e-01,9.022132710207818596e-01,2.830630901907675856e+00,2.704469683558353044e+00,2.956630901907675746e+00,1.418670000000001430e+01,5.661100585466028789e+00,8.525599414533985509e+00,9.754166666666677643e-02,1.458333333333339255e-03,1.259999999999998899e-01,1.458333333333327111e-03,5.833333333333331261e+00,9.554572093283935086e-01,1.020175485878314081e+00,1.124774028406500648e+00,1.020175485878314081e+00,1.905830371822505853e+01,3.811660743645011634e+07,6.519561815336464861e+01,1.303912363067292869e+08,7.968300350632552487e+00,9.222222222222225696e+01,3.228467781816231508e+00,7.650278641364032239e+00,1.189586740586242808e+00,9.000000000000000222e-01,3.314228322349457301e-01,1.322484183835118010e+00,8.896713615023484900e-01,1.195882614835932056e+00,4.950000000000004974e+01,2.299999999999982947e+00,1.260000000000000009e-01,1.611650485436892666e+01,9.999999999999997780e-01,9.999999999999978906e-01,1.000000000000000000e+00,1.305390135898610859e+00,1.305390135898611038e-05,1.305390135898608836e-05,5.150000000000004796e+00,1.287629188850610396e+00,6.263696675314820439e-01,8.983929958971188512e-01,2.027981965048704982e+00
1.800000000000000000e+03,1.250000000000000000e+00,2.149500000000000455e+03,1.500000000000000355e+01,5.737704918032783930e+00,4.944115905126477592e+05,2.509362401236207241e+00,1.324083061658435811e+00,4.283432260766825372e+00,3.740902464110247849e-01,4.508185437600095824e+00,1.489993492088167004e+00,1.141198426987450443e+00,7.666666666666636099e-01,-1.174853705848258820e-13,3.971653865532812129e-14,1.305390135898610859e+00,9.999999999999996669e-01,7.499999999999997780e-01,2.499999999999999167e-01,1.332098882153444297e+00,9.927822938318336954e-01,1.271650485436892630e+01,4.716373441108468789e+00,0.000000000000000000e+00,3.399999999999999911e+00,1.483726275752677015e+00,5.012287703795993643e+00,3.994983465542325529e+00,1.000000000000000426e+02,1.228080173675003550e+00,1.432999999999999829e+02,5.150000000000003908e+00,-8.881784197001252323e-16,-2.202285662861180882e-20,8.322072540378596527e-17,0.000000000000000000e+00,9.999999999999996669e-01,1.000000000000000000e+00,9.573839264418487760e-01,4.777286046641966988e-01,6.009571933243091912e-01,9.739767590561110300e-01,8.806026525605162858e-01,1.000000000000000000e+00,1.000000000000000000e+00,1.000000000000000000e+00,8.758403872255930978e-01,9.900000000000011569e-02,9.900000000000011369e+01,5.867605633802817522e+01,9.755099865317411467e-01,9.970919826324995405e-01,9.512885782515074773e-01,7.533503593601430737e+00,1.038453391709286855e+00,1.014688563072567939e+00,7.666666666666609453e-01,1.141198426987450887e+00,1.267605633802818232e+01,8.149037000748650082e-17,1.800000000000000000e+01,5.867605633802818232e+01,7.105427357601001859e-15,8.300000000000002842e+01,0.000000000000000000e+00,9.022132710207818596e-01,9.022132710207818596e-01,2.830630901907675412e+00,2.704469683558353044e+00,2.956630901907675746e+00,1.418670000000001430e+01,5.661100585466028789e+00,8.525599414533985509e+00,9.754166666666677643e-02,1.458333333333339255e-03,1.260000000000003340e-01,1.458333333333327111e-03,5.833333333333330373e+00,9.554572093283933976e-01,1.020175485878314081e+00,1.124774028406500426e+00,1.020175485878314081e+00,1.905830371822505853e+01,3.811660743645011634e+07,6.519561815336463440e+01,1.303912363067292571e+08,7.968300350632552487e+00,9.222222222222224275e+01,3.228467781816232396e+00,7.650278641364032239e+00,1.189586740586242808e+00,9.000000000000001332e-01,3.314228322349457856e-01,1.322484183835118010e+00,8.896713615023484900e-01,1.195882614835932056e+00,4.950000000000004974e+01,2.299999999999982947e+00,1.260000000000000009e-01,1.611650485436892666e+01,1.000000000000000000e+00,9.999999999999978906e-01,1.000000000000000000e+00,1.305390135898610859e+00,1.305390135898611038e-05,1.305390135898608836e-05,5.150000000000004796e+00,1.287629188850610396e+00,6.263696675314820439e-01,8.983929958971188512e-01,2.027981965048704982e+00
1.920000000000000000e+03,1.333333333333333259e+00,2.149500000000000455e+03,1.500000000000000355e+01,5.737704918032783041e+00,4.944115905126477592e+05,2.509362401236206797e+00,1.324083061658435589e+00,4.283432260766824484e+00,3.740902464110247294e-01,4.508185437600094936e+00,1.489993492088166782e+00,1.141198426987450221e+00,7.666666666666637209e-01,-1.384306384491669694e-13,4.663005315533185791e-14,1.305390135898610859e+00,9.999999999999996669e-01,7.499999999999997780e-01,2.499999999999999167e-01,1.332098882153444297e+00,9.927822938318336954e-01,1.271650485436892630e+01,4.716373441108467901e+00,0.000000000000000000e+00,3.399999999999999911e+00,1.483726275752677015e+00,5.012287703795993643e+00,3.994983465542326417e+00,1.000000000000000142e+02,1.228080173675003550e+00,1.432999999999999829e+02,5.150000000000003908e+00,-8.881784197001252323e-16,-2.202285662861180882e-20,7.838126525378335481e-17,0.000000000000000000e+00,9.999999999999996669e-01,1.000000000000000000e+00,9.573839264418487760e-01,4.777286046641966988e-01,6.009571933243091912e-01,9.739767590561110300e-01,8.806026525605162858e-01,1.000000000000000000e+00,1.000000000000000000e+00,1.000000000000000000e+00,8.758403872255930978e-01,9.900000000000011569e-02,9.900000000000011369e+01,5.867605633802817522e+01,9.755099865317411467e-01,9.970919826324995405e-01,9.512885782515074773e-01,7.533503593601430737e+00,1.038453391709286855e+00,1.014688563072567939e+00,7.666666666666609453e-01,1.141198426987450887e+00,1.267605633802818232e+01,8.149037000748650082e-17,1.800000000000000000e+01,5.867605633802818232e+01,7.105427357601001859e-15,8.300000000000002842e+01,0.000000000000000000e+00,9.022132710207818596e-01,9.022132710207818596e-01,2.830630901907675412e+00,2.704469683558353044e+00,2.956630901907675746e+00,1.418670000000001430e+01,5.661100585466028789e+00,8.525599414533985509e+00,9.754166666666677643e-02,1.458333333333339255e-03,1.260000000000003340e-01,1.458333333333327111e-03,5.833333333333329485e+00,9.554572093283933976e-01,1.020175485878314081e+00,1.124774028406500426e+00,1.020175485878314081e+00,1.905830371822505853e+01,3.811660743645011634e+07,6.519561815336463440e+01,1.303912363067292571e+08,7.968300350632552487e+00,9.222222222222224275e+01,3.228467781816233284e+00,7.650278641364032239e+00,1.189586740586242808e+00,9.000000000000001332e-01,3.314228322349458411e-01,1.322484183835118010e+00,8.896713615023484900e-01,1.195882614835932056e+00,4.950000000000004974e+01,2.299999999999982947e+00,1.260000000000000009e-01,1.611650485436892666e+01,1.000000000000000222e+00,9.999999999999978906e-01,1.000000000000000000e+00,1.305390135898610859e+00,1.305390135898611038e-05,1.305390135898608836e-05,5.150000000000004796e+00,1.287629188850610396e+00,6.263696675314820439e-01,8.983929958971188512e-01,2.027981965048704982e+00
2.040000000000000000e+03,1.416666666666666741e+00,2.149500000000000455e+03,1.500000000000000355e+01,5.737704918032783041e+00,4.944115905126477592e+05,2.509362401236206797e+00,1.324083061658435589e+00,4.283432260766824484e+00,3.740902464110247294e-01,4.508185437600094936e+00,1.489993492088166782e+00,1.141198426987450221e+00,7.666666666666637209e-01,-1.516165259464454030e-13,4.829472438164683230e-14,1.305390135898610859e+00,9.999999999999996669e-01,7.499999999999997780e-01,2.499999999999999167e-01,1.332098882153444297e+00,9.927822938318336954e-01,1.271650485436892630e+01,4.716373441108467901e+00,0.000000000000000000e+00,3.399999999999999911e+00,1.483726275752677015e+00,5.012287703795993643e+00,3.994983465542326417e+00,1.000000000000000142e+02,1.228080173675003550e+00,1.432999999999999829e+02,5.150000000000003908e+00,-8.881784197001252323e-16,-2.202285662861180882e-20,7.721599539536286819e-17,0.000000000000000000e+00,9.999999999999996669e-01,1.000000000000000000e+00,9.573839264418487760e-01,4.777286046641966988e-01,6.009571933243091912e-01,9.739767590561110300e-01,8.806026525605162858e-01,1.000000000000000000e+00,1.000000000000000000e+00,1.000000000000000000e+00,8.758403872255930978e-01,9.900000000000011569e-02,9.900000000000011369e+01,5.867605633802817522e+01,9.755099865317411467e-01,9.970919826324995405e-01,9.512885782515074773e-01,7.533503593601430737e+00,1.038453391709286855e+00,1.014688563072567939e+00,7.666666666666609453e-01,1.141198426987450887e+00,1.267605633802818232e+01,8.149037000748650082e-17,1.800000000000000000e+01,5.867605633802818232e+01,7.105427357601001859e-15,8.300000000000002842e+01,0.000000000000000000e+00,9.022132710207818596e-01,9.022132710207818596e-01,2.830630901907675412e+00,2.704469683558353044e+00,2.956630901907675746e+00,1.418670000000001430e+01,5.661100585466028789e+00,8.525599414533985509e+00,9.754166666666677643e-02,1.458333333333339255e-03,1.260000000000003340e-01,1.458333333333327111e-03,5.833333333333329485e+00,9.554572093283933976e-01,1.020175485878314081e+00,1.124774028406500426e+00,1.020175485878314081e+00,1.905830371822505853e+01,3.811660743645011634e+07,6.519561815336463440e+01,1.303912363067292571e+08,7.968300350632552487e+00,9.222222222222224275e+01,3.228467781816233284e+00,7.650278641364032239e+00,1.189586740586242808e+00,9.000000000000001332e-01,3.314228322349458411e-01,1.322484183835118010e+00,8.896713615023484900e-01,1.195882614835932056e+00,4.950000000000004974e+01,2.299999999999982947e+00,1.260000000000000009e-01,1.611650485436892666e+01,1.000000000000000222e+00,9.999999999999978906e-01,1.000000000000000000e+00,1.305390135898610859e+00,1.305390135898611038e-05,1.305390135898608836e-05,5.150000000000004796e+00,1.287629188850610396e+00,6.263696675314820439e-01,8.983929958971188512e-01,2.027981965048704982e+00
2.160000000000000000e+03,1.500000000000000000e+00,2.149500000000000455e+03,1.500000000000000355e+01,5.737704918032783041e+00,4.944115905126477592e+05,2.509362401236206797e+00,1.324083061658435589e+00,4.283432260766824484e+00,3.740902464110247294e-01,4.508185437600094936e+00,1.489993492088166782e+00,1.141198426987450221e+00,7.666666666666638319e-01,-1.631591246204427266e-13,4.884779067576655742e-14,1.305390135898610859e+00,9.999999999999996669e-01,7.499999999999997780e-01,2.499999999999999167e-01,1.332098882153444297e+00,9.927822938318336954e-01,1.271650485436892630e+01,4.716373441108467901e+00,0.000000000000000000e+00,3.399999999999999911e+00,1.483726275752677015e+00,5.012287703795993643e+00,3.994983465542326861e+00,1.000000000000000142e+02,1.228080173675003550e+00,1.432999999999999829e+02,5.150000000000003908e+00,-8.881784197001252323e-16,-2.202285662861180882e-20,7.682884898947905896e-17,0.000000000000000000e+00,9.999999999999996669e-01,1.000000000000000000e+00,9.573839264418487760e-01,4.777286046641966988e-01,6.009571933243091912e-01,9.739767590561110300e-01,8.806026525605162858e-01,1.000000000000000000e+00,1.000000000000000000e+00,1.000000000000000000e+00,8.758403872255930978e-01,9.900000000000011569e-02,9.900000000000011369e+01,5.867605633802817522e+01,9.755099865317411467e-01,9.970919826324995405e-01,9.512885782515074773e-01,7.533503593601430737e+00,1.038453391709286855e+00,1.014688563072567939e+00,7.666666666666609453e-01,1.141198426987450887e+00,1.267605633802818232e+01,8.149037000748650082e-17,1.800000000000000000e+01,5.867605633802818232e+01,7.105427357601001859e-15,8.300000000000002842e+01,0.000000000000000000e+00,9.022132710207818596e-01,9.022132710207818596e-01,2.830630901907675412e+00,2.704469683558353044e+00,2.956630901907675746e+00,1.418670000000001430e+01,5.661100585466028789e+00,8.525599414533985509e+00,9.754166666666677643e-02,1.458333333333339255e-03,1.260000000000003340e-01,1.458333333333327111e-03,5.833333333333329485e+00,9.554572093283933976e-01,1.020175485878314081e+00,1.124774028406500426e+00,1.020175485878314081e+00,1.905830371822505853e+01,3.811660743645011634e+07,6.519561815336463440e+01,1.303912363067292571e+08,7.968300350632552487e+00,9.222222222222224275e+01,3.228467781816233284e+00,7.650278641364032239e+00,1.189586740586242808e+00,9.000000000000001332e-01,3.314228322349458411e-01,1.322484183835118010e+00,8.896713615023484900e-01,1.195882614835932056e+00,4.950000000000004974e+01,2.299999999999982947e+00,1.260000000000000009e-01,1.611650485436892666e+01,1.000000000000000222e+00,9.999999999999978906e-01,1.000000000000000000e+00,1.305390135898610859e+00,1.305390135898611038e-05,1.305390135898608836e-05,5.150000000000004796e+00,1.287629188850610396e+00,6.263696675314820439e-01,8.983929958971188512e-01,2.027981965048704982e+00
2.280000000000000000e+03,1.583333333333333259e+00,2.149500000000000455e+03,1.500000000000000355e+01,5.737704918032783041e+00,4.944115905126477592e+05,2.509362401236206797e+00,1.324083061658435589e+00,4.283432260766824484e+00,3.740902464110247294e-01,4.508185437600094936e+00,1.489993492088166782e+00,1.141198426987450221e+00,7.666666666666638319e-01,-1.747017232944400502e-13,4.940085696988627622e-14,1.305390135898610859e+00,9.999999999999996669e-01,7.499999999999997780e-01,2.499999999999999167e-01,1.332098882153444297e+00,9.927822938318336954e-01,1.271650485436892630e+01,4.716373441108467901e+00,0.000000000000000000e+00,3.399999999999999911e+00,1.483726275752677015e+00,5.012287703795993643e+00,3.994983465542326861e+00,1.000000000000000142e+02,1.228080173675003550e+00,1.432999999999999829e+02,5.150000000000003908e+00,-8.881784197001252323e-16,-2.202285662861180882e-20,7.644170258359526205e-17,0.000000000000000000e+00,9.999999999999996669e-01,1.000000000000000000e+00,9.573839264418487760e-01,4.777286046641966988e-01,6.009571933243091912e-01,9.739767590561110300e-01,8.806026525605162858e-01,1.000000000000000000e+00,1.000000000000000000e+00,1.000000000000000000e+00,8.758403872255930978e-01,9.900000000000011569e-02,9.900000000000011369e+01,5.867605633802817522e+01,9.755099865317411467e-01,9.970919826324995405e-01,9.512885782515074773e-01,7.533503593601430737e+00,1.038453391709286855e+00,1.014688563072567939e+00,7.666666666666609453e-01,1.141198426987450887e+00,1.267605633802818232e+01,8.149037000748650082e-17,1.800000000000000000e+01,5.867605633802818232e+01,7.105427357601001859e-15,8.300000000000002842e+01,0.000000000000000000e+00,9.022132710207818596e-01,9.022132710207818596e-01,2.830630901907675412e+00,2.704469683558353044e+00,2.956630901907675746e+00,1.418670000000001430e+01,5.661100585466028789e+00,8.525599414533985509e+00,9.754166666666677643e-02,1.458333333333339255e-03,1.260000000000003340e-01,1.458333333333327111e-03,5.833333333333329485e+00,9.554572093283933976e-01,1.020175485878314081e+00,1.124774028406500426e+00,1.020175485878314081e+00,1.905830371822505853e+01,3.811660743645011634e+07,6.519561815336463440e+01,1.303912363067292571e+08,7.968300350632552487e+00,9.222222222222224275e+01,3.228467781816233284e+00,7.650278641364032239e+00,1.189586740586242808e+00,9.000000000000001332e-01,3.314228322349458411e-01,1.322484183835118010e+00,8.896713615023484900e-01,1.195882614835932056e+00,4.950000000000004974e+01,2.299999999999982947e+00,1.260000000000000009e-01,1.611650485436892666e+01,1.000000000000000222e+00,9.999999999999978906e-01,1.000000000000000000e+00,1.305390135898610859e+00,1.305390135898611038e-05,1.305390135898608836e-05,5.150000000000004796e+00,1.287629188850610396e+00,6.263696675314820439e-01,8.983929958971188512e-01,2.027981965048704982e+00
2.400000000000000000e+03,1.666666666666666741e+00,2.149500000000000455e+03,1.500000000000000355e+01,5.737704918032783041e+00,4.944115905126477010e+05,2.509362401236206797e+00,1.324083061658435589e+00,4.283432260766824484e+00,3.740902464110247294e-01,4.508185437600094936e+00,1.489993492088166782e+00,1.141198426987450221e+00,7.666666666666638319e-01,-1.862443219684374747e-13,4.995392326400599502e-14,1.305390135898610859e+00,9.999999999999996669e-01,7.499999999999997780e-01,2.499999999999999167e-01,1.332098882153444297e+00,9.927822938318336954e-01,1.271650485436892630e+01,4.716373441108467901e+00,0.000000000000000000e+00,3.399999999999999911e+00,1.483726275752677015e+00,5.012287703795993643e+00,3.994983465542326861e+00,1.000000000000000142e+02,1.228080173675003550e+00,1.432999999999999829e+02,5.150000000000003908e+00,-8.881784197001252323e-16,-2.202285662861180882e-20,7.605455617771146514e-17,0.000000000000000000e+00,9.999999999999996669e-01,1.000000000000000000e+00,9.573839264418487760e-01,4.777286046641966988e-01,6.009571933243091912e-01,9.739767590561110300e-01,8.806026525605162858e-01,1.000000000000000000e+00,1.000000000000000000e+00,1.000000000000000000e+00,8.758403872255930978e-01,9.900000000000011569e-02,9.900000000000011369e+01,5.867605633802817522e+01,9.755099865317411467e-01,9.970919826324995405e-01,9.512885782515074773e-01,7.533503593601430737e+00,1.038453391709286855e+00,1.014688563072567939e+00,7.666666666666609453e-01,1.141198426987450887e+00,1.267605633802818232e+01,8.149037000748650082e-17,1.800000000000000000e+01,5.867605633802818232e+01,7.105427357601001859e-15,8.300000000000002842e+01,0.000000000000000000e+00,9.022132710207818596e-01,9.022132710207818596e-01,2.830630901907675412e+00,2.704469683558353044e+00,2.956630901907675746e+00,1.418670000000001430e+01,5.661100585466028789e+00,8.525599414533985509e+00,9.754166666666677643e-02,1.458333333333339255e-03,1.260000000000003340e-01,1.458333333333327111e-03,5.833333333333329485e+00,9.554572093283933976e-01,1.020175485878314081e+00,1.124774028406500426e+00,1.020175485878314081e+00,1.905830371822505853e+01,3.811660743645011634e+07,6.519561815336463440e+01,1.303912363067292571e+08,7.968300350632552487e+00,9.222222222222224275e+01,3.228467781816233284e+00,7.650278641364032239e+00,1.189586740586242808e+00,9.000000000000001332e-01,3.314228322349458411e-01,1.322484183835118010e+00,8.896713615023484900e-01,1.195882614835932056e+00,4.950000000000004974e+01,2.299999999999982947e+00,1.260000000000000009e-01,1.611650485436892666e+01,1.000000000000000222e+00,9.999999999999978906e-01,1.000000000000000000e+00,1.305390135898610859e+00,1.305390135898611038e-05,1.305390135898608836e-05,5.150000000000004796e+00,1.287629188850610396e+00,6.263696675314820439e-01,8.983929958971188512e-01,2.027981965048704982e+00
2.520000000000000000e+03,1.750000000000000000e+00,2.149500000000000455e+03,1.500000000000000355e+01,5.737704918032783041e+00,4.944115905126477010e+05,2.509362401236206797e+00,1.324083061658435589e+00,4.283432260766824484e+00,3.740902464110247294e-01,4.508185437600094936e+00,1.489993492088166782e+00,1.141198426987450221e+00,7.666666666666638319e-01,-1.977869206424348992e-13,5.050698955812572013e-14,1.305390135898610859e+00,9.999999999999996669e-01,7.499999999999997780e-01,2.499999999999999167e-01,1.332098882153444297e+00,9.927822938318336954e-01,1.271650485436892630e+01,4.716373441108467901e+00,0.000000000000000000e+00,3.399999999999999911e+00,1.483726275752677015e+00,5.012287703795993643e+00,3.994983465542326861e+00,1.000000000000000142e+02,1.228080173675003550e+00,1.432999999999999829e+02,5.150000000000003908e+00,-8.881784197001252323e-16,-2.202285662861180882e-20,7.566740977182765591e-17,0.000000000000000000e+00,9.999999999999996669e-01,1.000000000000000000e+00,9.573839264418487760e-01,4.777286046641966988e-01,6.009571933243091912e-01,9.739767590561110300e-01,8.806026525605162858e-01,1.000000000000000000e+00,1.000000000000000000e+00,1.000000000000000000e+00,8.758403872255930978e-01,9.900000000000011569e-02,9.900000000000011369e+01,5.867605633802817522e+01,9.755099865317411467e-01,9.970919826324995405e-01,9.512885782515074773e-01,7.533503593601430737e+00,1.038453391709286855e+00,1.014688563072567939e+00,7.666666666666609453e-01,1.141198426987450887e+00,1.267605633802818232e+01,8.149037000748650082e-17,1.800000000000000000e+01,5.867605633802818232e+01,7.105427357601001859e-15,8.300000000000002842e+01,0.000000000000000000e+00,9.022132710207818596e-01,9.022132710207818596e-01,2.830630901907675412e+00,2.704469683558353044e+00,2.956630901907675746e+00,1.418670000000001430e+01,5.661100585466028789e+00,8.525599414533985509e+00,9.754166666666677643e-02,1.458333333333339255e-03,1.260000000000003340e-01,1.458333333333327111e-03,5.833333333333329485e+00,9.554572093283933976e-01,1.020175485878314081e+00,1.124774028406500426e+00,1.020175485878314081e+00,1.905830371822505853e+01,3.811660743645011634e+07,6.519561815336463440e+01,1.303912363067292571e+08,7.968300350632552487e+00,9.222222222222224275e+01,3.228467781816233284e+00,7.650278641364032239e+00,1.189586740586242808e+00,9.000000000000001332e-01,3.314228322349458411e-01,1.322484183835118010e+00,8.896713615023484900e-01,1.195882614835932056e+00,4.950000000000004974e+01,2.299999999999982947e+00,1.260000000000000009e-01,1.611650485436892666e+01,1.000000000000000222e+00,9.999999999999978906e-01,1.000000000000000000e+00,1.305390135898610859e+00,1.305390135898611038e-05,1.305390135898608836e-05,5.150000000000004796e+00,1.287629188850610396e+00,6.263696675314820439e-01,8.983929958971188512e-01,2.027981965048704982e+00
2.640000000000000000e+03,1.833333333333333259e+00,2.149500000000000455e+03,1.500000000000000355e+01,5.737704918032783041e+00,4.944115905126477010e+05,2.509362401236206797e+00,1.324083061658435589e+00,4.283432260766824484e+00,3.740902464110247294e-01,4.508185437600094936e+00,1.489993492088166782e+00,1.141198426987450221e+00,7.666666666666638319e-01,-2.093295193164322228e-13,5.106005585224544525e-14,1.305390135898610859e+00,9.999999999999996669e-01,7.499999999999997780e-01,2.499999999999999167e-01,1.332098882153444297e+00,9.927822938318336954e-01,1.271650485436892630e+01,4.716373441108467901e+00,0.000000000000000000e+00,3.399999999999999911e+00,1.483726275752677015e+00,5.012287703795993643e+00,3.994983465542326861e+00,1.000000000000000142e+02,1.228080173675003550e+00,1.432999999999999829e+02,5.150000000000003908e+00,-8.881784197001252323e-16,-2.202285662861180882e-20,7.528026336594384667e-17,0.000000000000000000e+00,9.999999999999996669e-01,1.000000000000000000e+00,9.573839264418487760e-01,4.777286046641966988e-01,6.009571933243091912e-01,9.739767590561110300e-01,8.806026525605162858e-01,1.000000000000000000e+00,1.000000000000000000e+00,1.000000000000000000e+00,8.758403872255930978e-01,9.900000000000011569e-02,9.900000000000011369e+01,5.867605633802817522e+01,9.755099865317411467e-01,9.970919826324995405e-01,9.512885782515074773e-01,7.533503593601430737e+00,1.038453391709286855e+00,1.014688563072567939e+00,7.666666666666609453e-01,1.141198426987450887e+00,1.267605633802818232e+01,8.149037000748650082e-17,1.800000000000000000e+01,5.867605633802818232e+01,7.105427357601001859e-15,8.300000000000002842e+01,0.000000000000000000e+00,9.022132710207818596e-01,9.022132710207818596e-01,2.830630901907675412e+00,2.704469683558353044e+00,2.956630901907675746e+00,1.418670000000001430e+01,5.661100585466028789e+00,8.525599414533985509e+00,9.754166666666677643e-02,1.458333333333339255e-03,1.260000000000003340e-01,1.458333333333327111e-03,5.833333333333329485e+00,9.554572093283933976e-01,1.020175485878314081e+00,1.124774028406500426e+00,1.020175485878314081e+00,1.905830371822505853e+01,3.811660743645011634e+07,6.519561815336463440e+01,1.303912363067292571e+08,7.968300350632552487e+00,9.222222222222224275e+01,3.228467781816233284e+00,7.650278641364032239e+00,1.189586740586242808e+00,9.000000000000001332e-01,3.314228322349458411e-01,1.322484183835118010e+00,8.896713615023484900e-01,1.195882614835932056e+00,4.950000000000004974e+01,2.299999999999982947e+00,1.260000000000000009e-01,1.611650485436892666e+01,1.000000000000000222e+00,9.999999999999978906e-01,1.000000000000000000e+00,1.305390135898610859e+00,1.305390135898611038e-05,1.305390135898608836e-05,5.150000000000004796e+00,1.287629188850610396e+00,6.263696675314820439e-01,8.983929958971188512e-01,2.027981965048704982e+00
2.760000000000000000e+03,1.916666666666666741e+00,2.149500000000000455e+03,1.500000000000000355e+01,5.737704918032783041e+00,4.944115905126477010e+05,2.509362401236206797e+00,1.324083061658435589e+00,4.283432260766824484e+00,3.740902464110247294e-01,4.508185437600094936e+00,1.489993492088166782e+00,1.141198426987450221e+00,7.666666666666639429e-01,-2.208721179904296473e-13,5.161312214636516405e-14,1.305390135898610859e+00,9.999999999999996669e-01,7.499999999999997780e-01,2.499999999999999167e-01,1.332098882153444297e+00,9.927822938318336954e-01,1.271650485436892630e+01,4.716373441108467901e+00,0.000000000000000000e+00,3.399999999999999911e+00,1.483726275752677015e+00,5.012287703795993643e+00,3.994983465542327306e+00,1.000000000000000142e+02,1.228080173675003550e+00,1.432999999999999829e+02,5.150000000000003908e+00,-8.881784197001252323e-16,-2.202285662861180882e-20,7.489311696006003743e-17,0.000000000000000000e+00,9.999999999999996669e-01,1.000000000000000000e+00,9.573839264418487760e-01,4.777286046641966988e-01,6.009571933243091912e-01,9.739767590561110300e-01,8.806026525605162858e-01,1.000000000000000000e+00,1.000000000000000000e+00,1.000000000000000000e+00,8.758403872255930978e-01,9.900000000000011569e-02,9.900000000000011369e+01,5.867605633802817522e+01,9.755099865317411467e-01,9.970919826324995405e-01,9.512885782515074773e-01,7.533503593601430737e+00,1.038453391709286855e+00,1.014688563072567939e+00,7.666666666666609453e-01,1.141198426987450887e+00,1.267605633802818232e+01,8.149037000748650082e-17,1.800000000000000000e+01,5.867605633802818232e+01,7.105427357601001859e-15,8.300000000000002842e+01,0.000000000000000000e+00,9.022132710207818596e-01,9.022132710207818596e-01,2.830630901907675412e+00,2.704469683558353044e+00,2.956630901907675746e+00,1.418670000000001430e+01,5.661100585466028789e+00,8.525599414533985509e+00,9.754166666666677643e-02,1.458333333333339255e-03,1.260000000000003340e-01,1.458333333333327111e-03,5.833333333333329485e+00,9.554572093283933976e-01,1.020175485878314081e+00,1.124774028406500426e+00,1.020175485878314081e+00,1.905830371822505853e+01,3.811660743645011634e+07,6.519561815336463440e+01,1.303912363067292571e+08,7.968300350632552487e+00,9.222222222222224275e+01,3.228467781816233284e+00,7.650278641364032239e+00,1.189586740586242808e+00,9.000000000000001332e-01,3.314228322349458411e-01,1.322484183835118010e+00,8.896713615023484900e-01,1.195882614835932056e+00,4.950000000000004974e+01,2.299999999999982947e+00,1.260000000000000009e-01,1.611650485436892666e+01,1.000000000000000222e+00,9.999999999999978906e-01,1.000000000000000000e+00,1.305390135898610859e+00,1.305390135898611038e-05,1.305390135898608836e-05,5.150000000000004796e+00,1.287629188850610396e+00,6.263696675314820439e-01,8.983929958971188512e-01,2.027981965048704982e+00
2.880000000000000000e+03,2.000000000000000000e+00,2.149500000000000455e+03,1.500000000000000355e+01,5.737704918032783041e+00,4.944115905126477010e+05,2.509362401236206797e+00,1.324083061658435589e+00,4.283432260766824484e+00,3.740902464110247294e-01,4.508185437600094936e+00,1.489993492088166782e+00,1.141198426987450221e+00,7.666666666666639429e-01,-2.324147166644269709e-13,5.216618844048488285e-14,1.305390135898610859e+00,9.999999999999996669e-01,7.499999999999997780e-01,2.499999999999999167e-01,1.332098882153444297e+00,9.927822938318336954e-01,1.271650485436892630e+01,4.716373441108467901e+00,0.000000000000000000e+00,3.399999999999999911e+00,1.483726275752677015e+00,5.012287703795993643e+00,3.994983465542327306e+00,1.000000000000000142e+02,1.228080173675003550e+00,1.432999999999999829e+02,5.150000000000003908e+00,-8.881784197001252323e-16,-2.202285662861180882e-20,7.450597055417622820e-17,0.000000000000000000e+00,9.999999999999996669e-01,1.000000000000000000e+00,9.573839264418487760e-01,4.777286046641966988e-01,6.009571933243091912e-01,9.739767590561110300e-01,8.806026525605162858e-01,1.000000000000000000e+00,1.000000000000000000e+00,1.000000000000000000e+00,8.758403872255930978e-01,9.900000000000011569e-02,9.900000000000011369e+01,5.867605633802817522e+01,9.755099865317411467e-01,9.970919826324995405e-01,9.512885782515074773e-01,7.533503593601430737e+00,1.038453391709286855e+00,1.014688563072567939e+00,7.666666666666609453e-01,1.141198426987450887e+00,1.267605633802818232e+01,8.149037000748650082e-17,1.800000000000000000e+01,5.867605633802818232e+01,7.105427357601001859e-15,8.300000000000002842e+01,0.000000000000000000e+00,9.022132710207818596e-01,9.022132710207818596e-01,2.830630901907675412e+00,2.704469683558353044e+00,2.956630901907675746e+00,1.418670000000001430e+01,5.661100585466028789e+00,8.525599414533985509e+00,9.754166666666677643e-02,1.458333333333339255e-03,1.260000000000003340e-01,1.458333333333327111e-03,5.833333333333329485e+00,9.554572093283933976e-01,1.020175485878314081e+00,1.124774028406500426e+00,1.020175485878314081e+00,1.905830371822505853e+01,3.811660743645011634e+07,6.519561815336463440e+01,1.303912363067292571e+08,7.968300350632552487e+00,9.222222222222224275e+01,3.228467781816233284e+00,7.650278641364032239e+00,1.189586740586242808e+00,9.000000000000001332e-01,3.314228322349458411e-01,1.322484183835118010e+00,8.896713615023484900e-01,1.195882614835932056e+00,4.950000000000004974e+01,2.299999999999982947e+00,1.260000000000000009e-01,1.611650485436892666e+01,1.000000000000000222e+00,9.999999999999978906e-01,1.000000000000000000e+00,1.305390135898610859e+00,1.305390135898611038e-05,1.305390135898608836e-05,5.150000000000004796e+00,1.287629188850610396e+00,6.263696675314820439e-01,8.983929958971188512e-01,2.027981965048704982e+00
3.000000000000000000e+03,2.083333333333333481e+00,2.149500000000000455e+03,1.500000000000000355e+01,5.737704918032783041e+00,4.944115905126477010e+05,2.509362401236206797e+00,1.324083061658435589e+00,4.283432260766824484e+00,3.740902464110247294e-01,4.508185437600094936e+00,1.489993492088166782e+00,1.141198426987450221e+00,7.666666666666639429e-01,-2.439573153384243954e-13,5.271925473460460796e-14,1.305390135898610859e+00,9.999999999999996669e-01,7.499999999999997780e-01,2.499999999999999167e-01,1.332098882153444297e+00,9.927822938318336954e-01,1.271650485436892630e+01,4.716373441108467901e+00,0.000000000000000000e+00,3.399999999999999911e+00,1.483726275752677015e+00,5.012287703795993643e+00,3.994983465542327306e+00,1.000000000000000142e+02,1.228080173675003550e+00,1.432999999999999829e+02,5.150000000000003908e+00,-8.881784197001252323e-16,-2.202285662861180882e-20,7.411882414829243129e-17,0.000000000000000000e+00,9.999999999999996669e-01,1.000000000000000000e+00,9.573839264418487760e-01,4.777286046641966988e-01,6.009571933243091912e-01,9.739767590561110300e-01,8.806026525605162858e-01,1.000000000000000000e+00,1.000000000000000000e+00,1.000000000000000000e+00,8.758403872255930978e-01,9.900000000000011569e-02,9.900000000000011369e+01,5.867605633802817522e+01,9.755099865317411467e-01,9.970919826324995405e-01,9.512885782515074773e-01,7.533503593601430737e+00,1.038453391709286855e+00,1.014688563072567939e+00,7.666666666666609453e-01,1.141198426987450887e+00,1.267605633802818232e+01,8.149037000748650082e-17,1.800000000000000000e+01,5.867605633802818232e+01,7.105427357601001859e-15,8.300000000000002842e+01,0.000000000000000000e+00,9.022132710207818596e-01,9.022132710207818596e-01,2.830630901907675412e+00,2.704469683558353044e+00,2.956630901907675746e+00,1.418670000000001430e+01,5.661100585466028789e+00,8.525599414533985509e+00,9.754166666666677643e-02,1.458333333333339255e-03,1.260000000000003340e-01,1.458333333333327111e-03,5.833333333333329485e+00,9.554572093283933976e-01,1.020175485878314081e+00,1.124774028406500426e+00,1.020175485878314081e+00,1.905830371822505853e+01,3.811660743645011634e+07,6.519561815336463440e+01,1.303912363067292571e+08,7.968300350632552487e+00,9.222222222222224275e+01,3.228467781816233284e+00,7.650278641364032239e+00,1.189586740586242808e+00,9.000000000000001332e-01,3.314228322349458411e-01,1.322484183835118010e+00,8.896713615023484900e-01,1.195882614835932056e+00,4.950000000000004974e+01,2.299999999999982947e+00,1.260000000000000009e-01,1.611650485436892666e+01,1.000000000000000222e+00,9.999999999999978906e-01,1.000000000000000000e+00,1.305390135898610859e+00,1.305390135898611038e-05,1.305390135898608836e-05,5.150000000000004796e+00,1.287629188850610396e+00,6.263696675314820439e-01,8.983929958971188512e-01,2.027981965048704982e+00
3.120000000000000000e+03,2.166666666666666519e+00,2.149500000000000455e+03,1.500000000000000355e+01,5.737704918032783041e+00,4.944115905126477010e+05,2.509362401236206797e+00,1.324083061658435589e+00,4.283432260766824484e+00,3.740902464110247294e-01,4.508185437600094936e+00,1.489993492088166782e+00,1.141198426987450443e+00,7.666666666666639429e-01,-2.554999140124217190e-13,5.327232102872432676e-14,1.305390135898610859e+00,9.999999999999996669e-01,7.499999999999997780e-01,2.499999999999999167e-01,1.332098882153444297e+00,9.927822938318336954e-01,1.271650485436892630e+01,4.716373441108467901e+00,0.000000000000000000e+00,3.399999999999999911e+00,1.483726275752677015e+00,5.012287703795993643e+00,3.994983465542327306e+00,1.000000000000000426e+02,1.228080173675003550e+00,1.432999999999999829e+02,5.150000000000003908e+00,-8.881784197001252323e-16,-2.202285662861180882e-20,7.373167774240863438e-17,0.000000000000000000e+00,9.999999999999996669e-01,1.000000000000000000e+00,9.573839264418487760e-01,4.777286046641966988e-01,6.009571933243091912e-01,9.739767590561110300e-01,8.806026525605162858e-01,1.000000000000000000e+00,1.000000000000000000e+00,1.000000000000000000e+00,8.758403872255930978e-01,9.900000000000011569e-02,9.900000000000011369e+01,5.867605633802817522e+01,9.755099865317411467e-01,9.970919826324995405e-01,9.512885782515074773e-01,7.533503593601430737e+00,1.038453391709286855e+00,1.014688563072567939e+00,7.666666666666609453e-01,1.141198426987450887e+00,1.267605633802818232e+01,8.149037000748650082e-17,1.800000000000000000e+01,5.867605633802818232e+01,7.105427357601001859e-15,8.300000000000002842e+01,0.000000000000000000e+00,9.022132710207818596e-01,9.022132710207818596e-01,2.830630901907675412e+00,2.704469683558353044e+00,2.956630901907675746e+00,1.418670000000001430e+01,5.661100585466028789e+00,8.525599414533985509e+00,9.754166666666677643e-02,1.458333333333339255e-03,1.260000000000003340e-01,1.458333333333327111e-03,5.833333333333329485e+00,9.554572093283933976e-01,1.020175485878314081e+00,1.124774028406500426e+00,1.020175485878314081e+00,1.905830371822505853e+01,3.811660743645011634e+07,6.519561815336463440e+01,1.303912363067292571e+08,7.968300350632552487e+00,9.222222222222224275e+01,3.228467781816233284e+00,7.650278641364032239e+00,1.189586740586242808e+00,9.000000000000001332e-01,3.314228322349458411e-01,1.322484183835118010e+00,8.896713615023484900e-01,1.195882614835932056e+00,4.950000000000004974e+01,2.299999999999982947e+00,1.260000000000000009e-01,1.611650485436892666e+01,1.000000000000000222e+00,9.999999999999978906e-01,1.000000000000000000e+00,1.305390135898610859e+00,1.305390135898611038e-05,1.305390135898608836e-05,5.150000000000004796e+00,1.287629188850610396e+00,6.263696675314820439e-01,8.983929958971188512e-01,2.027981965048704982e+00
3.240000000000000000e+03,2.250000000000000000e+00,2.149500000000000455e+03,1.500000000000000178e+01,5.737704918032783041e+00,4.944115905126477010e+05,2.509362401236207241e+00,1.324083061658435589e+00,4.283432260766824484e+00,3.740902464110247294e-01,4.508185437600094936e+00,1.489993492088166782e+00,1.141198426987450443e+00,7.666666666666640539e-01,-2.670425126864191435e-13,5.382538732284405188e-14,1.305390135898610859e+00,1.000000000000000000e+00,7.500000000000000000e-01,2.500000000000000000e-01,1.332098882153444741e+00,9.927822938318336954e-01,1.271650485436892986e+01,4.716373441108467901e+00,0.000000000000000000e+00,3.399999999999999911e+00,1.483726275752677681e+00,5.012287703795992755e+00,3.994983465542327750e+00,1.000000000000000426e+02,1.228080173675003550e+00,1.433000000000000114e+02,5.150000000000000355e+00,0.000000000000000000e+00,0.000000000000000000e+00,-3.767777112599083506e-17,0.000000000000000000e+00,1.000000000000000000e+00,1.000000000000000000e+00,9.573839264418489980e-01,4.777286046641966988e-01,6.009571933243091912e-01,9.739767590561110300e-01,8.806026525605162858e-01,1.000000000000000000e+00,1.000000000000000000e+00,1.000000000000000000e+00,8.758403872255930978e-01,9.899999999999999079e-02,9.899999999999998579e+01,5.867605633802817522e+01,9.755099865317411467e-01,9.970919826324995405e-01,9.512885782515076993e-01,7.533503593601426296e+00,1.038453391709286855e+00,1.014688563072567939e+00,7.666666666666704932e-01,1.141198426987449999e+00,1.267605633802816811e+01,0.000000000000000000e+00,1.800000000000000000e+01,5.867605633802816811e+01,-7.105427357601001859e-15,8.300000000000000000e+01,0.000000000000000000e+00,9.022132710207813044e-01,9.022132710207813044e-01,2.830630901907673191e+00,2.704469683558350379e+00,2.956630901907673081e+00,1.418670000000000009e+01,5.661100585466023460e+00,8.525599414533976628e+00,9.754166666666666541e-02,1.458333333333325377e-03,1.259999999999998899e-01,1.458333333333327111e-03,5.833333333333329485e+00,9.554572093283933976e-01,1.020175485878314081e+00,1.124774028406500426e+00,1.020175485878314081e+00,1.905830371822504432e+01,3.811660743645008653e+07,6.519561815336463440e+01,1.303912363067292571e+08,7.968300350632545381e+00,9.222222222222222854e+01,3.228467781816233284e+00,7.650278641364048227e+00,1.189586740586242808e+00,8.999999999999999112e-01,3.314228322349465627e-01,1.322484183835118454e+00,8.896713615023473798e-01,1.195882614835931612e+00,4.949999999999999289e+01,2.300000000000011369e+00,1.260000000000000009e-01,1.611650485436893021e+01,1.000000000000000222e+00,1.000000000000000000e+00,1.000000000000000000e+00,1.305390135898610859e+00,1.305390135898611038e-05,1.305390135898611038e-05,5.150000000000000355e+00,1.287629188850610618e+00,6.263696675314820439e-01,8.983929958971170748e-01,2.027981965048707647e+00
3.360000000000000000e+03,2.333333333333333481e+00,2.149500000000000455e+03,1.500000000000000178e+01,5.737704918032783930e+00,4.944115905126477010e+05,2.509362401236207241e+00,1.324083061658435589e+00,4.283432260766824484e+00,3.740902464110247294e-01,4.508185437600094936e+00,1.489993492088166782e+00,1.141198426987450443e+00,7.666666666666640539e-01,-2.785851113604164671e-13,5.437845361696377068e-14,1.305390135898610859e+00,1.000000000000000000e+00,7.500000000000000000e-01,2.500000000000000000e-01,1.332098882153444741e+00,9.927822938318336954e-01,1.271650485436892986e+01,4.716373441108467901e+00,0.000000000000000000e+00,3.399999999999999911e+00,1.483726275752677681e+00,5.012287703795992755e+00,3.994983465542327750e+00,1.000000000000000426e+02,1.228080173675003550e+00,1.433000000000000114e+02,5.150000000000000355e+00,0.000000000000000000e+00,0.000000000000000000e+00,-3.806491753187463813e-17,0.000000000000000000e+00,1.000000000000000000e+00,1.000000000000000000e+00,9.573839264418489980e-01,4.777286046641966988e-01,6.009571933243091912e-01,9.739767590561110300e-01,8.806026525605162858e-01,1.000000000000000000e+00,1.000000000000000000e+00,1.000000000000000000e+00,8.758403872255930978e-01,9.899999999999999079e-02,9.899999999999998579e+01,5.867605633802817522e+01,9.755099865317411467e-01,9.970919826324995405e-01,9.512885782515076993e-01,7.533503593601426296e+00,1.038453391709286855e+00,1.014688563072567939e+00,7.666666666666704932e-01,1.141198426987449999e+00,1.267605633802816811e+01,0.000000000000000000e+00,1.800000000000000000e+01,5.867605633802816811e+01,-7.105427357601001859e-15,8.300000000000000000e+01,0.000000000000000000e+00,9.022132710207813044e-01,9.022132710207813044e-01,2.830630901907673191e+00,2.704469683558350379e+00,2.956630901907673081e+00,1.418670000000000009e+01,5.661100585466023460e+00,8.525599414533976628e+00,9.754166666666666541e-02,1.458333333333325377e-03,1.259999999999998899e-01,1.458333333333327111e-03,5.833333333333330373e+00,9.554572093283933976e-01,1.020175485878314081e+00,1.124774028406500426e+00,1.020175485878314081e+00,1.905830371822504432e+01,3.811660743645008653e+07,6.519561815336463440e+01,1.303912363067292571e+08,7.968300350632545381e+00,9.222222222222222854e+01,3.228467781816233284e+00,7.650278641364048227e+00,1.189586740586242808e+00,8.999999999999999112e-01,3.314228322349465627e-01,1.322484183835118454e+00,8.896713615023473798e-01,1.195882614835931612e+00,4.949999999999999289e+01,2.300000000000011369e+00,1.260000000000000009e-01,1.611650485436893021e+01,1.000000000000000222e+00,1.000000000000000000e+00,1.000000000000000000e+00,1.305390135898610859e+00,1.305390135898611038e-05,1.305390135898611038e-05,5.150000000000000355e+00,1.287629188850610618e+00,6.263696675314820439e-01,8.983929958971170748e-01,2.027981965048707647e+00
3.480000000000000000e+03,2.416666666666666519e+00,2.149500000000000455e+03,1.500000000000000178e+01,5.737704918032783930e+00,4.944115905126477010e+05,2.509362401236207241e+00,1.324083061658435589e+00,4.283432260766824484e+00,3.740902464110247294e-01,4.508185437600094936e+00,1.489993492088166782e+00,1.141198426987450443e+00,7.666666666666640539e-01,-2.901277100344138916e-13,5.493151991108349579e-14,1.305390135898610859e+00,1.000000000000000000e+00,7.500000000000000000e-01,2.500000000000000000e-01,1.332098882153444741e+00,9.927822938318336954e-01,1.271650485436892986e+01,4.716373441108467901e+00,0.000000000000000000e+00,3.399999999999999911e+00,1.483726275752677681e+00,5.012287703795992755e+00,3.994983465542327750e+00,1.000000000000000426e+02,1.228080173675003550e+00,1.433000000000000114e+02,5.150000000000000355e+00,0.000000000000000000e+00,0.000000000000000000e+00,-3.845206393775844737e-17,0.000000000000000000e+00,1.000000000000000000e+00,1.000000000000000000e+00,9.573839264418489980e-01,4.777286046641966988e-01,6.009571933243091912e-01,9.739767590561110300e-01,8.806026525605162858e-01,1.000000000000000000e+00,1.000000000000000000e+00,1.000000000000000000e+00,8.758403872255930978e-01,9.899999999999999079e-02,9.899999999999998579e+01,5.867605633802817522e+01,9.755099865317411467e-01,9.970919826324995405e-01,9.512885782515076993e-01,7.533503593601426296e+00,1.038453391709286855e+00,1.014688563072567939e+00,7.666666666666704932e-01,1.141198426987449999e+00,1.267605633802816811e+01,0.000000000000000000e+00,1.800000000000000000e+01,5.867605633802816811e+01,-7.105427357601001859e-15,8.300000000000000000e+01,0.000000000000000000e+00,9.022132710207813044e-01,9.022132710207813044e-01,2.830630901907673191e+00,2.704469683558350379e+00,2.956630901907673081e+00,1.418670000000000009e+01,5.661100585466023460e+00,8.525599414533976628e+00,9.754166666666666541e-02,1.458333333333325377e-03,1.259999999999998899e-01,1.458333333333327111e-03,5.833333333333330373e+00,9.554572093283933976e-01,1.020175485878314081e+00,1.124774028406500426e+00,1.020175485878314081e+00,1.905830371822504432e+01,3.811660743645008653e+07,6.519561815336463440e+01,1.303912363067292571e+08,7.968300350632545381e+00,9.222222222222222854e+01,3.228467781816233284e+00,7.650278641364048227e+00,1.189586740586242808e+00,8.999999999999999112e-01,3.314228322349465627e-01,1.322484183835118454e+00,8.896713615023473798e-01,1.195882614835931612e+00,4.949999999999999289e+01,2.300000000000011369e+00,1.260000000000000009e-01,1.611650485436893021e+01,1.000000000000000222e+00,1.000000000000000000e+00,1.000000000000000000e+00,1.305390135898610859e+00,1.305390135898611038e-05,1.305390135898611038e-05,5.150000000000000355e+00,1.287629188850610618e+00,6.263696675314820439e-01,8.983929958971170748e-01,2.027981965048707647e+00
3.600000000000000000e+03,2.500000000000000000e+00,2.149500000000000000e+03,1.500000000000000178e+01,5.737704918032783930e+00,4.944115905126477010e+05,2.509362401236207241e+00,1.324083061658435589e+00,4.283432260766824484e+00,3.740902464110247294e-01,4.508185437600094936e+00,1.489993492088166782e+00,1.141198426987450443e+00,7.666666666666640539e-01,-3.016703087084113162e-13,5.548458620520321459e-14,1.305390135898610859e+00,1.000000000000000000e+00,7.500000000000000000e-01,2.500000000000000000e-01,1.332098882153444741e+00,9.927822938318336954e-01,1.271650485436892986e+01,4.716373441108467901e+00,0.000000000000000000e+00,3.399999999999999911e+00,1.483726275752677681e+00,5.012287703795992755e+00,3.994983465542327750e+00,1.000000000000000426e+02,1.228080173675003550e+00,1.432999999999999829e+02,5.150000000000000355e+00,0.000000000000000000e+00,0.000000000000000000e+00,-3.883921034364225044e-17,0.000000000000000000e+00,1.000000000000000000e+00,1.000000000000000000e+00,9.573839264418489980e-01,4.777286046641966988e-01,6.009571933243091912e-01,9.739767590561110300e-01,8.806026525605162858e-01,1.000000000000000000e+00,1.000000000000000000e+00,1.000000000000000000e+00,8.758403872255930978e-01,9.899999999999999079e-02,9.899999999999998579e+01,5.867605633802817522e+01,9.755099865317411467e-01,9.970919826324995405e-01,9.512885782515076993e-01,7.533503593601426296e+00,1.038453391709286855e+00,1.014688563072567939e+00,7.666666666666609453e-01,1.141198426987452219e+00,1.267605633802816811e+01,0.000000000000000000e+00,1.800000000000000000e+01,5.867605633802816811e+01,-7.105427357601001859e-15,8.300000000000000000e+01,0.000000000000000000e+00,9.022132710207813044e-01,9.022132710207813044e-01,2.830630901907672303e+00,2.704469683558349491e+00,2.956630901907672193e+00,1.418669999999999654e+01,5.661100585466021684e+00,8.525599414533974851e+00,9.754166666666666541e-02,1.458333333333325377e-03,1.259999999999998899e-01,1.458333333333327111e-03,5.833333333333330373e+00,9.554572093283933976e-01,1.020175485878314081e+00,1.124774028406500426e+00,1.020175485878314081e+00,1.905830371822504432e+01,3.811660743645008653e+07,6.519561815336463440e+01,1.303912363067292571e+08,7.968300350632545381e+00,9.222222222222222854e+01,3.228467781816233284e+00,7.650278641364054444e+00,1.189586740586242808e+00,8.999999999999999112e-01,3.314228322349468403e-01,1.322484183835118454e+00,8.896713615023473798e-01,1.195882614835931612e+00,4.949999999999999289e+01,2.299999999999982947e+00,1.260000000000000009e-01,1.611650485436893021e+01,1.000000000000000222e+00,1.000000000000000888e+00,1.000000000000000000e+00,1.305390135898610859e+00,1.305390135898611038e-05,1.305390135898611038e-05,5.150000000000000355e+00,1.287629188850610618e+00,6.263696675314820439e-01,8.983929958971188512e-01,2.027981965048707647e+00
3.720000000000000000e+03,2.583333333333333481e+00,2.149500000000000000e+03,1.500000000000000178e+01,5.737704918032783930e+00,4.944115905126477010e+05,2.509362401236207241e+00,1.324083061658435589e+00,4.283432260766824484e+00,3.740902464110247294e-01,4.508185437600094936e+00,1.489993492088166782e+00,1.141198426987450443e+00,7.666666666666641650e-01,-3.132129073824086397e-13,5.603765249932293970e-14,1.305390135898610859e+00,1.000000000000000000e+00,7.500000000000000000e-01,2.500000000000000000e-01,1.332098882153444741e+00,9.927822938318336954e-01,1.271650485436892986e+01,4.716373441108467901e+00,0.000000000000000000e+00,3.399999999999999911e+00,1.483726275752677681e+00,5.012287703795992755e+00,3.994983465542328638e+00,1.000000000000000426e+02,1.228080173675003550e+00,1.432999999999999829e+02,5.150000000000000355e+00,0.000000000000000000e+00,0.000000000000000000e+00,-3.922635674952605968e-17,0.000000000000000000e+00,1.000000000000000000e+00,1.000000000000000000e+00,9.573839264418489980e-01,4.777286046641966988e-01,6.009571933243091912e-01,9.739767590561110300e-01,8.806026525605162858e-01,1.000000000000000000e+00,1.000000000000000000e+00,1.000000000000000000e+00,8.758403872255930978e-01,9.899999999999999079e-02,9.899999999999998579e+01,5.867605633802817522e+01,9.755099865317411467e-01,9.970919826324995405e-01,9.512885782515076993e-01,7.533503593601426296e+00,1.038453391709287077e+00,1.014688563072567939e+00,7.666666666666609453e-01,1.141198426987452219e+00,1.267605633802816811e+01,0.000000000000000000e+00,1.800000000000000000e+01,5.867605633802816811e+01,-7.105427357601001859e-15,8.300000000000000000e+01,0.000000000000000000e+00,9.022132710207813044e-01,9.022132710207813044e-01,2.830630901907672303e+00,2.704469683558349491e+00,2.956630901907672193e+00,1.418669999999999654e+01,5.661100585466021684e+00,8.525599414533974851e+00,9.754166666666666541e-02,1.458333333333325377e-03,1.259999999999998899e-01,1.458333333333328846e-03,5.833333333333330373e+00,9.554572093283933976e-01,1.020175485878314081e+00,1.124774028406500426e+00,1.020175485878314081e+00,1.905830371822504432e+01,3.811660743645008653e+07,6.519561815336463440e+01,1.303912363067292571e+08,7.968300350632545381e+00,9.222222222222222854e+01,3.228467781816233284e+00,7.650278641364054444e+00,1.189586740586242808e+00,8.999999999999999112e-01,3.314228322349468403e-01,1.322484183835118454e+00,8.896713615023473798e-01,1.195882614835931612e+00,4.949999999999999289e+01,2.299999999999982947e+00,1.260000000000000009e-01,1.611650485436893021e+01,1.000000000000000222e+00,1.000000000000000888e+00,1.000000000000000000e+00,1.305390135898610859e+00,1.305390135898611038e-05,1.305390135898611038e-05,5.150000000000000355e+00,1.287629188850610618e+00,6.263696675314820439e-01,8.983929958971188512e-01,2.027981965048707647e+00
3.840000000000000000e+03,2.666666666666666519e+00,2.149500000000000000e+03,1.500000000000000178e+01,5.737704918032783930e+00,4.944115905126477010e+05,2.509362401236207241e+00,1.324083061658435589e+00,4.283432260766824484e+00,3.740902464110247294e-01,4.508185437600094936e+00,1.489993492088166782e+00,1.141198426987450443e+00,7.666666666666641650e-01,-3.247555060564059633e-13,5.659071879344265851e-14,1.305390135898610859e+00,1.000000000000000000e+00,7.500000000000000000e-01,2.500000000000000000e-01,1.332098882153444741e+00,9.927822938318336954e-01,1.271650485436892986e+01,4.716373441108467901e+00,0.000000000000000000e+00,3.399999999999999911e+00,1.483726275752677681e+00,5.012287703795992755e+00,3.994983465542328638e+00,1.000000000000000426e+02,1.228080173675003550e+00,1.432999999999999829e+02,5.150000000000000355e+00,0.000000000000000000e+00,0.000000000000000000e+00,-3.961350315540986275e-17,0.000000000000000000e+00,1.000000000000000000e+00,1.000000000000000000e+00,9.573839264418489980e-01,4.777286046641966988e-01,6.009571933243091912e-01,9.739767590561110300e-01,8.806026525605162858e-01,1.000000000000000000e+00,1.000000000000000000e+00,1.000000000000000000e+00,8.758403872255930978e-01,9.899999999999999079e-02,9.899999999999998579e+01,5.867605633802817522e+01,9.755099865317411467e-01,9.970919826324995405e-01,9.512885782515076993e-01,7.533503593601426296e+00,1.038453391709287077e+00,1.014688563072567939e+00,7.666666666666609453e-01,1.141198426987452219e+00,1.267605633802816811e+01,0.000000000000000000e+00,1.800000000000000000e+01,5.867605633802816811e+01,-7.105427357601001859e-15,8.300000000000000000e+01,0.000000000000000000e+00,9.022132710207813044e-01,9.022132710207813044e-01,2.830630901907672303e+00,2.704469683558349491e+00,2.956630901907672193e+00,1.418669999999999654e+01,5.661100585466021684e+00,8.525599414533974851e+00,9.754166666666666541e-02,1.458333333333325377e-03,1.259999999999998899e-01,1.458333333333328846e-03,5.833333333333330373e+00,9.554572093283933976e-01,1.020175485878314081e+00,1.124774028406500426e+00,1.020175485878314081e+00,1.905830371822504432e+01,3.811660743645008653e+07,6.519561815336463440e+01,1.303912363067292571e+08,7.968300350632545381e+00,9.222222222222222854e+01,3.228467781816233284e+00,7.650278641364054444e+00,1.189586740586242808e+00,8.999999999999999112e-01,3.314228322349468403e-01,1.322484183835118454e+00,8.896713615023473798e-01,1.195882614835931612e+00,4.949999999999999289e+01,2.299999999999982947e+00,1.260000000000000009e-01,1.611650485436893021e+01,1.000000000000000222e+00,1.000000000000000888e+00,1.000000000000000000e+00,1.305390135898610859e+00,1.305390135898611038e-05,1.305390135898611038e-05,5.150000000000000355e+00,1.287629188850610618e+00,6.263696675314820439e-01,8.983929958971188512e-01,2.027981965048707647e+00
3.960000000000000000e+03,2.750000000000000000e+00,2.149500000000000000e+03,1.500000000000000178e+01,5.737704918032783930e+00,4.944115905126477010e+05,2.509362401236207241e+00,1.324083061658435589e+00,4.283432260766824484e+00,3.740902464110247294e-01,4.508185437600094936e+00,1.489993492088166782e+00,1.141198426987450443e+00,7.666666666666641650e-01,-3.362981047304033878e-13,5.714378508756237731e-14,1.305390135898610859e+00,1.000000000000000000e+00,7.500000000000000000e-01,2.500000000000000000e-01,1.332098882153444741e+00,9.927822938318336954e-01,1.271650485436892986e+01,4.716373441108467901e+00,0.000000000000000000e+00,3.399999999999999911e+00,1.483726275752677681e+00,5.012287703795992755e+00,3.994983465542328638e+00,1.000000000000000426e+02,1.228080173675003550e+00,1.432999999999999829e+02,5.150000000000000355e+00,0.000000000000000000e+00,0.000000000000000000e+00,-4.000064956129366582e-17,0.000000000000000000e+00,1.000000000000000000e+00,1.000000000000000000e+00,9.573839264418489980e-01,4.777286046641966988e-01,6.009571933243091912e-01,9.739767590561110300e-01,8.806026525605162858e-01,1.000000000000000000e+00,1.000000000000000000e+00,1.000000000000000000e+00,8.758403872255930978e-01,9.899999999999999079e-02,9.899999999999998579e+01,5.867605633802817522e+01,9.755099865317411467e-01,9.970919826324995405e-01,9.512885782515076993e-01,7.533503593601426296e+00,1.038453391709287077e+00,1.014688563072567939e+00,7.666666666666609453e-01,1.141198426987452219e+00,1.267605633802816811e+01,0.000000000000000000e+00,1.800000000000000000e+01,5.867605633802816811e+01,-7.105427357601001859e-15,8.300000000000000000e+01,0.000000000000000000e+00,9.022132710207813044e-01,9.022132710207813044e-01,2.830630901907672303e+00,2.704469683558349491e+00,2.956630901907672193e+00,1.418669999999999654e+01,5.661100585466021684e+00,8.525599414533974851e+00,9.754166666666666541e-02,1.458333333333325377e-03,1.259999999999998899e-01,1.458333333333328846e-03,5.833333333333330373e+00,9.554572093283933976e-01,1.020175485878314081e+00,1.124774028406500426e+00,1.020175485878314081e+00,1.905830371822504432e+01,3.811660743645008653e+07,6.519561815336463440e+01,1.303912363067292571e+08,7.968300350632545381e+00,9.222222222222222854e+01,3.228467781816233284e+00,7.650278641364054444e+00,1.189586740586242808e+00,8.999999999999999112e-01,3.314228322349468403e-01,1.322484183835118454e+00,8.896713615023473798e-01,1.195882614835931612e+00,4.949999999999999289e+01,2.299999999999982947e+00,1.260000000000000009e-01,1.611650485436893021e+01,1.000000000000000222e+00,1.000000000000000888e+00,1.000000000000000000e+00,1.305390135898610859e+00,1.305390135898611038e-05,1.305390135898611038e-05,5.150000000000000355e+00,1.287629188850610618e+00,6.263696675314820439e-01,8.983929958971188512e-01,2.027981965048707647e+00
4.080000000000000000e+03,2.833333333333333481e+00,2.149500000000000000e+03,1.500000000000000178e+01,5.737704918032783930e+00,4.944115905126477010e+05,2.509362401236207241e+00,1.324083061658435589e+00,4.283432260766824484e+00,3.740902464110247294e-01,4.508185437600094936e+00,1.489993492088166782e+00,1.141198426987450443e+00,7.666666666666641650e-01,-3.478407034044008124e-13,5.769685138168209611e-14,1.305390135898610859e+00,1.000000000000000000e+00,7.500000000000000000e-01,2.500000000000000000e-01,1.332098882153444741e+00,9.927822938318336954e-01,1.271650485436892986e+01,4.716373441108467901e+00,0.000000000000000000e+00,3.399999999999999911e+00,1.483726275752677681e+00,5.012287703795992755e+00,3.994983465542328638e+00,1.000000000000000426e+02,1.228080173675003550e+00,1.432999999999999829e+02,5.150000000000000355e+00,0.000000000000000000e+00,0.000000000000000000e+00,-4.038779596717746889e-17,0.000000000000000000e+00,1.000000000000000000e+00,1.000000000000000000e+00,9.573839264418489980e-01,4.777286046641966988e-01,6.009571933243091912e-01,9.739767590561110300e-01,8.806026525605162858e-01,1.000000000000000000e+00,1.000000000000000000e+00,1.000000000000000000e+00,8.758403872255930978e-01,9.899999999999999079e-02,9.899999999999998579e+01,5.867605633802817522e+01,9.755099865317411467e-01,9.970919826324995405e-01,9.512885782515076993e-01,7.533503593601426296e+00,1.038453391709287077e+00,1.014688563072567939e+00,7.666666666666609453e-01,1.141198426987452219e+00,1.267605633802816811e+01,0.000000000000000000e+00,1.800000000000000000e+01,5.867605633802816811e+01,-7.105427357601001859e-15,8.300000000000000000e+01,0.000000000000000000e+00,9.022132710207813044e-01,9.022132710207813044e-01,2.830630901907672303e+00,2.704469683558349491e+00,2.956630901907672193e+00,1.418669999999999654e+01,5.661100585466021684e+00,8.525599414533974851e+00,9.754166666666666541e-02,1.458333333333325377e-03,1.259999999999998899e-01,1.458333333333328846e-03,5.833333333333330373e+00,9.554572093283933976e-01,1.020175485878314081e+00,1.124774028406500426e+00,1.020175485878314081e+00,1.905830371822504432e+01,3.811660743645008653e+07,6.519561815336463440e+01,1.303912363067292571e+08,7.968300350632545381e+00,9.222222222222222854e+01,3.228467781816233284e+00,7.650278641364054444e+00,1.189586740586242808e+00,8.999999999999999112e-01,3.314228322349468403e-01,1.322484183835118454e+00,8.896713615023473798e-01,1.195882614835931612e+00,4.949999999999999289e+01,2.299999999999982947e+00,1.260000000000000009e-01,1.611650485436893021e+01,1.000000000000000222e+00,1.000000000000000888e+00,1.000000000000000000e+00,1.305390135898610859e+00,1.305390135898611038e-05,1.305390135898611038e-05,5.150000000000000355e+00,1.287629188850610618e+00,6.263696675314820439e-01,8.983929958971188512e-01,2.027981965048707647e+00
4.200000000000000000e+03,2.916666666666666519e+00,2.149500000000000000e+03,1.500000000000000178e+01,5.737704918032783930e+00,4.944115905126477010e+05,2.509362401236207241e+00,1.324083061658435589e+00,4.283432260766824484e+00,3.740902464110247294e-01,4.508185437600094936e+00,1.489993492088166782e+00,1.141198426987450443e+00,7.666666666666641650e-01,-3.593833020783981359e-13,5.824991767580182753e-14,1.305390135898610859e+00,1.000000000000000000e+00,7.500000000000000000e-01,2.500000000000000000e-01,1.332098882153444741e+00,9.927822938318336954e-01,1.271650485436892986e+01,4.716373441108467901e+00,0.000000000000000000e+00,3.399999999999999911e+00,1.483726275752677681e+00,5.012287703795992755e+00,3.994983465542328638e+00,1.000000000000000426e+02,1.228080173675003550e+00,1.432999999999999829e+02,5.150000000000000355e+00,0.000000000000000000e+00,0.000000000000000000e+00,-4.077494237306127813e-17,0.000000000000000000e+00,1.000000000000000000e+00,1.000000000000000000e+00,9.573839264418489980e-01,4.777286046641966988e-01,6.009571933243091912e-01,9.739767590561110300e-01,8.806026525605162858e-01,1.000000000000000000e+00,1.000000000000000000e+00,1.000000000000000000e+00,8.758403872255930978e-01,9.899999999999999079e-02,9.899999999999998579e+01,5.867605633802817522e+01,9.755099865317411467e-01,9.970919826324995405e-01,9.512885782515076993e-01,7.533503593601426296e+00,1.038453391709287077e+00,1.014688563072567939e+00,7.666666666666609453e-01,1.141198426987452219e+00,1.267605633802816811e+01,0.000000000000000000e+00,1.800000000000000000e+01,5.867605633802816811e+01,-7.105427357601001859e-15,8.300000000000000000e+01,0.000000000000000000e+00,9.022132710207813044e-01,9.022132710207813044e-01,2.830630901907672303e+00,2.704469683558349491e+00,2.956630901907672193e+00,1.418669999999999654e+01,5.661100585466021684e+00,8.525599414533974851e+00,9.754166666666666541e-02,1.458333333333325377e-03,1.259999999999998899e-01,1.458333333333328846e-03,5.833333333333330373e+00,9.554572093283933976e-01,1.020175485878314081e+00,1.124774028406500426e+00,1.020175485878314081e+00,1.905830371822504432e+01,3.811660743645008653e+07,6.519561815336463440e+01,1.303912363067292571e+08,7.968300350632545381e+00,9.222222222222222854e+01,3.228467781816233284e+00,7.650278641364054444e+00,1.189586740586242808e+00,8.999999999999999112e-01,3.314228322349468403e-01,1.322484183835118454e+00,8.896713615023473798e-01,1.195882614835931612e+00,4.949999999999999289e+01,2.299999999999982947e+00,1.260000000000000009e-01,1.611650485436893021e+01,1.000000000000000222e+00,1.000000000000000888e+00,1.000000000000000000e+00,1.305390135898610859e+00,1.305390135898611038e-05,1.305390135898611038e-05,5.150000000000000355e+00,1.287629188850610618e+00,6.263696675314820439e-01,8.983929958971188512e-01,2.027981965048707647e+00
4.320000000000000000e+03,3.000000000000000000e+00,2.149500000000000000e+03,1.500000000000000178e+01,5.737704918032783930e+00,4.944115905126477010e+05,2.509362401236207241e+00,1.324083061658435589e+00,4.283432260766824484e+00,3.740902464110247294e-01,4.508185437600094936e+00,1.489993492088166782e+00,1.141198426987450443e+00,7.666666666666642760e-01,-3.709259007523954595e-13,5.880298396992154633e-14,1.305390135898610859e+00,1.000000000000000000e+00,7.500000000000000000e-01,2.500000000000000000e-01,1.332098882153444741e+00,9.927822938318336954e-01,1.271650485436892986e+01,4.716373441108467901e+00,0.000000000000000000e+00,3.399999999999999911e+00,1.483726275752677681e+00,5.012287703795992755e+00,3.994983465542329082e+00,1.000000000000000426e+02,1.228080173675003550e+00,1.432999999999999829e+02,5.150000000000000355e+00,0.000000000000000000e+00,0.000000000000000000e+00,-4.116208877894508120e-17,0.000000000000000000e+00,1.000000000000000000e+00,1.000000000000000000e+00,9.573839264418489980e-01,4.777286046641966988e-01,6.009571933243091912e-01,9.739767590561110300e-01,8.806026525605162858e-01,1.000000000000000000e+00,1.000000000000000000e+00,1.000000000000000000e+00,8.758403872255930978e-01,9.899999999999999079e-02,9.899999999999998579e+01,5.867605633802817522e+01,9.755099865317411467e-01,9.970919826324995405e-01,9.512885782515076993e-01,7.533503593601426296e+00,1.038453391709287077e+00,1.014688563072567939e+00,7.666666666666609453e-01,1.141198426987452219e+00,1.267605633802816811e+01,0.000000000000000000e+00,1.800000000000000000e+01,5.867605633802816811e+01,-7.105427357601001859e-15,8.300000000000000000e+01,0.000000000000000000e+00,9.022132710207813044e-01,9.022132710207813044e-01,2.830630901907672303e+00,2.704469683558349491e+00,2.956630901907672193e+00,1.418669999999999654e+01,5.661100585466021684e+00,8.525599414533974851e+00,9.754166666666666541e-02,1.458333333333325377e-03,1.259999999999998899e-01,1.458333333333328846e-03,5.833333333333330373e+00,9.554572093283933976e-01,1.020175485878314081e+00,1.124774028406500426e+00,1.020175485878314081e+00,1.905830371822504432e+01,3.811660743645008653e+07,6.519561815336463440e+01,1.303912363067292571e+08,7.968300350632545381e+00,9.222222222222222854e+01,3.228467781816233284e+00,7.650278641364054444e+00,1.189586740586242808e+00,8.999999999999999112e-01,3.314228322349468403e-01,1.322484183835118454e+00,8.896713615023473798e-01,1.195882614835931612e+00,4.949999999999999289e+01,2.299999999999982947e+00,1.260000000000000009e-01,1.611650485436893021e+01,1.000000000000000222e+00,1.000000000000000888e+00,1.000000000000000000e+00,1.305390135898610859e+00,1.305390135898611038e-05,1.305390135898611038e-05,5.150000000000000355e+00,1.287629188850610618e+00,6.263696675314820439e-01,8.983929958971188512e-01,2.027981965048707647e+00
4.440000000000000000e+03,3.083333333333333481e+00,2.149500000000000000e+03,1.500000000000000178e+01,5.737704918032783930e+00,4.944115905126477010e+05,2.509362401236207241e+00,1.324083061658435589e+00,4.283432260766824484e+00,3.740902464110247294e-01,4.508185437600094936e+00,1.489993492088166782e+00,1.141198426987450443e+00,7.666666666666642760e-01,-3.824684994263928840e-13,5.935605026404126513e-14,1.305390135898610859e+00,1.000000000000000000e+00,7.500000000000000000e-01,2.500000000000000000e-01,1.332098882153444741e+00,9.927822938318336954e-01,1.271650485436892986e+01,4.716373441108467901e+00,0.000000000000000000e+00,3.399999999999999911e+00,1.483726275752677681e+00,5.012287703795992755e+00,3.994983465542329082e+00,1.000000000000000426e+02,1.228080173675003550e+00,1.432999999999999829e+02,5.150000000000000355e+00,0.000000000000000000e+00,0.000000000000000000e+00,-4.154923518482888427e-17,0.000000000000000000e+00,1.000000000000000000e+00,1.000000000000000000e+00,9.573839264418489980e-01,4.777286046641966988e-01,6.009571933243091912e-01,9.739767590561110300e-01,8.806026525605162858e-01,1.000000000000000000e+00,1.000000000000000000e+00,1.000000000000000000e+00,8.758403872255930978e-01,9.899999999999999079e-02,9.899999999999998579e+01,5.867605633802817522e+01,9.755099865317411467e-01,9.970919826324995405e-01,9.512885782515076993e-01,7.533503593601426296e+00,1.038453391709287077e+00,1.014688563072567939e+00,7.666666666666609453e-01,1.141198426987452219e+00,1.267605633802816811e+01,0.000000000000000000e+00,1.800000000000000000e+01,5.867605633802816811e+01,-7.105427357601001859e-15,8.300000000000000000e+01,0.000000000000000000e+00,9.022132710207813044e-01,9.022132710207813044e-01,2.830630901907672303e+00,2.704469683558349491e+00,2.956630901907672193e+00,1.418669999999999654e+01,5.661100585466021684e+00,8.525599414533974851e+00,9.754166666666666541e-02,1.458333333333325377e-03,1.259999999999998899e-01,1.458333333333328846e-03,5.833333333333330373e+00,9.554572093283933976e-01,1.020175485878314081e+00,1.124774028406500426e+00,1.020175485878314081e+00,1.905830371822504432e+01,3.811660743645008653e+07,6.519561815336463440e+01,1.303912363067292571e+08,7.968300350632545381e+00,9.222222222222222854e+01,3.228467781816233284e+00,7.650278641364054444e+00,1.189586740586242808e+00,8.999999999999999112e-01,3.314228322349468403e-01,1.322484183835118454e+00,8.896713615023473798e-01,1.195882614835931612e+00,4.949999999999999289e+01,2.299999999999982947e+00,1.260000000000000009e-01,1.611650485436893021e+01,1.000000000000000222e+00,1.000000000000000888e+00,1.000000000000000000e+00,1.305390135898610859e+00,1.305390135898611038e-05,1.305390135898611038e-05,5.150000000000000355e+00,1.287629188850610618e+00,6.263696675314820439e-01,8.983929958971188512e-01,2.027981965048707647e+00
4.560000000000000000e+03,3.166666666666666519e+00,2.149500000000000000e+03,1.500000000000000178e+01,5.737704918032783930e+00,4.944115905126477010e+05,2.509362401236207241e+00,1.324083061658435589e+00,4.283432260766825372e+00,3.740902464110247849e-01,4.508185437600094936e+00,1.489993492088166782e+00,1.141198426987450443e+00,7.666666666666642760e-01,-3.940110981003903086e-13,5.990911655816098394e-14,1.305390135898610859e+00,1.000000000000000000e+00,7.500000000000000000e-01,2.500000000000000000e-01,1.332098882153444741e+00,9.927822938318336954e-01,1.271650485436892986e+01,4.716373441108467901e+00,0.000000000000000000e+00,3.399999999999999911e+00,1.483726275752677681e+00,5.012287703795992755e+00,3.994983465542329082e+00,1.000000000000000426e+02,1.228080173675003550e+00,1.432999999999999829e+02,5.150000000000000355e+00,0.000000000000000000e+00,0.000000000000000000e+00,-4.193638159071268735e-17,0.000000000000000000e+00,1.000000000000000000e+00,1.000000000000000000e+00,9.573839264418489980e-01,4.777286046641966988e-01,6.009571933243091912e-01,9.739767590561110300e-01,8.806026525605162858e-01,1.000000000000000000e+00,1.000000000000000000e+00,1.000000000000000000e+00,8.758403872255930978e-01,9.899999999999999079e-02,9.899999999999998579e+01,5.867605633802817522e+01,9.755099865317411467e-01,9.970919826324995405e-01,9.512885782515076993e-01,7.533503593601426296e+00,1.038453391709287077e+00,1.014688563072567939e+00,7.666666666666609453e-01,1.141198426987452219e+00,1.267605633802816811e+01,0.000000000000000000e+00,1.800000000000000000e+01,5.867605633802816811e+01,-7.105427357601001859e-15,8.300000000000000000e+01,0.000000000000000000e+00,9.022132710207813044e-01,9.022132710207813044e-01,2.830630901907672303e+00,2.704469683558349491e+00,2.956630901907672193e+00,1.418669999999999654e+01,5.661100585466021684e+00,8.525599414533974851e+00,9.754166666666666541e-02,1.458333333333325377e-03,1.259999999999998899e-01,1.458333333333328846e-03,5.833333333333330373e+00,9.554572093283933976e-01,1.020175485878314081e+00,1.124774028406500426e+00,1.020175485878314081e+00,1.905830371822504432e+01,3.811660743645008653e+07,6.519561815336463440e+01,1.303912363067292571e+08,7.968300350632545381e+00,9.222222222222222854e+01,3.228467781816233284e+00,7.650278641364054444e+00,1.189586740586242808e+00,8.999999999999999112e-01,3.314228322349468403e-01,1.322484183835118454e+00,8.896713615023473798e-01,1.195882614835931612e+00,4.949999999999999289e+01,2.299999999999982947e+00,1.260000000000000009e-01,1.611650485436893021e+01,1.000000000000000222e+00,1.000000000000000888e+00,1.000000000000000000e+00,1.305390135898610859e+00,1.305390135898611038e-05,1.305390135898611038e-05,5.150000000000000355e+00,1.287629188850610618e+00,6.263696675314820439e-01,8.983929958971188512e-01,2.027981965048707647e+00
4.680000000000000000e+03,3.250000000000000000e+00,2.149500000000000000e+03,1.500000000000000178e+01,5.737704918032783930e+00,4.944115905126477010e+05,2.509362401236207241e+00,1.324083061658435589e+00,4.283432260766825372e+00,3.740902464110247849e-01,4.508185437600094936e+00,1.489993492088166782e+00,1.141198426987450443e+00,7.666666666666642760e-01,-4.055536967743876321e-13,6.046218285228070274e-14,1.305390135898610859e+00,1.000000000000000000e+00,7.500000000000000000e-01,2.500000000000000000e-01,1.332098882153444741e+00,9.927822938318336954e-01,1.271650485436892986e+01,4.716373441108467901e+00,0.000000000000000000e+00,3.399999999999999911e+00,1.483726275752677681e+00,5.012287703795992755e+00,3.994983465542329082e+00,1.000000000000000426e+02,1.228080173675003550e+00,1.432999999999999829e+02,5.150000000000000355e+00,0.000000000000000000e+00,0.000000000000000000e+00,-4.232352799659649042e-17,0.000000000000000000e+00,1.000000000000000000e+00,1.000000000000000000e+00,9.573839264418489980e-01,4.777286046641966988e-01,6.009571933243091912e-01,9.739767590561110300e-01,8.806026525605162858e-01,1.000000000000000000e+00,1.000000000000000000e+00,1.000000000000000000e+00,8.758403872255930978e-01,9.899999999999999079e-02,9.899999999999998579e+01,5.867605633802817522e+01,9.755099865317411467e-01,9.970919826324995405e-01,9.512885782515076993e-01,7.533503593601426296e+00,1.038453391709287077e+00,1.014688563072567939e+00,7.666666666666609453e-01,1.141198426987452219e+00,1.267605633802816811e+01,0.000000000000000000e+00,1.800000000000000000e+01,5.867605633802816811e+01,-7.105427357601001859e-15,8.300000000000000000e+01,0.000000000000000000e+00,9.022132710207813044e-01,9.022132710207813044e-01,2.830630901907672303e+00,2.704469683558349491e+00,2.956630901907672193e+00,1.418669999999999654e+01,5.661100585466021684e+00,8.525599414533974851e+00,9.754166666666666541e-02,1.458333333333325377e-03,1.259999999999998899e-01,1.458333333333328846e-03,5.833333333333330373e+00,9.554572093283933976e-01,1.020175485878314081e+00,1.124774028406500426e+00,1.020175485878314081e+00,1.905830371822504432e+01,3.811660743645008653e+07,6.519561815336463440e+01,1.303912363067292571e+08,7.968300350632545381e+00,9.222222222222222854e+01,3.228467781816233284e+00,7.650278641364054444e+00,1.189586740586242808e+00,8.999999999999999112e-01,3.314228322349468403e-01,1.322484183835118454e+00,8.896713615023473798e-01,1.195882614835931612e+00,4.949999999999999289e+01,2.299999999999982947e+00,1.260000000000000009e-01,1.611650485436893021e+01,1.000000000000000222e+00,1.000000000000000888e+00,1.000000000000000000e+00,1.305390135898610859e+00,1.305390135898611038e-05,1.305390135898611038e-05,5.150000000000000355e+00,1.287629188850610618e+00,6.263696675314820439e-01,8.983929958971188512e-01,2.027981965048707647e+00
4.800000000000000000e+03,3.333333333333333481e+00,2.149500000000000000e+03,1.500000000000000178e+01,5.737704918032783930e+00,4.944115905126477010e+05,2.509362401236207241e+00,1.324083061658435589e+00,4.283432260766825372e+00,3.740902464110247849e-01,4.508185437600094936e+00,1.489993492088166782e+00,1.141198426987450443e+00,7.666666666666643870e-01,-4.170962954483850567e-13,6.101524914640043416e-14,1.305390135898610859e+00,1.000000000000000000e+00,7.500000000000000000e-01,2.500000000000000000e-01,1.332098882153444741e+00,9.927822938318336954e-01,1.271650485436892986e+01,4.716373441108467901e+00,0.000000000000000000e+00,3.399999999999999911e+00,1.483726275752677681e+00,5.012287703795992755e+00,3.994983465542329526e+00,1.000000000000000426e+02,1.228080173675003550e+00,1.432999999999999829e+02,5.150000000000000355e+00,0.000000000000000000e+00,0.000000000000000000e+00,-4.271067440248030582e-17,0.000000000000000000e+00,1.000000000000000000e+00,1.000000000000000000e+00,9.573839264418489980e-01,4.777286046641966988e-01,6.009571933243091912e-01,9.739767590561110300e-01,8.806026525605162858e-01,1.000000000000000000e+00,1.000000000000000000e+00,1.000000000000000000e+00,8.758403872255930978e-01,9.899999999999999079e-02,9.899999999999998579e+01,5.867605633802817522e+01,9.755099865317411467e-01,9.970919826324995405e-01,9.512885782515076993e-01,7.533503593601426296e+00,1.038453391709287077e+00,1.014688563072567939e+00,7.666666666666609453e-01,1.141198426987452219e+00,1.267605633802816811e+01,0.000000000000000000e+00,1.800000000000000000e+01,5.867605633802816811e+01,-7.105427357601001859e-15,8.300000000000000000e+01,0.000000000000000000e+00,9.022132710207813044e-01,9.022132710207813044e-01,2.830630901907672303e+00,2.704469683558349491e+00,2.956630901907672193e+00,1.418669999999999654e+01,5.661100585466021684e+00,8.525599414533974851e+00,9.754166666666666541e-02,1.458333333333325377e-03,1.259999999999998899e-01,1.458333333333328846e-03,5.833333333333330373e+00,9.554572093283933976e-01,1.020175485878314081e+00,1.124774028406500426e+00,1.020175485878314081e+00,1.905830371822504432e+01,3.811660743645008653e+07,6.519561815336463440e+01,1.303912363067292571e+08,7.968300350632545381e+00,9.222222222222222854e+01,3.228467781816233284e+00,7.650278641364054444e+00,1.189586740586242808e+00,8.999999999999999112e-01,3.314228322349468403e-01,1.322484183835118454e+00,8.896713615023473798e-01,1.195882614835931612e+00,4.949999999999999289e+01,2.299999999999982947e+00,1.260000000000000009e-01,1.611650485436893021e+01,1.000000000000000222e+00,1.000000000000000888e+00,1.000000000000000000e+00,1.305390135898610859e+00,1.305390135898611038e-05,1.305390135898611038e-05,5.150000000000000355e+00,1.287629188850610618e+00,6.263696675314820439e-01,8.983929958971188512e-01,2.027981965048707647e+00
4.920000000000000000e+03,3.416666666666666519e+00,2.149500000000000000e+03,1.500000000000000178e+01,5.737704918032783930e+00,4.944115905126477010e+05,2.509362401236207241e+00,1.324083061658435589e+00,4.283432260766825372e+00,3.740902464110247849e-01,4.508185437600094936e+00,1.489993492088166782e+00,1.141198426987450443e+00,7.666666666666643870e-01,-4.286388941223823802e-13,6.156831544052015296e-14,1.305390135898610859e+00,1.000000000000000000e+00,7.500000000000000000e-01,2.500000000000000000e-01,1.332098882153444741e+00,9.927822938318336954e-01,1.271650485436892986e+01,4.716373441108467901e+00,0.000000000000000000e+00,3.399999999999999911e+00,1.483726275752677681e+00,5.012287703795992755e+00,3.994983465542329526e+00,1.000000000000000426e+02,1.228080173675003550e+00,1.432999999999999829e+02,5.150000000000000355e+00,0.000000000000000000e+00,0.000000000000000000e+00,-4.309782080836410889e-17,0.000000000000000000e+00,1.000000000000000000e+00,1.000000000000000000e+00,9.573839264418489980e-01,4.777286046641966988e-01,6.009571933243091912e-01,9.739767590561110300e-01,8.806026525605162858e-01,1.000000000000000000e+00,1.000000000000000000e+00,1.000000000000000000e+00,8.758403872255930978e-01,9.899999999999999079e-02,9.899999999999998579e+01,5.867605633802817522e+01,9.755099865317411467e-01,9.970919826324995405e-01,9.512885782515076993e-01,7.533503593601426296e+00,1.038453391709287077e+00,1.014688563072567939e+00,7.666666666666609453e-01,1.141198426987452219e+00,1.267605633802816811e+01,0.000000000000000000e+00,1.800000000000000000e+01,5.867605633802816811e+01,-7.105427357601001859e-15,8.300000000000000000e+01,0.000000000000000000e+00,9.022132710207813044e-01,9.022132710207813044e-01,2.830630901907672303e+00,2.704469683558349491e+00,2.956630901907672193e+00,1.418669999999999654e+01,5.661100585466021684e+00,8.525599414533974851e+00,9.754166666666666541e-02,1.458333333333325377e-03,1.259999999999998899e-01,1.458333333333328846e-03,5.833333333333330373e+00,9.554572093283933976e-01,1.020175485878314081e+00,1.124774028406500426e+00,1.020175485878314081e+00,1.905830371822504432e+01,3.811660743645008653e+07,6.519561815336463440e+01,1.303912363067292571e+08,7.968300350632545381e+00,9.222222222222222854e+01,3.228467781816233284e+00,7.650278641364054444e+00,1.189586740586242808e+00,8.999999999999999112e-01,3.314228322349468403e-01,1.322484183835118454e+00,8.896713615023473798e-01,1.195882614835931612e+00,4.949999999999999289e+01,2.299999999999982947e+00,1.260000000000000009e-01,1.611650485436893021e+01,1.000000000000000222e+00,1.000000000000000888e+00,1.000000000000000000e+00,1.305390135898610859e+00,1.305390135898611038e-05,1.305390135898611038e-05,5.150000000000000355e+00,1.287629188850610618e+00,6.263696675314820439e-01,8.983929958971188512e-01,2.027981965048707647e+00
5.040000000000000000e+03,3.500000000000000000e+00,2.149500000000000000e+03,1.500000000000000178e+01,5.737704918032783930e+00,4.944115905126477010e+05,2.509362401236207241e+00,1.324083061658435589e+00,4.283432260766825372e+00,3.740902464110247849e-01,4.508185437600094936e+00,1.489993492088166782e+00,1.141198426987450443e+00,7.666666666666643870e-01,-4.401814927963797543e-13,6.212138173463987176e-14,1.305390135898610859e+00,1.000000000000000000e+00,7.500000000000000000e-01,2.500000000000000000e-01,1.332098882153444741e+00,9.927822938318336954e-01,1.271650485436892986e+01,4.716373441108467901e+00,0.000000000000000000e+00,3.399999999999999911e+00,1.483726275752677681e+00,5.012287703795992755e+00,3.994983465542329526e+00,1.000000000000000426e+02,1.228080173675003550e+00,1.432999999999999829e+02,5.150000000000000355e+00,0.000000000000000000e+00,0.000000000000000000e+00,-4.348496721424791196e-17,0.000000000000000000e+00,1.000000000000000000e+00,1.000000000000000000e+00,9.573839264418489980e-01,4.777286046641966988e-01,6.009571933243091912e-01,9.739767590561110300e-01,8.806026525605162858e-01,1.000000000000000000e+00,1.000000000000000000e+00,1.000000000000000000e+00,8.758403872255930978e-01,9.899999999999999079e-02,9.899999999999998579e+01,5.867605633802817522e+01,9.755099865317411467e-01,9.970919826324995405e-01,9.512885782515076993e-01,7.533503593601426296e+00,1.038453391709287077e+00,1.014688563072567939e+00,7.666666666666609453e-01,1.141198426987452219e+00,1.267605633802816811e+01,0.000000000000000000e+00,1.800000000000000000e+01,5.867605633802816811e+01,-7.105427357601001859e-15,8.300000000000000000e+01,0.000000000000000000e+00,9.022132710207813044e-01,9.022132710207813044e-01,2.830630901907672303e+00,2.704469683558349491e+00,2.956630901907672193e+00,1.418669999999999654e+01,5.661100585466021684e+00,8.525599414533974851e+00,9.754166666666666541e-02,1.458333333333325377e-03,1.259999999999998899e-01,1.458333333333328846e-03,5.833333333333330373e+00,9.554572093283933976e-01,1.020175485878314081e+00,1.124774028406500426e+00,1.020175485878314081e+00,1.905830371822504432e+01,3.811660743645008653e+07,6.519561815336463440e+01,1.303912363067292571e+08,7.968300350632545381e+00,9.222222222222222854e+01,3.228467781816233284e+00,7.650278641364054444e+00,1.189586740586242808e+00,8.999999999999999112e-01,3.314228322349468403e-01,1.322484183835118454e+00,8.896713615023473798e-01,1.195882614835931612e+00,4.949999999999999289e+01,2.299999999999982947e+00,1.260000000000000009e-01,1.611650485436893021e+01,1.000000000000000222e+00,1.000000000000000888e+00,1.000000000000000000e+00,1.305390135898610859e+00,1.305390135898611038e-05,1.305390135898611038e-05,5.150000000000000355e+00,1.287629188850610618e+00,6.263696675314820439e-01,8.983929958971188512e-01,2.027981965048707647e+00
5.160000000000000000e+03,3.583333333333333481e+00,2.149500000000000000e+03,1.500000000000000178e+01,5.737704918032783930e+00,4.944115905126477010e+05,2.509362401236207241e+00,1.324083061658435589e+00,4.283432260766825372e+00,3.740902464110247849e-01,4.508185437600094936e+00,1.489993492088166782e+00,1.141198426987450443e+00,7.666666666666643870e-01,-4.517240914703771788e-13,6.267444802875960319e-14,1.305390135898610859e+00,1.000000000000000000e+00,7.500000000000000000e-01,2.500000000000000000e-01,1.332098882153444741e+00,9.927822938318336954e-01,1.271650485436892986e+01,4.716373441108467901e+00,0.000000000000000000e+00,3.399999999999999911e+00,1.483726275752677681e+00,5.012287703795992755e+00,3.994983465542329526e+00,1.000000000000000426e+02,1.228080173675003550e+00,1.432999999999999829e+02,5.150000000000000355e+00,0.000000000000000000e+00,0.000000000000000000e+00,-4.387211362013172120e-17,0.000000000000000000e+00,1.000000000000000000e+00,1.000000000000000000e+00,9.573839264418489980e-01,4.777286046641966988e-01,6.009571933243091912e-01,9.739767590561110300e-01,8.806026525605162858e-01,1.000000000000000000e+00,1.000000000000000000e+00,1.000000000000000000e+00,8.758403872255930978e-01,9.899999999999999079e-02,9.899999999999998579e+01,5.867605633802817522e+01,9.755099865317411467e-01,9.970919826324995405e-01,9.512885782515076993e-01,7.533503593601426296e+00,1.038453391709287077e+00,1.014688563072567939e+00,7.666666666666609453e-01,1.141198426987452219e+00,1.267605633802816811e+01,0.000000000000000000e+00,1.800000000000000000e+01,5.867605633802816811e+01,-7.105427357601001859e-15,8.300000000000000000e+01,0.000000000000000000e+00,9.022132710207813044e-01,9.022132710207813044e-01,2.830630901907672303e+00,2.704469683558349491e+00,2.956630901907672193e+00,1.418669999999999654e+01,5.661100585466021684e+00,8.525599414533974851e+00,9.754166666666666541e-02,1.458333333333325377e-03,1.259999999999998899e-01,1.458333333333328846e-03,5.833333333333330373e+00,9.554572093283933976e-01,1.020175485878314081e+00,1.124774028406500426e+00,1.020175485878314081e+00,1.905830371822504432e+01,3.811660743645008653e+07,6.519561815336463440e+01,1.303912363067292571e+08,7.968300350632545381e+00,9.222222222222222854e+01,3.228467781816233284e+00,7.650278641364054444e+00,1.189586740586242808e+00,8.999999999999999112e-01,3.314228322349468403e-01,1.322484183835118454e+00,8.896713615023473798e-01,1.195882614835931612e+00,4.949999999999999289e+01,2.299999999999982947e+00,1.260000000000000009e-01,1.611650485436893021e+01,1.000000000000000222e+00,1.000000000000000888e+00,1.000000000000000000e+00,1.305390135898610859e+00,1.305390135898611038e-05,1.305390135898611038e-05,5.150000000000000355e+00,1.287629188850610618e+00,6.263696675314820439e-01,8.983929958971188512e-01,2.027981965048707647e+00
5.280000000000000000e+03,3.666666666666666519e+00,2.149500000000000000e+03,1.500000000000000178e+01,5.737704918032783930e+00,4.944115905126477010e+05,2.509362401236207241e+00,1.324083061658435589e+00,4.283432260766825372e+00,3.740902464110247849e-01,4.508185437600094936e+00,1.489993492088166782e+00,1.141198426987450443e+00,7.666666666666644980e-01,-4.632666901443745529e-13,6.322751432287932199e-14,1.305390135898610859e+00,1.000000000000000000e+00,7.500000000000000000e-01,2.500000000000000000e-01,1.332098882153444741e+00,9.927822938318336954e-01,1.271650485436892986e+01,4.716373441108467901e+00,0.000000000000000000e+00,3.399999999999999911e+00,1.483726275752677681e+00,5.012287703795992755e+00,3.994983465542330414e+00,1.000000000000000426e+02,1.228080173675003550e+00,1.432999999999999829e+02,5.150000000000000355e+00,0.000000000000000000e+00,0.000000000000000000e+00,-4.425926002601552427e-17,0.000000000000000000e+00,1.000000000000000000e+00,1.000000000000000000e+00,9.573839264418489980e-01,4.777286046641966988e-01,6.009571933243091912e-01,9.739767590561110300e-01,8.806026525605162858e-01,1.000000000000000000e+00,1.000000000000000000e+00,1.000000000000000000e+00,8.758403872255930978e-01,9.899999999999999079e-02,9.899999999999998579e+01,5.867605633802817522e+01,9.755099865317411467e-01,9.970919826324995405e-01,9.512885782515076993e-01,7.533503593601426296e+00,1.038453391709287299e+00,1.014688563072567939e+00,7.666666666666609453e-01,1.141198426987452219e+00,1.267605633802816811e+01,0.000000000000000000e+00,1.800000000000000000e+01,5.867605633802816811e+01,-7.105427357601001859e-15,8.300000000000000000e+01,0.000000000000000000e+00,9.022132710207813044e-01,9.022132710207813044e-01,2.830630901907672303e+00,2.704469683558349491e+00,2.956630901907672193e+00,1.418669999999999654e+01,5.661100585466021684e+00,8.525599414533974851e+00,9.754166666666666541e-02,1.458333333333325377e-03,1.259999999999998899e-01,1.458333333333328846e-03,5.833333333333330373e+00,9.554572093283933976e-01,1.020175485878314081e+00,1.124774028406500426e+00,1.020175485878314081e+00,1.905830371822504432e+01,3.811660743645008653e+07,6.519561815336463440e+01,1.303912363067292571e+08,7.968300350632545381e+00,9.222222222222222854e+01,3.228467781816233284e+00,7.650278641364054444e+00,1.189586740586242808e+00,8.999999999999999112e-01,3.314228322349468403e-01,1.322484183835118454e+00,8.896713615023473798e-01,1.195882614835931612e+00,4.949999999999999289e+01,2.299999999999982947e+00,1.260000000000000009e-01,1.611650485436893021e+01,1.000000000000000222e+00,1.000000000000000888e+00,1.000000000000000000e+00,1.305390135898610859e+00,1.305390135898611038e-05,1.305390135898611038e-05,5.150000000000000355e+00,1.287629188850610618e+00,6.263696675314820439e-01,8.983929958971188512e-01,2.027981965048707647e+00
5.400000000000000000e+03,3.750000000000000000e+00,2.149500000000000000e+03,1.500000000000000178e+01,5.737704918032783930e+00,4.944115905126477010e+05,2.509362401236207241e+00,1.324083061658435589e+00,4.283432260766825372e+00,3.740902464110247849e-01,4.508185437600094936e+00,1.489993492088166782e+00,1.141198426987450443e+00,7.666666666666644980e-01,-4.748092888183718764e-13,6.378058061699904079e-14,1.305390135898610859e+00,1.000000000000000000e+00,7.500000000000000000e-01,2.500000000000000000e-01,1.332098882153444741e+00,9.927822938318336954e-01,1.271650485436892986e+01,4.716373441108467901e+00,0.000000000000000000e+00,3.399999999999999911e+00,1.483726275752677681e+00,5.012287703795992755e+00,3.994983465542330414e+00,1.000000000000000426e+02,1.228080173675003550e+00,1.432999999999999829e+02,5.150000000000000355e+00,0.000000000000000000e+00,0.000000000000000000e+00,-4.464640643189932734e-17,0.000000000000000000e+00,1.000000000000000000e+00,1.000000000000000000e+00,9.573839264418489980e-01,4.777286046641966988e-01,6.009571933243091912e-01,9.739767590561110300e-01,8.806026525605162858e-01,1.000000000000000000e+00,1.000000000000000000e+00,1.000000000000000000e+00,8.758403872255930978e-01,9.899999999999999079e-02,9.899999999999998579e+01,5.867605633802817522e+01,9.755099865317411467e-01,9.970919826324995405e-01,9.512885782515076993e-01,7.533503593601426296e+00,1.038453391709287299e+00,1.014688563072567939e+00,7.666666666666609453e-01,1.141198426987452219e+00,1.267605633802816811e+01,0.000000000000000000e+00,1.800000000000000000e+01,5.867605633802816811e+01,-7.105427357601001859e-15,8.300000000000000000e+01,0.000000000000000000e+00,9.022132710207813044e-01,9.022132710207813044e-01,2.830630901907672303e+00,2.704469683558349491e+00,2.956630901907672193e+00,1.418669999999999654e+01,5.661100585466021684e+00,8.525599414533974851e+00,9.754166666666666541e-02,1.458333333333325377e-03,1.259999999999998899e-01,1.458333333333328846e-03,5.833333333333330373e+00,9.554572093283933976e-01,1.020175485878314081e+00,1.124774028406500426e+00,1.020175485878314081e+00,1.905830371822504432e+01,3.811660743645008653e+07,6.519561815336463440e+01,1.303912363067292571e+08,7.968300350632545381e+00,9.222222222222222854e+01,3.228467781816233284e+00,7.650278641364054444e+00,1.189586740586242808e+00,8.999999999999999112e-01,3.314228322349468403e-01,1.322484183835118454e+00,8.896713615023473798e-01,1.195882614835931612e+00,4.949999999999999289e+01,2.299999999999982947e+00,1.260000000000000009e-01,1.611650485436893021e+01,1.000000000000000222e+00,1.000000000000000888e+00,1.000000000000000000e+00,1.305390135898610859e+00,1.305390135898611038e-05,1.305390135898611038e-05,5.150000000000000355e+00,1.287629188850610618e+00,6.263696675314820439e-01,8.983929958971188512e-01,2.027981965048707647e+00
5.520000000000000000e+03,3.833333333333333481e+00,2.149500000000000000e+03,1.500000000000000178e+01,5.737704918032783930e+00,4.944115905126477010e+05,2.509362401236207241e+00,1.324083061658435589e+00,4.283432260766825372e+00,3.740902464110247849e-01,4.508185437600094936e+00,1.489993492088166782e+00,1.141198426987450443e+00,7.666666666666644980e-01,-4.863518874923693010e-13,6.433364691111875959e-14,1.305390135898610859e+00,1.000000000000000000e+00,7.500000000000000000e-01,2.500000000000000000e-01,1.332098882153444741e+00,9.927822938318336954e-01,1.271650485436892986e+01,4.716373441108467901e+00,0.000000000000000000e+00,3.399999999999999911e+00,1.483726275752677681e+00,5.012287703795992755e+00,3.994983465542330414e+00,1.000000000000000426e+02,1.228080173675003550e+00,1.432999999999999829e+02,5.150000000000000355e+00,0.000000000000000000e+00,0.000000000000000000e+00,-4.503355283778313041e-17,0.000000000000000000e+00,1.000000000000000000e+00,1.000000000000000000e+00,9.573839264418489980e-01,4.777286046641966988e-01,6.009571933243091912e-01,9.739767590561110300e-01,8.806026525605162858e-01,1.000000000000000000e+00,1.000000000000000000e+00,1.000000000000000000e+00,8.758403872255930978e-01,9.899999999999999079e-02,9.899999999999998579e+01,5.867605633802817522e+01,9.755099865317411467e-01,9.970919826324995405e-01,9.512885782515076993e-01,7.533503593601426296e+00,1.038453391709287299e+00,1.014688563072567939e+00,7.666666666666609453e-01,1.141198426987452219e+00,1.267605633802816811e+01,0.000000000000000000e+00,1.800000000000000000e+01,5.867605633802816811e+01,-7.105427357601001859e-15,8.300000000000000000e+01,0.000000000000000000e+00,9.022132710207813044e-01,9.022132710207813044e-01,2.830630901907672303e+00,2.704469683558349491e+00,2.956630901907672193e+00,1.418669999999999654e+01,5.661100585466021684e+00,8.525599414533974851e+00,9.754166666666666541e-02,1.458333333333325377e-03,1.259999999999998899e-01,1.458333333333328846e-03,5.833333333333330373e+00,9.554572093283933976e-01,1.020175485878314081e+00,1.124774028406500426e+00,1.020175485878314081e+00,1.905830371822504432e+01,3.811660743645008653e+07,6.519561815336463440e+01,1.303912363067292571e+08,7.968300350632545381e+00,9.222222222222222854e+01,3.228467781816233284e+00,7.650278641364054444e+00,1.189586740586242808e+00,8.999999999999999112e-01,3.314228322349468403e-01,1.322484183835118454e+00,8.896713615023473798e-01,1.195882614835931612e+00,4.949999999999999289e+01,2.299999999999982947e+00,1.260000000000000009e-01,1.611650485436893021e+01,1.000000000000000222e+00,1.000000000000000888e+00,1.000000000000000000e+00,1.305390135898610859e+00,1.305390135898611038e-05,1.305390135898611038e-05,5.150000000000000355e+00,1.287629188850610618e+00,6.263696675314820439e-01,8.983929958971188512e-01,2.027981965048707647e+00
5.640000000000000000e+03,3.916666666666666519e+00,2.149500000000000000e+03,1.500000000000000178e+01,5.737704918032783930e+00,4.944115905126477010e+05,2.509362401236207241e+00,1.324083061658435589e+00,4.283432260766825372e+00,3.740902464110247849e-01,4.508185437600094936e+00,1.489993492088166782e+00,1.141198426987450443e+00,7.666666666666644980e-01,-4.978944861663667255e-13,6.488671320523847839e-14,1.305390135898610859e+00,1.000000000000000000e+00,7.500000000000000000e-01,2.500000000000000000e-01,1.332098882153444741e+00,9.927822938318336954e-01,1.271650485436892986e+01,4.716373441108467901e+00,0.000000000000000000e+00,3.399999999999999911e+00,1.483726275752677681e+00,5.012287703795992755e+00,3.994983465542330414e+00,1.000000000000000426e+02,1.228080173675003550e+00,1.432999999999999829e+02,5.150000000000000355e+00,0.000000000000000000e+00,0.000000000000000000e+00,-4.542069924366693349e-17,0.000000000000000000e+00,1.000000000000000000e+00,1.000000000000000000e+00,9.573839264418489980e-01,4.777286046641966988e-01,6.009571933243091912e-01,9.739767590561110300e-01,8.806026525605162858e-01,1.000000000000000000e+00,1.000000000000000000e+00,1.000000000000000000e+00,8.758403872255930978e-01,9.899999999999999079e-02,9.899999999999998579e+01,5.867605633802817522e+01,9.755099865317411467e-01,9.970919826324995405e-01,9.512885782515076993e-01,7.533503593601426296e+00,1.038453391709287299e+00,1.014688563072567939e+00,7.666666666666609453e-01,1.141198426987452219e+00,1.267605633802816811e+01,0.000000000000000000e+00,1.800000000000000000e+01,5.867605633802816811e+01,-7.105427357601001859e-15,8.300000000000000000e+01,0.000000000000000000e+00,9.022132710207813044e-01,9.022132710207813044e-01,2.830630901907672303e+00,2.704469683558349491e+00,2.956630901907672193e+00,1.418669999999999654e+01,5.661100585466021684e+00,8.525599414533974851e+00,9.754166666666666541e-02,1.458333333333325377e-03,1.259999999999998899e-01,1.458333333333328846e-03,5.833333333333330373e+00,9.554572093283933976e-01,1.020175485878314081e+00,1.124774028406500426e+00,1.020175485878314081e+00,1.905830371822504432e+01,3.811660743645008653e+07,6.519561815336463440e+01,1.303912363067292571e+08,7.968300350632545381e+00,9.222222222222222854e+01,3.228467781816233284e+00,7.650278641364054444e+00,1.189586740586242808e+00,8.999999999999999112e-01,3.314228322349468403e-01,1.322484183835118454e+00,8.896713615023473798e-01,1.195882614835931612e+00,4.949999999999999289e+01,2.299999999999982947e+00,1.260000000000000009e-01,1.611650485436893021e+01,1.000000000000000222e+00,1.000000000000000888e+00,1.000000000000000000e+00,1.305390135898610859e+00,1.305390135898611038e-05,1.305390135898611038e-05,5.150000000000000355e+00,1.287629188850610618e+00,6.263696675314820439e-01,8.983929958971188512e-01,2.027981965048707647e+00
5.760000000000000000e+03,4.000000000000000000e+00,2.149500000000000000e+03,1.500000000000000178e+01,5.737704918032783930e+00,4.944115905126477010e+05,2.509362401236207241e+00,1.324083061658435589e+00,4.283432260766825372e+00,3.740902464110247849e-01,4.508185437600094936e+00,1.489993492088166782e+00,1.141198426987450443e+00,7.666666666666644980e-01,-5.094370848403640491e-13,6.543977949935820982e-14,1.305390135898610859e+00,1.000000000000000000e+00,7.500000000000000000e-01,2.500000000000000000e-01,1.332098882153444741e+00,9.927822938318336954e-01,1.271650485436892986e+01,4.716373441108467901e+00,0.000000000000000000e+00,3.399999999999999911e+00,1.483726275752677681e+00,5.012287703795992755e+00,3.994983465542330414e+00,1.000000000000000426e+02,1.228080173675003550e+00,1.432999999999999829e+02,5.150000000000000355e+00,0.000000000000000000e+00,0.000000000000000000e+00,-4.580784564955074888e-17,0.000000000000000000e+00,1.000000000000000000e+00,1.000000000000000000e+00,9.573839264418489980e-01,4.777286046641966988e-01,6.009571933243091912e-01,9.739767590561110300e-01,8.806026525605162858e-01,1.000000000000000000e+00,1.000000000000000000e+00,1.000000000000000000e+00,8.758403872255930978e-01,9.899999999999999079e-02,9.899999999999998579e+01,5.867605633802817522e+01,9.755099865317411467e-01,9.970919826324995405e-01,9.512885782515076993e-01,7.533503593601426296e+00,1.038453391709287299e+00,1.014688563072567939e+00,7.666666666666609453e-01,1.141198426987452219e+00,1.267605633802816811e+01,0.000000000000000000e+00,1.800000000000000000e+01,5.867605633802816811e+01,-7.105427357601001859e-15,8.300000000000000000e+01,0.000000000000000000e+00,9.022132710207813044e-01,9.022132710207813044e-01,2.830630901907672303e+00,2.704469683558349491e+00,2.956630901907672193e+00,1.418669999999999654e+01,5.661100585466021684e+00,8.525599414533974851e+00,9.754166666666666541e-02,1.458333333333325377e-03,1.259999999999998899e-01,1.458333333333328846e-03,5.833333333333330373e+00,9.554572093283933976e-01,1.020175485878314081e+00,1.124774028406500426e+00,1.020175485878314081e+00,1.905830371822504432e+01,3.811660743645008653e+07,6.519561815336463440e+01,1.303912363067292571e+08,7.968300350632545381e+00,9.222222222222222854e+01,3.228467781816233284e+00,7.650278641364054444e+00,1.189586740586242808e+00,8.999999999999999112e-01,3.314228322349468403e-01,1.322484183835118454e+00,8.896713615023473798e-01,1.195882614835931612e+00,4.949999999999999289e+01,2.299999999999982947e+00,1.260000000000000009e-01,1.611650485436893021e+01,1.000000000000000222e+00,1.000000000000000888e+00,1.000000000000000000e+00,1.305390135898610859e+00,1.305390135898611038e-05,1.305390135898611038e-05,5.150000000000000355e+00,1.287629188850610618e+00,6.263696675314820439e-01,8.983929958971188512e-01,2.027981965048707647e+00
5.880000000000000000e+03,4.083333333333333037e+00,2.149500000000000000e+03,1.500000000000000178e+01,5.737704918032784818e+00,4.944115905126477010e+05,2.509362401236207241e+00,1.324083061658435589e+00,4.283432260766825372e+00,3.740902464110247849e-01,4.508185437600094936e+00,1.489993492088166782e+00,1.141198426987450443e+00,7.666666666666646091e-01,-5.209796835143613726e-13,6.599284579347792862e-14,1.305390135898610859e+00,1.000000000000000000e+00,7.500000000000000000e-01,2.500000000000000000e-01,1.332098882153444741e+00,9.927822938318336954e-01,1.271650485436892986e+01,4.716373441108467901e+00,0.000000000000000000e+00,3.399999999999999911e+00,1.483726275752677681e+00,5.012287703795992755e+00,3.994983465542330858e+00,1.000000000000000426e+02,1.228080173675003550e+00,1.432999999999999829e+02,5.150000000000000355e+00,0.000000000000000000e+00,0.000000000000000000e+00,-4.619499205543455196e-17,0.000000000000000000e+00,1.000000000000000000e+00,1.000000000000000000e+00,9.573839264418489980e-01,4.777286046641966988e-01,6.009571933243091912e-01,9.739767590561110300e-01,8.806026525605162858e-01,1.000000000000000000e+00,1.000000000000000000e+00,1.000000000000000000e+00,8.758403872255930978e-01,9.899999999999999079e-02,9.899999999999998579e+01,5.867605633802817522e+01,9.755099865317411467e-01,9.970919826324995405e-01,9.512885782515076993e-01,7.533503593601426296e+00,1.038453391709287299e+00,1.014688563072567939e+00,7.666666666666609453e-01,1.141198426987452219e+00,1.267605633802816811e+01,0.000000000000000000e+00,1.800000000000000000e+01,5.867605633802816811e+01,-7.105427357601001859e-15,8.300000000000000000e+01,0.000000000000000000e+00,9.022132710207813044e-01,9.022132710207813044e-01,2.830630901907672303e+00,2.704469683558349491e+00,2.956630901907672193e+00,1.418669999999999654e+01,5.661100585466021684e+00,8.525599414533974851e+00,9.754166666666666541e-02,1.458333333333325377e-03,1.259999999999998899e-01,1.458333333333329714e-03,5.833333333333331261e+00,9.554572093283933976e-01,1.020175485878314081e+00,1.124774028406500426e+00,1.020175485878314081e+00,1.905830371822504432e+01,3.811660743645008653e+07,6.519561815336463440e+01,1.303912363067292571e+08,7.968300350632545381e+00,9.222222222222222854e+01,3.228467781816233284e+00,7.650278641364054444e+00,1.189586740586242808e+00,8.999999999999999112e-01,3.314228322349468403e-01,1.322484183835118454e+00,8.896713615023473798e-01,1.195882614835931612e+00,4.949999999999999289e+01,2.299999999999982947e+00,1.260000000000000009e-01,1.611650485436893021e+01,1.000000000000000222e+00,1.000000000000000888e+00,1.000000000000000000e+00,1.305390135898610859e+00,1.305390135898611038e-05,1.305390135898611038e-05,5.150000000000000355e+00,1.287629188850610618e+00,6.263696675314820439e-01,8.983929958971188512e-01,2.027981965048707647e+00
6.000000000000000000e+03,4.166666666666666963e+00,2.149500000000000000e+03,1.500000000000000178e+01,5.737704918032784818e+00,4.944115905126477010e+05,2.509362401236207241e+00,1.324083061658435589e+00,4.283432260766825372e+00,3.740902464110247849e-01,4.508185437600094936e+00,1.489993492088166782e+00,1.141198426987450443e+00,7.666666666666646091e-01,-5.325222821883587972e-13,6.654591208759764742e-14,1.305390135898610859e+00,1.000000000000000000e+00,7.500000000000000000e-01,2.500000000000000000e-01,1.332098882153444741e+00,9.927822938318336954e-01,1.271650485436892986e+01,4.716373441108467901e+00,0.000000000000000000e+00,3.399999999999999911e+00,1.483726275752677681e+00,5.012287703795992755e+00,3.994983465542330858e+00,1.000000000000000426e+02,1.228080173675003550e+00,1.432999999999999829e+02,5.150000000000000355e+00,0.000000000000000000e+00,0.000000000000000000e+00,-4.658213846131835503e-17,0.000000000000000000e+00,1.000000000000000000e+00,1.000000000000000000e+00,9.573839264418489980e-01,4.777286046641966988e-01,6.009571933243091912e-01,9.739767590561110300e-01,8.806026525605162858e-01,1.000000000000000000e+00,1.000000000000000000e+00,1.000000000000000000e+00,8.758403872255930978e-01,9.899999999999999079e-02,9.899999999999998579e+01,5.867605633802817522e+01,9.755099865317411467e-01,9.970919826324995405e-01,9.512885782515076993e-01,7.533503593601426296e+00,1.038453391709287299e+00,1.014688563072567939e+00,7.666666666666609453e-01,1.141198426987452219e+00,1.267605633802816811e+01,0.000000000000000000e+00,1.800000000000000000e+01,5.867605633802816811e+01,-7.105427357601001859e-15,8.300000000000000000e+01,0.000000000000000000e+00,9.022132710207813044e-01,9.022132710207813044e-01,2.830630901907672303e+00,2.704469683558349491e+00,2.956630901907672193e+00,1.418669999999999654e+01,5.661100585466021684e+00,8.525599414533974851e+00,9.754166666666666541e-02,1.458333333333325377e-03,1.259999999999998899e-01,1.458333333333329714e-03,5.833333333333331261e+00,9.554572093283933976e-01,1.020175485878314081e+00,1.124774028406500426e+00,1.020175485878314081e+00,1.905830371822504432e+01,3.811660743645008653e+07,6.519561815336463440e+01,1.303912363067292571e+08,7.968300350632545381e+00,9.222222222222222854e+01,3.228467781816233284e+00,7.650278641364054444e+00,1.189586740586242808e+00,8.999999999999999112e-01,3.314228322349468403e-01,1.322484183835118454e+00,8.896713615023473798e-01,1.195882614835931612e+00,4.949999999999999289e+01,2.299999999999982947e+00,1.260000000000000009e-01,1.611650485436893021e+01,1.000000000000000222e+00,1.000000000000000888e+00,1.000000000000000000e+00,1.305390135898610859e+00,1.305390135898611038e-05,1.305390135898611038e-05,5.150000000000000355e+00,1.287629188850610618e+00,6.263696675314820439e-01,8.983929958971188512e-01,2.027981965048707647e+00
6.120000000000000000e+03,4.250000000000000000e+00,2.149500000000000000e+03,1.500000000000000178e+01,5.737704918032784818e+00,4.944115905126477010e+05,2.509362401236207241e+00,1.324083061658435811e+00,4.283432260766825372e+00,3.740902464110247849e-01,4.508185437600094936e+00,1.489993492088166782e+00,1.141198426987450443e+00,7.666666666666646091e-01,-5.440648808623562217e-13,6.709897838171736622e-14,1.305390135898610859e+00,1.000000000000000000e+00,7.500000000000000000e-01,2.500000000000000000e-01,1.332098882153444741e+00,9.927822938318336954e-01,1.271650485436892986e+01,4.716373441108467901e+00,0.000000000000000000e+00,3.399999999999999911e+00,1.483726275752677681e+00,5.012287703795992755e+00,3.994983465542330858e+00,1.000000000000000426e+02,1.228080173675003550e+00,1.432999999999999829e+02,5.150000000000000355e+00,0.000000000000000000e+00,0.000000000000000000e+00,-4.696928486720215810e-17,0.000000000000000000e+00,1.000000000000000000e+00,1.000000000000000000e+00,9.573839264418489980e-01,4.777286046641966988e-01,6.009571933243091912e-01,9.739767590561110300e-01,8.806026525605162858e-01,1.000000000000000000e+00,1.000000000000000000e+00,1.000000000000000000e+00,8.758403872255930978e-01,9.899999999999999079e-02,9.899999999999998579e+01,5.867605633802817522e+01,9.755099865317411467e-01,9.970919826324995405e-01,9.512885782515076993e-01,7.533503593601426296e+00,1.038453391709287299e+00,1.014688563072567939e+00,7.666666666666609453e-01,1.141198426987452219e+00,1.267605633802816811e+01,0.000000000000000000e+00,1.800000000000000000e+01,5.867605633802816811e+01,-7.105427357601001859e-15,8.300000000000000000e+01,0.000000000000000000e+00,9.022132710207813044e-01,9.022132710207813044e-01,2.830630901907672303e+00,2.704469683558349491e+00,2.956630901907672193e+00,1.418669999999999654e+01,5.661100585466021684e+00,8.525599414533974851e+00,9.754166666666666541e-02,1.458333333333325377e-03,1.259999999999998899e-01,1.458333333333329714e-03,5.833333333333331261e+00,9.554572093283933976e-01,1.020175485878314081e+00,1.124774028406500426e+00,1.020175485878314081e+00,1.905830371822504432e+01,3.811660743645008653e+07,6.519561815336463440e+01,1.303912363067292571e+08,7.968300350632545381e+00,9.222222222222222854e+01,3.228467781816233284e+00,7.650278641364054444e+00,1.189586740586242808e+00,8.999999999999999112e-01,3.314228322349468403e-01,1.322484183835118454e+00,8.896713615023473798e-01,1.195882614835931612e+00,4.949999999999999289e+01,2.299999999999982947e+00,1.260000000000000009e-01,1.611650485436893021e+01,1.000000000000000222e+00,1.000000000000000888e+00,1.000000000000000000e+00,1.305390135898610859e+00,1.305390135898611038e-05,1.305390135898611038e-05,5.150000000000000355e+00,1.287629188850610618e+00,6.263696675314820439e-01,8.983929958971188512e-01,2.027981965048707647e+00
6.240000000000000000e+03,4.333333333333333037e+00,2.149500000000000000e+03,1.500000000000000178e+01,5.737704918032784818e+00,4.944115905126477010e+05,2.509362401236207241e+00,1.324083061658435811e+00,4.283432260766825372e+00,3.740902464110247849e-01,4.508185437600094936e+00,1.489993492088166782e+00,1.141198426987450443e+00,7.666666666666646091e-01,-5.556074795363535453e-13,6.765204467583708502e-14,1.305390135898610859e+00,1.000000000000000000e+00,7.500000000000000000e-01,2.500000000000000000e-01,1.332098882153444741e+00,9.927822938318336954e-01,1.271650485436892986e+01,4.716373441108467901e+00,0.000000000000000000e+00,3.399999999999999911e+00,1.483726275752677681e+00,5.012287703795992755e+00,3.994983465542330858e+00,1.000000000000000426e+02,1.228080173675003550e+00,1.432999999999999829e+02,5.150000000000000355e+00,0.000000000000000000e+00,0.000000000000000000e+00,-4.735643127308596117e-17,0.000000000000000000e+00,1.000000000000000000e+00,1.000000000000000000e+00,9.573839264418489980e-01,4.777286046641966988e-01,6.009571933243091912e-01,9.739767590561110300e-01,8.806026525605162858e-01,1.000000000000000000e+00,1.000000000000000000e+00,1.000000000000000000e+00,8.758403872255930978e-01,9.899999999999999079e-02,9.899999999999998579e+01,5.867605633802817522e+01,9.755099865317411467e-01,9.970919826324995405e-01,9.512885782515076993e-01,7.533503593601426296e+00,1.038453391709287299e+00,1.014688563072567939e+00,7.666666666666609453e-01,1.141198426987452219e+00,1.267605633802816811e+01,0.000000000000000000e+00,1.800000000000000000e+01,5.867605633802816811e+01,-7.105427357601001859e-15,8.300000000000000000e+01,0.000000000000000000e+00,9.022132710207813044e-01,9.022132710207813044e-01,2.830630901907672303e+00,2.704469683558349491e+00,2.956630901907672193e+00,1.418669999999999654e+01,5.661100585466021684e+00,8.525599414533974851e+00,9.754166666666666541e-02,1.458333333333325377e-03,1.259999999999998899e-01,1.458333333333329714e-03,5.833333333333331261e+00,9.554572093283933976e-01,1.020175485878314081e+00,1.124774028406500426e+00,1.020175485878314081e+00,1.905830371822504432e+01,3.811660743645008653e+07,6.519561815336463440e+01,1.303912363067292571e+08,7.968300350632545381e+00,9.222222222222222854e+01,3.228467781816233284e+00,7.650278641364054444e+00,1.189586740586242808e+00,8.999999999999999112e-01,3.314228322349468403e-01,1.322484183835118454e+00,8.896713615023473798e-01,1.195882614835931612e+00,4.949999999999999289e+01,2.299999999999982947e+00,1.260000000000000009e-01,1.611650485436893021e+01,1.000000000000000222e+00,1.000000000000000888e+00,1.000000000000000000e+00,1.305390135898610859e+00,1.305390135898611038e-05,1.305390135898611038e-05,5.150000000000000355e+00,1.287629188850610618e+00,6.263696675314820439e-01,8.983929958971188512e-01,2.027981965048707647e+00
6.360000000000000000e+03,4.416666666666666963e+00,2.149500000000000000e+03,1.500000000000000178e+01,5.737704918032784818e+00,4.944115905126477010e+05,2.509362401236207241e+00,1.324083061658435811e+00,4.283432260766825372e+00,3.740902464110247849e-01,4.508185437600094936e+00,1.489993492088166782e+00,1.141198426987450443e+00,7.666666666666647201e-01,-5.671500782103508688e-13,6.820511096995681645e-14,1.305390135898610859e+00,1.000000000000000000e+00,7.500000000000000000e-01,2.500000000000000000e-01,1.332098882153444741e+00,9.927822938318336954e-01,1.271650485436892986e+01,4.716373441108467901e+00,0.000000000000000000e+00,3.399999999999999911e+00,1.483726275752677681e+00,5.012287703795992755e+00,3.994983465542331302e+00,1.000000000000000426e+02,1.228080173675003550e+00,1.432999999999999829e+02,5.150000000000000355e+00,0.000000000000000000e+00,0.000000000000000000e+00,-4.774357767896977041e-17,0.000000000000000000e+00,1.000000000000000000e+00,1.000000000000000000e+00,9.573839264418489980e-01,4.777286046641966988e-01,6.009571933243091912e-01,9.739767590561110300e-01,8.806026525605162858e-01,1.000000000000000000e+00,1.000000000000000000e+00,1.000000000000000000e+00,8.758403872255930978e-01,9.899999999999999079e-02,9.899999999999998579e+01,5.867605633802817522e+01,9.755099865317411467e-01,9.970919826324995405e-01,9.512885782515076993e-01,7.533503593601426296e+00,1.038453391709287299e+00,1.014688563072567939e+00,7.666666666666609453e-01,1.141198426987452219e+00,1.267605633802816811e+01,0.000000000000000000e+00,1.800000000000000000e+01,5.867605633802816811e+01,-7.105427357601001859e-15,8.300000000000000000e+01,0.000000000000000000e+00,9.022132710207813044e-01,9.022132710207813044e-01,2.830630901907672303e+00,2.704469683558349491e+00,2.956630901907672193e+00,1.418669999999999654e+01,5.661100585466021684e+00,8.525599414533974851e+00,9.754166666666666541e-02,1.458333333333325377e-03,1.259999999999998899e-01,1.458333333333329714e-03,5.833333333333331261e+00,9.554572093283933976e-01,1.020175485878314081e+00,1.124774028406500426e+00,1.020175485878314081e+00,1.905830371822504432e+01,3.811660743645008653e+07,6.519561815336463440e+01,1.303912363067292571e+08,7.968300350632545381e+00,9.222222222222222854e+01,3.228467781816233284e+00,7.650278641364054444e+00,1.189586740586242808e+00,8.999999999999999112e-01,3.314228322349468403e-01,1.322484183835118454e+00,8.896713615023473798e-01,1.195882614835931612e+00,4.949999999999999289e+01,2.299999999999982947e+00,1.260000000000000009e-01,1.611650485436893021e+01,1.000000000000000222e+00,1.000000000000000888e+00,1.000000000000000000e+00,1.305390135898610859e+00,1.305390135898611038e-05,1.305390135898611038e-05,5.150000000000000355e+00,1.287629188850610618e+00,6.263696675314820439e-01,8.983929958971188512e-01,2.027981965048707647e+00
6.480000000000000000e+03,4.500000000000000000e+00,2.149500000000000000e+03,1.500000000000000178e+01,5.737704918032784818e+00,4.944115905126477010e+05,2.509362401236207241e+00,1.324083061658435811e+00,4.283432260766825372e+00,3.740902464110247849e-01,4.508185437600094936e+00,1.489993492088166782e+00,1.141198426987450443e+00,7.666666666666647201e-01,-5.786926768843482934e-13,6.875817726407653525e-14,1.305390135898610859e+00,1.000000000000000000e+00,7.500000000000000000e-01,2.500000000000000000e-01,1.332098882153444741e+00,9.927822938318336954e-01,1.271650485436892986e+01,4.716373441108467901e+00,0.000000000000000000e+00,3.399999999999999911e+00,1.483726275752677681e+00,5.012287703795992755e+00,3.994983465542331302e+00,1.000000000000000426e+02,1.228080173675003550e+00,1.432999999999999829e+02,5.150000000000000355e+00,0.000000000000000000e+00,0.000000000000000000e+00,-4.813072408485357348e-17,0.000000000000000000e+00,1.000000000000000000e+00,1.000000000000000000e+00,9.573839264418489980e-01,4.777286046641966988e-01,6.009571933243091912e-01,9.739767590561110300e-01,8.806026525605162858e-01,1.000000000000000000e+00,1.000000000000000000e+00,1.000000000000000000e+00,8.758403872255930978e-01,9.899999999999999079e-02,9.899999999999998579e+01,5.867605633802817522e+01,9.755099865317411467e-01,9.970919826324995405e-01,9.512885782515076993e-01,7.533503593601426296e+00,1.038453391709287299e+00,1.014688563072567939e+00,7.666666666666609453e-01,1.141198426987452219e+00,1.267605633802816811e+01,0.000000000000000000e+00,1.800000000000000000e+01,5.867605633802816811e+01,-7.105427357601001859e-15,8.300000000000000000e+01,0.000000000000000000e+00,9.022132710207813044e-01,9.022132710207813044e-01,2.830630901907672303e+00,2.704469683558349491e+00,2.956630901907672193e+00,1.418669999999999654e+01,5.661100585466021684e+00,8.525599414533974851e+00,9.754166666666666541e-02,1.458333333333325377e-03,1.259999999999998899e-01,1.458333333333329714e-03,5.833333333333331261e+00,9.554572093283933976e-01,1.020175485878314081e+00,1.124774028406500426e+00,1.020175485878314081e+00,1.905830371822504432e+01,3.811660743645008653e+07,6.519561815336463440e+01,1.303912363067292571e+08,7.968300350632545381e+00,9.222222222222222854e+01,3.228467781816233284e+00,7.650278641364054444e+00,1.189586740586242808e+00,8.999999999999999112e-01,3.314228322349468403e-01,1.322484183835118454e+00,8.896713615023473798e-01,1.195882614835931612e+00,4.949999999999999289e+01,2.299999999999982947e+00,1.260000000000000009e-01,1.611650485436893021e+01,1.000000000000000222e+00,1.000000000000000888e+00,1.000000000000000000e+00,1.305390135898610859e+00,1.305390135898611038e-05,1.305390135898611038e-05,5.150000000000000355e+00,1.287629188850610618e+00,6.263696675314820439e-01,8.983929958971188512e-01,2.027981965048707647e+00
6.600000000000000000e+03,4.583333333333333037e+00,2.149500000000000000e+03,1.500000000000000178e+01,5.737704918032784818e+00,4.944115905126477010e+05,2.509362401236207241e+00,1.324083061658435811e+00,4.283432260766825372e+00,3.740902464110247849e-01,4.508185437600094936e+00,1.489993492088166782e+00,1.141198426987450443e+00,7.666666666666647201e-01,-5.902352755583457179e-13,6.931124355819625405e-14,1.305390135898610859e+00,1.000000000000000000e+00,7.500000000000000000e-01,2.500000000000000000e-01,1.332098882153444741e+00,9.927822938318336954e-01,1.271650485436892986e+01,4.716373441108467901e+00,0.000000000000000000e+00,3.399999999999999911e+00,1.483726275752677681e+00,5.012287703795992755e+00,3.994983465542331302e+00,1.000000000000000426e+02,1.228080173675003550e+00,1.432999999999999829e+02,5.150000000000000355e+00,0.000000000000000000e+00,0.000000000000000000e+00,-4.851787049073737655e-17,0.000000000000000000e+00,1.000000000000000000e+00,1.000000000000000000e+00,9.573839264418489980e-01,4.777286046641966988e-01,6.009571933243091912e-01,9.739767590561110300e-01,8.806026525605162858e-01,1.000000000000000000e+00,1.000000000000000000e+00,1.000000000000000000e+00,8.758403872255930978e-01,9.899999999999999079e-02,9.899999999999998579e+01,5.867605633802817522e+01,9.755099865317411467e-01,9.970919826324995405e-01,9.512885782515076993e-01,7.533503593601426296e+00,1.038453391709287299e+00,1.014688563072567939e+00,7.666666666666609453e-01,1.141198426987452219e+00,1.267605633802816811e+01,0.000000000000000000e+00,1.800000000000000000e+01,5.867605633802816811e+01,-7.105427357601001859e-15,8.300000000000000000e+01,0.000000000000000000e+00,9.022132710207813044e-01,9.022132710207813044e-01,2.830630901907672303e+00,2.704469683558349491e+00,2.956630901907672193e+00,1.418669999999999654e+01,5.661100585466021684e+00,8.525599414533974851e+00,9.754166666666666541e-02,1.458333333333325377e-03,1.259999999999998899e-01,1.458333333333329714e-03,5.833333333333331261e+00,9.554572093283933976e-01,1.020175485878314081e+00,1.124774028406500426e+00,1.020175485878314081e+00,1.905830371822504432e+01,3.811660743645008653e+07,6.519561815336463440e+01,1.303912363067292571e+08,7.968300350632545381e+00,9.222222222222222854e+01,3.228467781816233284e+00,7.650278641364054444e+00,1.189586740586242808e+00,8.999999999999999112e-01,3.314228322349468403e-01,1.322484183835118454e+00,8.896713615023473798e-01,1.195882614835931612e+00,4.949999999999999289e+01,2.299999999999982947e+00,1.260000000000000009e-01,1.611650485436893021e+01,1.000000000000000222e+00,1.000000000000000888e+00,1.000000000000000000e+00,1.305390135898610859e+00,1.305390135898611038e-05,1.305390135898611038e-05,5.150000000000000355e+00,1.287629188850610618e+00,6.263696675314820439e-01,8.983929958971188512e-01,2.027981965048707647e+00
6.720000000000000000e+03,4.666666666666666963e+00,2.149500000000000000e+03,1.500000000000000178e+01,5.737704918032784818e+00,4.944115905126477010e+05,2.509362401236207241e+00,1.324083061658435811e+00,4.283432260766825372e+00,3.740902464110247849e-01,4.508185437600094936e+00,1.489993492088166782e+00,1.141198426987450443e+00,7.666666666666647201e-01,-6.017778742323431424e-13,6.986430985231597285e-14,1.305390135898610859e+00,1.000000000000000000e+00,7.500000000000000000e-01,2.500000000000000000e-01,1.332098882153444741e+00,9.927822938318336954e-01,1.271650485436892986e+01,4.716373441108467901e+00,0.000000000000000000e+00,3.399999999999999911e+00,1.483726275752677681e+00,5.012287703795992755e+00,3.994983465542331302e+00,1.000000000000000426e+02,1.228080173675003550e+00,1.432999999999999829e+02,5.150000000000000355e+00,0.000000000000000000e+00,0.000000000000000000e+00,-4.890501689662117963e-17,0.000000000000000000e+00,1.000000000000000000e+00,1.000000000000000000e+00,9.573839264418489980e-01,4.777286046641966988e-01,6.009571933243091912e-01,9.739767590561110300e-01,8.806026525605162858e-01,1.000000000000000000e+00,1.000000000000000000e+00,1.000000000000000000e+00,8.758403872255930978e-01,9.899999999999999079e-02,9.899999999999998579e+01,5.867605633802817522e+01,9.755099865317411467e-01,9.970919826324995405e-01,9.512885782515076993e-01,7.533503593601426296e+00,1.038453391709287299e+00,1.014688563072567939e+00,7.666666666666609453e-01,1.141198426987452219e+00,1.267605633802816811e+01,0.000000000000000000e+00,1.800000000000000000e+01,5.867605633802816811e+01,-7.105427357601001859e-15,8.300000000000000000e+01,0.000000000000000000e+00,9.022132710207813044e-01,9.022132710207813044e-01,2.830630901907672303e+00,2.704469683558349491e+00,2.956630901907672193e+00,1.418669999999999654e+01,5.661100585466021684e+00,8.525599414533974851e+00,9.754166666666666541e-02,1.458333333333325377e-03,1.259999999999998899e-01,1.458333333333329714e-03,5.833333333333331261e+00,9.554572093283933976e-01,1.020175485878314081e+00,1.124774028406500426e+00,1.020175485878314081e+00,1.905830371822504432e+01,3.811660743645008653e+07,6.519561815336463440e+01,1.303912363067292571e+08,7.968300350632545381e+00,9.222222222222222854e+01,3.228467781816233284e+00,7.650278641364054444e+00,1.189586740586242808e+00,8.999999999999999112e-01,3.314228322349468403e-01,1.322484183835118454e+00,8.896713615023473798e-01,1.195882614835931612e+00,4.949999999999999289e+01,2.299999999999982947e+00,1.260000000000000009e-01,1.611650485436893021e+01,1.000000000000000222e+00,1.000000000000000888e+00,1.000000000000000000e+00,1.305390135898610859e+00,1.305390135898611038e-05,1.305390135898611038e-05,5.150000000000000355e+00,1.287629188850610618e+00,6.263696675314820439e-01,8.983929958971188512e-01,2.027981965048707647e+00
6.840000000000000000e+03,4.750000000000000000e+00,2.149500000000000000e+03,1.500000000000000178e+01,5.737704918032784818e+00,4.944115905126477010e+05,2.509362401236207241e+00,1.324083061658435811e+00,4.283432260766825372e+00,3.740902464110247849e-01,4.508185437600094936e+00,1.489993492088167004e+00,1.141198426987450443e+00,7.666666666666647201e-01,-6.133204729063403650e-13,7.041737614643569165e-14,1.305390135898610859e+00,1.000000000000000000e+00,7.500000000000000000e-01,2.500000000000000000e-01,1.332098882153444741e+00,9.927822938318336954e-01,1.271650485436892986e+01,4.716373441108467901e+00,0.000000000000000000e+00,3.399999999999999911e+00,1.483726275752677681e+00,5.012287703795992755e+00,3.994983465542331302e+00,1.000000000000000426e+02,1.228080173675003550e+00,1.432999999999999829e+02,5.150000000000000355e+00,0.000000000000000000e+00,0.000000000000000000e+00,-4.929216330250498270e-17,0.000000000000000000e+00,1.000000000000000000e+00,1.000000000000000000e+00,9.573839264418489980e-01,4.777286046641966988e-01,6.009571933243091912e-01,9.739767590561110300e-01,8.806026525605162858e-01,1.000000000000000000e+00,1.000000000000000000e+00,1.000000000000000000e+00,8.758403872255930978e-01,9.899999999999999079e-02,9.899999999999998579e+01,5.867605633802817522e+01,9.755099865317411467e-01,9.970919826324995405e-01,9.512885782515076993e-01,7.533503593601426296e+00,1.038453391709287299e+00,1.014688563072567939e+00,7.666666666666609453e-01,1.141198426987452219e+00,1.267605633802816811e+01,0.000000000000000000e+00,1.800000000000000000e+01,5.867605633802816811e+01,-7.105427357601001859e-15,8.300000000000000000e+01,0.000000000000000000e+00,9.022132710207813044e-01,9.022132710207813044e-01,2.830630901907672303e+00,2.704469683558349491e+00,2.956630901907672193e+00,1.418669999999999654e+01,5.661100585466021684e+00,8.525599414533974851e+00,9.754166666666666541e-02,1.458333333333325377e-03,1.259999999999998899e-01,1.458333333333329714e-03,5.833333333333331261e+00,9.554572093283933976e-01,1.020175485878314081e+00,1.124774028406500426e+00,1.020175485878314081e+00,1.905830371822504432e+01,3.811660743645008653e+07,6.519561815336463440e+01,1.303912363067292571e+08,7.968300350632545381e+00,9.222222222222222854e+01,3.228467781816233284e+00,7.650278641364054444e+00,1.189586740586242808e+00,8.999999999999999112e-01,3.314228322349468403e-01,1.322484183835118454e+00,8.896713615023473798e-01,1.195882614835931612e+00,4.949999999999999289e+01,2.299999999999982947e+00,1.260000000000000009e-01,1.611650485436893021e+01,1.000000000000000222e+00,1.000000000000000888e+00,1.000000000000000000e+00,1.305390135898610859e+00,1.305390135898611038e-05,1.305390135898611038e-05,5.150000000000000355e+00,1.287629188850610618e+00,6.263696675314820439e-01,8.983929958971188512e-01,2.027981965048707647e+00
6.960000000000000000e+03,4.833333333333333037e+00,2.149500000000000000e+03,1.500000000000000178e+01,5.737704918032784818e+00,4.944115905126477010e+05,2.509362401236207241e+00,1.324083061658435811e+00,4.283432260766825372e+00,3.740902464110247849e-01,4.508185437600094936e+00,1.489993492088167004e+00,1.141198426987450443e+00,7.666666666666648311e-01,-6.248630715803377896e-13,7.097044244055542308e-14,1.305390135898610859e+00,1.000000000000000000e+00,7.500000000000000000e-01,2.500000000000000000e-01,1.332098882153444741e+00,9.927822938318336954e-01,1.271650485436892986e+01,4.716373441108467901e+00,0.000000000000000000e+00,3.399999999999999911e+00,1.483726275752677681e+00,5.012287703795992755e+00,3.994983465542332191e+00,1.000000000000000426e+02,1.228080173675003550e+00,1.432999999999999829e+02,5.150000000000000355e+00,0.000000000000000000e+00,0.000000000000000000e+00,-4.967930970838879810e-17,0.000000000000000000e+00,1.000000000000000000e+00,1.000000000000000000e+00,9.573839264418489980e-01,4.777286046641966988e-01,6.009571933243091912e-01,9.739767590561110300e-01,8.806026525605162858e-01,1.000000000000000000e+00,1.000000000000000000e+00,1.000000000000000000e+00,8.758403872255930978e-01,9.899999999999999079e-02,9.899999999999998579e+01,5.867605633802817522e+01,9.755099865317411467e-01,9.970919826324995405e-01,9.512885782515076993e-01,7.533503593601426296e+00,1.038453391709287299e+00,1.014688563072567939e+00,7.666666666666609453e-01,1.141198426987452219e+00,1.267605633802816811e+01,0.000000000000000000e+00,1.800000000000000000e+01,5.867605633802816811e+01,-7.105427357601001859e-15,8.300000000000000000e+01,0.000000000000000000e+00,9.022132710207813044e-01,9.022132710207813044e-01,2.830630901907672303e+00,2.704469683558349491e+00,2.956630901907672193e+00,1.418669999999999654e+01,5.661100585466021684e+00,8.525599414533974851e+00,9.754166666666666541e-02,1.458333333333325377e-03,1.259999999999998899e-01,1.458333333333329714e-03,5.833333333333331261e+00,9.554572093283933976e-01,1.020175485878314081e+00,1.124774028406500426e+00,1.020175485878314081e+00,1.905830371822504432e+01,3.811660743645008653e+07,6.519561815336463440e+01,1.303912363067292571e+08,7.968300350632545381e+00,9.222222222222222854e+01,3.228467781816233284e+00,7.650278641364054444e+00,1.189586740586242808e+00,8.999999999999999112e-01,3.314228322349468403e-01,1.322484183835118454e+00,8.896713615023473798e-01,1.195882614835931612e+00,4.949999999999999289e+01,2.299999999999982947e+00,1.260000000000000009e-01,1.611650485436893021e+01,1.000000000000000222e+00,1.000000000000000888e+00,1.000000000000000000e+00,1.305390135898610859e+00,1.305390135898611038e-05,1.305390135898611038e-05,5.150000000000000355e+00,1.287629188850610618e+00,6.263696675314820439e-01,8.983929958971188512e-01,2.027981965048707647e+00
7.080000000000000000e+03,4.916666666666666963e+00,2.149500000000000000e+03,1.500000000000000178e+01,5.737704918032784818e+00,4.944115905126477010e+05,2.509362401236207241e+00,1.324083061658435811e+00,4.283432260766825372e+00,3.740902464110247849e-01,4.508185437600094936e+00,1.489993492088167004e+00,1.141198426987450443e+00,7.666666666666648311e-01,-6.364056702543352141e-13,7.152350873467514188e-14,1.305390135898610859e+00,1.000000000000000000e+00,7.500000000000000000e-01,2.500000000000000000e-01,1.332098882153444741e+00,9.927822938318336954e-01,1.271650485436892986e+01,4.716373441108467901e+00,0.000000000000000000e+00,3.399999999999999911e+00,1.483726275752677681e+00,5.012287703795992755e+00,3.994983465542332191e+00,1.000000000000000426e+02,1.228080173675003550e+00,1.432999999999999829e+02,5.150000000000000355e+00,0.000000000000000000e+00,0.000000000000000000e+00,-5.006645611427260117e-17,0.000000000000000000e+00,1.000000000000000000e+00,1.000000000000000000e+00,9.573839264418489980e-01,4.777286046641966988e-01,6.009571933243091912e-01,9.739767590561110300e-01,8.806026525605162858e-01,1.000000000000000000e+00,1.000000000000000000e+00,1.000000000000000000e+00,8.758403872255930978e-01,9.899999999999999079e-02,9.899999999999998579e+01,5.867605633802817522e+01,9.755099865317411467e-01,9.970919826324995405e-01,9.512885782515076993e-01,7.533503593601426296e+00,1.038453391709287299e+00,1.014688563072567939e+00,7.666666666666609453e-01,1.141198426987452219e+00,1.267605633802816811e+01,0.000000000000000000e+00,1.800000000000000000e+01,5.867605633802816811e+01,-7.105427357601001859e-15,8.300000000000000000e+01,0.000000000000000000e+00,9.022132710207813044e-01,9.022132710207813044e-01,2.830630901907672303e+00,2.704469683558349491e+00,2.956630901907672193e+00,1.418669999999999654e+01,5.661100585466021684e+00,8.525599414533974851e+00,9.754166666666666541e-02,1.458333333333325377e-03,1.259999999999998899e-01,1.458333333333329714e-03,5.833333333333331261e+00,9.554572093283933976e-01,1.020175485878314081e+00,1.124774028406500426e+00,1.020175485878314081e+00,1.905830371822504432e+01,3.811660743645008653e+07,6.519561815336463440e+01,1.303912363067292571e+08,7.968300350632545381e+00,9.222222222222222854e+01,3.228467781816233284e+00,7.650278641364054444e+00,1.189586740586242808e+00,8.999999999999999112e-01,3.314228322349468403e-01,1.322484183835118454e+00,8.896713615023473798e-01,1.195882614835931612e+00,4.949999999999999289e+01,2.299999999999982947e+00,1.260000000000000009e-01,1.611650485436893021e+01,1.000000000000000222e+00,1.000000000000000888e+00,1.000000000000000000e+00,1.305390135898610859e+00,1.305390135898611038e-05,1.305390135898611038e-05,5.150000000000000355e+00,1.287629188850610618e+00,6.263696675314820439e-01,8.983929958971188512e-01,2.027981965048707647e+00
7.200000000000000000e+03,5.000000000000000000e+00,2.149500000000000000e+03,1.500000000000000178e+01,5.737704918032784818e+00,4.944115905126477010e+05,2.509362401236207241e+00,1.324083061658435811e+00,4.283432260766825372e+00,3.740902464110247849e-01,4.508185437600094936e+00,1.489993492088167004e+00,1.141198426987450443e+00,7.666666666666648311e-01,-6.479482689283326386e-13,7.207657502879486068e-14,1.305390135898610859e+00,1.000000000000000000e+00,7.500000000000000000e-01,2.500000000000000000e-01,1.332098882153444741e+00,9.927822938318336954e-01,1.271650485436892986e+01,4.716373441108467901e+00,0.000000000000000000e+00,3.399999999999999911e+00,1.483726275752677681e+00,5.012287703795992755e+00,3.994983465542332191e+00,1.000000000000000426e+02,1.228080173675003550e+00,1.432999999999999829e+02,5.150000000000000355e+00,0.000000000000000000e+00,0.000000000000000000e+00,-5.045360252015640424e-17,0.000000000000000000e+00,1.000000000000000000e+00,1.000000000000000000e+00,9.573839264418489980e-01,4.777286046641966988e-01,6.009571933243091912e-01,9.739767590561110300e-01,8.806026525605162858e-01,1.000000000000000000e+00,1.000000000000000000e+00,1.000000000000000000e+00,8.758403872255930978e-01,9.899999999999999079e-02,9.899999999999998579e+01,5.867605633802817522e+01,9.755099865317411467e-01,9.970919826324995405e-01,9.512885782515076993e-01,7.533503593601426296e+00,1.038453391709287299e+00,1.014688563072567939e+00,7.666666666666609453e-01,1.141198426987452219e+00,1.267605633802816811e+01,0.000000000000000000e+00,1.800000000000000000e+01,5.867605633802816811e+01,-7.105427357601001859e-15,8.300000000000000000e+01,0.000000000000000000e+00,9.022132710207813044e-01,9.022132710207813044e-01,2.830630901907672303e+00,2.704469683558349491e+00,2.956630901907672193e+00,1.418669999999999654e+01,5.661100585466021684e+00,8.525599414533974851e+00,9.754166666666666541e-02,1.458333333333325377e-03,1.259999999999998899e-01,1.458333333333329714e-03,5.833333333333331261e+00,9.554572093283933976e-01,1.020175485878314081e+00,1.124774028406500426e+00,1.020175485878314081e+00,1.905830371822504432e+01,3.811660743645008653e+07,6.519561815336463440e+01,1.303912363067292571e+08,7.968300350632545381e+00,9.222222222222222854e+01,3.228467781816233284e+00,7.650278641364054444e+00,1.189586740586242808e+00,8.999999999999999112e-01,3.314228322349468403e-01,1.322484183835118454e+00,8.896713615023473798e-01,1.195882614835931612e+00,4.949999999999999289e+01,2.299999999999982947e+00,1.260000000000000009e-01,1.611650485436893021e+01,1.000000000000000222e+00,1.000000000000000888e+00,1.000000000000000000e+00,1.305390135898610859e+00,1.305390135898611038e-05,1.305390135898611038e-05,5.150000000000000355e+00,1.287629188850610618e+00,6.263696675314820439e-01,8.983929958971188512e-01,2.027981965048707647e+00
7.320000000000000000e+03,5.083333333333333037e+00,2.149500000000000000e+03,1.500000000000000178e+01,5.737704918032784818e+00,4.944115905126477010e+05,2.509362401236207241e+00,1.324083061658435811e+00,4.283432260766825372e+00,3.740902464110247849e-01,4.508185437600094936e+00,1.489993492088167004e+00,1.141198426987450443e+00,7.666666666666648311e-01,-6.594908676023298612e-13,7.262964132291457948e-14,1.305390135898610859e+00,1.000000000000000000e+00,7.500000000000000000e-01,2.500000000000000000e-01,1.332098882153444741e+00,9.927822938318336954e-01,1.271650485436892986e+01,4.716373441108467901e+00,0.000000000000000000e+00,3.399999999999999911e+00,1.483726275752677681e+00,5.012287703795992755e+00,3.994983465542332191e+00,1.000000000000000426e+02,1.228080173675003550e+00,1.432999999999999829e+02,5.150000000000000355e+00,0.000000000000000000e+00,0.000000000000000000e+00,-5.084074892604020731e-17,0.000000000000000000e+00,1.000000000000000000e+00,1.000000000000000000e+00,9.573839264418489980e-01,4.777286046641966988e-01,6.009571933243091912e-01,9.739767590561110300e-01,8.806026525605162858e-01,1.000000000000000000e+00,1.000000000000000000e+00,1.000000000000000000e+00,8.758403872255930978e-01,9.899999999999999079e-02,9.899999999999998579e+01,5.867605633802817522e+01,9.755099865317411467e-01,9.970919826324995405e-01,9.512885782515076993e-01,7.533503593601426296e+00,1.038453391709287299e+00,1.014688563072567939e+00,7.666666666666609453e-01,1.141198426987452219e+00,1.267605633802816811e+01,0.000000000000000000e+00,1.800000000000000000e+01,5.867605633802816811e+01,-7.105427357601001859e-15,8.300000000000000000e+01,0.000000000000000000e+00,9.022132710207813044e-01,9.022132710207813044e-01,2.830630901907672303e+00,2.704469683558349491e+00,2.956630901907672193e+00,1.418669999999999654e+01,5.661100585466021684e+00,8.525599414533974851e+00,9.754166666666666541e-02,1.458333333333325377e-03,1.259999999999998899e-01,1.458333333333329714e-03,5.833333333333331261e+00,9.554572093283933976e-01,1.020175485878314081e+00,1.124774028406500426e+00,1.020175485878314081e+00,1.905830371822504432e+01,3.811660743645008653e+07,6.519561815336463440e+01,1.303912363067292571e+08,7.968300350632545381e+00,9.222222222222222854e+01,3.228467781816233284e+00,7.650278641364054444e+00,1.189586740586242808e+00,8.999999999999999112e-01,3.314228322349468403e-01,1.322484183835118454e+00,8.896713615023473798e-01,1.195882614835931612e+00,4.949999999999999289e+01,2.299999999999982947e+00,1.260000000000000009e-01,1.611650485436893021e+01,1.000000000000000222e+00,1.000000000000000888e+00,1.000000000000000000e+00,1.305390135898610859e+00,1.305390135898611038e-05,1.305390135898611038e-05,5.150000000000000355e+00,1.287629188850610618e+00,6.263696675314820439e-01,8.983929958971188512e-01,2.027981965048707647e+00
7.440000000000000000e+03,5.166666666666666963e+00,2.149500000000000000e+03,1.500000000000000178e+01,5.737704918032784818e+00,4.944115905126477010e+05,2.509362401236207241e+00,1.324083061658435811e+00,4.283432260766825372e+00,3.740902464110247849e-01,4.508185437600094936e+00,1.489993492088167004e+00,1.141198426987450443e+00,7.666666666666649421e-01,-6.710334662763272858e-13,7.318270761703431091e-14,1.305390135898610859e+00,1.000000000000000000e+00,7.500000000000000000e-01,2.500000000000000000e-01,1.332098882153444741e+00,9.927822938318336954e-01,1.271650485436892986e+01,4.716373441108467901e+00,0.000000000000000000e+00,3.399999999999999911e+00,1.483726275752677681e+00,5.012287703795992755e+00,3.994983465542332635e+00,1.000000000000000426e+02,1.228080173675003550e+00,1.432999999999999829e+02,5.150000000000000355e+00,0.000000000000000000e+00,0.000000000000000000e+00,-5.122789533192401655e-17,0.000000000000000000e+00,1.000000000000000000e+00,1.000000000000000000e+00,9.573839264418489980e-01,4.777286046641966988e-01,6.009571933243091912e-01,9.739767590561110300e-01,8.806026525605162858e-01,1.000000000000000000e+00,1.000000000000000000e+00,1.000000000000000000e+00,8.758403872255930978e-01,9.899999999999999079e-02,9.899999999999998579e+01,5.867605633802817522e+01,9.755099865317411467e-01,9.970919826324995405e-01,9.512885782515076993e-01,7.533503593601426296e+00,1.038453391709287299e+00,1.014688563072567939e+00,7.666666666666609453e-01,1.141198426987452219e+00,1.267605633802816811e+01,0.000000000000000000e+00,1.800000000000000000e+01,5.867605633802816811e+01,-7.105427357601001859e-15,8.300000000000000000e+01,0.000000000000000000e+00,9.022132710207813044e-01,9.022132710207813044e-01,2.830630901907672303e+00,2.704469683558349491e+00,2.956630901907672193e+00,1.418669999999999654e+01,5.661100585466021684e+00,8.525599414533974851e+00,9.754166666666666541e-02,1.458333333333325377e-03,1.259999999999998899e-01,1.458333333333329714e-03,5.833333333333331261e+00,9.554572093283933976e-01,1.020175485878314081e+00,1.124774028406500426e+00,1.020175485878314081e+00,1.905830371822504432e+01,3.811660743645008653e+07,6.519561815336463440e+01,1.303912363067292571e+08,7.968300350632545381e+00,9.222222222222222854e+01,3.228467781816233284e+00,7.650278641364054444e+00,1.189586740586242808e+00,8.999999999999999112e-01,3.314228322349468403e-01,1.322484183835118454e+00,8.896713615023473798e-01,1.195882614835931612e+00,4.949999999999999289e+01,2.299999999999982947e+00,1.260000000000000009e-01,1.611650485436893021e+01,1.000000000000000222e+00,1.000000000000000888e+00,1.000000000000000000e+00,1.305390135898610859e+00,1.305390135898611038e-05,1.305390135898611038e-05,5.150000000000000355e+00,1.287629188850610618e+00,6.263696675314820439e-01,8.983929958971188512e-01,2.027981965048707647e+00
7.560000000000000000e+03,5.250000000000000000e+00,2.149500000000000000e+03,1.500000000000000000e+01,5.737704918032784818e+00,4.944115905126477010e+05,2.509362401236207241e+00,1.324083061658435811e+00,4.283432260766825372e+00,3.740902464110247849e-01,4.508185437600094936e+00,1.489993492088167004e+00,1.141198426987450443e+00,7.666666666666649421e-01,-6.825760649503247103e-13,7.373577391115402971e-14,1.305390135898610859e+00,1.000000000000000000e+00,7.500000000000000000e-01,2.500000000000000000e-01,1.332098882153444741e+00,9.927822938318336954e-01,1.271650485436892986e+01,4.716373441108467901e+00,0.000000000000000000e+00,3.399999999999999911e+00,1.483726275752677681e+00,5.012287703795992755e+00,3.994983465542332635e+00,1.000000000000000426e+02,1.228080173675003550e+00,1.433000000000000114e+02,5.150000000000000355e+00,0.000000000000000000e+00,0.000000000000000000e+00,-5.161504173780781962e-17,0.000000000000000000e+00,1.000000000000000000e+00,1.000000000000000000e+00,9.573839264418489980e-01,4.777286046641966988e-01,6.009571933243091912e-01,9.739767590561110300e-01,8.806026525605162858e-01,1.000000000000000000e+00,1.000000000000000000e+00,1.000000000000000000e+00,8.758403872255930978e-01,9.899999999999999079e-02,9.899999999999998579e+01,5.867605633802817522e+01,9.755099865317411467e-01,9.970919826324995405e-01,9.512885782515076993e-01,7.533503593601426296e+00,1.038453391709287299e+00,1.014688563072567939e+00,7.666666666666704932e-01,1.141198426987449999e+00,1.267605633802816811e+01,0.000000000000000000e+00,1.800000000000000000e+01,5.867605633802816811e+01,-7.105427357601001859e-15,8.300000000000000000e+01,0.000000000000000000e+00,9.022132710207813044e-01,9.022132710207813044e-01,2.830630901907673191e+00,2.704469683558350379e+00,2.956630901907673081e+00,1.418670000000000009e+01,5.661100585466023460e+00,8.525599414533976628e+00,9.754166666666666541e-02,1.458333333333325377e-03,1.259999999999998899e-01,1.458333333333329714e-03,5.833333333333331261e+00,9.554572093283933976e-01,1.020175485878314081e+00,1.124774028406500426e+00,1.020175485878314081e+00,1.905830371822504432e+01,3.811660743645008653e+07,6.519561815336463440e+01,1.303912363067292571e+08,7.968300350632545381e+00,9.222222222222222854e+01,3.228467781816233284e+00,7.650278641364048227e+00,1.189586740586242808e+00,8.999999999999999112e-01,3.314228322349465627e-01,1.322484183835118454e+00,8.896713615023473798e-01,1.195882614835931612e+00,4.949999999999999289e+01,2.300000000000011369e+00,1.260000000000000009e-01,1.611650485436893021e+01,1.000000000000000222e+00,1.000000000000000000e+00,1.000000000000000000e+00,1.305390135898610859e+00,1.305390135898611038e-05,1.305390135898611038e-05,5.150000000000000355e+00,1.287629188850610618e+00,6.263696675314820439e-01,8.983929958971170748e-01,2.027981965048707647e+00
7.680000000000000000e+03,5.333333333333333037e+00,2.149500000000000000e+03,1.500000000000000000e+01,5.737704918032784818e+00,4.944115905126477010e+05,2.509362401236207685e+00,1.324083061658435811e+00,4.283432260766825372e+00,3.740902464110247849e-01,4.508185437600094936e+00,1.489993492088167004e+00,1.141198426987450443e+00,7.666666666666649421e-01,-6.941186636243221348e-13,7.428884020527374851e-14,1.305390135898610859e+00,1.000000000000000000e+00,7.500000000000000000e-01,2.500000000000000000e-01,1.332098882153444741e+00,9.927822938318336954e-01,1.271650485436892986e+01,4.716373441108467901e+00,0.000000000000000000e+00,3.399999999999999911e+00,1.483726275752677681e+00,5.012287703795992755e+00,3.994983465542332635e+00,1.000000000000000426e+02,1.228080173675003550e+00,1.433000000000000114e+02,5.150000000000000355e+00,0.000000000000000000e+00,0.000000000000000000e+00,-5.200218814369162269e-17,0.000000000000000000e+00,1.000000000000000000e+00,1.000000000000000000e+00,9.573839264418489980e-01,4.777286046641966988e-01,6.009571933243091912e-01,9.739767590561110300e-01,8.806026525605162858e-01,1.000000000000000000e+00,1.000000000000000000e+00,1.000000000000000000e+00,8.758403872255930978e-01,9.899999999999999079e-02,9.899999999999998579e+01,5.867605633802817522e+01,9.755099865317411467e-01,9.970919826324995405e-01,9.512885782515076993e-01,7.533503593601426296e+00,1.038453391709287299e+00,1.014688563072567939e+00,7.666666666666704932e-01,1.141198426987449999e+00,1.267605633802816811e+01,0.000000000000000000e+00,1.800000000000000000e+01,5.867605633802816811e+01,-7.105427357601001859e-15,8.300000000000000000e+01,0.000000000000000000e+00,9.022132710207813044e-01,9.022132710207813044e-01,2.830630901907673191e+00,2.704469683558350379e+00,2.956630901907673081e+00,1.418670000000000009e+01,5.661100585466023460e+00,8.525599414533976628e+00,9.754166666666666541e-02,1.458333333333325377e-03,1.259999999999998899e-01,1.458333333333329714e-03,5.833333333333331261e+00,9.554572093283933976e-01,1.020175485878314081e+00,1.124774028406500426e+00,1.020175485878314081e+00,1.905830371822504432e+01,3.811660743645008653e+07,6.519561815336463440e+01,1.303912363067292571e+08,7.968300350632545381e+00,9.222222222222222854e+01,3.228467781816233284e+00,7.650278641364048227e+00,1.189586740586242808e+00,8.999999999999999112e-01,3.314228322349465627e-01,1.322484183835118454e+00,8.896713615023473798e-01,1.195882614835931612e+00,4.949999999999999289e+01,2.300000000000011369e+00,1.260000000000000009e-01,1.611650485436893021e+01,1.000000000000000222e+00,1.000000000000000000e+00,1.000000000000000000e+00,1.305390135898610859e+00,1.305390135898611038e-05,1.305390135898611038e-05,5.150000000000000355e+00,1.287629188850610618e+00,6.263696675314820439e-01,8.983929958971170748e-01,2.027981965048707647e+00
7.800000000000000000e+03,5.416666666666666963e+00,2.149500000000000000e+03,1.500000000000000000e+01,5.737704918032784818e+00,4.944115905126477010e+05,2.509362401236207685e+00,1.324083061658435811e+00,4.283432260766825372e+00,3.740902464110247849e-01,4.508185437600094936e+00,1.489993492088167004e+00,1.141198426987450443e+00,7.666666666666649421e-01,-7.056612622983194584e-13,7.484190649939346731e-14,1.305390135898610859e+00,1.000000000000000000e+00,7.500000000000000000e-01,2.500000000000000000e-01,1.332098882153444741e+00,9.927822938318336954e-01,1.271650485436892986e+01,4.716373441108467901e+00,0.000000000000000000e+00,3.399999999999999911e+00,1.483726275752677681e+00,5.012287703795992755e+00,3.994983465542332635e+00,1.000000000000000426e+02,1.228080173675003550e+00,1.433000000000000114e+02,5.150000000000000355e+00,0.000000000000000000e+00,0.000000000000000000e+00,-5.238933454957542577e-17,0.000000000000000000e+00,1.000000000000000000e+00,1.000000000000000000e+00,9.573839264418489980e-01,4.777286046641966988e-01,6.009571933243091912e-01,9.739767590561110300e-01,8.806026525605162858e-01,1.000000000000000000e+00,1.000000000000000000e+00,1.000000000000000000e+00,8.758403872255930978e-01,9.899999999999999079e-02,9.899999999999998579e+01,5.867605633802817522e+01,9.755099865317411467e-01,9.970919826324995405e-01,9.512885782515076993e-01,7.533503593601426296e+00,1.038453391709287299e+00,1.014688563072567939e+00,7.666666666666704932e-01,1.141198426987449999e+00,1.267605633802816811e+01,0.000000000000000000e+00,1.800000000000000000e+01,5.867605633802816811e+01,-7.105427357601001859e-15,8.300000000000000000e+01,0.000000000000000000e+00,9.022132710207813044e-01,9.022132710207813044e-01,2.830630901907673191e+00,2.704469683558350379e+00,2.956630901907673081e+00,1.418670000000000009e+01,5.661100585466023460e+00,8.525599414533976628e+00,9.754166666666666541e-02,1.458333333333325377e-03,1.259999999999998899e-01,1.458333333333329714e-03,5.833333333333331261e+00,9.554572093283933976e-01,1.020175485878314081e+00,1.124774028406500426e+00,1.020175485878314081e+00,1.905830371822504432e+01,3.811660743645008653e+07,6.519561815336463440e+01,1.303912363067292571e+08,7.968300350632545381e+00,9.222222222222222854e+01,3.228467781816233284e+00,7.650278641364048227e+00,1.189586740586242808e+00,8.999999999999999112e-01,3.314228322349465627e-01,1.322484183835118454e+00,8.896713615023473798e-01,1.195882614835931612e+00,4.949999999999999289e+01,2.300000000000011369e+00,1.260000000000000009e-01,1.611650485436893021e+01,1.000000000000000222e+00,1.000000000000000000e+00,1.000000000000000000e+00,1.305390135898610859e+00,1.305390135898611038e-05,1.305390135898611038e-05,5.150000000000000355e+00,1.287629188850610618e+00,6.263696675314820439e-01,8.983929958971170748e-01,2.027981965048707647e+00
7.920000000000000000e+03,5.500000000000000000e+00,2.149500000000000000e+03,1.500000000000000000e+01,5.737704918032784818e+00,4.944115905126477010e+05,2.509362401236207685e+00,1.324083061658435811e+00,4.283432260766825372e+00,3.740902464110247849e-01,4.508185437600094936e+00,1.489993492088167004e+00,1.141198426987450443e+00,7.666666666666650531e-01,-7.172038609723167820e-13,7.539497279351319873e-14,1.305390135898610859e+00,1.000000000000000000e+00,7.500000000000000000e-01,2.500000000000000000e-01,1.332098882153444741e+00,9.927822938318336954e-01,1.271650485436892986e+01,4.716373441108467901e+00,0.000000000000000000e+00,3.399999999999999911e+00,1.483726275752677681e+00,5.012287703795992755e+00,3.994983465542333079e+00,1.000000000000000426e+02,1.228080173675003550e+00,1.433000000000000114e+02,5.150000000000000355e+00,0.000000000000000000e+00,0.000000000000000000e+00,-5.277648095545924117e-17,0.000000000000000000e+00,1.000000000000000000e+00,1.000000000000000000e+00,9.573839264418489980e-01,4.777286046641966988e-01,6.009571933243091912e-01,9.739767590561110300e-01,8.806026525605162858e-01,1.000000000000000000e+00,1.000000000000000000e+00,1.000000000000000000e+00,8.758403872255930978e-01,9.899999999999999079e-02,9.899999999999998579e+01,5.867605633802817522e+01,9.755099865317411467e-01,9.970919826324995405e-01,9.512885782515076993e-01,7.533503593601426296e+00,1.038453391709287299e+00,1.014688563072567939e+00,7.666666666666704932e-01,1.141198426987449999e+00,1.267605633802816811e+01,0.000000000000000000e+00,1.800000000000000000e+01,5.867605633802816811e+01,-7.105427357601001859e-15,8.300000000000000000e+01,0.000000000000000000e+00,9.022132710207813044e-01,9.022132710207813044e-01,2.830630901907673191e+00,2.704469683558350379e+00,2.956630901907673081e+00,1.418670000000000009e+01,5.661100585466023460e+00,8.525599414533976628e+00,9.754166666666666541e-02,1.458333333333325377e-03,1.259999999999998899e-01,1.458333333333329714e-03,5.833333333333331261e+00,9.554572093283933976e-01,1.020175485878314081e+00,1.124774028406500426e+00,1.020175485878314081e+00,1.905830371822504432e+01,3.811660743645008653e+07,6.519561815336463440e+01,1.303912363067292571e+08,7.968300350632545381e+00,9.222222222222222854e+01,3.228467781816233284e+00,7.650278641364048227e+00,1.189586740586242808e+00,8.999999999999999112e-01,3.314228322349465627e-01,1.322484183835118454e+00,8.896713615023473798e-01,1.195882614835931612e+00,4.949999999999999289e+01,2.300000000000011369e+00,1.260000000000000009e-01,1.611650485436893021e+01,1.000000000000000222e+00,1.000000000000000000e+00,1.000000000000000000e+00,1.305390135898610859e+00,1.305390135898611038e-05,1.305390135898611038e-05,5.150000000000000355e+00,1.287629188850610618e+00,6.263696675314820439e-01,8.983929958971170748e-01,2.027981965048707647e+00
8.040000000000000000e+03,5.583333333333333037e+00,2.149500000000000000e+03,1.500000000000000000e+01,5.737704918032784818e+00,4.944115905126477010e+05,2.509362401236207685e+00,1.324083061658435811e+00,4.283432260766826261e+00,3.740902464110248404e-01,4.508185437600094936e+00,1.489993492088167004e+00,1.141198426987450443e+00,7.666666666666650531e-01,-7.287464596463142065e-13,7.594803908763291754e-14,1.305390135898610859e+00,1.000000000000000000e+00,7.500000000000000000e-01,2.500000000000000000e-01,1.332098882153444741e+00,9.927822938318336954e-01,1.271650485436892986e+01,4.716373441108467901e+00,0.000000000000000000e+00,3.399999999999999911e+00,1.483726275752677681e+00,5.012287703795992755e+00,3.994983465542333079e+00,1.000000000000000426e+02,1.228080173675003550e+00,1.433000000000000114e+02,5.150000000000000355e+00,0.000000000000000000e+00,0.000000000000000000e+00,-5.316362736134304424e-17,0.000000000000000000e+00,1.000000000000000000e+00,1.000000000000000000e+00,9.573839264418489980e-01,4.777286046641966988e-01,6.009571933243091912e-01,9.739767590561110300e-01,8.806026525605162858e-01,1.000000000000000000e+00,1.000000000000000000e+00,1.000000000000000000e+00,8.758403872255930978e-01,9.899999999999999079e-02,9.899999999999998579e+01,5.867605633802817522e+01,9.755099865317411467e-01,9.970919826324995405e-01,9.512885782515076993e-01,7.533503593601426296e+00,1.038453391709287299e+00,1.014688563072567939e+00,7.666666666666704932e-01,1.141198426987449999e+00,1.267605633802816811e+01,0.000000000000000000e+00,1.800000000000000000e+01,5.867605633802816811e+01,-7.105427357601001859e-15,8.300000000000000000e+01,0.000000000000000000e+00,9.022132710207813044e-01,9.022132710207813044e-01,2.830630901907673191e+00,2.704469683558350379e+00,2.956630901907673081e+00,1.418670000000000009e+01,5.661100585466023460e+00,8.525599414533976628e+00,9.754166666666666541e-02,1.458333333333325377e-03,1.259999999999998899e-01,1.458333333333329714e-03,5.833333333333331261e+00,9.554572093283933976e-01,1.020175485878314081e+00,1.124774028406500426e+00,1.020175485878314081e+00,1.905830371822504432e+01,3.811660743645008653e+07,6.519561815336463440e+01,1.303912363067292571e+08,7.968300350632545381e+00,9.222222222222222854e+01,3.228467781816233284e+00,7.650278641364048227e+00,1.189586740586242808e+00,8.999999999999999112e-01,3.314228322349465627e-01,1.322484183835118454e+00,8.896713615023473798e-01,1.195882614835931612e+00,4.949999999999999289e+01,2.300000000000011369e+00,1.260000000000000009e-01,1.611650485436893021e+01,1.000000000000000222e+00,1.000000000000000000e+00,1.000000000000000000e+00,1.305390135898610859e+00,1.305390135898611038e-05,1.305390135898611038e-05,5.150000000000000355e+00,1.287629188850610618e+00,6.263696675314820439e-01,8.983929958971170748e-01,2.027981965048707647e+00
8.160000000000000000e+03,5.666666666666666963e+00,2.149500000000000000e+03,1.500000000000000000e+01,5.737704918032784818e+00,4.944115905126477010e+05,2.509362401236207685e+00,1.324083061658435811e+00,4.283432260766826261e+00,3.740902464110248404e-01,4.508185437600094936e+00,1.489993492088167004e+00,1.141198426987450443e+00,7.666666666666650531e-01,-7.402890583203116310e-13,7.650110538175263634e-14,1.305390135898610859e+00,1.000000000000000000e+00,7.500000000000000000e-01,2.500000000000000000e-01,1.332098882153444741e+00,9.927822938318336954e-01,1.271650485436892986e+01,4.716373441108467901e+00,0.000000000000000000e+00,3.399999999999999911e+00,1.483726275752677681e+00,5.012287703795992755e+00,3.994983465542333079e+00,1.000000000000000426e+02,1.228080173675003550e+00,1.433000000000000114e+02,5.150000000000000355e+00,0.000000000000000000e+00,0.000000000000000000e+00,-5.355077376722684731e-17,0.000000000000000000e+00,1.000000000000000000e+00,1.000000000000000000e+00,9.573839264418489980e-01,4.777286046641966988e-01,6.009571933243091912e-01,9.739767590561110300e-01,8.806026525605162858e-01,1.000000000000000000e+00,1.000000000000000000e+00,1.000000000000000000e+00,8.758403872255930978e-01,9.899999999999999079e-02,9.899999999999998579e+01,5.867605633802817522e+01,9.755099865317411467e-01,9.970919826324995405e-01,9.512885782515076993e-01,7.533503593601426296e+00,1.038453391709287299e+00,1.014688563072567939e+00,7.666666666666704932e-01,1.141198426987449999e+00,1.267605633802816811e+01,0.000000000000000000e+00,1.800000000000000000e+01,5.867605633802816811e+01,-7.105427357601001859e-15,8.300000000000000000e+01,0.000000000000000000e+00,9.022132710207813044e-01,9.022132710207813044e-01,2.830630901907673191e+00,2.704469683558350379e+00,2.956630901907673081e+00,1.418670000000000009e+01,5.661100585466023460e+00,8.525599414533976628e+00,9.754166666666666541e-02,1.458333333333325377e-03,1.259999999999998899e-01,1.458333333333329714e-03,5.833333333333331261e+00,9.554572093283933976e-01,1.020175485878314081e+00,1.124774028406500426e+00,1.020175485878314081e+00,1.905830371822504432e+01,3.811660743645008653e+07,6.519561815336463440e+01,1.303912363067292571e+08,7.968300350632545381e+00,9.222222222222222854e+01,3.228467781816233284e+00,7.650278641364048227e+00,1.189586740586242808e+00,8.999999999999999112e-01,3.314228322349465627e-01,1.322484183835118454e+00,8.896713615023473798e-01,1.195882614835931612e+00,4.949999999999999289e+01,2.300000000000011369e+00,1.260000000000000009e-01,1.611650485436893021e+01,1.000000000000000222e+00,1.000000000000000000e+00,1.000000000000000000e+00,1.305390135898610859e+00,1.305390135898611038e-05,1.305390135898611038e-05,5.150000000000000355e+00,1.287629188850610618e+00,6.263696675314820439e-01,8.983929958971170748e-01,2.027981965048707647e+00
8.280000000000000000e+03,5.750000000000000000e+00,2.149500000000000000e+03,1.500000000000000000e+01,5.737704918032784818e+00,4.944115905126477010e+05,2.509362401236207685e+00,1.324083061658435811e+00,4.283432260766826261e+00,3.740902464110248404e-01,4.508185437600094936e+00,1.489993492088167004e+00,1.141198426987450443e+00,7.666666666666650531e-01,-7.518316569943089546e-13,7.705417167587235514e-14,1.305390135898610859e+00,1.000000000000000000e+00,7.500000000000000000e-01,2.500000000000000000e-01,1.332098882153444741e+00,9.927822938318336954e-01,1.271650485436892986e+01,4.716373441108467901e+00,0.000000000000000000e+00,3.399999999999999911e+00,1.483726275752677681e+00,5.012287703795992755e+00,3.994983465542333079e+00,1.000000000000000426e+02,1.228080173675003550e+00,1.433000000000000114e+02,5.150000000000000355e+00,0.000000000000000000e+00,0.000000000000000000e+00,-5.393792017311065038e-17,0.000000000000000000e+00,1.000000000000000000e+00,1.000000000000000000e+00,9.573839264418489980e-01,4.777286046641966988e-01,6.009571933243091912e-01,9.739767590561110300e-01,8.806026525605162858e-01,1.000000000000000000e+00,1.000000000000000000e+00,1.000000000000000000e+00,8.758403872255930978e-01,9.899999999999999079e-02,9.899999999999998579e+01,5.867605633802817522e+01,9.755099865317411467e-01,9.970919826324995405e-01,9.512885782515076993e-01,7.533503593601426296e+00,1.038453391709287299e+00,1.014688563072567939e+00,7.666666666666704932e-01,1.141198426987449999e+00,1.267605633802816811e+01,0.000000000000000000e+00,1.800000000000000000e+01,5.867605633802816811e+01,-7.105427357601001859e-15,8.300000000000000000e+01,0.000000000000000000e+00,9.022132710207813044e-01,9.022132710207813044e-01,2.830630901907673191e+00,2.704469683558350379e+00,2.956630901907673081e+00,1.418670000000000009e+01,5.661100585466023460e+00,8.525599414533976628e+00,9.754166666666666541e-02,1.458333333333325377e-03,1.259999999999998899e-01,1.458333333333329714e-03,5.833333333333331261e+00,9.554572093283933976e-01,1.020175485878314081e+00,1.124774028406500426e+00,1.020175485878314081e+00,1.905830371822504432e+01,3.811660743645008653e+07,6.519561815336463440e+01,1.303912363067292571e+08,7.968300350632545381e+00,9.222222222222222854e+01,3.228467781816233284e+00,7.650278641364048227e+00,1.189586740586242808e+00,8.999999999999999112e-01,3.314228322349465627e-01,1.322484183835118454e+00,8.896713615023473798e-01,1.195882614835931612e+00,4.949999999999999289e+01,2.300000000000011369e+00,1.260000000000000009e-01,1.611650485436893021e+01,1.000000000000000222e+00,1.000000000000000000e+00,1.000000000000000000e+00,1.305390135898610859e+00,1.305390135898611038e-05,1.305390135898611038e-05,5.150000000000000355e+00,1.287629188850610618e+00,6.263696675314820439e-01,8.983929958971170748e-01,2.027981965048707647e+00
8.400000000000000000e+03,5.833333333333333037e+00,2.149500000000000000e+03,1.500000000000000000e+01,5.737704918032784818e+00,4.944115905126477010e+05,2.509362401236207685e+00,1.324083061658435811e+00,4.283432260766826261e+00,3.740902464110248404e-01,4.508185437600094936e+00,1.489993492088167004e+00,1.141198426987450443e+00,7.666666666666650531e-01,-7.633742556683062782e-13,7.760723796999207394e-14,1.305390135898610859e+00,1.000000000000000000e+00,7.500000000000000000e-01,2.500000000000000000e-01,1.332098882153444741e+00,9.927822938318336954e-01,1.271650485436892986e+01,4.716373441108467901e+00,0.000000000000000000e+00,3.399999999999999911e+00,1.483726275752677681e+00,5.012287703795992755e+00,3.994983465542333079e+00,1.000000000000000426e+02,1.228080173675003550e+00,1.433000000000000114e+02,5.150000000000000355e+00,0.000000000000000000e+00,0.000000000000000000e+00,-5.432506657899445345e-17,0.000000000000000000e+00,1.000000000000000000e+00,1.000000000000000000e+00,9.573839264418489980e-01,4.777286046641966988e-01,6.009571933243091912e-01,9.739767590561110300e-01,8.806026525605162858e-01,1.000000000000000000e+00,1.000000000000000000e+00,1.000000000000000000e+00,8.758403872255930978e-01,9.899999999999999079e-02,9.899999999999998579e+01,5.867605633802817522e+01,9.755099865317411467e-01,9.970919826324995405e-01,9.512885782515076993e-01,7.533503593601426296e+00,1.038453391709287299e+00,1.014688563072567939e+00,7.666666666666704932e-01,1.141198426987449999e+00,1.267605633802816811e+01,0.000000000000000000e+00,1.800000000000000000e+01,5.867605633802816811e+01,-7.105427357601001859e-15,8.300000000000000000e+01,0.000000000000000000e+00,9.022132710207813044e-01,9.022132710207813044e-01,2.830630901907673191e+00,2.704469683558350379e+00,2.956630901907673081e+00,1.418670000000000009e+01,5.661100585466023460e+00,8.525599414533976628e+00,9.754166666666666541e-02,1.458333333333325377e-03,1.259999999999998899e-01,1.458333333333329714e-03,5.833333333333331261e+00,9.554572093283933976e-01,1.020175485878314081e+00,1.124774028406500426e+00,1.020175485878314081e+00,1.905830371822504432e+01,3.811660743645008653e+07,6.519561815336463440e+01,1.303912363067292571e+08,7.968300350632545381e+00,9.222222222222222854e+01,3.228467781816233284e+00,7.650278641364048227e+00,1.189586740586242808e+00,8.999999999999999112e-01,3.314228322349465627e-01,1.322484183835118454e+00,8.896713615023473798e-01,1.195882614835931612e+00,4.949999999999999289e+01,2.300000000000011369e+00,1.260000000000000009e-01,1.611650485436893021e+01,1.000000000000000222e+00,1.000000000000000000e+00,1.000000000000000000e+00,1.305390135898610859e+00,1.305390135898611038e-05,1.305390135898611038e-05,5.150000000000000355e+00,1.287629188850610618e+00,6.263696675314820439e-01,8.983929958971170748e-01,2.027981965048707647e+00
8.520000000000000000e+03,5.916666666666666963e+00,2.149500000000000000e+03,1.500000000000000000e+01,5.737704918032785706e+00,4.944115905126477010e+05,2.509362401236207685e+00,1.324083061658435811e+00,4.283432260766826261e+00,3.740902464110248404e-01,4.508185437600094936e+00,1.489993492088167004e+00,1.141198426987450443e+00,7.666666666666651642e-01,-7.749168543423037027e-13,7.816030426411180536e-14,1.305390135898610859e+00,1.000000000000000000e+00,7.500000000000000000e-01,2.500000000000000000e-01,1.332098882153444741e+00,9.927822938318336954e-01,1.271650485436892986e+01,4.716373441108467901e+00,0.000000000000000000e+00,3.399999999999999911e+00,1.483726275752677681e+00,5.012287703795992755e+00,3.994983465542333967e+00,1.000000000000000426e+02,1.228080173675003550e+00,1.433000000000000114e+02,5.150000000000000355e+00,0.000000000000000000e+00,0.000000000000000000e+00,-5.471221298487826269e-17,0.000000000000000000e+00,1.000000000000000000e+00,1.000000000000000000e+00,9.573839264418489980e-01,4.777286046641966988e-01,6.009571933243091912e-01,9.739767590561110300e-01,8.806026525605162858e-01,1.000000000000000000e+00,1.000000000000000000e+00,1.000000000000000000e+00,8.758403872255930978e-01,9.899999999999999079e-02,9.899999999999998579e+01,5.867605633802817522e+01,9.755099865317411467e-01,9.970919826324995405e-01,9.512885782515076993e-01,7.533503593601426296e+00,1.038453391709287299e+00,1.014688563072567939e+00,7.666666666666704932e-01,1.141198426987449999e+00,1.267605633802816811e+01,0.000000000000000000e+00,1.800000000000000000e+01,5.867605633802816811e+01,-7.105427357601001859e-15,8.300000000000000000e+01,0.000000000000000000e+00,9.022132710207813044e-01,9.022132710207813044e-01,2.830630901907673191e+00,2.704469683558350379e+00,2.956630901907673081e+00,1.418670000000000009e+01,5.661100585466023460e+00,8.525599414533976628e+00,9.754166666666666541e-02,1.458333333333325377e-03,1.259999999999998899e-01,1.458333333333331448e-03,5.833333333333332149e+00,9.554572093283933976e-01,1.020175485878314081e+00,1.124774028406500426e+00,1.020175485878314081e+00,1.905830371822504432e+01,3.811660743645008653e+07,6.519561815336463440e+01,1.303912363067292571e+08,7.968300350632545381e+00,9.222222222222222854e+01,3.228467781816233284e+00,7.650278641364048227e+00,1.189586740586242808e+00,8.999999999999999112e-01,3.314228322349465627e-01,1.322484183835118454e+00,8.896713615023473798e-01,1.195882614835931612e+00,4.949999999999999289e+01,2.300000000000011369e+00,1.260000000000000009e-01,1.611650485436893021e+01,1.000000000000000222e+00,1.000000000000000000e+00,1.000000000000000000e+00,1.305390135898610859e+00,1.305390135898611038e-05,1.305390135898611038e-05,5.150000000000000355e+00,1.287629188850610618e+00,6.263696675314820439e-01,8.983929958971170748e-01,2.027981965048707647e+00
8.640000000000000000e+03,6.000000000000000000e+00,2.149500000000000000e+03,1.500000000000000000e+01,5.737704918032785706e+00,4.944115905126477010e+05,2.509362401236207685e+00,1.324083061658435811e+00,4.283432260766826261e+00,3.740902464110248404e-01,4.508185437600094936e+00,1.489993492088167004e+00,1.141198426987450443e+00,7.666666666666651642e-01,-7.864594530163011272e-13,7.871337055823152417e-14,1.305390135898610859e+00,1.000000000000000000e+00,7.500000000000000000e-01,2.500000000000000000e-01,1.332098882153444741e+00,9.927822938318336954e-01,1.271650485436892986e+01,4.716373441108467901e+00,0.000000000000000000e+00,3.399999999999999911e+00,1.483726275752677681e+00,5.012287703795992755e+00,3.994983465542333967e+00,1.000000000000000426e+02,1.228080173675003550e+00,1.433000000000000114e+02,5.150000000000000355e+00,0.000000000000000000e+00,0.000000000000000000e+00,-5.509935939076206576e-17,0.000000000000000000e+00,1.000000000000000000e+00,1.000000000000000000e+00,9.573839264418489980e-01,4.777286046641966988e-01,6.009571933243091912e-01,9.739767590561110300e-01,8.806026525605162858e-01,1.000000000000000000e+00,1.000000000000000000e+00,1.000000000000000000e+00,8.758403872255930978e-01,9.899999999999999079e-02,9.899999999999998579e+01,5.867605633802817522e+01,9.755099865317411467e-01,9.970919826324995405e-01,9.512885782515076993e-01,7.533503593601426296e+00,1.038453391709287299e+00,1.014688563072567939e+00,7.666666666666704932e-01,1.141198426987449999e+00,1.267605633802816811e+01,0.000000000000000000e+00,1.800000000000000000e+01,5.867605633802816811e+01,-7.105427357601001859e-15,8.300000000000000000e+01,0.000000000000000000e+00,9.022132710207813044e-01,9.022132710207813044e-01,2.830630901907673191e+00,2.704469683558350379e+00,2.956630901907673081e+00,1.418670000000000009e+01,5.661100585466023460e+00,8.525599414533976628e+00,9.754166666666666541e-02,1.458333333333325377e-03,1.259999999999998899e-01,1.458333333333331448e-03,5.833333333333332149e+00,9.554572093283933976e-01,1.020175485878314081e+00,1.124774028406500426e+00,1.020175485878314081e+00,1.905830371822504432e+01,3.811660743645008653e+07,6.519561815336463440e+01,1.303912363067292571e+08,7.968300350632545381e+00,9.222222222222222854e+01,3.228467781816233284e+00,7.650278641364048227e+00,1.189586740586242808e+00,8.999999999999999112e-01,3.314228322349465627e-01,1.322484183835118454e+00,8.896713615023473798e-01,1.195882614835931612e+00,4.949999999999999289e+01,2.300000000000011369e+00,1.260000000000000009e-01,1.611650485436893021e+01,1.000000000000000222e+00,1.000000000000000000e+00,1.000000000000000000e+00,1.305390135898610859e+00,1.305390135898611038e-05,1.305390135898611038e-05,5.150000000000000355e+00,1.287629188850610618e+00,6.263696675314820439e-01,8.983929958971170748e-01,2.027981965048707647e+00
8.760000000000000000e+03,6.083333333333333037e+00,2.149500000000000000e+03,1.500000000000000000e+01,5.737704918032785706e+00,4.944115905126477010e+05,2.509362401236207685e+00,1.324083061658435811e+00,4.283432260766826261e+00,3.740902464110248404e-01,4.508185437600094936e+00,1.489993492088167004e+00,1.141198426987450443e+00,7.666666666666651642e-01,-7.980020516902984508e-13,7.926643685235124297e-14,1.305390135898610859e+00,1.000000000000000000e+00,7.500000000000000000e-01,2.500000000000000000e-01,1.332098882153444741e+00,9.927822938318336954e-01,1.271650485436892986e+01,4.716373441108467901e+00,0.000000000000000000e+00,3.399999999999999911e+00,1.483726275752677681e+00,5.012287703795992755e+00,3.994983465542333967e+00,1.000000000000000426e+02,1.228080173675003550e+00,1.433000000000000114e+02,5.150000000000000355e+00,0.000000000000000000e+00,0.000000000000000000e+00,-5.548650579664586883e-17,0.000000000000000000e+00,1.000000000000000000e+00,1.000000000000000000e+00,9.573839264418489980e-01,4.777286046641966988e-01,6.009571933243091912e-01,9.739767590561110300e-01,8.806026525605162858e-01,1.000000000000000000e+00,1.000000000000000000e+00,1.000000000000000000e+00,8.758403872255930978e-01,9.899999999999999079e-02,9.899999999999998579e+01,5.867605633802817522e+01,9.755099865317411467e-01,9.970919826324995405e-01,9.512885782515076993e-01,7.533503593601426296e+00,1.038453391709287299e+00,1.014688563072567939e+00,7.666666666666704932e-01,1.141198426987449999e+00,1.267605633802816811e+01,0.000000000000000000e+00,1.800000000000000000e+01,5.867605633802816811e+01,-7.105427357601001859e-15,8.300000000000000000e+01,0.000000000000000000e+00,9.022132710207813044e-01,9.022132710207813044e-01,2.830630901907673191e+00,2.704469683558350379e+00,2.956630901907673081e+00,1.418670000000000009e+01,5.661100585466023460e+00,8.525599414533976628e+00,9.754166666666666541e-02,1.458333333333325377e-03,1.259999999999998899e-01,1.458333333333331448e-03,5.833333333333332149e+00,9.554572093283933976e-01,1.020175485878314081e+00,1.124774028406500426e+00,1.020175485878314081e+00,1.905830371822504432e+01,3.811660743645008653e+07,6.519561815336463440e+01,1.303912363067292571e+08,7.968300350632545381e+00,9.222222222222222854e+01,3.228467781816233284e+00,7.650278641364048227e+00,1.189586740586242808e+00,8.999999999999999112e-01,3.314228322349465627e-01,1.322484183835118454e+00,8.896713615023473798e-01,1.195882614835931612e+00,4.949999999999999289e+01,2.300000000000011369e+00,1.260000000000000009e-01,1.611650485436893021e+01,1.000000000000000222e+00,1.000000000000000000e+00,1.000000000000000000e+00,1.305390135898610859e+00,1.305390135898611038e-05,1.305390135898611038e-05,5.150000000000000355e+00,1.287629188850610618e+00,6.263696675314820439e-01,8.983929958971170748e-01,2.027981965048707647e+00
8.880000000000000000e+03,6.166666666666666963e+00,2.149500000000000000e+03,1.500000000000000000e+01,5.737704918032785706e+00,4.944115905126477010e+05,2.509362401236207685e+00,1.324083061658435811e+00,4.283432260766826261e+00,3.740902464110248404e-01,4.508185437600094936e+00,1.489993492088167004e+00,1.141198426987450443e+00,7.666666666666651642e-01,-8.095446503642958753e-13,7.981950314647096177e-14,1.305390135898610859e+00,1.000000000000000000e+00,7.500000000000000000e-01,2.500000000000000000e-01,1.332098882153444741e+00,9.927822938318336954e-01,1.271650485436892986e+01,4.716373441108467901e+00,0.000000000000000000e+00,3.399999999999999911e+00,1.483726275752677681e+00,5.012287703795992755e+00,3.994983465542333967e+00,1.000000000000000426e+02,1.228080173675003550e+00,1.433000000000000114e+02,5.150000000000000355e+00,0.000000000000000000e+00,0.000000000000000000e+00,-5.587365220252967807e-17,0.000000000000000000e+00,1.000000000000000000e+00,1.000000000000000000e+00,9.573839264418489980e-01,4.777286046641966988e-01,6.009571933243091912e-01,9.739767590561110300e-01,8.806026525605162858e-01,1.000000000000000000e+00,1.000000000000000000e+00,1.000000000000000000e+00,8.758403872255930978e-01,9.899999999999999079e-02,9.899999999999998579e+01,5.867605633802817522e+01,9.755099865317411467e-01,9.970919826324995405e-01,9.512885782515076993e-01,7.533503593601426296e+00,1.038453391709287299e+00,1.014688563072567939e+00,7.666666666666704932e-01,1.141198426987449999e+00,1.267605633802816811e+01,0.000000000000000000e+00,1.800000000000000000e+01,5.867605633802816811e+01,-7.105427357601001859e-15,8.300000000000000000e+01,0.000000000000000000e+00,9.022132710207813044e-01,9.022132710207813044e-01,2.830630901907673191e+00,2.704469683558350379e+00,2.956630901907673081e+00,1.418670000000000009e+01,5.661100585466023460e+00,8.525599414533976628e+00,9.754166666666666541e-02,1.458333333333325377e-03,1.259999999999998899e-01,1.458333333333331448e-03,5.833333333333332149e+00,9.554572093283933976e-01,1.020175485878314081e+00,1.124774028406500426e+00,1.020175485878314081e+00,1.905830371822504432e+01,3.811660743645008653e+07,6.519561815336463440e+01,1.303912363067292571e+08,7.968300350632545381e+00,9.222222222222222854e+01,3.228467781816233284e+00,7.650278641364048227e+00,1.189586740586242808e+00,8.999999999999999112e-01,3.314228322349465627e-01,1.322484183835118454e+00,8.896713615023473798e-01,1.195882614835931612e+00,4.949999999999999289e+01,2.300000000000011369e+00,1.260000000000000009e-01,1.611650485436893021e+01,1.000000000000000222e+00,1.000000000000000000e+00,1.000000000000000000e+00,1.305390135898610859e+00,1.305390135898611038e-05,1.305390135898611038e-05,5.150000000000000355e+00,1.287629188850610618e+00,6.263696675314820439e-01,8.983929958971170748e-01,2.027981965048707647e+00
9.000000000000000000e+03,6.250000000000000000e+00,2.149500000000000000e+03,1.500000000000000000e+01,5.737704918032785706e+00,4.944115905126477010e+05,2.509362401236207685e+00,1.324083061658435811e+00,4.283432260766826261e+00,3.740902464110248404e-01,4.508185437600094936e+00,1.489993492088167004e+00,1.141198426987450443e+00,7.666666666666652752e-01,-8.210872490382931989e-13,8.037256944059068057e-14,1.305390135898610859e+00,1.000000000000000000e+00,7.500000000000000000e-01,2.500000000000000000e-01,1.332098882153444741e+00,9.927822938318336954e-01,1.271650485436892986e+01,4.716373441108467901e+00,0.000000000000000000e+00,3.399999999999999911e+00,1.483726275752677681e+00,5.012287703795992755e+00,3.994983465542334411e+00,1.000000000000000426e+02,1.228080173675003550e+00,1.433000000000000114e+02,5.150000000000000355e+00,0.000000000000000000e+00,0.000000000000000000e+00,-5.626079860841347498e-17,0.000000000000000000e+00,1.000000000000000000e+00,1.000000000000000000e+00,9.573839264418489980e-01,4.777286046641966988e-01,6.009571933243091912e-01,9.739767590561110300e-01,8.806026525605162858e-01,1.000000000000000000e+00,1.000000000000000000e+00,1.000000000000000000e+00,8.758403872255930978e-01,9.899999999999999079e-02,9.899999999999998579e+01,5.867605633802817522e+01,9.755099865317411467e-01,9.970919826324995405e-01,9.512885782515076993e-01,7.533503593601426296e+00,1.038453391709287299e+00,1.014688563072567939e+00,7.666666666666704932e-01,1.141198426987449999e+00,1.267605633802816811e+01,0.000000000000000000e+00,1.800000000000000000e+01,5.867605633802816811e+01,-7.105427357601001859e-15,8.300000000000000000e+01,0.000000000000000000e+00,9.022132710207813044e-01,9.022132710207813044e-01,2.830630901907673191e+00,2.704469683558350379e+00,2.956630901907673081e+00,1.418670000000000009e+01,5.661100585466023460e+00,8.525599414533976628e+00,9.754166666666666541e-02,1.458333333333325377e-03,1.259999999999998899e-01,1.458333333333331448e-03,5.833333333333332149e+00,9.554572093283933976e-01,1.020175485878314081e+00,1.124774028406500426e+00,1.020175485878314081e+00,1.905830371822504432e+01,3.811660743645008653e+07,6.519561815336463440e+01,1.303912363067292571e+08,7.968300350632545381e+00,9.222222222222222854e+01,3.228467781816233284e+00,7.650278641364048227e+00,1.189586740586242808e+00,8.999999999999999112e-01,3.314228322349465627e-01,1.322484183835118454e+00,8.896713615023473798e-01,1.195882614835931612e+00,4.949999999999999289e+01,2.300000000000011369e+00,1.260000000000000009e-01,1.611650485436893021e+01,1.000000000000000222e+00,1.000000000000000000e+00,1.000000000000000000e+00,1.305390135898610859e+00,1.305390135898611038e-05,1.305390135898611038e-05,5.150000000000000355e+00,1.287629188850610618e+00,6.263696675314820439e-01,8.983929958971170748e-01,2.027981965048707647e+00
9.120000000000000000e+03,6.333333333333333037e+00,2.149500000000000000e+03,1.500000000000000000e+01,5.737704918032785706e+00,4.944115905126477010e+05,2.509362401236207685e+00,1.324083061658435811e+00,4.283432260766826261e+00,3.740902464110248404e-01,4.508185437600094936e+00,1.489993492088167004e+00,1.141198426987450443e+00,7.666666666666652752e-01,-8.326298477122906234e-13,8.092563573471041199e-14,1.305390135898610859e+00,1.000000000000000222e+00,7.500000000000003331e-01,2.500000000000000555e-01,1.332098882153444741e+00,9.927822938318338064e-01,1.271650485436893518e+01,4.716373441108467901e+00,4.440892098500626162e-16,3.399999999999999911e+00,1.483726275752677681e+00,5.012287703795992755e+00,3.994983465542334411e+00,1.000000000000000426e+02,1.228080173675003550e+00,1.433000000000000114e+02,5.149999999999998579e+00,-4.440892098500626162e-15,1.185846126156020475e-20,-1.232613264918066865e-16,0.000000000000000000e+00,1.000000000000000444e+00,1.000000000000000444e+00,9.573839264418489980e-01,4.777286046641966988e-01,6.009571933243091912e-01,9.739767590561110300e-01,8.806026525605162858e-01,1.000000000000000000e+00,1.000000000000000000e+00,1.000000000000000000e+00,8.758403872255930978e-01,9.899999999999999079e-02,9.899999999999998579e+01,5.867605633802816101e+01,9.755099865317411467e-01,9.970919826324995405e-01,9.512885782515076993e-01,7.533503593601429849e+00,1.038453391709287299e+00,1.014688563072567939e+00,7.666666666666706043e-01,1.141198426987450443e+00,1.267605633802816811e+01,-4.889422200449189556e-17,1.800000000000000000e+01,5.867605633802816811e+01,7.105427357601001859e-15,8.299999999999998579e+01,0.000000000000000000e+00,9.022132710207809714e-01,9.022132710207809714e-01,2.830630901907673191e+00,2.704469683558350379e+00,2.956630901907673081e+00,1.418670000000000009e+01,5.661100585466023460e+00,8.525599414533976628e+00,9.754166666666666541e-02,1.458333333333325377e-03,1.259999999999998899e-01,1.458333333333331448e-03,5.833333333333332149e+00,9.554572093283933976e-01,1.020175485878314081e+00,1.124774028406500426e+00,1.020175485878314081e+00,1.905830371822504432e+01,3.811660743645008653e+07,6.519561815336463440e+01,1.303912363067292571e+08,7.968300350632545381e+00,9.222222222222222854e+01,3.228467781816233284e+00,7.650278641364048227e+00,1.189586740586242808e+00,8.999999999999998002e-01,3.314228322349465627e-01,1.322484183835118454e+00,8.896713615023473798e-01,1.195882614835931612e+00,4.949999999999999289e+01,2.300000000000011369e+00,1.260000000000000009e-01,1.611650485436893376e+01,1.000000000000000222e+00,1.000000000000000000e+00,1.000000000000000000e+00,1.305390135898610859e+00,1.305390135898611038e-05,1.305390135898612224e-05,5.150000000000003020e+00,1.287629188850610840e+00,6.263696675314820439e-01,8.983929958971170748e-01,2.027981965048708535e+00
9.240000000000000000e+03,6.416666666666666963e+00,2.149500000000000000e+03,1.500000000000000000e+01,5.737704918032785706e+00,4.944115905126477010e+05,2.509362401236207685e+00,1.324083061658435811e+00,4.283432260766826261e+00,3.740902464110248404e-01,4.508185437600094936e+00,1.489993492088167004e+00,1.141198426987450443e+00,7.666666666666652752e-01,-8.441724463862879470e-13,8.147870202883013080e-14,1.305390135898610859e+00,1.000000000000000222e+00,7.500000000000003331e-01,2.500000000000000555e-01,1.332098882153444741e+00,9.927822938318338064e-01,1.271650485436893518e+01,4.716373441108467901e+00,4.440892098500626162e-16,3.399999999999999911e+00,1.483726275752677681e+00,5.012287703795992755e+00,3.994983465542334411e+00,1.000000000000000426e+02,1.228080173675003550e+00,1.433000000000000114e+02,5.149999999999998579e+00,-4.440892098500626162e-15,1.185846126156020475e-20,-1.236484728976904957e-16,0.000000000000000000e+00,1.000000000000000444e+00,1.000000000000000444e+00,9.573839264418489980e-01,4.777286046641966988e-01,6.009571933243091912e-01,9.739767590561110300e-01,8.806026525605162858e-01,1.000000000000000000e+00,1.000000000000000000e+00,1.000000000000000000e+00,8.758403872255930978e-01,9.899999999999999079e-02,9.899999999999998579e+01,5.867605633802816101e+01,9.755099865317411467e-01,9.970919826324995405e-01,9.512885782515076993e-01,7.533503593601429849e+00,1.038453391709287299e+00,1.014688563072567939e+00,7.666666666666706043e-01,1.141198426987450443e+00,1.267605633802816811e+01,-4.889422200449189556e-17,1.800000000000000000e+01,5.867605633802816811e+01,7.105427357601001859e-15,8.299999999999998579e+01,0.000000000000000000e+00,9.022132710207809714e-01,9.022132710207809714e-01,2.830630901907673191e+00,2.704469683558350379e+00,2.956630901907673081e+00,1.418670000000000009e+01,5.661100585466023460e+00,8.525599414533976628e+00,9.754166666666666541e-02,1.458333333333325377e-03,1.259999999999998899e-01,1.458333333333331448e-03,5.833333333333332149e+00,9.554572093283933976e-01,1.020175485878314081e+00,1.124774028406500426e+00,1.020175485878314081e+00,1.905830371822504432e+01,3.811660743645008653e+07,6.519561815336463440e+01,1.303912363067292571e+08,7.968300350632545381e+00,9.222222222222222854e+01,3.228467781816233284e+00,7.650278641364048227e+00,1.189586740586242808e+00,8.999999999999998002e-01,3.314228322349465627e-01,1.322484183835118454e+00,8.896713615023473798e-01,1.195882614835931612e+00,4.949999999999999289e+01,2.300000000000011369e+00,1.260000000000000009e-01,1.611650485436893376e+01,1.000000000000000222e+00,1.000000000000000000e+00,1.000000000000000000e+00,1.305390135898610859e+00,1.305390135898611038e-05,1.305390135898612224e-05,5.150000000000003020e+00,1.287629188850610840e+00,6.263696675314820439e-01,8.983929958971170748e-01,2.027981965048708535e+00
9.360000000000000000e+03,6.500000000000000000e+00,2.149500000000000000e+03,1.500000000000000000e+01,5.737704918032785706e+00,4.944115905126477010e+05,2.509362401236207685e+00,1.324083061658435811e+00,4.283432260766826261e+00,3.740902464110248404e-01,4.508185437600094936e+00,1.489993492088167004e+00,1.141198426987450443e+00,7.666666666666652752e-01,-8.557150450602853715e-13,8.203176832294984960e-14,1.305390135898610859e+00,1.000000000000000222e+00,7.500000000000003331e-01,2.500000000000000555e-01,1.332098882153444741e+00,9.927822938318338064e-01,1.271650485436893518e+01,4.716373441108467901e+00,4.440892098500626162e-16,3.399999999999999911e+00,1.483726275752677681e+00,5.012287703795992755e+00,3.994983465542334411e+00,1.000000000000000426e+02,1.228080173675003550e+00,1.433000000000000114e+02,5.149999999999998579e+00,-4.440892098500626162e-15,1.185846126156020475e-20,-1.240356193035743050e-16,0.000000000000000000e+00,1.000000000000000444e+00,1.000000000000000444e+00,9.573839264418489980e-01,4.777286046641966988e-01,6.009571933243091912e-01,9.739767590561110300e-01,8.806026525605162858e-01,1.000000000000000000e+00,1.000000000000000000e+00,1.000000000000000000e+00,8.758403872255930978e-01,9.899999999999999079e-02,9.899999999999998579e+01,5.867605633802816101e+01,9.755099865317411467e-01,9.970919826324995405e-01,9.512885782515076993e-01,7.533503593601429849e+00,1.038453391709287299e+00,1.014688563072567939e+00,7.666666666666706043e-01,1.141198426987450443e+00,1.267605633802816811e+01,-4.889422200449189556e-17,1.800000000000000000e+01,5.867605633802816811e+01,7.105427357601001859e-15,8.299999999999998579e+01,0.000000000000000000e+00,9.022132710207809714e-01,9.022132710207809714e-01,2.830630901907673191e+00,2.704469683558350379e+00,2.956630901907673081e+00,1.418670000000000009e+01,5.661100585466023460e+00,8.525599414533976628e+00,9.754166666666666541e-02,1.458333333333325377e-03,1.259999999999998899e-01,1.458333333333331448e-03,5.833333333333332149e+00,9.554572093283933976e-01,1.020175485878314081e+00,1.124774028406500426e+00,1.020175485878314081e+00,1.905830371822504432e+01,3.811660743645008653e+07,6.519561815336463440e+01,1.303912363067292571e+08,7.968300350632545381e+00,9.222222222222222854e+01,3.228467781816233284e+00,7.650278641364048227e+00,1.189586740586242808e+00,8.999999999999998002e-01,3.314228322349465627e-01,1.322484183835118454e+00,8.896713615023473798e-01,1.195882614835931612e+00,4.949999999999999289e+01,2.300000000000011369e+00,1.260000000000000009e-01,1.611650485436893376e+01,1.000000000000000222e+00,1.000000000000000000e+00,1.000000000000000000e+00,1.305390135898610859e+00,1.305390135898611038e-05,1.305390135898612224e-05,5.150000000000003020e+00,1.287629188850610840e+00,6.263696675314820439e-01,8.983929958971170748e-01,2.027981965048708535e+00
9.480000000000000000e+03,6.583333333333333037e+00,2.149500000000000000e+03,1.500000000000000000e+01,5.737704918032785706e+00,4.944115905126477010e+05,2.509362401236207685e+00,1.324083061658435811e+00,4.283432260766826261e+00,3.740902464110248404e-01,4.508185437600094936e+00,1.489993492088167004e+00,1.141198426987450443e+00,7.666666666666652752e-01,-8.672576437342826951e-13,8.258483461706956840e-14,1.305390135898610859e+00,1.000000000000000222e+00,7.500000000000003331e-01,2.500000000000000555e-01,1.332098882153444741e+00,9.927822938318338064e-01,1.271650485436893518e+01,4.716373441108467901e+00,4.440892098500626162e-16,3.399999999999999911e+00,1.483726275752677681e+00,5.012287703795992755e+00,3.994983465542334411e+00,1.000000000000000426e+02,1.228080173675003550e+00,1.433000000000000114e+02,5.149999999999998579e+00,-4.440892098500626162e-15,1.185846126156020475e-20,-1.244227657094581142e-16,0.000000000000000000e+00,1.000000000000000444e+00,1.000000000000000444e+00,9.573839264418489980e-01,4.777286046641966988e-01,6.009571933243091912e-01,9.739767590561110300e-01,8.806026525605162858e-01,1.000000000000000000e+00,1.000000000000000000e+00,1.000000000000000000e+00,8.758403872255930978e-01,9.899999999999999079e-02,9.899999999999998579e+01,5.867605633802816101e+01,9.755099865317411467e-01,9.970919826324995405e-01,9.512885782515076993e-01,7.533503593601429849e+00,1.038453391709287299e+00,1.014688563072567939e+00,7.666666666666706043e-01,1.141198426987450443e+00,1.267605633802816811e+01,-4.889422200449189556e-17,1.800000000000000000e+01,5.867605633802816811e+01,7.105427357601001859e-15,8.299999999999998579e+01,0.000000000000000000e+00,9.022132710207809714e-01,9.022132710207809714e-01,2.830630901907673191e+00,2.704469683558350379e+00,2.956630901907673081e+00,1.418670000000000009e+01,5.661100585466023460e+00,8.525599414533976628e+00,9.754166666666666541e-02,1.458333333333325377e-03,1.259999999999998899e-01,1.458333333333331448e-03,5.833333333333332149e+00,9.554572093283933976e-01,1.020175485878314081e+00,1.124774028406500426e+00,1.020175485878314081e+00,1.905830371822504432e+01,3.811660743645008653e+07,6.519561815336463440e+01,1.303912363067292571e+08,7.968300350632545381e+00,9.222222222222222854e+01,3.228467781816233284e+00,7.650278641364048227e+00,1.189586740586242808e+00,8.999999999999998002e-01,3.314228322349465627e-01,1.322484183835118454e+00,8.896713615023473798e-01,1.195882614835931612e+00,4.949999999999999289e+01,2.300000000000011369e+00,1.260000000000000009e-01,1.611650485436893376e+01,1.000000000000000222e+00,1.000000000000000000e+00,1.000000000000000000e+00,1.305390135898610859e+00,1.305390135898611038e-05,1.305390135898612224e-05,5.150000000000003020e+00,1.287629188850610840e+00,6.263696675314820439e-01,8.983929958971170748e-01,2.027981965048708535e+00
9.600000000000000000e+03,6.666666666666666963e+00,2.149500000000000000e+03,1.500000000000000000e+01,5.737704918032785706e+00,4.944115905126477010e+05,2.509362401236207685e+00,1.324083061658435811e+00,4.283432260766826261e+00,3.740902464110248404e-01,4.508185437600094936e+00,1.489993492088167004e+00,1.141198426987450443e+00,7.666666666666653862e-01,-8.788002424082801196e-13,8.313790091118929982e-14,1.305390135898610859e+00,1.000000000000000222e+00,7.500000000000003331e-01,2.500000000000000555e-01,1.332098882153444741e+00,9.927822938318338064e-01,1.271650485436893518e+01,4.716373441108467901e+00,4.440892098500626162e-16,3.399999999999999911e+00,1.483726275752677681e+00,5.012287703795992755e+00,3.994983465542334855e+00,1.000000000000000426e+02,1.228080173675003550e+00,1.433000000000000114e+02,5.149999999999998579e+00,-4.440892098500626162e-15,1.185846126156020475e-20,-1.248099121153419234e-16,0.000000000000000000e+00,1.000000000000000444e+00,1.000000000000000444e+00,9.573839264418489980e-01,4.777286046641966988e-01,6.009571933243091912e-01,9.739767590561110300e-01,8.806026525605162858e-01,1.000000000000000000e+00,1.000000000000000000e+00,1.000000000000000000e+00,8.758403872255930978e-01,9.899999999999999079e-02,9.899999999999998579e+01,5.867605633802816101e+01,9.755099865317411467e-01,9.970919826324995405e-01,9.512885782515076993e-01,7.533503593601429849e+00,1.038453391709287299e+00,1.014688563072567939e+00,7.666666666666706043e-01,1.141198426987450443e+00,1.267605633802816811e+01,-4.889422200449189556e-17,1.800000000000000000e+01,5.867605633802816811e+01,7.105427357601001859e-15,8.299999999999998579e+01,0.000000000000000000e+00,9.022132710207809714e-01,9.022132710207809714e-01,2.830630901907673191e+00,2.704469683558350379e+00,2.956630901907673081e+00,1.418670000000000009e+01,5.661100585466023460e+00,8.525599414533976628e+00,9.754166666666666541e-02,1.458333333333325377e-03,1.259999999999998899e-01,1.458333333333331448e-03,5.833333333333332149e+00,9.554572093283933976e-01,1.020175485878314081e+00,1.124774028406500426e+00,1.020175485878314081e+00,1.905830371822504432e+01,3.811660743645008653e+07,6.519561815336463440e+01,1.303912363067292571e+08,7.968300350632545381e+00,9.222222222222222854e+01,3.228467781816233284e+00,7.650278641364048227e+00,1.189586740586242808e+00,8.999999999999998002e-01,3.314228322349465627e-01,1.322484183835118454e+00,8.896713615023473798e-01,1.195882614835931612e+00,4.949999999999999289e+01,2.300000000000011369e+00,1.260000000000000009e-01,1.611650485436893376e+01,1.000000000000000222e+00,1.000000000000000000e+00,1.000000000000000000e+00,1.305390135898610859e+00,1.305390135898611038e-05,1.305390135898612224e-05,5.150000000000003020e+00,1.287629188850610840e+00,6.263696675314820439e-01,8.983929958971170748e-01,2.027981965048708535e+00
9.720000000000000000e+03,6.750000000000000000e+00,2.149500000000000000e+03,1.500000000000000000e+01,5.737704918032785706e+00,4.944115905126477010e+05,2.509362401236207685e+00,1.324083061658435811e+00,4.283432260766826261e+00,3.740902464110248404e-01,4.508185437600094936e+00,1.489993492088167004e+00,1.141198426987450443e+00,7.666666666666653862e-01,-8.903428410822774432e-13,8.369096720530901862e-14,1.305390135898610859e+00,1.000000000000000222e+00,7.500000000000003331e-01,2.500000000000000555e-01,1.332098882153444741e+00,9.927822938318338064e-01,1.271650485436893518e+01,4.716373441108467901e+00,4.440892098500626162e-16,3.399999999999999911e+00,1.483726275752677681e+00,5.012287703795992755e+00,3.994983465542334855e+00,1.000000000000000426e+02,1.228080173675003550e+00,1.433000000000000114e+02,5.149999999999998579e+00,-4.440892098500626162e-15,1.185846126156020475e-20,-1.251970585212257327e-16,0.000000000000000000e+00,1.000000000000000444e+00,1.000000000000000444e+00,9.573839264418489980e-01,4.777286046641966988e-01,6.009571933243091912e-01,9.739767590561110300e-01,8.806026525605162858e-01,1.000000000000000000e+00,1.000000000000000000e+00,1.000000000000000000e+00,8.758403872255930978e-01,9.899999999999999079e-02,9.899999999999998579e+01,5.867605633802816101e+01,9.755099865317411467e-01,9.970919826324995405e-01,9.512885782515076993e-01,7.533503593601429849e+00,1.038453391709287299e+00,1.014688563072567939e+00,7.666666666666706043e-01,1.141198426987450443e+00,1.267605633802816811e+01,-4.889422200449189556e-17,1.800000000000000000e+01,5.867605633802816811e+01,7.105427357601001859e-15,8.299999999999998579e+01,0.000000000000000000e+00,9.022132710207809714e-01,9.022132710207809714e-01,2.830630901907673191e+00,2.704469683558350379e+00,2.956630901907673081e+00,1.418670000000000009e+01,5.661100585466023460e+00,8.525599414533976628e+00,9.754166666666666541e-02,1.458333333333325377e-03,1.259999999999998899e-01,1.458333333333331448e-03,5.833333333333332149e+00,9.554572093283933976e-01,1.020175485878314081e+00,1.124774028406500426e+00,1.020175485878314081e+00,1.905830371822504432e+01,3.811660743645008653e+07,6.519561815336463440e+01,1.303912363067292571e+08,7.968300350632545381e+00,9.222222222222222854e+01,3.228467781816233284e+00,7.650278641364048227e+00,1.189586740586242808e+00,8.999999999999998002e-01,3.314228322349465627e-01,1.322484183835118454e+00,8.896713615023473798e-01,1.195882614835931612e+00,4.949999999999999289e+01,2.300000000000011369e+00,1.260000000000000009e-01,1.611650485436893376e+01,1.000000000000000222e+00,1.000000000000000000e+00,1.000000000000000000e+00,1.305390135898610859e+00,1.305390135898611038e-05,1.305390135898612224e-05,5.150000000000003020e+00,1.287629188850610840e+00,6.263696675314820439e-01,8.983929958971170748e-01,2.027981965048708535e+00
9.840000000000000000e+03,6.833333333333333037e+00,2.149500000000000000e+03,1.500000000000000000e+01,5.737704918032785706e+00,4.944115905126477010e+05,2.509362401236207685e+00,1.324083061658435811e+00,4.283432260766826261e+00,3.740902464110248404e-01,4.508185437600094936e+00,1.489993492088167004e+00,1.141198426987450443e+00,7.666666666666654972e-01,-8.979715695707356886e-13,8.296901365380032611e-14,1.305390135898610859e+00,1.000000000000000222e+00,7.500000000000003331e-01,2.500000000000000555e-01,1.332098882153444741e+00,9.927822938318338064e-01,1.271650485436893518e+01,4.716373441108467901e+00,4.440892098500626162e-16,3.399999999999999911e+00,1.483726275752677681e+00,5.012287703795992755e+00,3.994983465542335299e+00,1.000000000000000426e+02,1.228080173675003550e+00,1.433000000000000114e+02,5.149999999999998579e+00,-4.440892098500626162e-15,1.185846126156020475e-20,-1.246916910351696349e-16,0.000000000000000000e+00,1.000000000000000444e+00,1.000000000000000444e+00,9.573839264418489980e-01,4.777286046641966988e-01,6.009571933243091912e-01,9.739767590561110300e-01,8.806026525605162858e-01,1.000000000000000000e+00,1.000000000000000000e+00,1.000000000000000000e+00,8.758403872255930978e-01,9.899999999999999079e-02,9.899999999999998579e+01,5.867605633802816101e+01,9.755099865317411467e-01,9.970919826324995405e-01,9.512885782515076993e-01,7.533503593601429849e+00,1.038453391709287299e+00,1.014688563072567939e+00,7.666666666666706043e-01,1.141198426987450443e+00,1.267605633802816811e+01,-4.889422200449189556e-17,1.800000000000000000e+01,5.867605633802816811e+01,7.105427357601001859e-15,8.299999999999998579e+01,0.000000000000000000e+00,9.022132710207809714e-01,9.022132710207809714e-01,2.830630901907673191e+00,2.704469683558350379e+00,2.956630901907673081e+00,1.418670000000000009e+01,5.661100585466023460e+00,8.525599414533976628e+00,9.754166666666666541e-02,1.458333333333325377e-03,1.259999999999998899e-01,1.458333333333331448e-03,5.833333333333332149e+00,9.554572093283933976e-01,1.020175485878314081e+00,1.124774028406500426e+00,1.020175485878314081e+00,1.905830371822504432e+01,3.811660743645008653e+07,6.519561815336463440e+01,1.303912363067292571e+08,7.968300350632545381e+00,9.222222222222222854e+01,3.228467781816233284e+00,7.650278641364048227e+00,1.189586740586242808e+00,8.999999999999998002e-01,3.314228322349465627e-01,1.322484183835118454e+00,8.896713615023473798e-01,1.195882614835931612e+00,4.949999999999999289e+01,2.300000000000011369e+00,1.260000000000000009e-01,1.611650485436893376e+01,1.000000000000000222e+00,1.000000000000000000e+00,1.000000000000000000e+00,1.305390135898610859e+00,1.305390135898611038e-05,1.305390135898612224e-05,5.150000000000003020e+00,1.287629188850610840e+00,6.263696675314820439e-01,8.983929958971170748e-01,2.027981965048708535e+00
9.960000000000000000e+03,6.916666666666666963e+00,2.149500000000000000e+03,1.500000000000000000e+01,5.737704918032785706e+00,4.944115905126477010e+05,2.509362401236207685e+00,1.324083061658435811e+00,4.283432260766826261e+00,3.740902464110248404e-01,4.508185437600094936e+00,1.489993492088167004e+00,1.141198426987450443e+00,7.666666666666656083e-01,-9.040862662032545849e-13,8.175383458081962590e-14,1.305390135898610859e+00,1.000000000000000222e+00,7.500000000000003331e-01,2.500000000000000555e-01,1.332098882153444741e+00,9.927822938318338064e-01,1.271650485436893518e+01,4.716373441108467901e+00,4.440892098500626162e-16,3.399999999999999911e+00,1.483726275752677681e+00,5.012287703795992755e+00,3.994983465542336187e+00,1.000000000000000426e+02,1.228080173675003550e+00,1.433000000000000114e+02,5.149999999999998579e+00,-4.440892098500626162e-15,1.185846126156020475e-20,-1.238410656840831300e-16,0.000000000000000000e+00,1.000000000000000444e+00,1.000000000000000444e+00,9.573839264418489980e-01,4.777286046641966988e-01,6.009571933243091912e-01,9.739767590561110300e-01,8.806026525605162858e-01,1.000000000000000000e+00,1.000000000000000000e+00,1.000000000000000000e+00,8.758403872255930978e-01,9.899999999999999079e-02,9.899999999999998579e+01,5.867605633802816101e+01,9.755099865317411467e-01,9.970919826324995405e-01,9.512885782515076993e-01,7.533503593601429849e+00,1.038453391709287299e+00,1.014688563072567939e+00,7.666666666666706043e-01,1.141198426987450443e+00,1.267605633802816811e+01,-4.889422200449189556e-17,1.800000000000000000e+01,5.867605633802816811e+01,7.105427357601001859e-15,8.299999999999998579e+01,0.000000000000000000e+00,9.022132710207809714e-01,9.022132710207809714e-01,2.830630901907673191e+00,2.704469683558350379e+00,2.956630901907673081e+00,1.418670000000000009e+01,5.661100585466023460e+00,8.525599414533976628e+00,9.754166666666666541e-02,1.458333333333325377e-03,1.259999999999998899e-01,1.458333333333331448e-03,5.833333333333332149e+00,9.554572093283933976e-01,1.020175485878314081e+00,1.124774028406500426e+00,1.020175485878314081e+00,1.905830371822504432e+01,3.811660743645008653e+07,6.519561815336463440e+01,1.303912363067292571e+08,7.968300350632545381e+00,9.222222222222222854e+01,3.228467781816233284e+00,7.650278641364048227e+00,1.189586740586242808e+00,8.999999999999998002e-01,3.314228322349465627e-01,1.322484183835118454e+00,8.896713615023473798e-01,1.195882614835931612e+00,4.949999999999999289e+01,2.300000000000011369e+00,1.260000000000000009e-01,1.611650485436893376e+01,1.000000000000000222e+00,1.000000000000000000e+00,1.000000000000000000e+00,1.305390135898610859e+00,1.305390135898611038e-05,1.305390135898612224e-05,5.150000000000003020e+00,1.287629188850610840e+00,6.263696675314820439e-01,8.983929958971170748e-01,2.027981965048708535e+00
1.008000000000000000e+04,7.000000000000000000e+00,2.149500000000000000e+03,1.500000000000000178e+01,5.737704918032785706e+00,4.944115905126477010e+05,2.509362401236207685e+00,1.324083061658436034e+00,4.283432260766827149e+00,3.740902464110248404e-01,4.508185437600094936e+00,1.489993492088167004e+00,1.141198426987450443e+00,7.666666666666657193e-01,-9.102009628357735823e-13,8.053865550783891307e-14,1.305390135898610859e+00,1.000000000000000222e+00,7.500000000000003331e-01,2.500000000000000555e-01,1.332098882153444741e+00,9.927822938318338064e-01,1.271650485436893518e+01,4.716373441108467901e+00,4.440892098500626162e-16,3.399999999999999911e+00,1.483726275752677681e+00,5.012287703795992755e+00,3.994983465542336631e+00,1.000000000000000426e+02,1.228080173675003550e+00,1.432999999999999829e+02,5.149999999999998579e+00,-4.440892098500626162e-15,1.185846126156020475e-20,-1.229904403329966498e-16,0.000000000000000000e+00,1.000000000000000444e+00,1.000000000000000444e+00,9.573839264418489980e-01,4.777286046641966988e-01,6.009571933243091912e-01,9.739767590561110300e-01,8.806026525605162858e-01,1.000000000000000000e+00,1.000000000000000000e+00,1.000000000000000000e+00,8.758403872255930978e-01,9.899999999999999079e-02,9.899999999999998579e+01,5.867605633802816101e+01,9.755099865317411467e-01,9.970919826324995405e-01,9.512885782515076993e-01,7.533503593601429849e+00,1.038453391709287299e+00,1.014688563072567939e+00,7.666666666666611674e-01,1.141198426987452663e+00,1.267605633802816811e+01,-4.889422200449189556e-17,1.800000000000000000e+01,5.867605633802816811e+01,7.105427357601001859e-15,8.299999999999998579e+01,0.000000000000000000e+00,9.022132710207809714e-01,9.022132710207809714e-01,2.830630901907672303e+00,2.704469683558349491e+00,2.956630901907672193e+00,1.418669999999999654e+01,5.661100585466021684e+00,8.525599414533974851e+00,9.754166666666666541e-02,1.458333333333325377e-03,1.259999999999998899e-01,1.458333333333332316e-03,5.833333333333332149e+00,9.554572093283933976e-01,1.020175485878314081e+00,1.124774028406500426e+00,1.020175485878314081e+00,1.905830371822504432e+01,3.811660743645008653e+07,6.519561815336463440e+01,1.303912363067292571e+08,7.968300350632545381e+00,9.222222222222222854e+01,3.228467781816233284e+00,7.650278641364054444e+00,1.189586740586242808e+00,8.999999999999998002e-01,3.314228322349468403e-01,1.322484183835118454e+00,8.896713615023473798e-01,1.195882614835931612e+00,4.949999999999999289e+01,2.299999999999982947e+00,1.260000000000000009e-01,1.611650485436893376e+01,1.000000000000000222e+00,1.000000000000000888e+00,1.000000000000000000e+00,1.305390135898610859e+00,1.305390135898611038e-05,1.305390135898612224e-05,5.150000000000003020e+00,1.287629188850610840e+00,6.263696675314820439e-01,8.983929958971188512e-01,2.027981965048708535e+00
1.020000000000000000e+04,7.083333333333333037e+00,2.149500000000000000e+03,1.500000000000000178e+01,5.737704918032785706e+00,4.944115905126477010e+05,2.509362401236207685e+00,1.324083061658436034e+00,4.283432260766827149e+00,3.740902464110248404e-01,4.508185437600094936e+00,1.489993492088167226e+00,1.141198426987450221e+00,7.666666666666659413e-01,-9.163156594682923776e-13,7.932347643485821286e-14,1.305390135898610859e+00,1.000000000000000222e+00,7.500000000000003331e-01,2.500000000000000555e-01,1.332098882153444741e+00,9.927822938318338064e-01,1.271650485436893518e+01,4.716373441108467901e+00,4.440892098500626162e-16,3.399999999999999911e+00,1.483726275752677681e+00,5.012287703795992755e+00,3.994983465542337964e+00,1.000000000000000142e+02,1.228080173675003550e+00,1.432999999999999829e+02,5.149999999999998579e+00,-4.440892098500626162e-15,1.185846126156020475e-20,-1.221398149819101449e-16,0.000000000000000000e+00,1.000000000000000444e+00,1.000000000000000444e+00,9.573839264418489980e-01,4.777286046641966988e-01,6.009571933243091912e-01,9.739767590561110300e-01,8.806026525605162858e-01,1.000000000000000000e+00,1.000000000000000000e+00,1.000000000000000000e+00,8.758403872255930978e-01,9.899999999999999079e-02,9.899999999999998579e+01,5.867605633802816101e+01,9.755099865317411467e-01,9.970919826324995405e-01,9.512885782515076993e-01,7.533503593601429849e+00,1.038453391709287299e+00,1.014688563072567939e+00,7.666666666666611674e-01,1.141198426987452663e+00,1.267605633802816811e+01,-4.889422200449189556e-17,1.800000000000000000e+01,5.867605633802816811e+01,7.105427357601001859e-15,8.299999999999998579e+01,0.000000000000000000e+00,9.022132710207809714e-01,9.022132710207809714e-01,2.830630901907672303e+00,2.704469683558349491e+00,2.956630901907672193e+00,1.418669999999999654e+01,5.661100585466021684e+00,8.525599414533974851e+00,9.754166666666666541e-02,1.458333333333325377e-03,1.259999999999998899e-01,1.458333333333332316e-03,5.833333333333332149e+00,9.554572093283933976e-01,1.020175485878314081e+00,1.124774028406500426e+00,1.020175485878314081e+00,1.905830371822504432e+01,3.811660743645008653e+07,6.519561815336463440e+01,1.303912363067292571e+08,7.968300350632545381e+00,9.222222222222222854e+01,3.228467781816233284e+00,7.650278641364054444e+00,1.189586740586242808e+00,8.999999999999998002e-01,3.314228322349468403e-01,1.322484183835118454e+00,8.896713615023473798e-01,1.195882614835931612e+00,4.949999999999999289e+01,2.299999999999982947e+00,1.260000000000000009e-01,1.611650485436893376e+01,1.000000000000000222e+00,1.000000000000000888e+00,1.000000000000000000e+00,1.305390135898610859e+00,1.305390135898611038e-05,1.305390135898612224e-05,5.150000000000003020e+00,1.287629188850610840e+00,6.263696675314820439e-01,8.983929958971188512e-01,2.027981965048708535e+00
1.032000000000000000e+04,7.166666666666666963e+00,2.149500000000000000e+03,1.500000000000000178e+01,5.737704918032785706e+00,4.944115905126477010e+05,2.509362401236208129e+00,1.324083061658436034e+00,4.283432260766827149e+00,3.740902464110248959e-01,4.508185437600094936e+00,1.489993492088167226e+00,1.141198426987450221e+00,7.666666666666660523e-01,-9.224303561008113749e-13,7.810829736187750003e-14,1.305390135898610859e+00,1.000000000000000222e+00,7.500000000000003331e-01,2.500000000000000555e-01,1.332098882153444741e+00,9.927822938318338064e-01,1.271650485436893518e+01,4.716373441108467901e+00,4.440892098500626162e-16,3.399999999999999911e+00,1.483726275752677681e+00,5.012287703795992755e+00,3.994983465542338408e+00,1.000000000000000142e+02,1.228080173675003550e+00,1.432999999999999829e+02,5.149999999999998579e+00,-4.440892098500626162e-15,1.185846126156020475e-20,-1.212891896308236401e-16,0.000000000000000000e+00,1.000000000000000444e+00,1.000000000000000444e+00,9.573839264418489980e-01,4.777286046641966988e-01,6.009571933243091912e-01,9.739767590561110300e-01,8.806026525605162858e-01,1.000000000000000000e+00,1.000000000000000000e+00,1.000000000000000000e+00,8.758403872255930978e-01,9.899999999999999079e-02,9.899999999999998579e+01,5.867605633802816101e+01,9.755099865317411467e-01,9.970919826324995405e-01,9.512885782515076993e-01,7.533503593601429849e+00,1.038453391709287299e+00,1.014688563072567939e+00,7.666666666666611674e-01,1.141198426987452663e+00,1.267605633802816811e+01,-4.889422200449189556e-17,1.800000000000000000e+01,5.867605633802816811e+01,7.105427357601001859e-15,8.299999999999998579e+01,0.000000000000000000e+00,9.022132710207809714e-01,9.022132710207809714e-01,2.830630901907672303e+00,2.704469683558349491e+00,2.956630901907672193e+00,1.418669999999999654e+01,5.661100585466021684e+00,8.525599414533974851e+00,9.754166666666666541e-02,1.458333333333325377e-03,1.259999999999998899e-01,1.458333333333332316e-03,5.833333333333332149e+00,9.554572093283933976e-01,1.020175485878314081e+00,1.124774028406500426e+00,1.020175485878314081e+00,1.905830371822504432e+01,3.811660743645008653e+07,6.519561815336463440e+01,1.303912363067292571e+08,7.968300350632545381e+00,9.222222222222222854e+01,3.228467781816233284e+00,7.650278641364054444e+00,1.189586740586242808e+00,8.999999999999998002e-01,3.314228322349468403e-01,1.322484183835118454e+00,8.896713615023473798e-01,1.195882614835931612e+00,4.949999999999999289e+01,2.299999999999982947e+00,1.260000000000000009e-01,1.611650485436893376e+01,1.000000000000000222e+00,1.000000000000000888e+00,1.000000000000000000e+00,1.305390135898610859e+00,1.305390135898611038e-05,1.305390135898612224e-05,5.150000000000003020e+00,1.287629188850610840e+00,6.263696675314820439e-01,8.983929958971188512e-01,2.027981965048708535e+00
1.044000000000000000e+04,7.250000000000000000e+00,2.149500000000000000e+03,1.500000000000000178e+01,5.737704918032785706e+00,4.944115905126477010e+05,2.509362401236208129e+00,1.324083061658436034e+00,4.283432260766827149e+00,3.740902464110248959e-01,4.508185437600094936e+00,1.489993492088167226e+00,1.141198426987450221e+00,7.666666666666661634e-01,-9.285450527333303722e-13,7.689311828889679982e-14,1.305390135898610859e+00,1.000000000000000222e+00,7.500000000000003331e-01,2.500000000000000555e-01,1.332098882153444741e+00,9.927822938318338064e-01,1.271650485436893518e+01,4.716373441108467901e+00,4.440892098500626162e-16,3.399999999999999911e+00,1.483726275752677681e+00,5.012287703795992755e+00,3.994983465542338852e+00,1.000000000000000142e+02,1.228080173675003550e+00,1.432999999999999829e+02,5.149999999999998579e+00,-4.440892098500626162e-15,1.185846126156020475e-20,-1.204385642797371599e-16,0.000000000000000000e+00,1.000000000000000444e+00,1.000000000000000444e+00,9.573839264418489980e-01,4.777286046641966988e-01,6.009571933243091912e-01,9.739767590561110300e-01,8.806026525605162858e-01,1.000000000000000000e+00,1.000000000000000000e+00,1.000000000000000000e+00,8.758403872255930978e-01,9.899999999999999079e-02,9.899999999999998579e+01,5.867605633802816101e+01,9.755099865317411467e-01,9.970919826324995405e-01,9.512885782515076993e-01,7.533503593601429849e+00,1.038453391709287299e+00,1.014688563072567939e+00,7.666666666666611674e-01,1.141198426987452663e+00,1.267605633802816811e+01,-4.889422200449189556e-17,1.800000000000000000e+01,5.867605633802816811e+01,7.105427357601001859e-15,8.299999999999998579e+01,0.000000000000000000e+00,9.022132710207809714e-01,9.022132710207809714e-01,2.830630901907672303e+00,2.704469683558349491e+00,2.956630901907672193e+00,1.418669999999999654e+01,5.661100585466021684e+00,8.525599414533974851e+00,9.754166666666666541e-02,1.458333333333325377e-03,1.259999999999998899e-01,1.458333333333332316e-03,5.833333333333332149e+00,9.554572093283933976e-01,1.020175485878314081e+00,1.124774028406500426e+00,1.020175485878314081e+00,1.905830371822504432e+01,3.811660743645008653e+07,6.519561815336463440e+01,1.303912363067292571e+08,7.968300350632545381e+00,9.222222222222222854e+01,3.228467781816233284e+00,7.650278641364054444e+00,1.189586740586242808e+00,8.999999999999998002e-01,3.314228322349468403e-01,1.322484183835118454e+00,8.896713615023473798e-01,1.195882614835931612e+00,4.949999999999999289e+01,2.299999999999982947e+00,1.260000000000000009e-01,1.611650485436893376e+01,1.000000000000000222e+00,1.000000000000000888e+00,1.000000000000000000e+00,1.305390135898610859e+00,1.305390135898611038e-05,1.305390135898612224e-05,5.150000000000003020e+00,1.287629188850610840e+00,6.263696675314820439e-01,8.983929958971188512e-01,2.027981965048708535e+00
1.056000000000000000e+04,7.333333333333333037e+00,2.149500000000000455e+03,1.500000000000000178e+01,5.737704918032785706e+00,4.944115905126477010e+05,2.509362401236208129e+00,1.324083061658436034e+00,4.283432260766827149e+00,3.740902464110248959e-01,4.508185437600095824e+00,1.489993492088167226e+00,1.141198426987450221e+00,7.666666666666663854e-01,-9.346597493658491676e-13,7.567793921591608699e-14,1.305390135898610859e+00,1.000000000000000222e+00,7.500000000000003331e-01,2.500000000000000555e-01,1.332098882153444741e+00,9.927822938318338064e-01,1.271650485436893518e+01,4.716373441108468789e+00,4.440892098500626162e-16,3.399999999999999911e+00,1.483726275752677681e+00,5.012287703795992755e+00,3.994983465542340184e+00,1.000000000000000142e+02,1.228080173675003550e+00,1.433000000000000114e+02,5.149999999999998579e+00,-4.440892098500626162e-15,1.185846126156020475e-20,-1.195879389286506550e-16,0.000000000000000000e+00,1.000000000000000444e+00,1.000000000000000444e+00,9.573839264418489980e-01,4.777286046641966988e-01,6.009571933243091912e-01,9.739767590561110300e-01,8.806026525605162858e-01,1.000000000000000000e+00,1.000000000000000000e+00,1.000000000000000000e+00,8.758403872255930978e-01,9.899999999999999079e-02,9.899999999999998579e+01,5.867605633802816101e+01,9.755099865317411467e-01,9.970919826324995405e-01,9.512885782515076993e-01,7.533503593601429849e+00,1.038453391709287743e+00,1.014688563072567939e+00,7.666666666666706043e-01,1.141198426987450443e+00,1.267605633802816811e+01,-4.889422200449189556e-17,1.800000000000000000e+01,5.867605633802816811e+01,7.105427357601001859e-15,8.299999999999998579e+01,0.000000000000000000e+00,9.022132710207809714e-01,9.022132710207809714e-01,2.830630901907673191e+00,2.704469683558350379e+00,2.956630901907673081e+00,1.418670000000000009e+01,5.661100585466023460e+00,8.525599414533976628e+00,9.754166666666666541e-02,1.458333333333325377e-03,1.259999999999998899e-01,1.458333333333333183e-03,5.833333333333332149e+00,9.554572093283933976e-01,1.020175485878314081e+00,1.124774028406500426e+00,1.020175485878314081e+00,1.905830371822504432e+01,3.811660743645008653e+07,6.519561815336463440e+01,1.303912363067292571e+08,7.968300350632545381e+00,9.222222222222222854e+01,3.228467781816232396e+00,7.650278641364048227e+00,1.189586740586242808e+00,8.999999999999998002e-01,3.314228322349465072e-01,1.322484183835118454e+00,8.896713615023473798e-01,1.195882614835931612e+00,4.949999999999999289e+01,2.300000000000011369e+00,1.260000000000000009e-01,1.611650485436893376e+01,1.000000000000000000e+00,1.000000000000000000e+00,1.000000000000000000e+00,1.305390135898610859e+00,1.305390135898611038e-05,1.305390135898612224e-05,5.150000000000003020e+00,1.287629188850610840e+00,6.263696675314820439e-01,8.983929958971170748e-01,2.027981965048708535e+00
1.068000000000000000e+04,7.416666666666666963e+00,2.149500000000000455e+03,1.500000000000000355e+01,5.737704918032785706e+00,4.944115905126477010e+05,2.509362401236208129e+00,1.324083061658436256e+00,4.283432260766827149e+00,3.740902464110248959e-01,4.508185437600095824e+00,1.489993492088167448e+00,1.141198426987450221e+00,7.666666666666664964e-01,-9.407744459983681649e-13,7.446276014293538678e-14,1.305390135898610859e+00,9.999999999999996669e-01,7.499999999999998890e-01,2.499999999999999167e-01,1.332098882153444297e+00,9.927822938318336954e-01,1.271650485436892630e+01,4.716373441108468789e+00,0.000000000000000000e+00,3.399999999999999911e+00,1.483726275752677015e+00,5.012287703795993643e+00,3.994983465542340628e+00,1.000000000000000142e+02,1.228080173675003550e+00,1.432999999999999829e+02,5.150000000000003908e+00,-8.881784197001252323e-16,-2.202285662861180882e-20,5.889837036246088152e-17,0.000000000000000000e+00,9.999999999999997780e-01,1.000000000000000000e+00,9.573839264418487760e-01,4.777286046641966988e-01,6.009571933243091912e-01,9.739767590561110300e-01,8.806026525605162858e-01,1.000000000000000000e+00,1.000000000000000000e+00,1.000000000000000000e+00,8.758403872255930978e-01,9.900000000000011569e-02,9.900000000000011369e+01,5.867605633802817522e+01,9.755099865317411467e-01,9.970919826324995405e-01,9.512885782515074773e-01,7.533503593601431625e+00,1.038453391709287743e+00,1.014688563072567939e+00,7.666666666666609453e-01,1.141198426987450887e+00,1.267605633802818232e+01,8.149037000748650082e-17,1.800000000000000000e+01,5.867605633802818232e+01,7.105427357601001859e-15,8.300000000000002842e+01,0.000000000000000000e+00,9.022132710207818596e-01,9.022132710207818596e-01,2.830630901907675412e+00,2.704469683558353044e+00,2.956630901907675746e+00,1.418670000000001430e+01,5.661100585466028789e+00,8.525599414533985509e+00,9.754166666666677643e-02,1.458333333333339255e-03,1.260000000000003340e-01,1.458333333333333183e-03,5.833333333333332149e+00,9.554572093283933976e-01,1.020175485878314081e+00,1.124774028406500426e+00,1.020175485878314081e+00,1.905830371822505853e+01,3.811660743645011634e+07,6.519561815336463440e+01,1.303912363067292571e+08,7.968300350632552487e+00,9.222222222222224275e+01,3.228467781816232396e+00,7.650278641364032239e+00,1.189586740586242808e+00,9.000000000000001332e-01,3.314228322349457856e-01,1.322484183835118010e+00,8.896713615023484900e-01,1.195882614835932056e+00,4.950000000000004974e+01,2.299999999999982947e+00,1.260000000000000009e-01,1.611650485436892666e+01,1.000000000000000000e+00,9.999999999999978906e-01,1.000000000000000000e+00,1.305390135898610859e+00,1.305390135898611038e-05,1.305390135898608836e-05,5.150000000000004796e+00,1.287629188850610396e+00,6.263696675314820439e-01,8.983929958971188512e-01,2.027981965048704982e+00
1.080000000000000000e+04,7.500000000000000000e+00,2.149500000000000455e+03,1.500000000000000355e+01,5.737704918032785706e+00,4.944115905126477010e+05,2.509362401236208129e+00,1.324083061658436256e+00,4.283432260766827149e+00,3.740902464110248959e-01,4.508185437600095824e+00,1.489993492088167448e+00,1.141198426987450221e+00,7.666666666666667185e-01,-9.468891426308869603e-13,7.324758106995467395e-14,1.305390135898610859e+00,9.999999999999996669e-01,7.499999999999998890e-01,2.499999999999999167e-01,1.332098882153444297e+00,9.927822938318336954e-01,1.271650485436892630e+01,4.716373441108468789e+00,0.000000000000000000e+00,3.399999999999999911e+00,1.483726275752677015e+00,5.012287703795993643e+00,3.994983465542341960e+00,1.000000000000000142e+02,1.228080173675003550e+00,1.432999999999999829e+02,5.150000000000003908e+00,-8.881784197001252323e-16,-2.202285662861180882e-20,5.974899571354738638e-17,0.000000000000000000e+00,9.999999999999997780e-01,1.000000000000000000e+00,9.573839264418487760e-01,4.777286046641966988e-01,6.009571933243091912e-01,9.739767590561110300e-01,8.806026525605162858e-01,1.000000000000000000e+00,1.000000000000000000e+00,1.000000000000000000e+00,8.758403872255930978e-01,9.900000000000011569e-02,9.900000000000011369e+01,5.867605633802817522e+01,9.755099865317411467e-01,9.970919826324995405e-01,9.512885782515074773e-01,7.533503593601431625e+00,1.038453391709287743e+00,1.014688563072567939e+00,7.666666666666609453e-01,1.141198426987450887e+00,1.267605633802818232e+01,8.149037000748650082e-17,1.800000000000000000e+01,5.867605633802818232e+01,7.105427357601001859e-15,8.300000000000002842e+01,0.000000000000000000e+00,9.022132710207818596e-01,9.022132710207818596e-01,2.830630901907675412e+00,2.704469683558353044e+00,2.956630901907675746e+00,1.418670000000001430e+01,5.661100585466028789e+00,8.525599414533985509e+00,9.754166666666677643e-02,1.458333333333339255e-03,1.260000000000003340e-01,1.458333333333334918e-03,5.833333333333332149e+00,9.554572093283933976e-01,1.020175485878314081e+00,1.124774028406500426e+00,1.020175485878314081e+00,1.905830371822505853e+01,3.811660743645011634e+07,6.519561815336463440e+01,1.303912363067292571e+08,7.968300350632552487e+00,9.222222222222224275e+01,3.228467781816232396e+00,7.650278641364032239e+00,1.189586740586242808e+00,9.000000000000001332e-01,3.314228322349457856e-01,1.322484183835118010e+00,8.896713615023484900e-01,1.195882614835932056e+00,4.950000000000004974e+01,2.299999999999982947e+00,1.260000000000000009e-01,1.611650485436892666e+01,1.000000000000000000e+00,9.999999999999978906e-01,1.000000000000000000e+00,1.305390135898610859e+00,1.305390135898611038e-05,1.305390135898608836e-05,5.150000000000004796e+00,1.287629188850610396e+00,6.263696675314820439e-01,8.983929958971188512e-01,2.027981965048704982e+00
1.092000000000000000e+04,7.583333333333333037e+00,2.149500000000000455e+03,1.500000000000000355e+01,5.737704918032785706e+00,4.944115905126477010e+05,2.509362401236207685e+00,1.324083061658436256e+00,4.283432260766827149e+00,3.740902464110248959e-01,4.508185437600095824e+00,1.489993492088167448e+00,1.141198426987450221e+00,7.666666666666661634e-01,-9.533043433767366373e-13,7.234678114653580524e-14,1.305390135898610859e+00,9.999999999999996669e-01,7.499999999999998890e-01,2.499999999999999167e-01,1.332098882153444297e+00,9.927822938318336954e-01,1.271650485436892630e+01,4.716373441108468789e+00,0.000000000000000000e+00,3.399999999999999911e+00,1.483726275752677015e+00,5.012287703795993643e+00,3.994983465542338852e+00,1.000000000000000142e+02,1.228080173675003550e+00,1.432999999999999829e+02,5.150000000000003908e+00,-8.881784197001252323e-16,-2.202285662861180882e-20,6.037955565994058528e-17,0.000000000000000000e+00,9.999999999999997780e-01,1.000000000000000000e+00,9.573839264418487760e-01,4.777286046641966988e-01,6.009571933243091912e-01,9.739767590561110300e-01,8.806026525605162858e-01,1.000000000000000000e+00,1.000000000000000000e+00,1.000000000000000000e+00,8.758403872255930978e-01,9.900000000000011569e-02,9.900000000000011369e+01,5.867605633802817522e+01,9.755099865317411467e-01,9.970919826324995405e-01,9.512885782515074773e-01,7.533503593601431625e+00,1.038453391709287299e+00,1.014688563072567939e+00,7.666666666666609453e-01,1.141198426987450887e+00,1.267605633802818232e+01,8.149037000748650082e-17,1.800000000000000000e+01,5.867605633802818232e+01,7.105427357601001859e-15,8.300000000000002842e+01,0.000000000000000000e+00,9.022132710207818596e-01,9.022132710207818596e-01,2.830630901907675412e+00,2.704469683558353044e+00,2.956630901907675746e+00,1.418670000000001430e+01,5.661100585466028789e+00,8.525599414533985509e+00,9.754166666666677643e-02,1.458333333333339255e-03,1.260000000000003340e-01,1.458333333333332316e-03,5.833333333333332149e+00,9.554572093283933976e-01,1.020175485878314081e+00,1.124774028406500426e+00,1.020175485878314081e+00,1.905830371822505853e+01,3.811660743645011634e+07,6.519561815336463440e+01,1.303912363067292571e+08,7.968300350632552487e+00,9.222222222222224275e+01,3.228467781816232396e+00,7.650278641364032239e+00,1.189586740586242808e+00,9.000000000000001332e-01,3.314228322349457856e-01,1.322484183835118010e+00,8.896713615023484900e-01,1.195882614835932056e+00,4.950000000000004974e+01,2.299999999999982947e+00,1.260000000000000009e-01,1.611650485436892666e+01,1.000000000000000000e+00,9.999999999999978906e-01,1.000000000000000000e+00,1.305390135898610859e+00,1.305390135898611038e-05,1.305390135898608836e-05,5.150000000000004796e+00,1.287629188850610396e+00,6.263696675314820439e-01,8.983929958971188512e-01,2.027981965048704982e+00
1.104000000000000000e+04,7.666666666666666963e+00,2.149500000000000455e+03,1.500000000000000355e+01,5.737704918032783041e+00,4.944115905126477010e+05,2.509362401236206797e+00,1.324083061658435811e+00,4.283432260766824484e+00,3.740902464110247294e-01,4.508185437600094048e+00,1.489993492088166560e+00,1.141198426987450665e+00,7.666666666666608343e-01,-9.667184178999118164e-13,7.911164943350239537e-14,1.305390135898610859e+00,9.999999999999996669e-01,7.499999999999998890e-01,2.499999999999999167e-01,1.332098882153444297e+00,9.927822938318336954e-01,1.271650485436892630e+01,4.716373441108467013e+00,0.000000000000000000e+00,3.399999999999999911e+00,1.483726275752677015e+00,5.012287703795993643e+00,3.994983465542311318e+00,1.000000000000000568e+02,1.228080173675003550e+00,1.432999999999999829e+02,5.150000000000003908e+00,-8.881784197001252323e-16,-2.202285662861180882e-20,5.564414785906397734e-17,0.000000000000000000e+00,9.999999999999997780e-01,1.000000000000000000e+00,9.573839264418491091e-01,4.777286046641967543e-01,6.009571933243091912e-01,9.739767590561110300e-01,8.806026525605162858e-01,1.000000000000000000e+00,1.000000000000000000e+00,1.000000000000000000e+00,8.758403872255930978e-01,9.900000000000004630e-02,9.900000000000004263e+01,5.867605633802818943e+01,9.755099865317413688e-01,9.970919826324995405e-01,9.512885782515075883e-01,7.533503593601431625e+00,1.038453391709286411e+00,1.014688563072567939e+00,7.666666666666609453e-01,1.141198426987450665e+00,1.267605633802817522e+01,8.149037000748650082e-17,1.800000000000000000e+01,5.867605633802817522e+01,-1.421085471520200372e-14,8.300000000000002842e+01,0.000000000000000000e+00,9.022132710207818596e-01,9.022132710207818596e-01,2.830630901907674080e+00,2.704469683558351711e+00,2.956630901907673525e+00,1.418670000000000542e+01,5.661100585466025237e+00,8.525599414533980180e+00,9.754166666666672092e-02,1.458333333333325377e-03,1.259999999999994458e-01,1.458333333333319305e-03,5.833333333333329485e+00,9.554572093283935086e-01,1.020175485878314081e+00,1.124774028406500204e+00,1.020175485878314081e+00,1.905830371822504077e+01,3.811660743645007908e+07,6.519561815336462018e+01,1.303912363067292273e+08,7.968300350632547158e+00,9.222222222222220012e+01,3.228467781816233284e+00,7.650278641364042898e+00,1.189586740586242808e+00,9.000000000000005773e-01,3.314228322349463407e-01,1.322484183835118010e+00,8.896713615023479349e-01,1.195882614835931612e+00,4.950000000000002132e+01,2.299999999999982947e+00,1.260000000000000009e-01,1.611650485436892666e+01,1.000000000000000222e+00,9.999999999999993339e-01,1.000000000000000000e+00,1.305390135898610859e+00,1.305390135898611038e-05,1.305390135898608836e-05,5.150000000000004796e+00,1.287629188850610396e+00,6.263696675314819329e-01,8.983929958971188512e-01,2.027981965048704982e+00
1.116000000000000000e+04,7.750000000000000000e+00,2.149500000000000455e+03,1.500000000000000355e+01,5.737704918032783041e+00,4.944115905126477010e+05,2.509362401236206797e+00,1.324083061658435589e+00,4.283432260766824484e+00,3.740902464110246739e-01,4.508185437600094048e+00,1.489993492088166560e+00,1.141198426987450665e+00,7.666666666666620555e-01,-9.711246633510435125e-13,8.090363810912520145e-14,1.305390135898610859e+00,9.999999999999996669e-01,7.499999999999998890e-01,2.499999999999999167e-01,1.332098882153444297e+00,9.927822938318336954e-01,1.271650485436892630e+01,4.716373441108467013e+00,0.000000000000000000e+00,3.399999999999999911e+00,1.483726275752677015e+00,5.012287703795993643e+00,3.994983465542317536e+00,1.000000000000000568e+02,1.228080173675003550e+00,1.432999999999999829e+02,5.150000000000003908e+00,-8.881784197001252323e-16,-2.202285662861180882e-20,5.438975578612800954e-17,0.000000000000000000e+00,9.999999999999997780e-01,1.000000000000000000e+00,9.573839264418491091e-01,4.777286046641967543e-01,6.009571933243091912e-01,9.739767590561110300e-01,8.806026525605162858e-01,1.000000000000000000e+00,1.000000000000000000e+00,1.000000000000000000e+00,8.758403872255930978e-01,9.900000000000004630e-02,9.900000000000004263e+01,5.867605633802818943e+01,9.755099865317413688e-01,9.970919826324995405e-01,9.512885782515075883e-01,7.533503593601431625e+00,1.038453391709286633e+00,1.014688563072567939e+00,7.666666666666609453e-01,1.141198426987450665e+00,1.267605633802817522e+01,8.149037000748650082e-17,1.800000000000000000e+01,5.867605633802817522e+01,-1.421085471520200372e-14,8.300000000000002842e+01,0.000000000000000000e+00,9.022132710207818596e-01,9.022132710207818596e-01,2.830630901907674080e+00,2.704469683558351711e+00,2.956630901907673525e+00,1.418670000000000542e+01,5.661100585466025237e+00,8.525599414533980180e+00,9.754166666666672092e-02,1.458333333333325377e-03,1.259999999999994458e-01,1.458333333333323642e-03,5.833333333333329485e+00,9.554572093283935086e-01,1.020175485878314081e+00,1.124774028406500204e+00,1.020175485878314081e+00,1.905830371822504077e+01,3.811660743645007908e+07,6.519561815336462018e+01,1.303912363067292273e+08,7.968300350632547158e+00,9.222222222222220012e+01,3.228467781816233284e+00,7.650278641364042898e+00,1.189586740586242808e+00,9.000000000000005773e-01,3.314228322349463407e-01,1.322484183835118010e+00,8.896713615023479349e-01,1.195882614835931612e+00,4.950000000000002132e+01,2.299999999999982947e+00,1.260000000000000009e-01,1.611650485436892666e+01,1.000000000000000222e+00,9.999999999999993339e-01,1.000000000000000000e+00,1.305390135898610859e+00,1.305390135898611038e-05,1.305390135898608836e-05,5.150000000000004796e+00,1.287629188850610396e+00,6.263696675314819329e-01,8.983929958971188512e-01,2.027981965048704982e+00
1.128000000000000000e+04,7.833333333333333037e+00,2.149500000000000455e+03,1.500000000000000178e+01,5.737704918032782153e+00,4.944115905126477010e+05,2.509362401236206352e+00,1.324083061658435367e+00,4.283432260766823596e+00,3.740902464110246184e-01,4.508185437600093159e+00,1.489993492088166338e+00,1.141198426987450443e+00,7.666666666666633878e-01,-9.738090905831504849e-13,8.176511320467967210e-14,1.305390135898610859e+00,1.000000000000000222e+00,7.500000000000003331e-01,2.500000000000000555e-01,1.332098882153444741e+00,9.927822938318338064e-01,1.271650485436893518e+01,4.716373441108466125e+00,4.440892098500626162e-16,3.399999999999999911e+00,1.483726275752677681e+00,5.012287703795992755e+00,3.994983465542324641e+00,1.000000000000000426e+02,1.228080173675003550e+00,1.433000000000000114e+02,5.149999999999998579e+00,-4.440892098500626162e-15,1.185846126156020475e-20,-1.238489607207851878e-16,0.000000000000000000e+00,1.000000000000000444e+00,1.000000000000000444e+00,9.573839264418489980e-01,4.777286046641966988e-01,6.009571933243091912e-01,9.739767590561110300e-01,8.806026525605162858e-01,1.000000000000000000e+00,1.000000000000000000e+00,1.000000000000000000e+00,8.758403872255930978e-01,9.899999999999999079e-02,9.899999999999998579e+01,5.867605633802815390e+01,9.755099865317411467e-01,9.970919826324995405e-01,9.512885782515076993e-01,7.533503593601429849e+00,1.038453391709286855e+00,1.014688563072567939e+00,7.666666666666706043e-01,1.141198426987450443e+00,1.267605633802816811e+01,-4.889422200449189556e-17,1.800000000000000000e+01,5.867605633802816811e+01,1.421085471520200372e-14,8.299999999999998579e+01,0.000000000000000000e+00,9.022132710207809714e-01,9.022132710207809714e-01,2.830630901907673191e+00,2.704469683558350379e+00,2.956630901907673081e+00,1.418670000000000009e+01,5.661100585466023460e+00,8.525599414533976628e+00,9.754166666666666541e-02,1.458333333333325377e-03,1.259999999999998899e-01,1.458333333333326244e-03,5.833333333333328596e+00,9.554572093283933976e-01,1.020175485878314081e+00,1.124774028406500204e+00,1.020175485878314081e+00,1.905830371822504432e+01,3.811660743645008653e+07,6.519561815336462018e+01,1.303912363067292273e+08,7.968300350632545381e+00,9.222222222222220012e+01,3.228467781816233284e+00,7.650278641364048227e+00,1.189586740586242808e+00,9.000000000000000222e-01,3.314228322349465627e-01,1.322484183835118454e+00,8.896713615023473798e-01,1.195882614835931612e+00,4.949999999999999289e+01,2.300000000000011369e+00,1.260000000000000009e-01,1.611650485436893376e+01,1.000000000000000222e+00,1.000000000000000000e+00,1.000000000000000000e+00,1.305390135898610859e+00,1.305390135898611038e-05,1.305390135898612224e-05,5.150000000000003020e+00,1.287629188850610840e+00,6.263696675314819329e-01,8.983929958971170748e-01,2.027981965048708535e+00
1.140000000000000000e+04,7.916666666666666963e+00,2.149500000000000455e+03,1.500000000000000178e+01,5.737704918032781265e+00,4.944115905126477010e+05,2.509362401236205908e+00,1.324083061658435367e+00,4.283432260766823596e+00,3.740902464110246184e-01,4.508185437600093159e+00,1.489993492088166116e+00,1.141198426987450443e+00,7.666666666666643870e-01,-9.758257853768780712e-13,8.235035363904416886e-14,1.305390135898610859e+00,1.000000000000000222e+00,7.500000000000003331e-01,2.500000000000000555e-01,1.332098882153444741e+00,9.927822938318338064e-01,1.271650485436893518e+01,4.716373441108466125e+00,4.440892098500626162e-16,3.399999999999999911e+00,1.483726275752677681e+00,5.012287703795992755e+00,3.994983465542329526e+00,1.000000000000000426e+02,1.228080173675003550e+00,1.433000000000000114e+02,5.149999999999998579e+00,-4.440892098500626162e-15,1.185846126156020475e-20,-1.242586290248403197e-16,0.000000000000000000e+00,1.000000000000000444e+00,1.000000000000000444e+00,9.573839264418489980e-01,4.777286046641966988e-01,6.009571933243091912e-01,9.739767590561110300e-01,8.806026525605162858e-01,1.000000000000000000e+00,1.000000000000000000e+00,1.000000000000000000e+00,8.758403872255930978e-01,9.899999999999999079e-02,9.899999999999998579e+01,5.867605633802815390e+01,9.755099865317411467e-01,9.970919826324995405e-01,9.512885782515076993e-01,7.533503593601429849e+00,1.038453391709287077e+00,1.014688563072567939e+00,7.666666666666706043e-01,1.141198426987450443e+00,1.267605633802816811e+01,-4.889422200449189556e-17,1.800000000000000000e+01,5.867605633802816811e+01,1.421085471520200372e-14,8.299999999999998579e+01,0.000000000000000000e+00,9.022132710207809714e-01,9.022132710207809714e-01,2.830630901907673191e+00,2.704469683558350379e+00,2.956630901907673081e+00,1.418670000000000009e+01,5.661100585466023460e+00,8.525599414533976628e+00,9.754166666666666541e-02,1.458333333333325377e-03,1.259999999999998899e-01,1.458333333333328846e-03,5.833333333333327708e+00,9.554572093283933976e-01,1.020175485878314081e+00,1.124774028406500204e+00,1.020175485878314081e+00,1.905830371822504432e+01,3.811660743645008653e+07,6.519561815336462018e+01,1.303912363067292273e+08,7.968300350632545381e+00,9.222222222222220012e+01,3.228467781816233284e+00,7.650278641364048227e+00,1.189586740586242808e+00,9.000000000000000222e-01,3.314228322349465627e-01,1.322484183835118454e+00,8.896713615023473798e-01,1.195882614835931612e+00,4.949999999999999289e+01,2.300000000000011369e+00,1.260000000000000009e-01,1.611650485436893376e+01,1.000000000000000222e+00,1.000000000000000000e+00,1.000000000000000000e+00,1.305390135898610859e+00,1.305390135898611038e-05,1.305390135898612224e-05,5.150000000000003020e+00,1.287629188850610840e+00,6.263696675314819329e-01,8.983929958971170748e-01,2.027981965048708535e+00
1.152000000000000000e+04,8.000000000000000000e+00,2.149500000000000455e+03,1.500000000000000178e+01,5.737704918032781265e+00,4.944115905126477010e+05,2.509362401236205908e+00,1.324083061658435145e+00,4.283432260766822708e+00,3.740902464110245629e-01,4.508185437600092271e+00,1.489993492088166116e+00,1.141198426987450221e+00,7.666666666666651642e-01,-9.771099802690829965e-13,8.263256571880323725e-14,1.305390135898610859e+00,1.000000000000000222e+00,7.500000000000003331e-01,2.500000000000000555e-01,1.332098882153444741e+00,9.927822938318338064e-01,1.271650485436893518e+01,4.716373441108465236e+00,4.440892098500626162e-16,3.399999999999999911e+00,1.483726275752677681e+00,5.012287703795992755e+00,3.994983465542333967e+00,1.000000000000000142e+02,1.228080173675003550e+00,1.433000000000000114e+02,5.149999999999998579e+00,-4.440892098500626162e-15,1.185846126156020475e-20,-1.244561774806716781e-16,0.000000000000000000e+00,1.000000000000000444e+00,1.000000000000000444e+00,9.573839264418489980e-01,4.777286046641966988e-01,6.009571933243091912e-01,9.739767590561110300e-01,8.806026525605162858e-01,1.000000000000000000e+00,1.000000000000000000e+00,1.000000000000000000e+00,8.758403872255930978e-01,9.899999999999999079e-02,9.899999999999998579e+01,5.867605633802814680e+01,9.755099865317411467e-01,9.970919826324995405e-01,9.512885782515076993e-01,7.533503593601429849e+00,1.038453391709287299e+00,1.014688563072567939e+00,7.666666666666706043e-01,1.141198426987450221e+00,1.267605633802816811e+01,-4.889422200449189556e-17,1.800000000000000000e+01,5.867605633802816811e+01,2.131628207280300558e-14,8.299999999999998579e+01,0.000000000000000000e+00,9.022132710207809714e-01,9.022132710207809714e-01,2.830630901907673191e+00,2.704469683558350379e+00,2.956630901907673081e+00,1.418670000000000009e+01,5.661100585466023460e+00,8.525599414533976628e+00,9.754166666666666541e-02,1.458333333333325377e-03,1.259999999999998899e-01,1.458333333333331448e-03,5.833333333333327708e+00,9.554572093283933976e-01,1.020175485878313859e+00,1.124774028406499982e+00,1.020175485878313859e+00,1.905830371822504077e+01,3.811660743645007908e+07,6.519561815336460597e+01,1.303912363067292124e+08,7.968300350632544493e+00,9.222222222222218591e+01,3.228467781816234172e+00,7.650278641364048227e+00,1.189586740586242808e+00,9.000000000000002442e-01,3.314228322349466738e-01,1.322484183835118454e+00,8.896713615023473798e-01,1.195882614835931612e+00,4.949999999999999289e+01,2.300000000000011369e+00,1.260000000000000009e-01,1.611650485436893376e+01,1.000000000000000444e+00,1.000000000000000000e+00,1.000000000000000000e+00,1.305390135898610859e+00,1.305390135898611038e-05,1.305390135898612224e-05,5.150000000000003020e+00,1.287629188850610840e+00,6.263696675314818219e-01,8.983929958971170748e-01,2.027981965048708535e+00
1.164000000000000000e+04,8.083333333333333925e+00,2.149500000000000455e+03,1.500000000000000178e+01,5.737704918032781265e+00,4.944115905126477010e+05,2.509362401236205908e+00,1.324083061658435145e+00,4.283432260766822708e+00,3.740902464110245074e-01,4.508185437600092271e+00,1.489993492088166116e+00,1.141198426987449999e+00,7.666666666666658303e-01,-9.789831488345192136e-13,8.300728087056133762e-14,1.305390135898610859e+00,1.000000000000000222e+00,7.500000000000003331e-01,2.500000000000000555e-01,1.332098882153444741e+00,9.927822938318338064e-01,1.271650485436893518e+01,4.716373441108465236e+00,4.440892098500626162e-16,3.399999999999999911e+00,1.483726275752677681e+00,5.012287703795992755e+00,3.994983465542337076e+00,1.000000000000000000e+02,1.228080173675003550e+00,1.433000000000000114e+02,5.149999999999998579e+00,-4.440892098500626162e-15,1.185846126156020475e-20,-1.247184780869023433e-16,0.000000000000000000e+00,1.000000000000000444e+00,1.000000000000000444e+00,9.573839264418488870e-01,4.777286046641966433e-01,6.009571933243091912e-01,9.739767590561110300e-01,8.806026525605162858e-01,1.000000000000000000e+00,1.000000000000000000e+00,1.000000000000000000e+00,8.758403872255930978e-01,9.899999999999999079e-02,9.899999999999998579e+01,5.867605633802814680e+01,9.755099865317411467e-01,9.970919826324995405e-01,9.512885782515075883e-01,7.533503593601429849e+00,1.038453391709287299e+00,1.014688563072567939e+00,7.666666666666706043e-01,1.141198426987450221e+00,1.267605633802816811e+01,-4.889422200449189556e-17,1.800000000000000000e+01,5.867605633802816811e+01,2.131628207280300558e-14,8.299999999999998579e+01,0.000000000000000000e+00,9.022132710207809714e-01,9.022132710207809714e-01,2.830630901907673636e+00,2.704469683558349935e+00,2.956630901907673525e+00,1.418670000000000009e+01,5.661100585466023460e+00,8.525599414533976628e+00,9.754166666666666541e-02,1.458333333333325377e-03,1.259999999999998899e-01,1.458333333333332316e-03,5.833333333333327708e+00,9.554572093283932865e-01,1.020175485878313859e+00,1.124774028406499982e+00,1.020175485878313859e+00,1.905830371822504077e+01,3.811660743645007908e+07,6.519561815336460597e+01,1.303912363067292124e+08,7.968300350632544493e+00,9.222222222222218591e+01,3.228467781816234172e+00,7.650278641364048227e+00,1.189586740586242808e+00,9.000000000000002442e-01,3.314228322349466738e-01,1.322484183835118454e+00,8.896713615023473798e-01,1.195882614835931612e+00,4.949999999999999289e+01,2.300000000000011369e+00,1.260000000000000009e-01,1.611650485436893376e+01,1.000000000000000444e+00,1.000000000000000000e+00,1.000000000000000000e+00,1.305390135898610859e+00,1.305390135898611038e-05,1.305390135898612224e-05,5.150000000000003020e+00,1.287629188850610840e+00,6.263696675314818219e-01,8.983929958971170748e-01,2.027981965048708535e+00
1.176000000000000000e+04,8.166666666666666075e+00,2.149500000000000455e+03,1.500000000000000178e+01,5.737704918032781265e+00,4.944115905126477010e+05,2.509362401236205908e+00,1.324083061658435145e+00,4.283432260766822708e+00,3.740902464110245074e-01,4.508185437600092271e+00,1.489993492088166116e+00,1.141198426987449999e+00,7.666666666666657193e-01,-9.854553347002356192e-13,8.410430883151307145e-14,1.305390135898610859e+00,1.000000000000000222e+00,7.500000000000003331e-01,2.500000000000000555e-01,1.332098882153444741e+00,9.927822938318338064e-01,1.271650485436893518e+01,4.716373441108465236e+00,4.440892098500626162e-16,3.399999999999999911e+00,1.483726275752677681e+00,5.012287703795992755e+00,3.994983465542336631e+00,1.000000000000000000e+02,1.228080173675003550e+00,1.433000000000000114e+02,5.149999999999998579e+00,-4.440892098500626162e-15,1.185846126156020475e-20,-1.254863976595685669e-16,0.000000000000000000e+00,1.000000000000000444e+00,1.000000000000000444e+00,9.573839264418488870e-01,4.777286046641966433e-01,6.009571933243091912e-01,9.739767590561110300e-01,8.806026525605162858e-01,1.000000000000000000e+00,1.000000000000000000e+00,1.000000000000000000e+00,8.758403872255930978e-01,9.899999999999999079e-02,9.899999999999998579e+01,5.867605633802814680e+01,9.755099865317411467e-01,9.970919826324995405e-01,9.512885782515075883e-01,7.533503593601429849e+00,1.038453391709287299e+00,1.014688563072567939e+00,7.666666666666706043e-01,1.141198426987450221e+00,1.267605633802816811e+01,-4.889422200449189556e-17,1.800000000000000000e+01,5.867605633802816811e+01,2.131628207280300558e-14,8.299999999999998579e+01,0.000000000000000000e+00,9.022132710207809714e-01,9.022132710207809714e-01,2.830630901907673636e+00,2.704469683558349935e+00,2.956630901907673525e+00,1.418670000000000009e+01,5.661100585466023460e+00,8.525599414533976628e+00,9.754166666666666541e-02,1.458333333333325377e-03,1.259999999999998899e-01,1.458333333333332316e-03,5.833333333333327708e+00,9.554572093283932865e-01,1.020175485878313859e+00,1.124774028406499982e+00,1.020175485878313859e+00,1.905830371822504077e+01,3.811660743645007908e+07,6.519561815336460597e+01,1.303912363067292124e+08,7.968300350632544493e+00,9.222222222222218591e+01,3.228467781816234172e+00,7.650278641364048227e+00,1.189586740586242808e+00,9.000000000000002442e-01,3.314228322349466738e-01,1.322484183835118454e+00,8.896713615023473798e-01,1.195882614835931612e+00,4.949999999999999289e+01,2.300000000000011369e+00,1.260000000000000009e-01,1.611650485436893376e+01,1.000000000000000444e+00,1.000000000000000000e+00,1.000000000000000000e+00,1.305390135898610859e+00,1.305390135898611038e-05,1.305390135898612224e-05,5.150000000000003020e+00,1.287629188850610840e+00,6.263696675314818219e-01,8.983929958971170748e-01,2.027981965048708535e+00
1.188000000000000000e+04,8.250000000000000000e+00,2.149500000000000455e+03,1.500000000000000178e+01,5.737704918032781265e+00,4.944115905126477010e+05,2.509362401236205908e+00,1.324083061658435145e+00,4.283432260766822708e+00,3.740902464110245074e-01,4.508185437600092271e+00,1.489993492088166116e+00,1.141198426987449999e+00,7.666666666666654972e-01,-9.919275205659520247e-13,8.520133679246480528e-14,1.305390135898610859e+00,1.000000000000000222e+00,7.500000000000003331e-01,2.500000000000000555e-01,1.332098882153444741e+00,9.927822938318338064e-01,1.271650485436893518e+01,4.716373441108465236e+00,4.440892098500626162e-16,3.399999999999999911e+00,1.483726275752677681e+00,5.012287703795992755e+00,3.994983465542335299e+00,1.000000000000000000e+02,1.228080173675003550e+00,1.433000000000000114e+02,5.149999999999998579e+00,-4.440892098500626162e-15,1.185846126156020475e-20,-1.262543172322347658e-16,0.000000000000000000e+00,1.000000000000000444e+00,1.000000000000000444e+00,9.573839264418488870e-01,4.777286046641966433e-01,6.009571933243091912e-01,9.739767590561110300e-01,8.806026525605162858e-01,1.000000000000000000e+00,1.000000000000000000e+00,1.000000000000000000e+00,8.758403872255930978e-01,9.899999999999999079e-02,9.899999999999998579e+01,5.867605633802814680e+01,9.755099865317411467e-01,9.970919826324995405e-01,9.512885782515075883e-01,7.533503593601429849e+00,1.038453391709287299e+00,1.014688563072567939e+00,7.666666666666706043e-01,1.141198426987450221e+00,1.267605633802816811e+01,-4.889422200449189556e-17,1.800000000000000000e+01,5.867605633802816811e+01,2.131628207280300558e-14,8.299999999999998579e+01,0.000000000000000000e+00,9.022132710207809714e-01,9.022132710207809714e-01,2.830630901907673636e+00,2.704469683558349935e+00,2.956630901907673525e+00,1.418670000000000009e+01,5.661100585466023460e+00,8.525599414533976628e+00,9.754166666666666541e-02,1.458333333333325377e-03,1.259999999999998899e-01,1.458333333333331448e-03,5.833333333333327708e+00,9.554572093283932865e-01,1.020175485878313859e+00,1.124774028406499982e+00,1.020175485878313859e+00,1.905830371822504077e+01,3.811660743645007908e+07,6.519561815336460597e+01,1.303912363067292124e+08,7.968300350632544493e+00,9.222222222222218591e+01,3.228467781816234172e+00,7.650278641364048227e+00,1.189586740586242808e+00,9.000000000000002442e-01,3.314228322349466738e-01,1.322484183835118454e+00,8.896713615023473798e-01,1.195882614835931612e+00,4.949999999999999289e+01,2.300000000000011369e+00,1.260000000000000009e-01,1.611650485436893376e+01,1.000000000000000444e+00,1.000000000000000000e+00,1.000000000000000000e+00,1.305390135898610859e+00,1.305390135898611038e-05,1.305390135898612224e-05,5.150000000000003020e+00,1.287629188850610840e+00,6.263696675314818219e-01,8.983929958971170748e-01,2.027981965048708535e+00
1.200000000000000000e+04,8.333333333333333925e+00,2.149500000000000455e+03,1.500000000000000178e+01,5.737704918032781265e+00,4.944115905126477010e+05,2.509362401236205908e+00,1.324083061658435145e+00,4.283432260766822708e+00,3.740902464110245074e-01,4.508185437600092271e+00,1.489993492088166116e+00,1.141198426987450221e+00,7.666666666666653862e-01,-9.983997064316682283e-13,8.629836475341655174e-14,1.305390135898610859e+00,1.000000000000000222e+00,7.500000000000003331e-01,2.500000000000000555e-01,1.332098882153444741e+00,9.927822938318338064e-01,1.271650485436893518e+01,4.716373441108465236e+00,4.440892098500626162e-16,3.399999999999999911e+00,1.483726275752677681e+00,5.012287703795992755e+00,3.994983465542334855e+00,1.000000000000000142e+02,1.228080173675003550e+00,1.433000000000000114e+02,5.149999999999998579e+00,-4.440892098500626162e-15,1.185846126156020475e-20,-1.270222368049009894e-16,0.000000000000000000e+00,1.000000000000000444e+00,1.000000000000000444e+00,9.573839264418489980e-01,4.777286046641966988e-01,6.009571933243091912e-01,9.739767590561110300e-01,8.806026525605162858e-01,1.000000000000000000e+00,1.000000000000000000e+00,1.000000000000000000e+00,8.758403872255930978e-01,9.899999999999999079e-02,9.899999999999998579e+01,5.867605633802814680e+01,9.755099865317411467e-01,9.970919826324995405e-01,9.512885782515076993e-01,7.533503593601429849e+00,1.038453391709287299e+00,1.014688563072567939e+00,7.666666666666706043e-01,1.141198426987450221e+00,1.267605633802816811e+01,-4.889422200449189556e-17,1.800000000000000000e+01,5.867605633802816811e+01,2.131628207280300558e-14,8.299999999999998579e+01,0.000000000000000000e+00,9.022132710207809714e-01,9.022132710207809714e-01,2.830630901907673191e+00,2.704469683558350379e+00,2.956630901907673081e+00,1.418670000000000009e+01,5.661100585466023460e+00,8.525599414533976628e+00,9.754166666666666541e-02,1.458333333333325377e-03,1.259999999999998899e-01,1.458333333333331448e-03,5.833333333333327708e+00,9.554572093283933976e-01,1.020175485878313859e+00,1.124774028406499982e+00,1.020175485878313859e+00,1.905830371822504077e+01,3.811660743645007908e+07,6.519561815336460597e+01,1.303912363067292124e+08,7.968300350632544493e+00,9.222222222222218591e+01,3.228467781816234172e+00,7.650278641364048227e+00,1.189586740586242808e+00,9.000000000000002442e-01,3.314228322349466738e-01,1.322484183835118454e+00,8.896713615023473798e-01,1.195882614835931612e+00,4.949999999999999289e+01,2.300000000000011369e+00,1.260000000000000009e-01,1.611650485436893376e+01,1.000000000000000444e+00,1.000000000000000000e+00,1.000000000000000000e+00,1.305390135898610859e+00,1.305390135898611038e-05,1.305390135898612224e-05,5.150000000000003020e+00,1.287629188850610840e+00,6.263696675314818219e-01,8.983929958971170748e-01,2.027981965048708535e+00
1.212000000000000000e+04,8.416666666666666075e+00,2.149500000000000455e+03,1.500000000000000178e+01,5.737704918032781265e+00,4.944115905126477010e+05,2.509362401236206352e+00,1.324083061658435145e+00,4.283432260766822708e+00,3.740902464110245629e-01,4.508185437600093159e+00,1.489993492088166116e+00,1.141198426987450221e+00,7.666666666666651642e-01,-1.004871892297384836e-12,8.739539271436828557e-14,1.305390135898610859e+00,1.000000000000000222e+00,7.500000000000003331e-01,2.500000000000000555e-01,1.332098882153444741e+00,9.927822938318338064e-01,1.271650485436893518e+01,4.716373441108466125e+00,4.440892098500626162e-16,3.399999999999999911e+00,1.483726275752677681e+00,5.012287703795992755e+00,3.994983465542333967e+00,1.000000000000000142e+02,1.228080173675003550e+00,1.433000000000000114e+02,5.149999999999998579e+00,-4.440892098500626162e-15,1.185846126156020475e-20,-1.277901563775672130e-16,0.000000000000000000e+00,1.000000000000000444e+00,1.000000000000000444e+00,9.573839264418489980e-01,4.777286046641966988e-01,6.009571933243091912e-01,9.739767590561110300e-01,8.806026525605162858e-01,1.000000000000000000e+00,1.000000000000000000e+00,1.000000000000000000e+00,8.758403872255930978e-01,9.899999999999999079e-02,9.899999999999998579e+01,5.867605633802815390e+01,9.755099865317411467e-01,9.970919826324995405e-01,9.512885782515076993e-01,7.533503593601429849e+00,1.038453391709287299e+00,1.014688563072567939e+00,7.666666666666706043e-01,1.141198426987450443e+00,1.267605633802816811e+01,-4.889422200449189556e-17,1.800000000000000000e+01,5.867605633802816811e+01,1.421085471520200372e-14,8.299999999999998579e+01,0.000000000000000000e+00,9.022132710207809714e-01,9.022132710207809714e-01,2.830630901907673191e+00,2.704469683558350379e+00,2.956630901907673081e+00,1.418670000000000009e+01,5.661100585466023460e+00,8.525599414533976628e+00,9.754166666666666541e-02,1.458333333333325377e-03,1.259999999999998899e-01,1.458333333333331448e-03,5.833333333333327708e+00,9.554572093283933976e-01,1.020175485878314081e+00,1.124774028406500204e+00,1.020175485878314081e+00,1.905830371822504432e+01,3.811660743645008653e+07,6.519561815336462018e+01,1.303912363067292273e+08,7.968300350632545381e+00,9.222222222222220012e+01,3.228467781816233284e+00,7.650278641364048227e+00,1.189586740586242808e+00,9.000000000000000222e-01,3.314228322349465627e-01,1.322484183835118454e+00,8.896713615023473798e-01,1.195882614835931612e+00,4.949999999999999289e+01,2.300000000000011369e+00,1.260000000000000009e-01,1.611650485436893376e+01,1.000000000000000222e+00,1.000000000000000000e+00,1.000000000000000000e+00,1.305390135898610859e+00,1.305390135898611038e-05,1.305390135898612224e-05,5.150000000000003020e+00,1.287629188850610840e+00,6.263696675314819329e-01,8.983929958971170748e-01,2.027981965048708535e+00
1.224000000000000000e+04,8.500000000000000000e+00,2.149500000000000455e+03,1.500000000000000178e+01,5.737704918032782153e+00,4.944115905126477010e+05,2.509362401236206352e+00,1.324083061658435367e+00,4.283432260766822708e+00,3.740902464110245629e-01,4.508185437600093159e+00,1.489993492088166338e+00,1.141198426987450221e+00,7.666666666666650531e-01,-1.011344078163101039e-12,8.849242067532001941e-14,1.305390135898610859e+00,1.000000000000000222e+00,7.500000000000003331e-01,2.500000000000000555e-01,1.332098882153444741e+00,9.927822938318338064e-01,1.271650485436893518e+01,4.716373441108466125e+00,4.440892098500626162e-16,3.399999999999999911e+00,1.483726275752677681e+00,5.012287703795992755e+00,3.994983465542333079e+00,1.000000000000000142e+02,1.228080173675003550e+00,1.433000000000000114e+02,5.149999999999998579e+00,-4.440892098500626162e-15,1.185846126156020475e-20,-1.285580759502334119e-16,0.000000000000000000e+00,1.000000000000000444e+00,1.000000000000000444e+00,9.573839264418489980e-01,4.777286046641966988e-01,6.009571933243091912e-01,9.739767590561110300e-01,8.806026525605162858e-01,1.000000000000000000e+00,1.000000000000000000e+00,1.000000000000000000e+00,8.758403872255930978e-01,9.899999999999999079e-02,9.899999999999998579e+01,5.867605633802815390e+01,9.755099865317411467e-01,9.970919826324995405e-01,9.512885782515076993e-01,7.533503593601429849e+00,1.038453391709287299e+00,1.014688563072567939e+00,7.666666666666706043e-01,1.141198426987450443e+00,1.267605633802816811e+01,-4.889422200449189556e-17,1.800000000000000000e+01,5.867605633802816811e+01,1.421085471520200372e-14,8.299999999999998579e+01,0.000000000000000000e+00,9.022132710207809714e-01,9.022132710207809714e-01,2.830630901907673191e+00,2.704469683558350379e+00,2.956630901907673081e+00,1.418670000000000009e+01,5.661100585466023460e+00,8.525599414533976628e+00,9.754166666666666541e-02,1.458333333333325377e-03,1.259999999999998899e-01,1.458333333333329714e-03,5.833333333333328596e+00,9.554572093283933976e-01,1.020175485878314081e+00,1.124774028406500204e+00,1.020175485878314081e+00,1.905830371822504432e+01,3.811660743645008653e+07,6.519561815336462018e+01,1.303912363067292273e+08,7.968300350632545381e+00,9.222222222222220012e+01,3.228467781816233284e+00,7.650278641364048227e+00,1.189586740586242808e+00,9.000000000000000222e-01,3.314228322349465627e-01,1.322484183835118454e+00,8.896713615023473798e-01,1.195882614835931612e+00,4.949999999999999289e+01,2.300000000000011369e+00,1.260000000000000009e-01,1.611650485436893376e+01,1.000000000000000222e+00,1.000000000000000000e+00,1.000000000000000000e+00,1.305390135898610859e+00,1.305390135898611038e-05,1.305390135898612224e-05,5.150000000000003020e+00,1.287629188850610840e+00,6.263696675314819329e-01,8.983929958971170748e-01,2.027981965048708535e+00
1.236000000000000000e+04,8.583333333333333925e+00,2.149500000000000455e+03,1.500000000000000178e+01,5.737704918032782153e+00,4.944115905126477010e+05,2.509362401236206352e+00,1.324083061658435367e+00,4.283432260766823596e+00,3.740902464110245629e-01,4.508185437600093159e+00,1.489993492088166338e+00,1.141198426987450221e+00,7.666666666666648311e-01,-1.017816264028817445e-12,8.958944863627175324e-14,1.305390135898610859e+00,1.000000000000000222e+00,7.500000000000003331e-01,2.500000000000000555e-01,1.332098882153444741e+00,9.927822938318338064e-01,1.271650485436893518e+01,4.716373441108466125e+00,4.440892098500626162e-16,3.399999999999999911e+00,1.483726275752677681e+00,5.012287703795992755e+00,3.994983465542332191e+00,1.000000000000000142e+02,1.228080173675003550e+00,1.433000000000000114e+02,5.149999999999998579e+00,-4.440892098500626162e-15,1.185846126156020475e-20,-1.293259955228996109e-16,0.000000000000000000e+00,1.000000000000000444e+00,1.000000000000000444e+00,9.573839264418489980e-01,4.777286046641966988e-01,6.009571933243091912e-01,9.739767590561110300e-01,8.806026525605162858e-01,1.000000000000000000e+00,1.000000000000000000e+00,1.000000000000000000e+00,8.758403872255930978e-01,9.899999999999999079e-02,9.899999999999998579e+01,5.867605633802815390e+01,9.755099865317411467e-01,9.970919826324995405e-01,9.512885782515076993e-01,7.533503593601429849e+00,1.038453391709287299e+00,1.014688563072567939e+00,7.666666666666706043e-01,1.141198426987450443e+00,1.267605633802816811e+01,-4.889422200449189556e-17,1.800000000000000000e+01,5.867605633802816811e+01,1.421085471520200372e-14,8.299999999999998579e+01,0.000000000000000000e+00,9.022132710207809714e-01,9.022132710207809714e-01,2.830630901907673191e+00,2.704469683558350379e+00,2.956630901907673081e+00,1.418670000000000009e+01,5.661100585466023460e+00,8.525599414533976628e+00,9.754166666666666541e-02,1.458333333333325377e-03,1.259999999999998899e-01,1.458333333333329714e-03,5.833333333333328596e+00,9.554572093283933976e-01,1.020175485878314081e+00,1.124774028406500204e+00,1.020175485878314081e+00,1.905830371822504432e+01,3.811660743645008653e+07,6.519561815336462018e+01,1.303912363067292273e+08,7.968300350632545381e+00,9.222222222222220012e+01,3.228467781816233284e+00,7.650278641364048227e+00,1.189586740586242808e+00,9.000000000000000222e-01,3.314228322349465627e-01,1.322484183835118454e+00,8.896713615023473798e-01,1.195882614835931612e+00,4.949999999999999289e+01,2.300000000000011369e+00,1.260000000000000009e-01,1.611650485436893376e+01,1.000000000000000222e+00,1.000000000000000000e+00,1.000000000000000000e+00,1.305390135898610859e+00,1.305390135898611038e-05,1.305390135898612224e-05,5.150000000000003020e+00,1.287629188850610840e+00,6.263696675314819329e-01,8.983929958971170748e-01,2.027981965048708535e+00
1.248000000000000000e+04,8.666666666666666075e+00,2.149500000000000455e+03,1.500000000000000178e+01,5.737704918032782153e+00,4.944115905126477010e+05,2.509362401236206352e+00,1.324083061658435367e+00,4.283432260766823596e+00,3.740902464110245629e-01,4.508185437600093159e+00,1.489993492088166338e+00,1.141198426987450221e+00,7.666666666666647201e-01,-1.024288449894533850e-12,9.068647659722348707e-14,1.305390135898610859e+00,1.000000000000000222e+00,7.500000000000003331e-01,2.500000000000000555e-01,1.332098882153444741e+00,9.927822938318338064e-01,1.271650485436893518e+01,4.716373441108466125e+00,4.440892098500626162e-16,3.399999999999999911e+00,1.483726275752677681e+00,5.012287703795992755e+00,3.994983465542331302e+00,1.000000000000000142e+02,1.228080173675003550e+00,1.433000000000000114e+02,5.149999999999998579e+00,-4.440892098500626162e-15,1.185846126156020475e-20,-1.300939150955658591e-16,0.000000000000000000e+00,1.000000000000000444e+00,1.000000000000000444e+00,9.573839264418489980e-01,4.777286046641966988e-01,6.009571933243091912e-01,9.739767590561110300e-01,8.806026525605162858e-01,1.000000000000000000e+00,1.000000000000000000e+00,1.000000000000000000e+00,8.758403872255930978e-01,9.899999999999999079e-02,9.899999999999998579e+01,5.867605633802815390e+01,9.755099865317411467e-01,9.970919826324995405e-01,9.512885782515076993e-01,7.533503593601429849e+00,1.038453391709287299e+00,1.014688563072567939e+00,7.666666666666706043e-01,1.141198426987450443e+00,1.267605633802816811e+01,-4.889422200449189556e-17,1.800000000000000000e+01,5.867605633802816811e+01,1.421085471520200372e-14,8.299999999999998579e+01,0.000000000000000000e+00,9.022132710207809714e-01,9.022132710207809714e-01,2.830630901907673191e+00,2.704469683558350379e+00,2.956630901907673081e+00,1.418670000000000009e+01,5.661100585466023460e+00,8.525599414533976628e+00,9.754166666666666541e-02,1.458333333333325377e-03,1.259999999999998899e-01,1.458333333333329714e-03,5.833333333333328596e+00,9.554572093283933976e-01,1.020175485878314081e+00,1.124774028406500204e+00,1.020175485878314081e+00,1.905830371822504432e+01,3.811660743645008653e+07,6.519561815336462018e+01,1.303912363067292273e+08,7.968300350632545381e+00,9.222222222222220012e+01,3.228467781816233284e+00,7.650278641364048227e+00,1.189586740586242808e+00,9.000000000000000222e-01,3.314228322349465627e-01,1.322484183835118454e+00,8.896713615023473798e-01,1.195882614835931612e+00,4.949999999999999289e+01,2.300000000000011369e+00,1.260000000000000009e-01,1.611650485436893376e+01,1.000000000000000222e+00,1.000000000000000000e+00,1.000000000000000000e+00,1.305390135898610859e+00,1.305390135898611038e-05,1.305390135898612224e-05,5.150000000000003020e+00,1.287629188850610840e+00,6.263696675314819329e-01,8.983929958971170748e-01,2.027981965048708535e+00
1.260000000000000000e+04,8.750000000000000000e+00,2.149500000000000455e+03,1.500000000000000178e+01,5.737704918032782153e+00,4.944115905126477010e+05,2.509362401236206352e+00,1.324083061658435367e+00,4.283432260766823596e+00,3.740902464110246184e-01,4.508185437600093159e+00,1.489993492088166338e+00,1.141198426987450221e+00,7.666666666666644980e-01,-1.030760635760250256e-12,9.178350455817522091e-14,1.305390135898610859e+00,1.000000000000000222e+00,7.500000000000003331e-01,2.500000000000000555e-01,1.332098882153444741e+00,9.927822938318338064e-01,1.271650485436893518e+01,4.716373441108466125e+00,4.440892098500626162e-16,3.399999999999999911e+00,1.483726275752677681e+00,5.012287703795992755e+00,3.994983465542330414e+00,1.000000000000000142e+02,1.228080173675003550e+00,1.433000000000000114e+02,5.149999999999998579e+00,-4.440892098500626162e-15,1.185846126156020475e-20,-1.308618346682320580e-16,0.000000000000000000e+00,1.000000000000000444e+00,1.000000000000000444e+00,9.573839264418489980e-01,4.777286046641966988e-01,6.009571933243091912e-01,9.739767590561110300e-01,8.806026525605162858e-01,1.000000000000000000e+00,1.000000000000000000e+00,1.000000000000000000e+00,8.758403872255930978e-01,9.899999999999999079e-02,9.899999999999998579e+01,5.867605633802815390e+01,9.755099865317411467e-01,9.970919826324995405e-01,9.512885782515076993e-01,7.533503593601429849e+00,1.038453391709287299e+00,1.014688563072567939e+00,7.666666666666706043e-01,1.141198426987450443e+00,1.267605633802816811e+01,-4.889422200449189556e-17,1.800000000000000000e+01,5.867605633802816811e+01,1.421085471520200372e-14,8.299999999999998579e+01,0.000000000000000000e+00,9.022132710207809714e-01,9.022132710207809714e-01,2.830630901907673191e+00,2.704469683558350379e+00,2.956630901907673081e+00,1.418670000000000009e+01,5.661100585466023460e+00,8.525599414533976628e+00,9.754166666666666541e-02,1.458333333333325377e-03,1.259999999999998899e-01,1.458333333333328846e-03,5.833333333333328596e+00,9.554572093283933976e-01,1.020175485878314081e+00,1.124774028406500204e+00,1.020175485878314081e+00,1.905830371822504432e+01,3.811660743645008653e+07,6.519561815336462018e+01,1.303912363067292273e+08,7.968300350632545381e+00,9.222222222222220012e+01,3.228467781816233284e+00,7.650278641364048227e+00,1.189586740586242808e+00,9.000000000000000222e-01,3.314228322349465627e-01,1.322484183835118454e+00,8.896713615023473798e-01,1.195882614835931612e+00,4.949999999999999289e+01,2.300000000000011369e+00,1.260000000000000009e-01,1.611650485436893376e+01,1.000000000000000222e+00,1.000000000000000000e+00,1.000000000000000000e+00,1.305390135898610859e+00,1.305390135898611038e-05,1.305390135898612224e-05,5.150000000000003020e+00,1.287629188850610840e+00,6.263696675314819329e-01,8.983929958971170748e-01,2.027981965048708535e+00
1.272000000000000000e+04,8.833333333333333925e+00,2.149500000000000455e+03,1.500000000000000178e+01,5.737704918032782153e+00,4.944115905126477010e+05,2.509362401236206352e+00,1.324083061658435367e+00,4.283432260766823596e+00,3.740902464110246184e-01,4.508185437600093159e+00,1.489993492088166338e+00,1.141198426987450443e+00,7.666666666666643870e-01,-1.037232821625966661e-12,9.288053251912695474e-14,1.305390135898610859e+00,1.000000000000000222e+00,7.500000000000003331e-01,2.500000000000000555e-01,1.332098882153444741e+00,9.927822938318338064e-01,1.271650485436893518e+01,4.716373441108466125e+00,4.440892098500626162e-16,3.399999999999999911e+00,1.483726275752677681e+00,5.012287703795992755e+00,3.994983465542329526e+00,1.000000000000000426e+02,1.228080173675003550e+00,1.433000000000000114e+02,5.149999999999998579e+00,-4.440892098500626162e-15,1.185846126156020475e-20,-1.316297542408982570e-16,0.000000000000000000e+00,1.000000000000000444e+00,1.000000000000000444e+00,9.573839264418489980e-01,4.777286046641966988e-01,6.009571933243091912e-01,9.739767590561110300e-01,8.806026525605162858e-01,1.000000000000000000e+00,1.000000000000000000e+00,1.000000000000000000e+00,8.758403872255930978e-01,9.899999999999999079e-02,9.899999999999998579e+01,5.867605633802815390e+01,9.755099865317411467e-01,9.970919826324995405e-01,9.512885782515076993e-01,7.533503593601429849e+00,1.038453391709287077e+00,1.014688563072567939e+00,7.666666666666706043e-01,1.141198426987450443e+00,1.267605633802816811e+01,-4.889422200449189556e-17,1.800000000000000000e+01,5.867605633802816811e+01,1.421085471520200372e-14,8.299999999999998579e+01,0.000000000000000000e+00,9.022132710207809714e-01,9.022132710207809714e-01,2.830630901907673191e+00,2.704469683558350379e+00,2.956630901907673081e+00,1.418670000000000009e+01,5.661100585466023460e+00,8.525599414533976628e+00,9.754166666666666541e-02,1.458333333333325377e-03,1.259999999999998899e-01,1.458333333333328846e-03,5.833333333333328596e+00,9.554572093283933976e-01,1.020175485878314081e+00,1.124774028406500204e+00,1.020175485878314081e+00,1.905830371822504432e+01,3.811660743645008653e+07,6.519561815336462018e+01,1.303912363067292273e+08,7.968300350632545381e+00,9.222222222222220012e+01,3.228467781816233284e+00,7.650278641364048227e+00,1.189586740586242808e+00,9.000000000000000222e-01,3.314228322349465627e-01,1.322484183835118454e+00,8.896713615023473798e-01,1.195882614835931612e+00,4.949999999999999289e+01,2.300000000000011369e+00,1.260000000000000009e-01,1.611650485436893376e+01,1.000000000000000222e+00,1.000000000000000000e+00,1.000000000000000000e+00,1.305390135898610859e+00,1.305390135898611038e-05,1.305390135898612224e-05,5.150000000000003020e+00,1.287629188850610840e+00,6.263696675314819329e-01,8.983929958971170748e-01,2.027981965048708535e+00
1.284000000000000000e+04,8.916666666666666075e+00,2.149500000000000455e+03,1.500000000000000178e+01,5.737704918032782153e+00,4.944115905126477010e+05,2.509362401236206352e+00,1.324083061658435367e+00,4.283432260766823596e+00,3.740902464110246184e-01,4.508185437600093159e+00,1.489993492088166338e+00,1.141198426987450443e+00,7.666666666666641650e-01,-1.043705007491683067e-12,9.397756048007868857e-14,1.305390135898610859e+00,1.000000000000000222e+00,7.500000000000003331e-01,2.500000000000000555e-01,1.332098882153444741e+00,9.927822938318338064e-01,1.271650485436893518e+01,4.716373441108466125e+00,4.440892098500626162e-16,3.399999999999999911e+00,1.483726275752677681e+00,5.012287703795992755e+00,3.994983465542328638e+00,1.000000000000000426e+02,1.228080173675003550e+00,1.433000000000000114e+02,5.149999999999998579e+00,-4.440892098500626162e-15,1.185846126156020475e-20,-1.323976738135644805e-16,0.000000000000000000e+00,1.000000000000000444e+00,1.000000000000000444e+00,9.573839264418489980e-01,4.777286046641966988e-01,6.009571933243091912e-01,9.739767590561110300e-01,8.806026525605162858e-01,1.000000000000000000e+00,1.000000000000000000e+00,1.000000000000000000e+00,8.758403872255930978e-01,9.899999999999999079e-02,9.899999999999998579e+01,5.867605633802815390e+01,9.755099865317411467e-01,9.970919826324995405e-01,9.512885782515076993e-01,7.533503593601429849e+00,1.038453391709287077e+00,1.014688563072567939e+00,7.666666666666706043e-01,1.141198426987450443e+00,1.267605633802816811e+01,-4.889422200449189556e-17,1.800000000000000000e+01,5.867605633802816811e+01,1.421085471520200372e-14,8.299999999999998579e+01,0.000000000000000000e+00,9.022132710207809714e-01,9.022132710207809714e-01,2.830630901907673191e+00,2.704469683558350379e+00,2.956630901907673081e+00,1.418670000000000009e+01,5.661100585466023460e+00,8.525599414533976628e+00,9.754166666666666541e-02,1.458333333333325377e-03,1.259999999999998899e-01,1.458333333333328846e-03,5.833333333333328596e+00,9.554572093283933976e-01,1.020175485878314081e+00,1.124774028406500204e+00,1.020175485878314081e+00,1.905830371822504432e+01,3.811660743645008653e+07,6.519561815336462018e+01,1.303912363067292273e+08,7.968300350632545381e+00,9.222222222222220012e+01,3.228467781816233284e+00,7.650278641364048227e+00,1.189586740586242808e+00,9.000000000000000222e-01,3.314228322349465627e-01,1.322484183835118454e+00,8.896713615023473798e-01,1.195882614835931612e+00,4.949999999999999289e+01,2.300000000000011369e+00,1.260000000000000009e-01,1.611650485436893376e+01,1.000000000000000222e+00,1.000000000000000000e+00,1.000000000000000000e+00,1.305390135898610859e+00,1.305390135898611038e-05,1.305390135898612224e-05,5.150000000000003020e+00,1.287629188850610840e+00,6.263696675314819329e-01,8.983929958971170748e-01,2.027981965048708535e+00
1.296000000000000000e+04,9.000000000000000000e+00,2.149500000000000455e+03,1.500000000000000178e+01,5.737704918032782153e+00,4.944115905126477010e+05,2.509362401236206352e+00,1.324083061658435367e+00,4.283432260766823596e+00,3.740902464110246184e-01,4.508185437600093159e+00,1.489993492088166338e+00,1.141198426987450443e+00,7.666666666666640539e-01,-1.050177193357399472e-12,9.507458844103042241e-14,1.305390135898610859e+00,1.000000000000000222e+00,7.500000000000003331e-01,2.500000000000000555e-01,1.332098882153444741e+00,9.927822938318338064e-01,1.271650485436893518e+01,4.716373441108466125e+00,4.440892098500626162e-16,3.399999999999999911e+00,1.483726275752677681e+00,5.012287703795992755e+00,3.994983465542327750e+00,1.000000000000000426e+02,1.228080173675003550e+00,1.433000000000000114e+02,5.149999999999998579e+00,-4.440892098500626162e-15,1.185846126156020475e-20,-1.331655933862307041e-16,0.000000000000000000e+00,1.000000000000000444e+00,1.000000000000000444e+00,9.573839264418489980e-01,4.777286046641966988e-01,6.009571933243091912e-01,9.739767590561110300e-01,8.806026525605162858e-01,1.000000000000000000e+00,1.000000000000000000e+00,1.000000000000000000e+00,8.758403872255930978e-01,9.899999999999999079e-02,9.899999999999998579e+01,5.867605633802815390e+01,9.755099865317411467e-01,9.970919826324995405e-01,9.512885782515076993e-01,7.533503593601429849e+00,1.038453391709286855e+00,1.014688563072567939e+00,7.666666666666706043e-01,1.141198426987450443e+00,1.267605633802816811e+01,-4.889422200449189556e-17,1.800000000000000000e+01,5.867605633802816811e+01,1.421085471520200372e-14,8.299999999999998579e+01,0.000000000000000000e+00,9.022132710207809714e-01,9.022132710207809714e-01,2.830630901907673191e+00,2.704469683558350379e+00,2.956630901907673081e+00,1.418670000000000009e+01,5.661100585466023460e+00,8.525599414533976628e+00,9.754166666666666541e-02,1.458333333333325377e-03,1.259999999999998899e-01,1.458333333333327111e-03,5.833333333333328596e+00,9.554572093283933976e-01,1.020175485878314081e+00,1.124774028406500204e+00,1.020175485878314081e+00,1.905830371822504432e+01,3.811660743645008653e+07,6.519561815336462018e+01,1.303912363067292273e+08,7.968300350632545381e+00,9.222222222222220012e+01,3.228467781816233284e+00,7.650278641364048227e+00,1.189586740586242808e+00,9.000000000000000222e-01,3.314228322349465627e-01,1.322484183835118454e+00,8.896713615023473798e-01,1.195882614835931612e+00,4.949999999999999289e+01,2.300000000000011369e+00,1.260000000000000009e-01,1.611650485436893376e+01,1.000000000000000222e+00,1.000000000000000000e+00,1.000000000000000000e+00,1.305390135898610859e+00,1.305390135898611038e-05,1.305390135898612224e-05,5.150000000000003020e+00,1.287629188850610840e+00,6.263696675314819329e-01,8.983929958971170748e-01,2.027981965048708535e+00
1.308000000000000000e+04,9.083333333333333925e+00,2.149500000000000455e+03,1.500000000000000178e+01,5.737704918032782153e+00,4.944115905126477010e+05,2.509362401236206797e+00,1.324083061658435589e+00,4.283432260766823596e+00,3.740902464110246184e-01,4.508185437600094048e+00,1.489993492088166560e+00,1.141198426987450443e+00,7.666666666666638319e-01,-1.056649379223115878e-12,9.617161640198216886e-14,1.305390135898610859e+00,1.000000000000000222e+00,7.500000000000003331e-01,2.500000000000000555e-01,1.332098882153444741e+00,9.927822938318338064e-01,1.271650485436893518e+01,4.716373441108467013e+00,4.440892098500626162e-16,3.399999999999999911e+00,1.483726275752677681e+00,5.012287703795992755e+00,3.994983465542326861e+00,1.000000000000000426e+02,1.228080173675003550e+00,1.433000000000000114e+02,5.149999999999998579e+00,-4.440892098500626162e-15,1.185846126156020475e-20,-1.339335129588969031e-16,0.000000000000000000e+00,1.000000000000000444e+00,1.000000000000000444e+00,9.573839264418489980e-01,4.777286046641966988e-01,6.009571933243091912e-01,9.739767590561110300e-01,8.806026525605162858e-01,1.000000000000000000e+00,1.000000000000000000e+00,1.000000000000000000e+00,8.758403872255930978e-01,9.899999999999999079e-02,9.899999999999998579e+01,5.867605633802815390e+01,9.755099865317411467e-01,9.970919826324995405e-01,9.512885782515076993e-01,7.533503593601429849e+00,1.038453391709286855e+00,1.014688563072567939e+00,7.666666666666706043e-01,1.141198426987450443e+00,1.267605633802816811e+01,-4.889422200449189556e-17,1.800000000000000000e+01,5.867605633802816811e+01,1.421085471520200372e-14,8.299999999999998579e+01,0.000000000000000000e+00,9.022132710207809714e-01,9.022132710207809714e-01,2.830630901907673191e+00,2.704469683558350379e+00,2.956630901907673081e+00,1.418670000000000009e+01,5.661100585466023460e+00,8.525599414533976628e+00,9.754166666666666541e-02,1.458333333333325377e-03,1.259999999999998899e-01,1.458333333333327111e-03,5.833333333333328596e+00,9.554572093283933976e-01,1.020175485878314081e+00,1.124774028406500204e+00,1.020175485878314081e+00,1.905830371822504432e+01,3.811660743645008653e+07,6.519561815336462018e+01,1.303912363067292273e+08,7.968300350632545381e+00,9.222222222222220012e+01,3.228467781816233284e+00,7.650278641364048227e+00,1.189586740586242808e+00,9.000000000000000222e-01,3.314228322349465627e-01,1.322484183835118454e+00,8.896713615023473798e-01,1.195882614835931612e+00,4.949999999999999289e+01,2.300000000000011369e+00,1.260000000000000009e-01,1.611650485436893376e+01,1.000000000000000222e+00,1.000000000000000000e+00,1.000000000000000000e+00,1.305390135898610859e+00,1.305390135898611038e-05,1.305390135898612224e-05,5.150000000000003020e+00,1.287629188850610840e+00,6.263696675314819329e-01,8.983929958971170748e-01,2.027981965048708535e+00
1.320000000000000000e+04,9.166666666666666075e+00,2.149500000000000455e+03,1.500000000000000178e+01,5.737704918032783041e+00,4.944115905126477010e+05,2.509362401236206797e+00,1.324083061658435589e+00,4.283432260766824484e+00,3.740902464110246739e-01,4.508185437600094048e+00,1.489993492088166560e+00,1.141198426987450443e+00,7.666666666666637209e-01,-1.063121565088832284e-12,9.726864436293390270e-14,1.305390135898610859e+00,1.000000000000000222e+00,7.500000000000003331e-01,2.500000000000000555e-01,1.332098882153444741e+00,9.927822938318338064e-01,1.271650485436893518e+01,4.716373441108467013e+00,4.440892098500626162e-16,3.399999999999999911e+00,1.483726275752677681e+00,5.012287703795992755e+00,3.994983465542326417e+00,1.000000000000000426e+02,1.228080173675003550e+00,1.433000000000000114e+02,5.149999999999998579e+00,-4.440892098500626162e-15,1.185846126156020475e-20,-1.347014325315631513e-16,0.000000000000000000e+00,1.000000000000000444e+00,1.000000000000000444e+00,9.573839264418489980e-01,4.777286046641966988e-01,6.009571933243091912e-01,9.739767590561110300e-01,8.806026525605162858e-01,1.000000000000000000e+00,1.000000000000000000e+00,1.000000000000000000e+00,8.758403872255930978e-01,9.899999999999999079e-02,9.899999999999998579e+01,5.867605633802815390e+01,9.755099865317411467e-01,9.970919826324995405e-01,9.512885782515076993e-01,7.533503593601429849e+00,1.038453391709286855e+00,1.014688563072567939e+00,7.666666666666706043e-01,1.141198426987450443e+00,1.267605633802816811e+01,-4.889422200449189556e-17,1.800000000000000000e+01,5.867605633802816811e+01,1.421085471520200372e-14,8.299999999999998579e+01,0.000000000000000000e+00,9.022132710207809714e-01,9.022132710207809714e-01,2.830630901907673191e+00,2.704469683558350379e+00,2.956630901907673081e+00,1.418670000000000009e+01,5.661100585466023460e+00,8.525599414533976628e+00,9.754166666666666541e-02,1.458333333333325377e-03,1.259999999999998899e-01,1.458333333333327111e-03,5.833333333333329485e+00,9.554572093283933976e-01,1.020175485878314081e+00,1.124774028406500204e+00,1.020175485878314081e+00,1.905830371822504432e+01,3.811660743645008653e+07,6.519561815336462018e+01,1.303912363067292273e+08,7.968300350632545381e+00,9.222222222222220012e+01,3.228467781816233284e+00,7.650278641364048227e+00,1.189586740586242808e+00,9.000000000000000222e-01,3.314228322349465627e-01,1.322484183835118454e+00,8.896713615023473798e-01,1.195882614835931612e+00,4.949999999999999289e+01,2.300000000000011369e+00,1.260000000000000009e-01,1.611650485436893376e+01,1.000000000000000222e+00,1.000000000000000000e+00,1.000000000000000000e+00,1.305390135898610859e+00,1.305390135898611038e-05,1.305390135898612224e-05,5.150000000000003020e+00,1.287629188850610840e+00,6.263696675314819329e-01,8.983929958971170748e-01,2.027981965048708535e+00
1.332000000000000000e+04,9.250000000000000000e+00,2.149500000000000455e+03,1.500000000000000178e+01,5.737704918032783041e+00,4.944115905126477010e+05,2.509362401236206797e+00,1.324083061658435589e+00,4.283432260766824484e+00,3.740902464110246739e-01,4.508185437600094048e+00,1.489993492088166560e+00,1.141198426987450443e+00,7.666666666666634988e-01,-1.069593750954548689e-12,9.836567232388563653e-14,1.305390135898610859e+00,1.000000000000000222e+00,7.500000000000003331e-01,2.500000000000000555e-01,1.332098882153444741e+00,9.927822938318338064e-01,1.271650485436893518e+01,4.716373441108467013e+00,4.440892098500626162e-16,3.399999999999999911e+00,1.483726275752677681e+00,5.012287703795992755e+00,3.994983465542325085e+00,1.000000000000000426e+02,1.228080173675003550e+00,1.433000000000000114e+02,5.149999999999998579e+00,-4.440892098500626162e-15,1.185846126156020475e-20,-1.354693521042293502e-16,0.000000000000000000e+00,1.000000000000000444e+00,1.000000000000000444e+00,9.573839264418489980e-01,4.777286046641966988e-01,6.009571933243091912e-01,9.739767590561110300e-01,8.806026525605162858e-01,1.000000000000000000e+00,1.000000000000000000e+00,1.000000000000000000e+00,8.758403872255930978e-01,9.899999999999999079e-02,9.899999999999998579e+01,5.867605633802815390e+01,9.755099865317411467e-01,9.970919826324995405e-01,9.512885782515076993e-01,7.533503593601429849e+00,1.038453391709286855e+00,1.014688563072567939e+00,7.666666666666706043e-01,1.141198426987450443e+00,1.267605633802816811e+01,-4.889422200449189556e-17,1.800000000000000000e+01,5.867605633802816811e+01,1.421085471520200372e-14,8.299999999999998579e+01,0.000000000000000000e+00,9.022132710207809714e-01,9.022132710207809714e-01,2.830630901907673191e+00,2.704469683558350379e+00,2.956630901907673081e+00,1.418670000000000009e+01,5.661100585466023460e+00,8.525599414533976628e+00,9.754166666666666541e-02,1.458333333333325377e-03,1.259999999999998899e-01,1.458333333333327111e-03,5.833333333333329485e+00,9.554572093283933976e-01,1.020175485878314081e+00,1.124774028406500204e+00,1.020175485878314081e+00,1.905830371822504432e+01,3.811660743645008653e+07,6.519561815336462018e+01,1.303912363067292273e+08,7.968300350632545381e+00,9.222222222222220012e+01,3.228467781816233284e+00,7.650278641364048227e+00,1.189586740586242808e+00,9.000000000000000222e-01,3.314228322349465627e-01,1.322484183835118454e+00,8.896713615023473798e-01,1.195882614835931612e+00,4.949999999999999289e+01,2.300000000000011369e+00,1.260000000000000009e-01,1.611650485436893376e+01,1.000000000000000222e+00,1.000000000000000000e+00,1.000000000000000000e+00,1.305390135898610859e+00,1.305390135898611038e-05,1.305390135898612224e-05,5.150000000000003020e+00,1.287629188850610840e+00,6.263696675314819329e-01,8.983929958971170748e-01,2.027981965048708535e+00
1.344000000000000000e+04,9.333333333333333925e+00,2.149500000000000455e+03,1.500000000000000178e+01,5.737704918032783041e+00,4.944115905126477010e+05,2.509362401236206797e+00,1.324083061658435589e+00,4.283432260766824484e+00,3.740902464110246739e-01,4.508185437600094048e+00,1.489993492088166560e+00,1.141198426987450665e+00,7.666666666666633878e-01,-1.076065936820265095e-12,9.946270028483737036e-14,1.305390135898610859e+00,1.000000000000000222e+00,7.500000000000003331e-01,2.500000000000000555e-01,1.332098882153444741e+00,9.927822938318338064e-01,1.271650485436893518e+01,4.716373441108467013e+00,4.440892098500626162e-16,3.399999999999999911e+00,1.483726275752677681e+00,5.012287703795992755e+00,3.994983465542324641e+00,1.000000000000000568e+02,1.228080173675003550e+00,1.433000000000000114e+02,5.149999999999998579e+00,-4.440892098500626162e-15,1.185846126156020475e-20,-1.362372716768955492e-16,0.000000000000000000e+00,1.000000000000000444e+00,1.000000000000000444e+00,9.573839264418492201e-01,4.777286046641967543e-01,6.009571933243091912e-01,9.739767590561110300e-01,8.806026525605162858e-01,1.000000000000000000e+00,1.000000000000000000e+00,1.000000000000000000e+00,8.758403872255930978e-01,9.899999999999999079e-02,9.899999999999998579e+01,5.867605633802815390e+01,9.755099865317413688e-01,9.970919826324995405e-01,9.512885782515076993e-01,7.533503593601429849e+00,1.038453391709286855e+00,1.014688563072567939e+00,7.666666666666706043e-01,1.141198426987450443e+00,1.267605633802816811e+01,-4.889422200449189556e-17,1.800000000000000000e+01,5.867605633802816811e+01,1.421085471520200372e-14,8.299999999999998579e+01,0.000000000000000000e+00,9.022132710207809714e-01,9.022132710207809714e-01,2.830630901907673636e+00,2.704469683558350823e+00,2.956630901907672637e+00,1.418670000000000009e+01,5.661100585466023460e+00,8.525599414533976628e+00,9.754166666666666541e-02,1.458333333333325377e-03,1.259999999999990017e-01,1.458333333333326244e-03,5.833333333333329485e+00,9.554572093283935086e-01,1.020175485878314081e+00,1.124774028406500204e+00,1.020175485878314081e+00,1.905830371822504432e+01,3.811660743645008653e+07,6.519561815336462018e+01,1.303912363067292273e+08,7.968300350632545381e+00,9.222222222222220012e+01,3.228467781816233284e+00,7.650278641364048227e+00,1.189586740586242808e+00,9.000000000000000222e-01,3.314228322349465627e-01,1.322484183835118454e+00,8.896713615023473798e-01,1.195882614835931612e+00,4.949999999999999289e+01,2.300000000000011369e+00,1.260000000000000009e-01,1.611650485436893376e+01,1.000000000000000222e+00,1.000000000000000000e+00,1.000000000000000000e+00,1.305390135898610859e+00,1.305390135898611038e-05,1.305390135898612224e-05,5.150000000000003020e+00,1.287629188850610840e+00,6.263696675314819329e-01,8.983929958971170748e-01,2.027981965048708535e+00
1.356000000000000000e+04,9.416666666666666075e+00,2.149500000000000455e+03,1.500000000000000178e+01,5.737704918032783041e+00,4.944115905126477010e+05,2.509362401236206797e+00,1.324083061658435589e+00,4.283432260766824484e+00,3.740902464110246739e-01,4.508185437600094048e+00,1.489993492088166560e+00,1.141198426987450665e+00,7.666666666666631658e-01,-1.082538122685981500e-12,1.005597282457891042e-13,1.305390135898610859e+00,1.000000000000000222e+00,7.500000000000003331e-01,2.500000000000000555e-01,1.332098882153444741e+00,9.927822938318338064e-01,1.271650485436893518e+01,4.716373441108467013e+00,4.440892098500626162e-16,3.399999999999999911e+00,1.483726275752677681e+00,5.012287703795992755e+00,3.994983465542323309e+00,1.000000000000000568e+02,1.228080173675003550e+00,1.433000000000000114e+02,5.149999999999998579e+00,-4.440892098500626162e-15,1.185846126156020475e-20,-1.370051912495617727e-16,0.000000000000000000e+00,1.000000000000000444e+00,1.000000000000000444e+00,9.573839264418492201e-01,4.777286046641967543e-01,6.009571933243091912e-01,9.739767590561110300e-01,8.806026525605162858e-01,1.000000000000000000e+00,1.000000000000000000e+00,1.000000000000000000e+00,8.758403872255930978e-01,9.899999999999999079e-02,9.899999999999998579e+01,5.867605633802815390e+01,9.755099865317413688e-01,9.970919826324995405e-01,9.512885782515076993e-01,7.533503593601429849e+00,1.038453391709286855e+00,1.014688563072567939e+00,7.666666666666706043e-01,1.141198426987450443e+00,1.267605633802816811e+01,-4.889422200449189556e-17,1.800000000000000000e+01,5.867605633802816811e+01,1.421085471520200372e-14,8.299999999999998579e+01,0.000000000000000000e+00,9.022132710207809714e-01,9.022132710207809714e-01,2.830630901907673636e+00,2.704469683558350823e+00,2.956630901907672637e+00,1.418670000000000009e+01,5.661100585466023460e+00,8.525599414533976628e+00,9.754166666666666541e-02,1.458333333333325377e-03,1.259999999999990017e-01,1.458333333333326244e-03,5.833333333333329485e+00,9.554572093283935086e-01,1.020175485878314081e+00,1.124774028406500204e+00,1.020175485878314081e+00,1.905830371822504432e+01,3.811660743645008653e+07,6.519561815336462018e+01,1.303912363067292273e+08,7.968300350632545381e+00,9.222222222222220012e+01,3.228467781816233284e+00,7.650278641364048227e+00,1.189586740586242808e+00,9.000000000000000222e-01,3.314228322349465627e-01,1.322484183835118454e+00,8.896713615023473798e-01,1.195882614835931612e+00,4.949999999999999289e+01,2.300000000000011369e+00,1.260000000000000009e-01,1.611650485436893376e+01,1.000000000000000222e+00,1.000000000000000000e+00,1.000000000000000000e+00,1.305390135898610859e+00,1.305390135898611038e-05,1.305390135898612224e-05,5.150000000000003020e+00,1.287629188850610840e+00,6.263696675314819329e-01,8.983929958971170748e-01,2.027981965048708535e+00
1.368000000000000000e+04,9.500000000000000000e+00,2.149500000000000455e+03,1.500000000000000178e+01,5.737704918032783041e+00,4.944115905126477010e+05,2.509362401236206797e+00,1.324083061658435589e+00,4.283432260766824484e+00,3.740902464110247294e-01,4.508185437600094048e+00,1.489993492088166560e+00,1.141198426987450665e+00,7.666666666666630547e-01,-1.089010308551697906e-12,1.016567562067408380e-13,1.305390135898610859e+00,1.000000000000000222e+00,7.500000000000003331e-01,2.500000000000000555e-01,1.332098882153444741e+00,9.927822938318338064e-01,1.271650485436893518e+01,4.716373441108467013e+00,4.440892098500626162e-16,3.399999999999999911e+00,1.483726275752677681e+00,5.012287703795992755e+00,3.994983465542322865e+00,1.000000000000000568e+02,1.228080173675003550e+00,1.433000000000000114e+02,5.149999999999998579e+00,-4.440892098500626162e-15,1.185846126156020475e-20,-1.377731108222279963e-16,0.000000000000000000e+00,1.000000000000000444e+00,1.000000000000000444e+00,9.573839264418492201e-01,4.777286046641967543e-01,6.009571933243091912e-01,9.739767590561110300e-01,8.806026525605162858e-01,1.000000000000000000e+00,1.000000000000000000e+00,1.000000000000000000e+00,8.758403872255930978e-01,9.899999999999999079e-02,9.899999999999998579e+01,5.867605633802815390e+01,9.755099865317413688e-01,9.970919826324995405e-01,9.512885782515076993e-01,7.533503593601429849e+00,1.038453391709286855e+00,1.014688563072567939e+00,7.666666666666706043e-01,1.141198426987450443e+00,1.267605633802816811e+01,-4.889422200449189556e-17,1.800000000000000000e+01,5.867605633802816811e+01,1.421085471520200372e-14,8.299999999999998579e+01,0.000000000000000000e+00,9.022132710207809714e-01,9.022132710207809714e-01,2.830630901907673636e+00,2.704469683558350823e+00,2.956630901907672637e+00,1.418670000000000009e+01,5.661100585466023460e+00,8.525599414533976628e+00,9.754166666666666541e-02,1.458333333333325377e-03,1.259999999999990017e-01,1.458333333333326244e-03,5.833333333333329485e+00,9.554572093283935086e-01,1.020175485878314081e+00,1.124774028406500204e+00,1.020175485878314081e+00,1.905830371822504432e+01,3.811660743645008653e+07,6.519561815336462018e+01,1.303912363067292273e+08,7.968300350632545381e+00,9.222222222222220012e+01,3.228467781816233284e+00,7.650278641364048227e+00,1.189586740586242808e+00,9.000000000000000222e-01,3.314228322349465627e-01,1.322484183835118454e+00,8.896713615023473798e-01,1.195882614835931612e+00,4.949999999999999289e+01,2.300000000000011369e+00,1.260000000000000009e-01,1.611650485436893376e+01,1.000000000000000222e+00,1.000000000000000000e+00,1.000000000000000000e+00,1.305390135898610859e+00,1.305390135898611038e-05,1.305390135898612224e-05,5.150000000000003020e+00,1.287629188850610840e+00,6.263696675314819329e-01,8.983929958971170748e-01,2.027981965048708535e+00
1.380000000000000000e+04,9.583333333333333925e+00,2.149500000000000455e+03,1.500000000000000178e+01,5.737704918032783041e+00,4.944115905126477010e+05,2.509362401236206797e+00,1.324083061658435589e+00,4.283432260766824484e+00,3.740902464110247294e-01,4.508185437600094048e+00,1.489993492088166560e+00,1.141198426987450665e+00,7.666666666666628327e-01,-1.095482494417414311e-12,1.027537841676925719e-13,1.305390135898610859e+00,1.000000000000000222e+00,7.500000000000003331e-01,2.500000000000000555e-01,1.332098882153444741e+00,9.927822938318338064e-01,1.271650485436893518e+01,4.716373441108467013e+00,4.440892098500626162e-16,3.399999999999999911e+00,1.483726275752677681e+00,5.012287703795992755e+00,3.994983465542321532e+00,1.000000000000000568e+02,1.228080173675003550e+00,1.433000000000000114e+02,5.149999999999998579e+00,-4.440892098500626162e-15,1.185846126156020475e-20,-1.385410303948941953e-16,0.000000000000000000e+00,1.000000000000000444e+00,1.000000000000000444e+00,9.573839264418492201e-01,4.777286046641967543e-01,6.009571933243091912e-01,9.739767590561110300e-01,8.806026525605162858e-01,1.000000000000000000e+00,1.000000000000000000e+00,1.000000000000000000e+00,8.758403872255930978e-01,9.899999999999999079e-02,9.899999999999998579e+01,5.867605633802815390e+01,9.755099865317413688e-01,9.970919826324995405e-01,9.512885782515076993e-01,7.533503593601429849e+00,1.038453391709286855e+00,1.014688563072567939e+00,7.666666666666706043e-01,1.141198426987450443e+00,1.267605633802816811e+01,-4.889422200449189556e-17,1.800000000000000000e+01,5.867605633802816811e+01,1.421085471520200372e-14,8.299999999999998579e+01,0.000000000000000000e+00,9.022132710207809714e-01,9.022132710207809714e-01,2.830630901907673636e+00,2.704469683558350823e+00,2.956630901907672637e+00,1.418670000000000009e+01,5.661100585466023460e+00,8.525599414533976628e+00,9.754166666666666541e-02,1.458333333333325377e-03,1.259999999999990017e-01,1.458333333333324509e-03,5.833333333333329485e+00,9.554572093283935086e-01,1.020175485878314081e+00,1.124774028406500204e+00,1.020175485878314081e+00,1.905830371822504432e+01,3.811660743645008653e+07,6.519561815336462018e+01,1.303912363067292273e+08,7.968300350632545381e+00,9.222222222222220012e+01,3.228467781816233284e+00,7.650278641364048227e+00,1.189586740586242808e+00,9.000000000000000222e-01,3.314228322349465627e-01,1.322484183835118454e+00,8.896713615023473798e-01,1.195882614835931612e+00,4.949999999999999289e+01,2.300000000000011369e+00,1.260000000000000009e-01,1.611650485436893376e+01,1.000000000000000222e+00,1.000000000000000000e+00,1.000000000000000000e+00,1.305390135898610859e+00,1.305390135898611038e-05,1.305390135898612224e-05,5.150000000000003020e+00,1.287629188850610840e+00,6.263696675314819329e-01,8.983929958971170748e-01,2.027981965048708535e+00
1.392000000000000000e+04,9.666666666666666075e+00,2.149500000000000455e+03,1.500000000000000178e+01,5.737704918032783041e+00,4.944115905126477010e+05,2.509362401236206797e+00,1.324083061658435589e+00,4.283432260766824484e+00,3.740902464110247294e-01,4.508185437600094048e+00,1.489993492088166560e+00,1.141198426987450665e+00,7.666666666666627217e-01,-1.101954680283130717e-12,1.038508121286443183e-13,1.305390135898610859e+00,1.000000000000000222e+00,7.500000000000003331e-01,2.500000000000000555e-01,1.332098882153444741e+00,9.927822938318338064e-01,1.271650485436893518e+01,4.716373441108467013e+00,4.440892098500626162e-16,3.399999999999999911e+00,1.483726275752677681e+00,5.012287703795992755e+00,3.994983465542321088e+00,1.000000000000000568e+02,1.228080173675003550e+00,1.433000000000000114e+02,5.149999999999998579e+00,-4.440892098500626162e-15,1.185846126156020475e-20,-1.393089499675604188e-16,0.000000000000000000e+00,1.000000000000000444e+00,1.000000000000000444e+00,9.573839264418492201e-01,4.777286046641967543e-01,6.009571933243091912e-01,9.739767590561110300e-01,8.806026525605162858e-01,1.000000000000000000e+00,1.000000000000000000e+00,1.000000000000000000e+00,8.758403872255930978e-01,9.899999999999999079e-02,9.899999999999998579e+01,5.867605633802815390e+01,9.755099865317413688e-01,9.970919826324995405e-01,9.512885782515076993e-01,7.533503593601429849e+00,1.038453391709286855e+00,1.014688563072567939e+00,7.666666666666706043e-01,1.141198426987450443e+00,1.267605633802816811e+01,-4.889422200449189556e-17,1.800000000000000000e+01,5.867605633802816811e+01,1.421085471520200372e-14,8.299999999999998579e+01,0.000000000000000000e+00,9.022132710207809714e-01,9.022132710207809714e-01,2.830630901907673636e+00,2.704469683558350823e+00,2.956630901907672637e+00,1.418670000000000009e+01,5.661100585466023460e+00,8.525599414533976628e+00,9.754166666666666541e-02,1.458333333333325377e-03,1.259999999999990017e-01,1.458333333333324509e-03,5.833333333333329485e+00,9.554572093283935086e-01,1.020175485878314081e+00,1.124774028406500204e+00,1.020175485878314081e+00,1.905830371822504432e+01,3.811660743645008653e+07,6.519561815336462018e+01,1.303912363067292273e+08,7.968300350632545381e+00,9.222222222222220012e+01,3.228467781816233284e+00,7.650278641364048227e+00,1.189586740586242808e+00,9.000000000000000222e-01,3.314228322349465627e-01,1.322484183835118454e+00,8.896713615023473798e-01,1.195882614835931612e+00,4.949999999999999289e+01,2.300000000000011369e+00,1.260000000000000009e-01,1.611650485436893376e+01,1.000000000000000222e+00,1.000000000000000000e+00,1.000000000000000000e+00,1.305390135898610859e+00,1.305390135898611038e-05,1.305390135898612224e-05,5.150000000000003020e+00,1.287629188850610840e+00,6.263696675314819329e-01,8.983929958971170748e-01,2.027981965048708535e+00
1.404000000000000000e+04,9.750000000000000000e+00,2.149500000000000455e+03,1.500000000000000178e+01,5.737704918032783930e+00,4.944115905126477010e+05,2.509362401236207241e+00,1.324083061658435811e+00,4.283432260766825372e+00,3.740902464110247294e-01,4.508185437600094936e+00,1.489993492088166782e+00,1.141198426987450665e+00,7.666666666666624996e-01,-1.108426866148847122e-12,1.049478400895960522e-13,1.305390135898610859e+00,1.000000000000000222e+00,7.500000000000003331e-01,2.500000000000000555e-01,1.332098882153444741e+00,9.927822938318338064e-01,1.271650485436893518e+01,4.716373441108467901e+00,4.440892098500626162e-16,3.399999999999999911e+00,1.483726275752677681e+00,5.012287703795992755e+00,3.994983465542319756e+00,1.000000000000000568e+02,1.228080173675003550e+00,1.433000000000000114e+02,5.149999999999998579e+00,-4.440892098500626162e-15,1.185846126156020475e-20,-1.400768695402266424e-16,0.000000000000000000e+00,1.000000000000000444e+00,1.000000000000000444e+00,9.573839264418492201e-01,4.777286046641967543e-01,6.009571933243091912e-01,9.739767590561110300e-01,8.806026525605162858e-01,1.000000000000000000e+00,1.000000000000000000e+00,1.000000000000000000e+00,8.758403872255930978e-01,9.899999999999999079e-02,9.899999999999998579e+01,5.867605633802816101e+01,9.755099865317413688e-01,9.970919826324995405e-01,9.512885782515076993e-01,7.533503593601429849e+00,1.038453391709286855e+00,1.014688563072567939e+00,7.666666666666706043e-01,1.141198426987450443e+00,1.267605633802816811e+01,-4.889422200449189556e-17,1.800000000000000000e+01,5.867605633802816811e+01,7.105427357601001859e-15,8.299999999999998579e+01,0.000000000000000000e+00,9.022132710207809714e-01,9.022132710207809714e-01,2.830630901907673636e+00,2.704469683558350823e+00,2.956630901907672637e+00,1.418670000000000009e+01,5.661100585466023460e+00,8.525599414533976628e+00,9.754166666666666541e-02,1.458333333333325377e-03,1.259999999999990017e-01,1.458333333333324509e-03,5.833333333333330373e+00,9.554572093283935086e-01,1.020175485878314081e+00,1.124774028406500426e+00,1.020175485878314081e+00,1.905830371822504432e+01,3.811660743645008653e+07,6.519561815336463440e+01,1.303912363067292571e+08,7.968300350632545381e+00,9.222222222222222854e+01,3.228467781816233284e+00,7.650278641364048227e+00,1.189586740586242808e+00,8.999999999999998002e-01,3.314228322349465627e-01,1.322484183835118454e+00,8.896713615023473798e-01,1.195882614835931612e+00,4.949999999999999289e+01,2.300000000000011369e+00,1.260000000000000009e-01,1.611650485436893376e+01,1.000000000000000222e+00,1.000000000000000000e+00,1.000000000000000000e+00,1.305390135898610859e+00,1.305390135898611038e-05,1.305390135898612224e-05,5.150000000000003020e+00,1.287629188850610840e+00,6.263696675314820439e-01,8.983929958971170748e-01,2.027981965048708535e+00
1.416000000000000000e+04,9.833333333333333925e+00,2.149500000000000455e+03,1.500000000000000178e+01,5.737704918032783930e+00,4.944115905126477010e+05,2.509362401236207241e+00,1.324083061658435811e+00,4.283432260766825372e+00,3.740902464110247849e-01,4.508185437600094936e+00,1.489993492088166782e+00,1.141198426987450887e+00,7.666666666666623886e-01,-1.114899052014563528e-12,1.060448680505477860e-13,1.305390135898610859e+00,1.000000000000000222e+00,7.500000000000003331e-01,2.500000000000000555e-01,1.332098882153444741e+00,9.927822938318338064e-01,1.271650485436893518e+01,4.716373441108467901e+00,4.440892098500626162e-16,3.399999999999999911e+00,1.483726275752677681e+00,5.012287703795992755e+00,3.994983465542319312e+00,1.000000000000000711e+02,1.228080173675003550e+00,1.433000000000000114e+02,5.149999999999998579e+00,-4.440892098500626162e-15,1.185846126156020475e-20,-1.408447891128928414e-16,0.000000000000000000e+00,1.000000000000000444e+00,1.000000000000000444e+00,9.573839264418492201e-01,4.777286046641967543e-01,6.009571933243091912e-01,9.739767590561110300e-01,8.806026525605162858e-01,1.000000000000000000e+00,1.000000000000000000e+00,1.000000000000000000e+00,8.758403872255930978e-01,9.899999999999999079e-02,9.899999999999998579e+01,5.867605633802816101e+01,9.755099865317413688e-01,9.970919826324995405e-01,9.512885782515076993e-01,7.533503593601429849e+00,1.038453391709286855e+00,1.014688563072567939e+00,7.666666666666706043e-01,1.141198426987450443e+00,1.267605633802816811e+01,-4.889422200449189556e-17,1.800000000000000000e+01,5.867605633802816811e+01,7.105427357601001859e-15,8.299999999999998579e+01,0.000000000000000000e+00,9.022132710207809714e-01,9.022132710207809714e-01,2.830630901907673636e+00,2.704469683558350823e+00,2.956630901907672637e+00,1.418670000000000009e+01,5.661100585466023460e+00,8.525599414533976628e+00,9.754166666666666541e-02,1.458333333333325377e-03,1.259999999999990017e-01,1.458333333333324509e-03,5.833333333333330373e+00,9.554572093283935086e-01,1.020175485878314081e+00,1.124774028406500426e+00,1.020175485878314081e+00,1.905830371822504432e+01,3.811660743645008653e+07,6.519561815336463440e+01,1.303912363067292571e+08,7.968300350632545381e+00,9.222222222222222854e+01,3.228467781816233284e+00,7.650278641364048227e+00,1.189586740586242808e+00,8.999999999999998002e-01,3.314228322349465627e-01,1.322484183835118454e+00,8.896713615023473798e-01,1.195882614835931612e+00,4.949999999999999289e+01,2.300000000000011369e+00,1.260000000000000009e-01,1.611650485436893376e+01,1.000000000000000222e+00,1.000000000000000000e+00,1.000000000000000000e+00,1.305390135898610859e+00,1.305390135898611038e-05,1.305390135898612224e-05,5.150000000000003020e+00,1.287629188850610840e+00,6.263696675314820439e-01,8.983929958971170748e-01,2.027981965048708535e+00
1.428000000000000000e+04,9.916666666666666075e+00,2.149500000000000455e+03,1.500000000000000178e+01,5.737704918032783930e+00,4.944115905126477010e+05,2.509362401236207241e+00,1.324083061658435811e+00,4.283432260766825372e+00,3.740902464110247849e-01,4.508185437600094936e+00,1.489993492088166782e+00,1.141198426987450887e+00,7.666666666666621666e-01,-1.121371237880279933e-12,1.071418960114995198e-13,1.305390135898610859e+00,1.000000000000000222e+00,7.500000000000003331e-01,2.500000000000000555e-01,1.332098882153444741e+00,9.927822938318338064e-01,1.271650485436893518e+01,4.716373441108467901e+00,4.440892098500626162e-16,3.399999999999999911e+00,1.483726275752677681e+00,5.012287703795992755e+00,3.994983465542317980e+00,1.000000000000000711e+02,1.228080173675003550e+00,1.433000000000000114e+02,5.149999999999998579e+00,-4.440892098500626162e-15,1.185846126156020475e-20,-1.416127086855590649e-16,0.000000000000000000e+00,1.000000000000000444e+00,1.000000000000000444e+00,9.573839264418492201e-01,4.777286046641967543e-01,6.009571933243091912e-01,9.739767590561110300e-01,8.806026525605162858e-01,1.000000000000000000e+00,1.000000000000000000e+00,1.000000000000000000e+00,8.758403872255930978e-01,9.899999999999999079e-02,9.899999999999998579e+01,5.867605633802816101e+01,9.755099865317413688e-01,9.970919826324995405e-01,9.512885782515076993e-01,7.533503593601429849e+00,1.038453391709286633e+00,1.014688563072567939e+00,7.666666666666706043e-01,1.141198426987450443e+00,1.267605633802816811e+01,-4.889422200449189556e-17,1.800000000000000000e+01,5.867605633802816811e+01,7.105427357601001859e-15,8.299999999999998579e+01,0.000000000000000000e+00,9.022132710207809714e-01,9.022132710207809714e-01,2.830630901907673636e+00,2.704469683558350823e+00,2.956630901907672637e+00,1.418670000000000009e+01,5.661100585466023460e+00,8.525599414533976628e+00,9.754166666666666541e-02,1.458333333333325377e-03,1.259999999999990017e-01,1.458333333333323642e-03,5.833333333333330373e+00,9.554572093283935086e-01,1.020175485878314081e+00,1.124774028406500426e+00,1.020175485878314081e+00,1.905830371822504432e+01,3.811660743645008653e+07,6.519561815336463440e+01,1.303912363067292571e+08,7.968300350632545381e+00,9.222222222222222854e+01,3.228467781816233284e+00,7.650278641364048227e+00,1.189586740586242808e+00,8.999999999999998002e-01,3.314228322349465627e-01,1.322484183835118454e+00,8.896713615023473798e-01,1.195882614835931612e+00,4.949999999999999289e+01,2.300000000000011369e+00,1.260000000000000009e-01,1.611650485436893376e+01,1.000000000000000222e+00,1.000000000000000000e+00,1.000000000000000000e+00,1.305390135898610859e+00,1.305390135898611038e-05,1.305390135898612224e-05,5.150000000000003020e+00,1.287629188850610840e+00,6.263696675314820439e-01,8.983929958971170748e-01,2.027981965048708535e+00
1.440000000000000000e+04,1.000000000000000000e+01,2.149500000000000455e+03,1.500000000000000178e+01,5.737704918032783930e+00,4.944115905126477010e+05,2.509362401236207241e+00,1.324083061658435811e+00,4.283432260766825372e+00,3.740902464110247849e-01,4.508185437600094936e+00,1.489993492088166782e+00,1.141198426987450887e+00,7.666666666666620555e-01,-1.127843423745996339e-12,1.082389239724512537e-13,1.305390135898610859e+00,1.000000000000000222e+00,7.500000000000003331e-01,2.500000000000000555e-01,1.332098882153444741e+00,9.927822938318338064e-01,1.271650485436893518e+01,4.716373441108467901e+00,4.440892098500626162e-16,3.399999999999999911e+00,1.483726275752677681e+00,5.012287703795992755e+00,3.994983465542317536e+00,1.000000000000000711e+02,1.228080173675003550e+00,1.433000000000000114e+02,5.149999999999998579e+00,-4.440892098500626162e-15,1.185846126156020475e-20,-1.423806282582252885e-16,0.000000000000000000e+00,1.000000000000000444e+00,1.000000000000000444e+00,9.573839264418492201e-01,4.777286046641967543e-01,6.009571933243091912e-01,9.739767590561110300e-01,8.806026525605162858e-01,1.000000000000000000e+00,1.000000000000000000e+00,1.000000000000000000e+00,8.758403872255930978e-01,9.899999999999999079e-02,9.899999999999998579e+01,5.867605633802816101e+01,9.755099865317413688e-01,9.970919826324995405e-01,9.512885782515076993e-01,7.533503593601429849e+00,1.038453391709286633e+00,1.014688563072567939e+00,7.666666666666706043e-01,1.141198426987450443e+00,1.267605633802816811e+01,-4.889422200449189556e-17,1.800000000000000000e+01,5.867605633802816811e+01,7.105427357601001859e-15,8.299999999999998579e+01,0.000000000000000000e+00,9.022132710207809714e-01,9.022132710207809714e-01,2.830630901907673636e+00,2.704469683558350823e+00,2.956630901907672637e+00,1.418670000000000009e+01,5.661100585466023460e+00,8.525599414533976628e+00,9.754166666666666541e-02,1.458333333333325377e-03,1.259999999999990017e-01,1.458333333333323642e-03,5.833333333333330373e+00,9.554572093283935086e-01,1.020175485878314081e+00,1.124774028406500426e+00,1.020175485878314081e+00,1.905830371822504432e+01,3.811660743645008653e+07,6.519561815336463440e+01,1.303912363067292571e+08,7.968300350632545381e+00,9.222222222222222854e+01,3.228467781816233284e+00,7.650278641364048227e+00,1.189586740586242808e+00,8.999999999999998002e-01,3.314228322349465627e-01,1.322484183835118454e+00,8.896713615023473798e-01,1.195882614835931612e+00,4.949999999999999289e+01,2.300000000000011369e+00,1.260000000000000009e-01,1.611650485436893376e+01,1.000000000000000222e+00,1.000000000000000000e+00,1.000000000000000000e+00,1.305390135898610859e+00,1.305390135898611038e-05,1.305390135898612224e-05,5.150000000000003020e+00,1.287629188850610840e+00,6.263696675314820439e-01,8.983929958971170748e-01,2.027981965048708535e+00
