time_min,time_days,m_sodium_mEq,v_ecf_L,prc_pg_per_mL,agt_fmol_per_mL,angi_fmol_per_mL,angii_fmol_per_mL,ang17_fmol_per_mL,angiv_fmol_per_mL,at1_bound_fmol_per_mL,at2_bound_fmol_per_mL,n_aldo,n_adh,baro_integral_min,ra_integral_min,vascularity,a_auto,a_baro,a_chemo,alpha_map,alpha_rap,arterial_resistance_mmHg_min_per_L,at1_bound_pg_per_mL,autonomic_adh_stimulus,basic_venous_resistance_mmHg_min_per_L,beta_rsna,blood_volume_L,c_adh_mU_per_L,c_aldo_ng_per_L,c_anp_hat,c_sodium_mEq_per_L,cardiac_output_L_per_min,cardiovascular_algebraic_residual_L_per_min,d_vascularity_per_min,delta_ra,delta_rihp_mmHg,epsilon_aum,epsilon_aum_adh,eta_cd,eta_dt,eta_pt,gamma_at1_tubule,gamma_filtered_sodium,gamma_rihp_cd,gamma_rihp_dt,gamma_rihp_pt,gamma_rsna_tubule,gfr_L_per_min,gfr_mL_per_min,implied_p_gh_mmHg,lambda_aldo_cd,lambda_anp,lambda_dt,mean_filling_pressure_mmHg,mu_adh,mu_aldo,n_adh_stimulus,n_aldo_stimulus,net_filtration_pressure_mmHg,p_b_cvp_mmHg,p_b_total_mmHg,p_gh_mmHg,p_gh_residual_mmHg,p_ma_mmHg,p_peritubular_mmHg,p_ra_mmHg,p_ra_raw_mmHg,phi_cd_reab_mEq_per_min,phi_dt_reab_mEq_per_min,phi_dt_sodium_mEq_per_min,phi_filtered_sodium_mEq_per_min,phi_md_sodium_mEq_per_min,phi_pt_reab_mEq_per_min,phi_tubular_water_reab_L_per_min,phi_urine_L_per_min,phi_urine_sodium_mEq_per_min,phi_water_in_L_per_min,pra_fmol_per_mL_per_min,psi_aldo_dt,psi_at1_aa,psi_at1_ea,psi_at1_preglom,r_aa_equivalent_mmHg_min_per_L,r_aa_single_mmHg_min_per_L,r_ea_equivalent_mmHg_min_per_L,r_ea_single_mmHg_min_per_L,r_preglom_mmHg_min_per_L,r_renal_mmHg_min_per_L,raw_v_at1,raw_v_md,raw_v_rsna,renal_blood_flow_L_per_min,renin_secretion_pg_per_mL_per_min,rsna,sigma_myo,sigma_tgf,sngfr_nL_per_min,sodium_adh_stimulus,sodium_intake_mEq_per_min,total_peripheral_resistance_mmHg_min_per_L,v_at1,v_md,v_rsna,vascularity,vascularity_destruction_per_min,vascularity_formation_per_min,venous_return_L_per_min,venous_return_resistance_mmHg_min_per_L,xi_at1,xi_k_sodium,xi_map
0.000000000000000000e+00,0.000000000000000000e+00,2.149500000000000000e+03,1.500000000000000000e+01,5.737704918032786594e+00,4.944115905126477592e+05,2.509362401236208573e+00,1.324083061658436256e+00,4.283432260766826261e+00,3.740902464110248959e-01,4.508185437600095824e+00,1.489993492088167448e+00,1.141198426987449999e+00,7.666666666666667185e-01,0.000000000000000000e+00,0.000000000000000000e+00,1.305390135898610859e+00,1.000000000000000000e+00,7.500000000000000000e-01,2.500000000000000000e-01,1.332098882153444741e+00,9.927822938318336954e-01,1.271650485436892986e+01,4.716373441108468789e+00,0.000000000000000000e+00,3.399999999999999911e+00,1.483726275752677681e+00,5.012287703795992755e+00,3.994983465542341960e+00,1.000000000000000000e+02,1.228080173675003550e+00,1.433000000000000114e+02,5.150000000000000355e+00,0.000000000000000000e+00,0.000000000000000000e+00,0.000000000000000000e+00,0.000000000000000000e+00,1.000000000000000000e+00,1.000000000000000000e+00,9.573839264418488870e-01,4.777286046641966433e-01,6.009571933243091912e-01,9.739767590561110300e-01,8.806026525605162858e-01,1.000000000000000000e+00,1.000000000000000000e+00,1.000000000000000000e+00,8.758403872255930978e-01,9.899999999999999079e-02,9.899999999999998579e+01,5.867605633802817522e+01,9.755099865317411467e-01,9.970919826324995405e-01,9.512885782515075883e-01,7.533503593601426296e+00,1.038453391709287743e+00,1.014688563072567939e+00,7.666666666666704932e-01,1.141198426987449999e+00,1.267605633802816811e+01,0.000000000000000000e+00,1.800000000000000000e+01,5.867605633802816811e+01,-7.105427357601001859e-15,8.300000000000000000e+01,0.000000000000000000e+00,9.022132710207813044e-01,9.022132710207813044e-01,2.830630901907673636e+00,2.704469683558349935e+00,2.956630901907673525e+00,1.418670000000000009e+01,5.661100585466023460e+00,8.525599414533976628e+00,9.754166666666666541e-02,1.458333333333325377e-03,1.259999999999998899e-01,1.458333333333334918e-03,5.833333333333333037e+00,9.554572093283932865e-01,1.020175485878314081e+00,1.124774028406500426e+00,1.020175485878314081e+00,1.905830371822504432e+01,3.811660743645008653e+07,6.519561815336463440e+01,1.303912363067292571e+08,7.968300350632545381e+00,9.222222222222222854e+01,3.228467781816232396e+00,7.650278641364048227e+00,1.189586740586242808e+00,8.999999999999999112e-01,3.314228322349465072e-01,1.322484183835118454e+00,8.896713615023473798e-01,1.195882614835931612e+00,4.949999999999999289e+01,2.300000000000011369e+00,1.260000000000000009e-01,1.611650485436893021e+01,1.000000000000000000e+00,1.000000000000000000e+00,1.000000000000000000e+00,1.305390135898610859e+00,1.305390135898611038e-05,1.305390135898611038e-05,5.150000000000000355e+00,1.287629188850610618e+00,6.263696675314820439e-01,8.983929958971170748e-01,2.027981965048707647e+00
6.000000000000000000e+01,4.166666666666666435e-02,2.149500000000000000e+03,1.500000000000000000e+01,5.737704918032786594e+00,4.944115905126477592e+05,2.509362401236208129e+00,1.324083061658436256e+00,4.283432260766826261e+00,3.740902464110248959e-01,4.508185437600095824e+00,1.489993492088167448e+00,1.141198426987449999e+00,7.666666666666704932e-01,-2.180803004700235169e-17,1.126169139967942262e-17,1.305390135898610859e+00,1.000000000000000000e+00,7.500000000000000000e-01,2.500000000000000000e-01,1.332098882153444741e+00,9.927822938318336954e-01,1.271650485436892986e+01,4.716373441108468789e+00,0.000000000000000000e+00,3.399999999999999911e+00,1.483726275752677681e+00,5.012287703795992755e+00,3.994983465542361500e+00,1.000000000000000000e+02,1.228080173675003550e+00,1.433000000000000114e+02,5.150000000000000355e+00,0.000000000000000000e+00,0.000000000000000000e+00,-7.883183979775595808e-21,0.000000000000000000e+00,1.000000000000000000e+00,1.000000000000000000e+00,9.573839264418488870e-01,4.777286046641966433e-01,6.009571933243091912e-01,9.739767590561110300e-01,8.806026525605162858e-01,1.000000000000000000e+00,1.000000000000000000e+00,1.000000000000000000e+00,8.758403872255930978e-01,9.899999999999999079e-02,9.899999999999998579e+01,5.867605633802817522e+01,9.755099865317411467e-01,9.970919826324995405e-01,9.512885782515075883e-01,7.533503593601426296e+00,1.038453391709288631e+00,1.014688563072567939e+00,7.666666666666704932e-01,1.141198426987449999e+00,1.267605633802816811e+01,0.000000000000000000e+00,1.800000000000000000e+01,5.867605633802816811e+01,-7.105427357601001859e-15,8.300000000000000000e+01,0.000000000000000000e+00,9.022132710207813044e-01,9.022132710207813044e-01,2.830630901907673636e+00,2.704469683558349935e+00,2.956630901907673525e+00,1.418670000000000009e+01,5.661100585466023460e+00,8.525599414533976628e+00,9.754166666666666541e-02,1.458333333333325377e-03,1.259999999999998899e-01,1.458333333333342724e-03,5.833333333333333037e+00,9.554572093283932865e-01,1.020175485878314081e+00,1.124774028406500426e+00,1.020175485878314081e+00,1.905830371822504432e+01,3.811660743645008653e+07,6.519561815336463440e+01,1.303912363067292571e+08,7.968300350632545381e+00,9.222222222222222854e+01,3.228467781816232396e+00,7.650278641364048227e+00,1.189586740586242808e+00,8.999999999999999112e-01,3.314228322349465072e-01,1.322484183835118454e+00,8.896713615023473798e-01,1.195882614835931612e+00,4.949999999999999289e+01,2.300000000000011369e+00,1.260000000000000009e-01,1.611650485436893021e+01,1.000000000000000000e+00,1.000000000000000000e+00,1.000000000000000000e+00,1.305390135898610859e+00,1.305390135898611038e-05,1.305390135898611038e-05,5.150000000000000355e+00,1.287629188850610618e+00,6.263696675314820439e-01,8.983929958971170748e-01,2.027981965048707647e+00
1.200000000000000000e+02,8.333333333333332871e-02,2.149500000000000000e+03,1.500000000000000000e+01,5.737704918032786594e+00,4.944115905126477592e+05,2.509362401236208129e+00,1.324083061658436034e+00,4.283432260766826261e+00,3.740902464110248404e-01,4.508185437600095824e+00,1.489993492088167448e+00,1.141198426987450443e+00,7.666666666666676067e-01,1.972061053480791699e-16,-1.018982861767836521e-16,1.305390135898610859e+00,1.000000000000000000e+00,7.500000000000000000e-01,2.500000000000000000e-01,1.332098882153444741e+00,9.927822938318336954e-01,1.271650485436892986e+01,4.716373441108468789e+00,0.000000000000000000e+00,3.399999999999999911e+00,1.483726275752677681e+00,5.012287703795992755e+00,3.994983465542346401e+00,1.000000000000000426e+02,1.228080173675003550e+00,1.433000000000000114e+02,5.150000000000000355e+00,0.000000000000000000e+00,0.000000000000000000e+00,7.132880032374855634e-20,0.000000000000000000e+00,1.000000000000000000e+00,1.000000000000000000e+00,9.573839264418489980e-01,4.777286046641966988e-01,6.009571933243091912e-01,9.739767590561110300e-01,8.806026525605162858e-01,1.000000000000000000e+00,1.000000000000000000e+00,1.000000000000000000e+00,8.758403872255930978e-01,9.899999999999999079e-02,9.899999999999998579e+01,5.867605633802817522e+01,9.755099865317411467e-01,9.970919826324995405e-01,9.512885782515076993e-01,7.533503593601426296e+00,1.038453391709287743e+00,1.014688563072567939e+00,7.666666666666704932e-01,1.141198426987449999e+00,1.267605633802816811e+01,0.000000000000000000e+00,1.800000000000000000e+01,5.867605633802816811e+01,-7.105427357601001859e-15,8.300000000000000000e+01,0.000000000000000000e+00,9.022132710207813044e-01,9.022132710207813044e-01,2.830630901907673191e+00,2.704469683558350379e+00,2.956630901907673081e+00,1.418670000000000009e+01,5.661100585466023460e+00,8.525599414533976628e+00,9.754166666666666541e-02,1.458333333333325377e-03,1.259999999999998899e-01,1.458333333333335785e-03,5.833333333333333037e+00,9.554572093283933976e-01,1.020175485878314081e+00,1.124774028406500426e+00,1.020175485878314081e+00,1.905830371822504432e+01,3.811660743645008653e+07,6.519561815336463440e+01,1.303912363067292571e+08,7.968300350632545381e+00,9.222222222222222854e+01,3.228467781816232396e+00,7.650278641364048227e+00,1.189586740586242808e+00,8.999999999999999112e-01,3.314228322349465072e-01,1.322484183835118454e+00,8.896713615023473798e-01,1.195882614835931612e+00,4.949999999999999289e+01,2.300000000000011369e+00,1.260000000000000009e-01,1.611650485436893021e+01,1.000000000000000000e+00,1.000000000000000000e+00,1.000000000000000000e+00,1.305390135898610859e+00,1.305390135898611038e-05,1.305390135898611038e-05,5.150000000000000355e+00,1.287629188850610618e+00,6.263696675314820439e-01,8.983929958971170748e-01,2.027981965048707647e+00
1.800000000000000000e+02,1.250000000000000000e-01,2.149500000000000000e+03,1.500000000000000000e+01,5.737704918032786594e+00,4.944115905126477592e+05,2.509362401236208129e+00,1.324083061658436034e+00,4.283432260766826261e+00,3.740902464110248404e-01,4.508185437600095824e+00,1.489993492088167226e+00,1.141198426987450887e+00,7.666666666666667185e-01,6.127410038582045892e-16,-3.122986438276627782e-16,1.305390135898610859e+00,1.000000000000000000e+00,7.500000000000000000e-01,2.500000000000000000e-01,1.332098882153444741e+00,9.927822938318336954e-01,1.271650485436892986e+01,4.716373441108468789e+00,0.000000000000000000e+00,3.399999999999999911e+00,1.483726275752677681e+00,5.012287703795992755e+00,3.994983465542341960e+00,1.000000000000000711e+02,1.228080173675003550e+00,1.433000000000000114e+02,5.150000000000000355e+00,0.000000000000000000e+00,0.000000000000000000e+00,2.186090506793639282e-19,0.000000000000000000e+00,1.000000000000000000e+00,1.000000000000000000e+00,9.573839264418492201e-01,4.777286046641967543e-01,6.009571933243091912e-01,9.739767590561110300e-01,8.806026525605162858e-01,1.000000000000000000e+00,1.000000000000000000e+00,1.000000000000000000e+00,8.758403872255930978e-01,9.899999999999999079e-02,9.899999999999998579e+01,5.867605633802817522e+01,9.755099865317413688e-01,9.970919826324995405e-01,9.512885782515076993e-01,7.533503593601426296e+00,1.038453391709287743e+00,1.014688563072567939e+00,7.666666666666704932e-01,1.141198426987449999e+00,1.267605633802816811e+01,0.000000000000000000e+00,1.800000000000000000e+01,5.867605633802816811e+01,-7.105427357601001859e-15,8.300000000000000000e+01,0.000000000000000000e+00,9.022132710207813044e-01,9.022132710207813044e-01,2.830630901907673636e+00,2.704469683558350823e+00,2.956630901907672637e+00,1.418670000000000009e+01,5.661100585466023460e+00,8.525599414533976628e+00,9.754166666666666541e-02,1.458333333333325377e-03,1.259999999999990017e-01,1.458333333333334918e-03,5.833333333333333037e+00,9.554572093283935086e-01,1.020175485878314081e+00,1.124774028406500426e+00,1.020175485878314081e+00,1.905830371822504432e+01,3.811660743645008653e+07,6.519561815336463440e+01,1.303912363067292571e+08,7.968300350632545381e+00,9.222222222222222854e+01,3.228467781816232396e+00,7.650278641364048227e+00,1.189586740586242808e+00,8.999999999999999112e-01,3.314228322349465072e-01,1.322484183835118454e+00,8.896713615023473798e-01,1.195882614835931612e+00,4.949999999999999289e+01,2.300000000000011369e+00,1.260000000000000009e-01,1.611650485436893021e+01,1.000000000000000000e+00,1.000000000000000000e+00,1.000000000000000000e+00,1.305390135898610859e+00,1.305390135898611038e-05,1.305390135898611038e-05,5.150000000000000355e+00,1.287629188850610618e+00,6.263696675314820439e-01,8.983929958971170748e-01,2.027981965048707647e+00
2.400000000000000000e+02,1.666666666666666574e-01,2.149500000000000000e+03,1.500000000000000000e+01,5.737704918032785706e+00,4.944115905126477592e+05,2.509362401236208573e+00,1.324083061658436256e+00,4.283432260766826261e+00,3.740902464110248404e-01,4.508185437600094936e+00,1.489993492088167448e+00,1.141198426987450443e+00,7.666666666666683838e-01,7.766065637763085497e-16,-3.819148113581904972e-16,1.305390135898610859e+00,1.000000000000000000e+00,7.500000000000000000e-01,2.500000000000000000e-01,1.332098882153444741e+00,9.927822938318336954e-01,1.271650485436892986e+01,4.716373441108467901e+00,0.000000000000000000e+00,3.399999999999999911e+00,1.483726275752677681e+00,5.012287703795992755e+00,3.994983465542350398e+00,1.000000000000000426e+02,1.228080173675003550e+00,1.433000000000000114e+02,5.150000000000000355e+00,0.000000000000000000e+00,0.000000000000000000e+00,2.673403679507333621e-19,0.000000000000000000e+00,1.000000000000000000e+00,1.000000000000000000e+00,9.573839264418489980e-01,4.777286046641966988e-01,6.009571933243091912e-01,9.739767590561110300e-01,8.806026525605162858e-01,1.000000000000000000e+00,1.000000000000000000e+00,1.000000000000000000e+00,8.758403872255930978e-01,9.899999999999999079e-02,9.899999999999998579e+01,5.867605633802817522e+01,9.755099865317411467e-01,9.970919826324995405e-01,9.512885782515076993e-01,7.533503593601426296e+00,1.038453391709288187e+00,1.014688563072567939e+00,7.666666666666704932e-01,1.141198426987449999e+00,1.267605633802816811e+01,0.000000000000000000e+00,1.800000000000000000e+01,5.867605633802816811e+01,-7.105427357601001859e-15,8.300000000000000000e+01,0.000000000000000000e+00,9.022132710207813044e-01,9.022132710207813044e-01,2.830630901907673191e+00,2.704469683558350379e+00,2.956630901907673081e+00,1.418670000000000009e+01,5.661100585466023460e+00,8.525599414533976628e+00,9.754166666666666541e-02,1.458333333333325377e-03,1.259999999999998899e-01,1.458333333333337520e-03,5.833333333333332149e+00,9.554572093283933976e-01,1.020175485878314081e+00,1.124774028406500426e+00,1.020175485878314081e+00,1.905830371822504432e+01,3.811660743645008653e+07,6.519561815336463440e+01,1.303912363067292571e+08,7.968300350632545381e+00,9.222222222222222854e+01,3.228467781816233284e+00,7.650278641364048227e+00,1.189586740586242808e+00,8.999999999999999112e-01,3.314228322349465627e-01,1.322484183835118454e+00,8.896713615023473798e-01,1.195882614835931612e+00,4.949999999999999289e+01,2.300000000000011369e+00,1.260000000000000009e-01,1.611650485436893021e+01,1.000000000000000222e+00,1.000000000000000000e+00,1.000000000000000000e+00,1.305390135898610859e+00,1.305390135898611038e-05,1.305390135898611038e-05,5.150000000000000355e+00,1.287629188850610618e+00,6.263696675314820439e-01,8.983929958971170748e-01,2.027981965048707647e+00
3.000000000000000000e+02,2.083333333333333426e-01,2.149500000000000000e+03,1.500000000000000000e+01,5.737704918032784818e+00,4.944115905126477592e+05,2.509362401236208129e+00,1.324083061658436034e+00,4.283432260766826261e+00,3.740902464110247849e-01,4.508185437600094936e+00,1.489993492088167226e+00,1.141198426987451331e+00,7.666666666666624996e-01,1.602778986533367484e-15,-7.897940605142860535e-16,1.305390135898610859e+00,1.000000000000000000e+00,7.500000000000000000e-01,2.500000000000000000e-01,1.332098882153444741e+00,9.927822938318336954e-01,1.271650485436892986e+01,4.716373441108467901e+00,0.000000000000000000e+00,3.399999999999999911e+00,1.483726275752677681e+00,5.012287703795992755e+00,3.994983465542319756e+00,1.000000000000001137e+02,1.228080173675003550e+00,1.433000000000000114e+02,5.150000000000000355e+00,0.000000000000000000e+00,0.000000000000000000e+00,5.528558423600002149e-19,0.000000000000000000e+00,1.000000000000000000e+00,1.000000000000000000e+00,9.573839264418492201e-01,4.777286046641968098e-01,6.009571933243091912e-01,9.739767590561110300e-01,8.806026525605162858e-01,1.000000000000000000e+00,1.000000000000000000e+00,1.000000000000000000e+00,8.758403872255930978e-01,9.899999999999999079e-02,9.899999999999998579e+01,5.867605633802817522e+01,9.755099865317413688e-01,9.970919826324995405e-01,9.512885782515076993e-01,7.533503593601426296e+00,1.038453391709286855e+00,1.014688563072567939e+00,7.666666666666704932e-01,1.141198426987449999e+00,1.267605633802816811e+01,0.000000000000000000e+00,1.800000000000000000e+01,5.867605633802816811e+01,-7.105427357601001859e-15,8.300000000000000000e+01,0.000000000000000000e+00,9.022132710207813044e-01,9.022132710207813044e-01,2.830630901907673636e+00,2.704469683558350823e+00,2.956630901907672637e+00,1.418670000000000009e+01,5.661100585466023460e+00,8.525599414533976628e+00,9.754166666666666541e-02,1.458333333333325377e-03,1.259999999999990017e-01,1.458333333333324509e-03,5.833333333333331261e+00,9.554572093283936196e-01,1.020175485878314081e+00,1.124774028406500426e+00,1.020175485878314081e+00,1.905830371822504432e+01,3.811660743645008653e+07,6.519561815336463440e+01,1.303912363067292571e+08,7.968300350632545381e+00,9.222222222222222854e+01,3.228467781816233284e+00,7.650278641364048227e+00,1.189586740586242808e+00,8.999999999999999112e-01,3.314228322349465627e-01,1.322484183835118454e+00,8.896713615023473798e-01,1.195882614835931612e+00,4.949999999999999289e+01,2.300000000000011369e+00,1.260000000000000009e-01,1.611650485436893021e+01,1.000000000000000222e+00,1.000000000000000000e+00,1.000000000000000000e+00,1.305390135898610859e+00,1.305390135898611038e-05,1.305390135898611038e-05,5.150000000000000355e+00,1.287629188850610618e+00,6.263696675314820439e-01,8.983929958971170748e-01,2.027981965048707647e+00
3.600000000000000000e+02,2.500000000000000000e-01,2.149500000000000000e+03,1.500000000000000000e+01,5.737704918032786594e+00,4.944115905126477592e+05,2.509362401236208129e+00,1.324083061658436034e+00,4.283432260766826261e+00,3.740902464110248959e-01,4.508185437600095824e+00,1.489993492088167226e+00,1.141198426987450887e+00,7.666666666666668295e-01,7.338158910516455705e-16,-3.146696103464905023e-16,1.305390135898610859e+00,1.000000000000000000e+00,7.500000000000000000e-01,2.500000000000000000e-01,1.332098882153444741e+00,9.927822938318336954e-01,1.271650485436892986e+01,4.716373441108468789e+00,0.000000000000000000e+00,3.399999999999999911e+00,1.483726275752677681e+00,5.012287703795992755e+00,3.994983465542342405e+00,1.000000000000000711e+02,1.228080173675003550e+00,1.433000000000000114e+02,5.150000000000000355e+00,0.000000000000000000e+00,0.000000000000000000e+00,2.202687272425433710e-19,0.000000000000000000e+00,1.000000000000000000e+00,1.000000000000000000e+00,9.573839264418492201e-01,4.777286046641967543e-01,6.009571933243091912e-01,9.739767590561110300e-01,8.806026525605162858e-01,1.000000000000000000e+00,1.000000000000000000e+00,1.000000000000000000e+00,8.758403872255930978e-01,9.899999999999999079e-02,9.899999999999998579e+01,5.867605633802817522e+01,9.755099865317413688e-01,9.970919826324995405e-01,9.512885782515076993e-01,7.533503593601426296e+00,1.038453391709287743e+00,1.014688563072567939e+00,7.666666666666704932e-01,1.141198426987449999e+00,1.267605633802816811e+01,0.000000000000000000e+00,1.800000000000000000e+01,5.867605633802816811e+01,-7.105427357601001859e-15,8.300000000000000000e+01,0.000000000000000000e+00,9.022132710207813044e-01,9.022132710207813044e-01,2.830630901907673636e+00,2.704469683558350823e+00,2.956630901907672637e+00,1.418670000000000009e+01,5.661100585466023460e+00,8.525599414533976628e+00,9.754166666666666541e-02,1.458333333333325377e-03,1.259999999999990017e-01,1.458333333333334918e-03,5.833333333333333037e+00,9.554572093283935086e-01,1.020175485878314081e+00,1.124774028406500426e+00,1.020175485878314081e+00,1.905830371822504432e+01,3.811660743645008653e+07,6.519561815336463440e+01,1.303912363067292571e+08,7.968300350632545381e+00,9.222222222222222854e+01,3.228467781816232396e+00,7.650278641364048227e+00,1.189586740586242808e+00,8.999999999999999112e-01,3.314228322349465072e-01,1.322484183835118454e+00,8.896713615023473798e-01,1.195882614835931612e+00,4.949999999999999289e+01,2.300000000000011369e+00,1.260000000000000009e-01,1.611650485436893021e+01,1.000000000000000000e+00,1.000000000000000000e+00,1.000000000000000000e+00,1.305390135898610859e+00,1.305390135898611038e-05,1.305390135898611038e-05,5.150000000000000355e+00,1.287629188850610618e+00,6.263696675314820439e-01,8.983929958971170748e-01,2.027981965048707647e+00
4.200000000000000000e+02,2.916666666666666852e-01,2.149500000000000000e+03,1.500000000000000000e+01,5.737704918032786594e+00,4.944115905126477592e+05,2.509362401236208573e+00,1.324083061658436034e+00,4.283432260766826261e+00,3.740902464110248959e-01,4.508185437600095824e+00,1.489993492088167226e+00,1.141198426987450665e+00,7.666666666666679397e-01,1.341093117500597657e-16,-7.595598944657116873e-18,1.305390135898610859e+00,1.000000000000000000e+00,7.500000000000000000e-01,2.500000000000000000e-01,1.332098882153444741e+00,9.927822938318336954e-01,1.271650485436892986e+01,4.716373441108468789e+00,0.000000000000000000e+00,3.399999999999999911e+00,1.483726275752677681e+00,5.012287703795992755e+00,3.994983465542348178e+00,1.000000000000000568e+02,1.228080173675003550e+00,1.433000000000000114e+02,5.150000000000000355e+00,0.000000000000000000e+00,0.000000000000000000e+00,5.316919261259981721e-21,0.000000000000000000e+00,1.000000000000000000e+00,1.000000000000000000e+00,9.573839264418492201e-01,4.777286046641967543e-01,6.009571933243091912e-01,9.739767590561110300e-01,8.806026525605162858e-01,1.000000000000000000e+00,1.000000000000000000e+00,1.000000000000000000e+00,8.758403872255930978e-01,9.899999999999999079e-02,9.899999999999998579e+01,5.867605633802817522e+01,9.755099865317413688e-01,9.970919826324995405e-01,9.512885782515076993e-01,7.533503593601426296e+00,1.038453391709287965e+00,1.014688563072567939e+00,7.666666666666704932e-01,1.141198426987449999e+00,1.267605633802816811e+01,0.000000000000000000e+00,1.800000000000000000e+01,5.867605633802816811e+01,-7.105427357601001859e-15,8.300000000000000000e+01,0.000000000000000000e+00,9.022132710207813044e-01,9.022132710207813044e-01,2.830630901907673636e+00,2.704469683558350823e+00,2.956630901907672637e+00,1.418670000000000009e+01,5.661100585466023460e+00,8.525599414533976628e+00,9.754166666666666541e-02,1.458333333333325377e-03,1.259999999999990017e-01,1.458333333333337520e-03,5.833333333333333037e+00,9.554572093283935086e-01,1.020175485878314081e+00,1.124774028406500426e+00,1.020175485878314081e+00,1.905830371822504432e+01,3.811660743645008653e+07,6.519561815336463440e+01,1.303912363067292571e+08,7.968300350632545381e+00,9.222222222222222854e+01,3.228467781816232396e+00,7.650278641364048227e+00,1.189586740586242808e+00,8.999999999999999112e-01,3.314228322349465072e-01,1.322484183835118454e+00,8.896713615023473798e-01,1.195882614835931612e+00,4.949999999999999289e+01,2.300000000000011369e+00,1.260000000000000009e-01,1.611650485436893021e+01,1.000000000000000000e+00,1.000000000000000000e+00,1.000000000000000000e+00,1.305390135898610859e+00,1.305390135898611038e-05,1.305390135898611038e-05,5.150000000000000355e+00,1.287629188850610618e+00,6.263696675314820439e-01,8.983929958971170748e-01,2.027981965048707647e+00
4.800000000000000000e+02,3.333333333333333148e-01,2.149500000000000000e+03,1.500000000000000000e+01,5.737704918032786594e+00,4.944115905126477592e+05,2.509362401236208573e+00,1.324083061658436034e+00,4.283432260766826261e+00,3.740902464110248959e-01,4.508185437600096712e+00,1.489993492088167226e+00,1.141198426987450887e+00,7.666666666666674956e-01,-3.414391840217931813e-16,2.224409311082722159e-16,1.305390135898610859e+00,1.000000000000000000e+00,7.500000000000000000e-01,2.500000000000000000e-01,1.332098882153444741e+00,9.927822938318336954e-01,1.271650485436892986e+01,4.716373441108469677e+00,0.000000000000000000e+00,3.399999999999999911e+00,1.483726275752677681e+00,5.012287703795992755e+00,3.994983465542345957e+00,1.000000000000000711e+02,1.228080173675003550e+00,1.433000000000000114e+02,5.150000000000000355e+00,0.000000000000000000e+00,0.000000000000000000e+00,-1.557086517757905390e-19,0.000000000000000000e+00,1.000000000000000000e+00,1.000000000000000000e+00,9.573839264418492201e-01,4.777286046641967543e-01,6.009571933243091912e-01,9.739767590561110300e-01,8.806026525605162858e-01,1.000000000000000000e+00,1.000000000000000000e+00,1.000000000000000000e+00,8.758403872255930978e-01,9.899999999999999079e-02,9.899999999999998579e+01,5.867605633802817522e+01,9.755099865317413688e-01,9.970919826324995405e-01,9.512885782515076993e-01,7.533503593601426296e+00,1.038453391709287743e+00,1.014688563072567939e+00,7.666666666666704932e-01,1.141198426987449999e+00,1.267605633802816811e+01,0.000000000000000000e+00,1.800000000000000000e+01,5.867605633802816811e+01,-7.105427357601001859e-15,8.300000000000000000e+01,0.000000000000000000e+00,9.022132710207813044e-01,9.022132710207813044e-01,2.830630901907673636e+00,2.704469683558350823e+00,2.956630901907672637e+00,1.418670000000000009e+01,5.661100585466023460e+00,8.525599414533976628e+00,9.754166666666666541e-02,1.458333333333325377e-03,1.259999999999990017e-01,1.458333333333335785e-03,5.833333333333333037e+00,9.554572093283935086e-01,1.020175485878314081e+00,1.124774028406500648e+00,1.020175485878314081e+00,1.905830371822504432e+01,3.811660743645008653e+07,6.519561815336464861e+01,1.303912363067292869e+08,7.968300350632545381e+00,9.222222222222224275e+01,3.228467781816231508e+00,7.650278641364048227e+00,1.189586740586242808e+00,8.999999999999998002e-01,3.314228322349464517e-01,1.322484183835118454e+00,8.896713615023473798e-01,1.195882614835931612e+00,4.949999999999999289e+01,2.300000000000011369e+00,1.260000000000000009e-01,1.611650485436893021e+01,9.999999999999997780e-01,1.000000000000000000e+00,1.000000000000000000e+00,1.305390135898610859e+00,1.305390135898611038e-05,1.305390135898611038e-05,5.150000000000000355e+00,1.287629188850610618e+00,6.263696675314820439e-01,8.983929958971170748e-01,2.027981965048707647e+00
5.400000000000000000e+02,3.750000000000000000e-01,2.149500000000000000e+03,1.500000000000000000e+01,5.737704918032786594e+00,4.944115905126477592e+05,2.509362401236208573e+00,1.324083061658436256e+00,4.283432260766826261e+00,3.740902464110248959e-01,4.508185437600096712e+00,1.489993492088167448e+00,1.141198426987450887e+00,7.666666666666671626e-01,-8.169876797936461284e-16,4.524774611612019431e-16,1.305390135898610859e+00,1.000000000000000000e+00,7.500000000000000000e-01,2.500000000000000000e-01,1.332098882153444741e+00,9.927822938318336954e-01,1.271650485436892986e+01,4.716373441108469677e+00,0.000000000000000000e+00,3.399999999999999911e+00,1.483726275752677681e+00,5.012287703795992755e+00,3.994983465542344181e+00,1.000000000000000711e+02,1.228080173675003550e+00,1.433000000000000114e+02,5.150000000000000355e+00,0.000000000000000000e+00,0.000000000000000000e+00,-3.167342228128413448e-19,0.000000000000000000e+00,1.000000000000000000e+00,1.000000000000000000e+00,9.573839264418492201e-01,4.777286046641967543e-01,6.009571933243091912e-01,9.739767590561110300e-01,8.806026525605162858e-01,1.000000000000000000e+00,1.000000000000000000e+00,1.000000000000000000e+00,8.758403872255930978e-01,9.899999999999999079e-02,9.899999999999998579e+01,5.867605633802817522e+01,9.755099865317413688e-01,9.970919826324995405e-01,9.512885782515076993e-01,7.533503593601426296e+00,1.038453391709287743e+00,1.014688563072567939e+00,7.666666666666704932e-01,1.141198426987449999e+00,1.267605633802816811e+01,0.000000000000000000e+00,1.800000000000000000e+01,5.867605633802816811e+01,-7.105427357601001859e-15,8.300000000000000000e+01,0.000000000000000000e+00,9.022132710207813044e-01,9.022132710207813044e-01,2.830630901907673636e+00,2.704469683558350823e+00,2.956630901907672637e+00,1.418670000000000009e+01,5.661100585466023460e+00,8.525599414533976628e+00,9.754166666666666541e-02,1.458333333333325377e-03,1.259999999999990017e-01,1.458333333333334918e-03,5.833333333333333037e+00,9.554572093283935086e-01,1.020175485878314081e+00,1.124774028406500648e+00,1.020175485878314081e+00,1.905830371822504432e+01,3.811660743645008653e+07,6.519561815336464861e+01,1.303912363067292869e+08,7.968300350632545381e+00,9.222222222222224275e+01,3.228467781816231508e+00,7.650278641364048227e+00,1.189586740586242808e+00,8.999999999999998002e-01,3.314228322349464517e-01,1.322484183835118454e+00,8.896713615023473798e-01,1.195882614835931612e+00,4.949999999999999289e+01,2.300000000000011369e+00,1.260000000000000009e-01,1.611650485436893021e+01,9.999999999999997780e-01,1.000000000000000000e+00,1.000000000000000000e+00,1.305390135898610859e+00,1.305390135898611038e-05,1.305390135898611038e-05,5.150000000000000355e+00,1.287629188850610618e+00,6.263696675314820439e-01,8.983929958971170748e-01,2.027981965048707647e+00
6.000000000000000000e+02,4.166666666666666852e-01,2.149500000000000000e+03,1.500000000000000000e+01,5.737704918032786594e+00,4.944115905126477592e+05,2.509362401236208573e+00,1.324083061658436256e+00,4.283432260766826261e+00,3.740902464110248959e-01,4.508185437600096712e+00,1.489993492088167448e+00,1.141198426987450887e+00,7.666666666666668295e-01,-1.292536175565499075e-15,6.825139912141316703e-16,1.305390135898610859e+00,1.000000000000000000e+00,7.500000000000000000e-01,2.500000000000000000e-01,1.332098882153444741e+00,9.927822938318336954e-01,1.271650485436892986e+01,4.716373441108469677e+00,0.000000000000000000e+00,3.399999999999999911e+00,1.483726275752677681e+00,5.012287703795992755e+00,3.994983465542342405e+00,1.000000000000000711e+02,1.228080173675003550e+00,1.433000000000000114e+02,5.150000000000000355e+00,0.000000000000000000e+00,0.000000000000000000e+00,-4.777597938498921747e-19,0.000000000000000000e+00,1.000000000000000000e+00,1.000000000000000000e+00,9.573839264418492201e-01,4.777286046641967543e-01,6.009571933243091912e-01,9.739767590561110300e-01,8.806026525605162858e-01,1.000000000000000000e+00,1.000000000000000000e+00,1.000000000000000000e+00,8.758403872255930978e-01,9.899999999999999079e-02,9.899999999999998579e+01,5.867605633802817522e+01,9.755099865317413688e-01,9.970919826324995405e-01,9.512885782515076993e-01,7.533503593601426296e+00,1.038453391709287743e+00,1.014688563072567939e+00,7.666666666666704932e-01,1.141198426987449999e+00,1.267605633802816811e+01,0.000000000000000000e+00,1.800000000000000000e+01,5.867605633802816811e+01,-7.105427357601001859e-15,8.300000000000000000e+01,0.000000000000000000e+00,9.022132710207813044e-01,9.022132710207813044e-01,2.830630901907673636e+00,2.704469683558350823e+00,2.956630901907672637e+00,1.418670000000000009e+01,5.661100585466023460e+00,8.525599414533976628e+00,9.754166666666666541e-02,1.458333333333325377e-03,1.259999999999990017e-01,1.458333333333334918e-03,5.833333333333333037e+00,9.554572093283935086e-01,1.020175485878314081e+00,1.124774028406500648e+00,1.020175485878314081e+00,1.905830371822504432e+01,3.811660743645008653e+07,6.519561815336464861e+01,1.303912363067292869e+08,7.968300350632545381e+00,9.222222222222224275e+01,3.228467781816231508e+00,7.650278641364048227e+00,1.189586740586242808e+00,8.999999999999998002e-01,3.314228322349464517e-01,1.322484183835118454e+00,8.896713615023473798e-01,1.195882614835931612e+00,4.949999999999999289e+01,2.300000000000011369e+00,1.260000000000000009e-01,1.611650485436893021e+01,9.999999999999997780e-01,1.000000000000000000e+00,1.000000000000000000e+00,1.305390135898610859e+00,1.305390135898611038e-05,1.305390135898611038e-05,5.150000000000000355e+00,1.287629188850610618e+00,6.263696675314820439e-01,8.983929958971170748e-01,2.027981965048707647e+00
6.600000000000000000e+02,4.583333333333333148e-01,2.149500000000000000e+03,1.500000000000000000e+01,5.737704918032786594e+00,4.944115905126477592e+05,2.509362401236208573e+00,1.324083061658436256e+00,4.283432260766827149e+00,3.740902464110249515e-01,4.508185437600097600e+00,1.489993492088167448e+00,1.141198426987451109e+00,7.666666666666663854e-01,-1.768084671337352022e-15,9.125505212670613974e-16,1.305390135898610859e+00,1.000000000000000000e+00,7.500000000000000000e-01,2.500000000000000000e-01,1.332098882153444741e+00,9.927822938318336954e-01,1.271650485436892986e+01,4.716373441108470566e+00,0.000000000000000000e+00,3.399999999999999911e+00,1.483726275752677681e+00,5.012287703795992755e+00,3.994983465542340184e+00,1.000000000000000995e+02,1.228080173675003550e+00,1.433000000000000114e+02,5.150000000000000355e+00,0.000000000000000000e+00,0.000000000000000000e+00,-6.387853648869429565e-19,0.000000000000000000e+00,1.000000000000000000e+00,1.000000000000000000e+00,9.573839264418491091e-01,4.777286046641968098e-01,6.009571933243091912e-01,9.739767590561110300e-01,8.806026525605162858e-01,1.000000000000000000e+00,1.000000000000000000e+00,1.000000000000000000e+00,8.758403872255930978e-01,9.900000000000004630e-02,9.900000000000004263e+01,5.867605633802815390e+01,9.755099865317413688e-01,9.970919826324995405e-01,9.512885782515075883e-01,7.533503593601426296e+00,1.038453391709287743e+00,1.014688563072567939e+00,7.666666666666704932e-01,1.141198426987449999e+00,1.267605633802817522e+01,0.000000000000000000e+00,1.800000000000000000e+01,5.867605633802817522e+01,2.131628207280300558e-14,8.300000000000000000e+01,0.000000000000000000e+00,9.022132710207813044e-01,9.022132710207813044e-01,2.830630901907674080e+00,2.704469683558351711e+00,2.956630901907673525e+00,1.418670000000000719e+01,5.661100585466025237e+00,8.525599414533981957e+00,9.754166666666672092e-02,1.458333333333325377e-03,1.259999999999994458e-01,1.458333333333333183e-03,5.833333333333333037e+00,9.554572093283936196e-01,1.020175485878314303e+00,1.124774028406500648e+00,1.020175485878314303e+00,1.905830371822506208e+01,3.811660743645012379e+07,6.519561815336464861e+01,1.303912363067292869e+08,7.968300350632552487e+00,9.222222222222225696e+01,3.228467781816231508e+00,7.650278641364042898e+00,1.189586740586242808e+00,8.999999999999996891e-01,3.314228322349462297e-01,1.322484183835118454e+00,8.896713615023479349e-01,1.195882614835931612e+00,4.950000000000002132e+01,2.300000000000011369e+00,1.260000000000000009e-01,1.611650485436893021e+01,9.999999999999997780e-01,9.999999999999993339e-01,1.000000000000000000e+00,1.305390135898610859e+00,1.305390135898611038e-05,1.305390135898611038e-05,5.150000000000000355e+00,1.287629188850610618e+00,6.263696675314820439e-01,8.983929958971170748e-01,2.027981965048707647e+00
7.200000000000000000e+02,5.000000000000000000e-01,2.149500000000000455e+03,1.500000000000000178e+01,5.737704918032786594e+00,4.944115905126477592e+05,2.509362401236209017e+00,1.324083061658436478e+00,4.283432260766827149e+00,3.740902464110249515e-01,4.508185437600097600e+00,1.489993492088167448e+00,1.141198426987451109e+00,7.666666666666660523e-01,-2.243633167109204969e-15,1.142587051319990730e-15,1.305390135898610859e+00,1.000000000000000000e+00,7.500000000000000000e-01,2.500000000000000000e-01,1.332098882153444741e+00,9.927822938318336954e-01,1.271650485436892986e+01,4.716373441108470566e+00,0.000000000000000000e+00,3.399999999999999911e+00,1.483726275752677681e+00,5.012287703795992755e+00,3.994983465542338408e+00,1.000000000000000995e+02,1.228080173675003550e+00,1.433000000000000114e+02,5.150000000000000355e+00,0.000000000000000000e+00,0.000000000000000000e+00,-7.998109359239935456e-19,0.000000000000000000e+00,1.000000000000000000e+00,1.000000000000000000e+00,9.573839264418491091e-01,4.777286046641968098e-01,6.009571933243091912e-01,9.739767590561110300e-01,8.806026525605162858e-01,1.000000000000000000e+00,1.000000000000000000e+00,1.000000000000000000e+00,8.758403872255930978e-01,9.900000000000004630e-02,9.900000000000004263e+01,5.867605633802815390e+01,9.755099865317413688e-01,9.970919826324995405e-01,9.512885782515075883e-01,7.533503593601426296e+00,1.038453391709287299e+00,1.014688563072567939e+00,7.666666666666704932e-01,1.141198426987449999e+00,1.267605633802817522e+01,0.000000000000000000e+00,1.800000000000000000e+01,5.867605633802817522e+01,2.131628207280300558e-14,8.300000000000000000e+01,0.000000000000000000e+00,9.022132710207813044e-01,9.022132710207813044e-01,2.830630901907674080e+00,2.704469683558351711e+00,2.956630901907673525e+00,1.418670000000000719e+01,5.661100585466025237e+00,8.525599414533981957e+00,9.754166666666672092e-02,1.458333333333325377e-03,1.259999999999994458e-01,1.458333333333332316e-03,5.833333333333333037e+00,9.554572093283936196e-01,1.020175485878314303e+00,1.124774028406500648e+00,1.020175485878314303e+00,1.905830371822506208e+01,3.811660743645012379e+07,6.519561815336464861e+01,1.303912363067292869e+08,7.968300350632552487e+00,9.222222222222225696e+01,3.228467781816231508e+00,7.650278641364042898e+00,1.189586740586242808e+00,8.999999999999996891e-01,3.314228322349462297e-01,1.322484183835118454e+00,8.896713615023479349e-01,1.195882614835931612e+00,4.950000000000002132e+01,2.300000000000011369e+00,1.260000000000000009e-01,1.611650485436893021e+01,9.999999999999997780e-01,9.999999999999993339e-01,1.000000000000000000e+00,1.305390135898610859e+00,1.305390135898611038e-05,1.305390135898611038e-05,5.150000000000000355e+00,1.287629188850610618e+00,6.263696675314820439e-01,8.983929958971170748e-01,2.027981965048707647e+00
7.800000000000000000e+02,5.416666666666666297e-01,2.149500000000000455e+03,1.500000000000000178e+01,5.737704918032786594e+00,4.944115905126477592e+05,2.509362401236209017e+00,1.324083061658436478e+00,4.283432260766827149e+00,3.740902464110249515e-01,4.508185437600097600e+00,1.489993492088167670e+00,1.141198426987451109e+00,7.666666666666656083e-01,-2.719181662881057917e-15,1.372623581372920260e-15,1.305390135898610859e+00,1.000000000000000000e+00,7.500000000000000000e-01,2.500000000000000000e-01,1.332098882153444741e+00,9.927822938318336954e-01,1.271650485436892986e+01,4.716373441108470566e+00,0.000000000000000000e+00,3.399999999999999911e+00,1.483726275752677681e+00,5.012287703795992755e+00,3.994983465542336187e+00,1.000000000000000995e+02,1.228080173675003550e+00,1.433000000000000114e+02,5.150000000000000355e+00,0.000000000000000000e+00,0.000000000000000000e+00,-9.608365069610442311e-19,0.000000000000000000e+00,1.000000000000000000e+00,1.000000000000000000e+00,9.573839264418491091e-01,4.777286046641968098e-01,6.009571933243091912e-01,9.739767590561110300e-01,8.806026525605162858e-01,1.000000000000000000e+00,1.000000000000000000e+00,1.000000000000000000e+00,8.758403872255930978e-01,9.900000000000004630e-02,9.900000000000004263e+01,5.867605633802815390e+01,9.755099865317413688e-01,9.970919826324995405e-01,9.512885782515075883e-01,7.533503593601426296e+00,1.038453391709287299e+00,1.014688563072567939e+00,7.666666666666704932e-01,1.141198426987449999e+00,1.267605633802817522e+01,0.000000000000000000e+00,1.800000000000000000e+01,5.867605633802817522e+01,2.131628207280300558e-14,8.300000000000000000e+01,0.000000000000000000e+00,9.022132710207813044e-01,9.022132710207813044e-01,2.830630901907674080e+00,2.704469683558351711e+00,2.956630901907673525e+00,1.418670000000000719e+01,5.661100585466025237e+00,8.525599414533981957e+00,9.754166666666672092e-02,1.458333333333325377e-03,1.259999999999994458e-01,1.458333333333331448e-03,5.833333333333333037e+00,9.554572093283936196e-01,1.020175485878314303e+00,1.124774028406500648e+00,1.020175485878314303e+00,1.905830371822506208e+01,3.811660743645012379e+07,6.519561815336464861e+01,1.303912363067292869e+08,7.968300350632552487e+00,9.222222222222225696e+01,3.228467781816231508e+00,7.650278641364042898e+00,1.189586740586242808e+00,8.999999999999996891e-01,3.314228322349462297e-01,1.322484183835118454e+00,8.896713615023479349e-01,1.195882614835931612e+00,4.950000000000002132e+01,2.300000000000011369e+00,1.260000000000000009e-01,1.611650485436893021e+01,9.999999999999997780e-01,9.999999999999993339e-01,1.000000000000000000e+00,1.305390135898610859e+00,1.305390135898611038e-05,1.305390135898611038e-05,5.150000000000000355e+00,1.287629188850610618e+00,6.263696675314820439e-01,8.983929958971170748e-01,2.027981965048707647e+00
8.400000000000000000e+02,5.833333333333333703e-01,2.149500000000000455e+03,1.500000000000000178e+01,5.737704918032787482e+00,4.944115905126477592e+05,2.509362401236209017e+00,1.324083061658436478e+00,4.283432260766827149e+00,3.740902464110249515e-01,4.508185437600097600e+00,1.489993492088167670e+00,1.141198426987451109e+00,7.666666666666652752e-01,-3.194730158652910864e-15,1.602660111425849987e-15,1.305390135898610859e+00,1.000000000000000000e+00,7.500000000000000000e-01,2.500000000000000000e-01,1.332098882153444741e+00,9.927822938318336954e-01,1.271650485436892986e+01,4.716373441108470566e+00,0.000000000000000000e+00,3.399999999999999911e+00,1.483726275752677681e+00,5.012287703795992755e+00,3.994983465542334411e+00,1.000000000000000995e+02,1.228080173675003550e+00,1.433000000000000114e+02,5.150000000000000355e+00,0.000000000000000000e+00,0.000000000000000000e+00,-1.121862077998094917e-18,0.000000000000000000e+00,1.000000000000000000e+00,1.000000000000000000e+00,9.573839264418491091e-01,4.777286046641968098e-01,6.009571933243091912e-01,9.739767590561110300e-01,8.806026525605162858e-01,1.000000000000000000e+00,1.000000000000000000e+00,1.000000000000000000e+00,8.758403872255930978e-01,9.900000000000004630e-02,9.900000000000004263e+01,5.867605633802815390e+01,9.755099865317413688e-01,9.970919826324995405e-01,9.512885782515075883e-01,7.533503593601426296e+00,1.038453391709287299e+00,1.014688563072567939e+00,7.666666666666704932e-01,1.141198426987449999e+00,1.267605633802817522e+01,0.000000000000000000e+00,1.800000000000000000e+01,5.867605633802817522e+01,2.131628207280300558e-14,8.300000000000000000e+01,0.000000000000000000e+00,9.022132710207813044e-01,9.022132710207813044e-01,2.830630901907674080e+00,2.704469683558351711e+00,2.956630901907673525e+00,1.418670000000000719e+01,5.661100585466025237e+00,8.525599414533981957e+00,9.754166666666672092e-02,1.458333333333325377e-03,1.259999999999994458e-01,1.458333333333331448e-03,5.833333333333333925e+00,9.554572093283936196e-01,1.020175485878314303e+00,1.124774028406500648e+00,1.020175485878314303e+00,1.905830371822506208e+01,3.811660743645012379e+07,6.519561815336464861e+01,1.303912363067292869e+08,7.968300350632552487e+00,9.222222222222225696e+01,3.228467781816231508e+00,7.650278641364042898e+00,1.189586740586242808e+00,8.999999999999996891e-01,3.314228322349462297e-01,1.322484183835118454e+00,8.896713615023479349e-01,1.195882614835931612e+00,4.950000000000002132e+01,2.300000000000011369e+00,1.260000000000000009e-01,1.611650485436893021e+01,9.999999999999997780e-01,9.999999999999993339e-01,1.000000000000000000e+00,1.305390135898610859e+00,1.305390135898611038e-05,1.305390135898611038e-05,5.150000000000000355e+00,1.287629188850610618e+00,6.263696675314820439e-01,8.983929958971170748e-01,2.027981965048707647e+00
9.000000000000000000e+02,6.250000000000000000e-01,2.149500000000000455e+03,1.500000000000000178e+01,5.737704918032787482e+00,4.944115905126477592e+05,2.509362401236209017e+00,1.324083061658436700e+00,4.283432260766827149e+00,3.740902464110249515e-01,4.508185437600098489e+00,1.489993492088167670e+00,1.141198426987451331e+00,7.666666666666649421e-01,-3.670278654424763811e-15,1.832696641478779517e-15,1.305390135898610859e+00,1.000000000000000000e+00,7.500000000000000000e-01,2.500000000000000000e-01,1.332098882153444741e+00,9.927822938318336954e-01,1.271650485436892986e+01,4.716373441108471454e+00,0.000000000000000000e+00,3.399999999999999911e+00,1.483726275752677681e+00,5.012287703795992755e+00,3.994983465542332635e+00,1.000000000000001137e+02,1.228080173675003550e+00,1.433000000000000114e+02,5.150000000000000355e+00,0.000000000000000000e+00,0.000000000000000000e+00,-1.282887649035145602e-18,0.000000000000000000e+00,1.000000000000000000e+00,1.000000000000000000e+00,9.573839264418491091e-01,4.777286046641968098e-01,6.009571933243091912e-01,9.739767590561110300e-01,8.806026525605162858e-01,1.000000000000000000e+00,1.000000000000000000e+00,1.000000000000000000e+00,8.758403872255930978e-01,9.900000000000004630e-02,9.900000000000004263e+01,5.867605633802815390e+01,9.755099865317413688e-01,9.970919826324995405e-01,9.512885782515075883e-01,7.533503593601426296e+00,1.038453391709287299e+00,1.014688563072567939e+00,7.666666666666704932e-01,1.141198426987449999e+00,1.267605633802817522e+01,0.000000000000000000e+00,1.800000000000000000e+01,5.867605633802817522e+01,2.131628207280300558e-14,8.300000000000000000e+01,0.000000000000000000e+00,9.022132710207813044e-01,9.022132710207813044e-01,2.830630901907674080e+00,2.704469683558351711e+00,2.956630901907673525e+00,1.418670000000000719e+01,5.661100585466025237e+00,8.525599414533981957e+00,9.754166666666672092e-02,1.458333333333325377e-03,1.259999999999994458e-01,1.458333333333329714e-03,5.833333333333333925e+00,9.554572093283936196e-01,1.020175485878314303e+00,1.124774028406500648e+00,1.020175485878314303e+00,1.905830371822506208e+01,3.811660743645012379e+07,6.519561815336464861e+01,1.303912363067292869e+08,7.968300350632552487e+00,9.222222222222225696e+01,3.228467781816231064e+00,7.650278641364042898e+00,1.189586740586242808e+00,8.999999999999996891e-01,3.314228322349461187e-01,1.322484183835118454e+00,8.896713615023479349e-01,1.195882614835931612e+00,4.950000000000002132e+01,2.300000000000011369e+00,1.260000000000000009e-01,1.611650485436893021e+01,9.999999999999995559e-01,9.999999999999993339e-01,1.000000000000000000e+00,1.305390135898610859e+00,1.305390135898611038e-05,1.305390135898611038e-05,5.150000000000000355e+00,1.287629188850610618e+00,6.263696675314820439e-01,8.983929958971170748e-01,2.027981965048707647e+00
9.600000000000000000e+02,6.666666666666666297e-01,2.149500000000000455e+03,1.500000000000000178e+01,5.737704918032787482e+00,4.944115905126477592e+05,2.509362401236209017e+00,1.324083061658436700e+00,4.283432260766827149e+00,3.740902464110249515e-01,4.508185437600098489e+00,1.489993492088167670e+00,1.141198426987451331e+00,7.666666666666644980e-01,-4.145827150196616758e-15,2.062733171531709244e-15,1.305390135898610859e+00,1.000000000000000000e+00,7.500000000000000000e-01,2.500000000000000000e-01,1.332098882153444741e+00,9.927822938318336954e-01,1.271650485436892986e+01,4.716373441108471454e+00,0.000000000000000000e+00,3.399999999999999911e+00,1.483726275752677681e+00,5.012287703795992755e+00,3.994983465542330414e+00,1.000000000000001137e+02,1.228080173675003550e+00,1.433000000000000114e+02,5.150000000000000355e+00,0.000000000000000000e+00,0.000000000000000000e+00,-1.443913220072196480e-18,0.000000000000000000e+00,1.000000000000000000e+00,1.000000000000000000e+00,9.573839264418491091e-01,4.777286046641968098e-01,6.009571933243091912e-01,9.739767590561110300e-01,8.806026525605162858e-01,1.000000000000000000e+00,1.000000000000000000e+00,1.000000000000000000e+00,8.758403872255930978e-01,9.900000000000004630e-02,9.900000000000004263e+01,5.867605633802815390e+01,9.755099865317413688e-01,9.970919826324995405e-01,9.512885782515075883e-01,7.533503593601426296e+00,1.038453391709287299e+00,1.014688563072567939e+00,7.666666666666704932e-01,1.141198426987449999e+00,1.267605633802817522e+01,0.000000000000000000e+00,1.800000000000000000e+01,5.867605633802817522e+01,2.131628207280300558e-14,8.300000000000000000e+01,0.000000000000000000e+00,9.022132710207813044e-01,9.022132710207813044e-01,2.830630901907674080e+00,2.704469683558351711e+00,2.956630901907673525e+00,1.418670000000000719e+01,5.661100585466025237e+00,8.525599414533981957e+00,9.754166666666672092e-02,1.458333333333325377e-03,1.259999999999994458e-01,1.458333333333328846e-03,5.833333333333333925e+00,9.554572093283936196e-01,1.020175485878314303e+00,1.124774028406500648e+00,1.020175485878314303e+00,1.905830371822506208e+01,3.811660743645012379e+07,6.519561815336464861e+01,1.303912363067292869e+08,7.968300350632552487e+00,9.222222222222225696e+01,3.228467781816231064e+00,7.650278641364042898e+00,1.189586740586242808e+00,8.999999999999996891e-01,3.314228322349461187e-01,1.322484183835118454e+00,8.896713615023479349e-01,1.195882614835931612e+00,4.950000000000002132e+01,2.300000000000011369e+00,1.260000000000000009e-01,1.611650485436893021e+01,9.999999999999995559e-01,9.999999999999993339e-01,1.000000000000000000e+00,1.305390135898610859e+00,1.305390135898611038e-05,1.305390135898611038e-05,5.150000000000000355e+00,1.287629188850610618e+00,6.263696675314820439e-01,8.983929958971170748e-01,2.027981965048707647e+00
1.020000000000000000e+03,7.083333333333333703e-01,2.149500000000000455e+03,1.500000000000000178e+01,5.737704918032787482e+00,4.944115905126477592e+05,2.509362401236209461e+00,1.324083061658436700e+00,4.283432260766828037e+00,3.740902464110250070e-01,4.508185437600098489e+00,1.489993492088167670e+00,1.141198426987451331e+00,7.666666666666641650e-01,-4.621375645968469705e-15,2.292769701584638972e-15,1.305390135898610859e+00,1.000000000000000000e+00,7.500000000000000000e-01,2.500000000000000000e-01,1.332098882153444741e+00,9.927822938318336954e-01,1.271650485436892986e+01,4.716373441108471454e+00,0.000000000000000000e+00,3.399999999999999911e+00,1.483726275752677681e+00,5.012287703795992755e+00,3.994983465542328638e+00,1.000000000000001137e+02,1.228080173675003550e+00,1.433000000000000114e+02,5.150000000000000355e+00,0.000000000000000000e+00,0.000000000000000000e+00,-1.604938791109247358e-18,0.000000000000000000e+00,1.000000000000000000e+00,1.000000000000000000e+00,9.573839264418491091e-01,4.777286046641968098e-01,6.009571933243091912e-01,9.739767590561110300e-01,8.806026525605162858e-01,1.000000000000000000e+00,1.000000000000000000e+00,1.000000000000000000e+00,8.758403872255930978e-01,9.900000000000004630e-02,9.900000000000004263e+01,5.867605633802815390e+01,9.755099865317413688e-01,9.970919826324995405e-01,9.512885782515075883e-01,7.533503593601426296e+00,1.038453391709287077e+00,1.014688563072567939e+00,7.666666666666704932e-01,1.141198426987449999e+00,1.267605633802817522e+01,0.000000000000000000e+00,1.800000000000000000e+01,5.867605633802817522e+01,2.131628207280300558e-14,8.300000000000000000e+01,0.000000000000000000e+00,9.022132710207813044e-01,9.022132710207813044e-01,2.830630901907674080e+00,2.704469683558351711e+00,2.956630901907673525e+00,1.418670000000000719e+01,5.661100585466025237e+00,8.525599414533981957e+00,9.754166666666672092e-02,1.458333333333325377e-03,1.259999999999994458e-01,1.458333333333328846e-03,5.833333333333333925e+00,9.554572093283936196e-01,1.020175485878314303e+00,1.124774028406500648e+00,1.020175485878314303e+00,1.905830371822506208e+01,3.811660743645012379e+07,6.519561815336464861e+01,1.303912363067292869e+08,7.968300350632552487e+00,9.222222222222225696e+01,3.228467781816231064e+00,7.650278641364042898e+00,1.189586740586242808e+00,8.999999999999996891e-01,3.314228322349461187e-01,1.322484183835118454e+00,8.896713615023479349e-01,1.195882614835931612e+00,4.950000000000002132e+01,2.300000000000011369e+00,1.260000000000000009e-01,1.611650485436893021e+01,9.999999999999995559e-01,9.999999999999993339e-01,1.000000000000000000e+00,1.305390135898610859e+00,1.305390135898611038e-05,1.305390135898611038e-05,5.150000000000000355e+00,1.287629188850610618e+00,6.263696675314820439e-01,8.983929958971170748e-01,2.027981965048707647e+00
1.080000000000000000e+03,7.500000000000000000e-01,2.149500000000000455e+03,1.500000000000000178e+01,5.737704918032787482e+00,4.944115905126477592e+05,2.509362401236209461e+00,1.324083061658436922e+00,4.283432260766828037e+00,3.740902464110250070e-01,4.508185437600099377e+00,1.489993492088167892e+00,1.141198426987451553e+00,7.666666666666638319e-01,-5.096924141740322652e-15,2.522806231637568304e-15,1.305390135898610859e+00,1.000000000000000000e+00,7.500000000000000000e-01,2.500000000000000000e-01,1.332098882153444741e+00,9.927822938318336954e-01,1.271650485436892986e+01,4.716373441108472342e+00,0.000000000000000000e+00,3.399999999999999911e+00,1.483726275752677681e+00,5.012287703795992755e+00,3.994983465542326861e+00,1.000000000000001421e+02,1.228080173675003550e+00,1.433000000000000114e+02,5.150000000000000355e+00,0.000000000000000000e+00,0.000000000000000000e+00,-1.765964362146297658e-18,0.000000000000000000e+00,1.000000000000000000e+00,1.000000000000000000e+00,9.573839264418492201e-01,4.777286046641968653e-01,6.009571933243091912e-01,9.739767590561110300e-01,8.806026525605162858e-01,1.000000000000000000e+00,1.000000000000000000e+00,1.000000000000000000e+00,8.758403872255930978e-01,9.899999999999999079e-02,9.899999999999998579e+01,5.867605633802816101e+01,9.755099865317413688e-01,9.970919826324995405e-01,9.512885782515076993e-01,7.533503593601426296e+00,1.038453391709286855e+00,1.014688563072567939e+00,7.666666666666704932e-01,1.141198426987449999e+00,1.267605633802816811e+01,0.000000000000000000e+00,1.800000000000000000e+01,5.867605633802816811e+01,7.105427357601001859e-15,8.300000000000000000e+01,0.000000000000000000e+00,9.022132710207813044e-01,9.022132710207813044e-01,2.830630901907673191e+00,2.704469683558351267e+00,2.956630901907672193e+00,1.418670000000000009e+01,5.661100585466023460e+00,8.525599414533976628e+00,9.754166666666666541e-02,1.458333333333325377e-03,1.259999999999990017e-01,1.458333333333327111e-03,5.833333333333333925e+00,9.554572093283937306e-01,1.020175485878314525e+00,1.124774028406500648e+00,1.020175485878314525e+00,1.905830371822505143e+01,3.811660743645010144e+07,6.519561815336464861e+01,1.303912363067292869e+08,7.968300350632548934e+00,9.222222222222224275e+01,3.228467781816230175e+00,7.650278641364048227e+00,1.189586740586242808e+00,8.999999999999998002e-01,3.314228322349462852e-01,1.322484183835118454e+00,8.896713615023473798e-01,1.195882614835931612e+00,4.949999999999999289e+01,2.300000000000011369e+00,1.260000000000000009e-01,1.611650485436893021e+01,9.999999999999993339e-01,1.000000000000000000e+00,1.000000000000000000e+00,1.305390135898610859e+00,1.305390135898611038e-05,1.305390135898611038e-05,5.150000000000000355e+00,1.287629188850610618e+00,6.263696675314820439e-01,8.983929958971170748e-01,2.027981965048707647e+00
1.140000000000000000e+03,7.916666666666666297e-01,2.149500000000000455e+03,1.500000000000000178e+01,5.737704918032787482e+00,4.944115905126477592e+05,2.509362401236209461e+00,1.324083061658436922e+00,4.283432260766828037e+00,3.740902464110250070e-01,4.508185437600099377e+00,1.489993492088167892e+00,1.141198426987451553e+00,7.666666666666633878e-01,-5.572472637512175599e-15,2.752842761690498032e-15,1.305390135898610859e+00,1.000000000000000000e+00,7.500000000000000000e-01,2.500000000000000000e-01,1.332098882153444741e+00,9.927822938318336954e-01,1.271650485436892986e+01,4.716373441108472342e+00,0.000000000000000000e+00,3.399999999999999911e+00,1.483726275752677681e+00,5.012287703795992755e+00,3.994983465542324641e+00,1.000000000000001421e+02,1.228080173675003550e+00,1.433000000000000114e+02,5.150000000000000355e+00,0.000000000000000000e+00,0.000000000000000000e+00,-1.926989933183348536e-18,0.000000000000000000e+00,1.000000000000000000e+00,1.000000000000000000e+00,9.573839264418492201e-01,4.777286046641968653e-01,6.009571933243091912e-01,9.739767590561110300e-01,8.806026525605162858e-01,1.000000000000000000e+00,1.000000000000000000e+00,1.000000000000000000e+00,8.758403872255930978e-01,9.899999999999999079e-02,9.899999999999998579e+01,5.867605633802816101e+01,9.755099865317413688e-01,9.970919826324995405e-01,9.512885782515076993e-01,7.533503593601426296e+00,1.038453391709286855e+00,1.014688563072567939e+00,7.666666666666704932e-01,1.141198426987449999e+00,1.267605633802816811e+01,0.000000000000000000e+00,1.800000000000000000e+01,5.867605633802816811e+01,7.105427357601001859e-15,8.300000000000000000e+01,0.000000000000000000e+00,9.022132710207813044e-01,9.022132710207813044e-01,2.830630901907673191e+00,2.704469683558351267e+00,2.956630901907672193e+00,1.418670000000000009e+01,5.661100585466023460e+00,8.525599414533976628e+00,9.754166666666666541e-02,1.458333333333325377e-03,1.259999999999990017e-01,1.458333333333326244e-03,5.833333333333333925e+00,9.554572093283937306e-01,1.020175485878314525e+00,1.124774028406500648e+00,1.020175485878314525e+00,1.905830371822505143e+01,3.811660743645010144e+07,6.519561815336464861e+01,1.303912363067292869e+08,7.968300350632548934e+00,9.222222222222224275e+01,3.228467781816230175e+00,7.650278641364048227e+00,1.189586740586242808e+00,8.999999999999998002e-01,3.314228322349462852e-01,1.322484183835118454e+00,8.896713615023473798e-01,1.195882614835931612e+00,4.949999999999999289e+01,2.300000000000011369e+00,1.260000000000000009e-01,1.611650485436893021e+01,9.999999999999993339e-01,1.000000000000000000e+00,1.000000000000000000e+00,1.305390135898610859e+00,1.305390135898611038e-05,1.305390135898611038e-05,5.150000000000000355e+00,1.287629188850610618e+00,6.263696675314820439e-01,8.983929958971170748e-01,2.027981965048707647e+00
1.200000000000000000e+03,8.333333333333333703e-01,2.149500000000000455e+03,1.500000000000000355e+01,5.737704918032786594e+00,4.944115905126477592e+05,2.509362401236209017e+00,1.324083061658436700e+00,4.283432260766828037e+00,3.740902464110250070e-01,4.508185437600098489e+00,1.489993492088167892e+00,1.141198426987451109e+00,7.666666666666654972e-01,-6.177937835209833802e-15,2.986880877215483482e-15,1.305390135898610859e+00,9.999999999999996669e-01,7.499999999999997780e-01,2.499999999999999167e-01,1.332098882153444297e+00,9.927822938318336954e-01,1.271650485436892630e+01,4.716373441108471454e+00,0.000000000000000000e+00,3.399999999999999911e+00,1.483726275752677015e+00,5.012287703795993643e+00,3.994983465542335299e+00,1.000000000000000995e+02,1.228080173675003550e+00,1.432999999999999829e+02,5.150000000000003908e+00,-8.881784197001252323e-16,-2.202285662861180882e-20,1.089314858484648128e-16,0.000000000000000000e+00,9.999999999999996669e-01,1.000000000000000000e+00,9.573839264418491091e-01,4.777286046641968098e-01,6.009571933243091912e-01,9.739767590561110300e-01,8.806026525605162858e-01,1.000000000000000000e+00,1.000000000000000000e+00,1.000000000000000000e+00,8.758403872255930978e-01,9.900000000000011569e-02,9.900000000000011369e+01,5.867605633802817522e+01,9.755099865317413688e-01,9.970919826324995405e-01,9.512885782515075883e-01,7.533503593601430737e+00,1.038453391709287299e+00,1.014688563072567939e+00,7.666666666666609453e-01,1.141198426987450887e+00,1.267605633802818232e+01,8.149037000748650082e-17,1.800000000000000000e+01,5.867605633802818232e+01,7.105427357601001859e-15,8.300000000000002842e+01,0.000000000000000000e+00,9.022132710207818596e-01,9.022132710207818596e-01,2.830630901907675856e+00,2.704469683558353488e+00,2.956630901907675302e+00,1.418670000000001430e+01,5.661100585466028789e+00,8.525599414533985509e+00,9.754166666666677643e-02,1.458333333333339255e-03,1.259999999999994458e-01,1.458333333333331448e-03,5.833333333333333037e+00,9.554572093283936196e-01,1.020175485878314303e+00,1.124774028406500648e+00,1.020175485878314303e+00,1.905830371822506564e+01,3.811660743645013124e+07,6.519561815336464861e+01,1.303912363067292869e+08,7.968300350632554263e+00,9.222222222222227117e+01,3.228467781816231064e+00,7.650278641364032239e+00,1.189586740586242808e+00,8.999999999999998002e-01,3.314228322349456191e-01,1.322484183835118010e+00,8.896713615023484900e-01,1.195882614835932056e+00,4.950000000000004974e+01,2.299999999999982947e+00,1.260000000000000009e-01,1.611650485436892666e+01,9.999999999999995559e-01,9.999999999999978906e-01,1.000000000000000000e+00,1.305390135898610859e+00,1.305390135898611038e-05,1.305390135898608836e-05,5.150000000000004796e+00,1.287629188850610396e+00,6.263696675314820439e-01,8.983929958971188512e-01,2.027981965048704982e+00
1.260000000000000000e+03,8.750000000000000000e-01,2.149500000000000455e+03,1.500000000000000355e+01,5.737704918032784818e+00,4.944115905126477592e+05,2.509362401236208573e+00,1.324083061658436034e+00,4.283432260766827149e+00,3.740902464110248959e-01,4.508185437600096712e+00,1.489993492088167670e+00,1.141198426987450665e+00,7.666666666666686059e-01,-7.214084429427794874e-15,3.391509887263338753e-15,1.305390135898610859e+00,9.999999999999996669e-01,7.499999999999997780e-01,2.499999999999999167e-01,1.332098882153444297e+00,9.927822938318336954e-01,1.271650485436892630e+01,4.716373441108469677e+00,0.000000000000000000e+00,3.399999999999999911e+00,1.483726275752677015e+00,5.012287703795993643e+00,3.994983465542351730e+00,1.000000000000000568e+02,1.228080173675003550e+00,1.432999999999999829e+02,5.150000000000003908e+00,-8.881784197001252323e-16,-2.202285662861180882e-20,1.086482455414313132e-16,0.000000000000000000e+00,9.999999999999996669e-01,1.000000000000000000e+00,9.573839264418489980e-01,4.777286046641967543e-01,6.009571933243091912e-01,9.739767590561110300e-01,8.806026525605162858e-01,1.000000000000000000e+00,1.000000000000000000e+00,1.000000000000000000e+00,8.758403872255930978e-01,9.900000000000011569e-02,9.900000000000011369e+01,5.867605633802817522e+01,9.755099865317413688e-01,9.970919826324995405e-01,9.512885782515074773e-01,7.533503593601430737e+00,1.038453391709288187e+00,1.014688563072567939e+00,7.666666666666609453e-01,1.141198426987450887e+00,1.267605633802818232e+01,8.149037000748650082e-17,1.800000000000000000e+01,5.867605633802818232e+01,7.105427357601001859e-15,8.300000000000002842e+01,0.000000000000000000e+00,9.022132710207818596e-01,9.022132710207818596e-01,2.830630901907675856e+00,2.704469683558353044e+00,2.956630901907675746e+00,1.418670000000001430e+01,5.661100585466028789e+00,8.525599414533985509e+00,9.754166666666677643e-02,1.458333333333339255e-03,1.259999999999998899e-01,1.458333333333338387e-03,5.833333333333331261e+00,9.554572093283935086e-01,1.020175485878314081e+00,1.124774028406500648e+00,1.020175485878314081e+00,1.905830371822505853e+01,3.811660743645011634e+07,6.519561815336464861e+01,1.303912363067292869e+08,7.968300350632552487e+00,9.222222222222225696e+01,3.228467781816231508e+00,7.650278641364032239e+00,1.189586740586242808e+00,9.000000000000000222e-01,3.314228322349457301e-01,1.322484183835118010e+00,8.896713615023484900e-01,1.195882614835932056e+00,4.950000000000004974e+01,2.299999999999982947e+00,1.260000000000000009e-01,1.611650485436892666e+01,9.999999999999997780e-01,9.999999999999978906e-01,1.000000000000000000e+00,1.305390135898610859e+00,1.305390135898611038e-05,1.305390135898608836e-05,5.150000000000004796e+00,1.287629188850610396e+00,6.263696675314820439e-01,8.983929958971188512e-01,2.027981965048704982e+00
1.320000000000000000e+03,9.166666666666666297e-01,2.149500000000000455e+03,1.500000000000000355e+01,5.737704918032781265e+00,4.944115905126477592e+05,2.509362401236206352e+00,1.324083061658435145e+00,4.283432260766825372e+00,3.740902464110246739e-01,4.508185437600094936e+00,1.489993492088166782e+00,1.141198426987450443e+00,7.666666666666654972e-01,-1.628431097220414005e-14,7.487014194884813869e-15,1.305390135898610859e+00,9.999999999999996669e-01,7.499999999999997780e-01,2.499999999999999167e-01,1.332098882153444297e+00,9.927822938318336954e-01,1.271650485436892630e+01,4.716373441108467901e+00,0.000000000000000000e+00,3.399999999999999911e+00,1.483726275752677015e+00,5.012287703795993643e+00,3.994983465542335299e+00,1.000000000000000426e+02,1.228080173675003550e+00,1.432999999999999829e+02,5.150000000000003908e+00,-8.881784197001252323e-16,-2.202285662861180882e-20,1.057813925260962814e-16,0.000000000000000000e+00,9.999999999999996669e-01,1.000000000000000000e+00,9.573839264418487760e-01,4.777286046641966988e-01,6.009571933243091912e-01,9.739767590561110300e-01,8.806026525605162858e-01,1.000000000000000000e+00,1.000000000000000000e+00,1.000000000000000000e+00,8.758403872255930978e-01,9.900000000000011569e-02,9.900000000000011369e+01,5.867605633802817522e+01,9.755099865317411467e-01,9.970919826324995405e-01,9.512885782515074773e-01,7.533503593601430737e+00,1.038453391709287299e+00,1.014688563072567939e+00,7.666666666666609453e-01,1.141198426987450887e+00,1.267605633802818232e+01,8.149037000748650082e-17,1.800000000000000000e+01,5.867605633802818232e+01,7.105427357601001859e-15,8.300000000000002842e+01,0.000000000000000000e+00,9.022132710207818596e-01,9.022132710207818596e-01,2.830630901907675412e+00,2.704469683558353044e+00,2.956630901907675746e+00,1.418670000000001430e+01,5.661100585466028789e+00,8.525599414533985509e+00,9.754166666666677643e-02,1.458333333333339255e-03,1.260000000000003340e-01,1.458333333333331448e-03,5.833333333333327708e+00,9.554572093283933976e-01,1.020175485878314081e+00,1.124774028406500426e+00,1.020175485878314081e+00,1.905830371822505853e+01,3.811660743645011634e+07,6.519561815336463440e+01,1.303912363067292571e+08,7.968300350632552487e+00,9.222222222222224275e+01,3.228467781816233284e+00,7.650278641364032239e+00,1.189586740586242808e+00,9.000000000000001332e-01,3.314228322349458411e-01,1.322484183835118010e+00,8.896713615023484900e-01,1.195882614835932056e+00,4.950000000000004974e+01,2.299999999999982947e+00,1.260000000000000009e-01,1.611650485436892666e+01,1.000000000000000222e+00,9.999999999999978906e-01,1.000000000000000000e+00,1.305390135898610859e+00,1.305390135898611038e-05,1.305390135898608836e-05,5.150000000000004796e+00,1.287629188850610396e+00,6.263696675314820439e-01,8.983929958971188512e-01,2.027981965048704982e+00
1.380000000000000000e+03,9.583333333333333703e-01,2.149500000000000455e+03,1.500000000000000355e+01,5.737704918032781265e+00,4.944115905126477592e+05,2.509362401236205908e+00,1.324083061658435145e+00,4.283432260766823596e+00,3.740902464110246184e-01,4.508185437600094048e+00,1.489993492088166560e+00,1.141198426987450665e+00,7.666666666666627217e-01,-2.682843240514329968e-14,1.224220908894739445e-14,1.305390135898610859e+00,9.999999999999996669e-01,7.499999999999997780e-01,2.499999999999999167e-01,1.332098882153444297e+00,9.927822938318336954e-01,1.271650485436892630e+01,4.716373441108467013e+00,0.000000000000000000e+00,3.399999999999999911e+00,1.483726275752677015e+00,5.012287703795993643e+00,3.994983465542321088e+00,1.000000000000000568e+02,1.228080173675003550e+00,1.432999999999999829e+02,5.150000000000003908e+00,-8.881784197001252323e-16,-2.202285662861180882e-20,1.024527561002524720e-16,0.000000000000000000e+00,9.999999999999996669e-01,1.000000000000000000e+00,9.573839264418491091e-01,4.777286046641967543e-01,6.009571933243091912e-01,9.739767590561110300e-01,8.806026525605162858e-01,1.000000000000000000e+00,1.000000000000000000e+00,1.000000000000000000e+00,8.758403872255930978e-01,9.900000000000004630e-02,9.900000000000004263e+01,5.867605633802818943e+01,9.755099865317413688e-01,9.970919826324995405e-01,9.512885782515075883e-01,7.533503593601430737e+00,1.038453391709286855e+00,1.014688563072567939e+00,7.666666666666609453e-01,1.141198426987450665e+00,1.267605633802817522e+01,8.149037000748650082e-17,1.800000000000000000e+01,5.867605633802817522e+01,-1.421085471520200372e-14,8.300000000000002842e+01,0.000000000000000000e+00,9.022132710207818596e-01,9.022132710207818596e-01,2.830630901907674080e+00,2.704469683558351711e+00,2.956630901907673525e+00,1.418670000000000542e+01,5.661100585466025237e+00,8.525599414533980180e+00,9.754166666666672092e-02,1.458333333333325377e-03,1.259999999999994458e-01,1.458333333333324509e-03,5.833333333333327708e+00,9.554572093283935086e-01,1.020175485878314081e+00,1.124774028406500204e+00,1.020175485878314081e+00,1.905830371822504077e+01,3.811660743645007908e+07,6.519561815336462018e+01,1.303912363067292273e+08,7.968300350632547158e+00,9.222222222222220012e+01,3.228467781816233284e+00,7.650278641364042898e+00,1.189586740586242808e+00,9.000000000000005773e-01,3.314228322349463407e-01,1.322484183835118010e+00,8.896713615023479349e-01,1.195882614835931612e+00,4.950000000000002132e+01,2.299999999999982947e+00,1.260000000000000009e-01,1.611650485436892666e+01,1.000000000000000222e+00,9.999999999999993339e-01,1.000000000000000000e+00,1.305390135898610859e+00,1.305390135898611038e-05,1.305390135898608836e-05,5.150000000000004796e+00,1.287629188850610396e+00,6.263696675314819329e-01,8.983929958971188512e-01,2.027981965048704982e+00
1.440000000000000000e+03,1.000000000000000000e+00,2.149499999014074092e+03,1.500000000026600233e+01,5.737704692415208640e+00,4.944115905126478174e+05,2.509362401214862981e+00,1.324083061658863691e+00,4.283432260766831590e+00,3.740902464110252290e-01,4.508185437600094048e+00,1.489993492088166560e+00,1.141198426987467984e+00,7.666666666663253249e-01,-4.086940546106066139e-14,1.863776152623290270e-14,1.305390135898610859e+00,9.999999999822666297e-01,7.499999999866999723e-01,2.499999999955666574e-01,1.332098882131664386e+00,9.927822938315504775e-01,1.271650485414342313e+01,4.716373441108467013e+00,0.000000000000000000e+00,3.399999999999999911e+00,1.483726275719677190e+00,5.012287703842428499e+00,3.994983465540562939e+00,1.000000000000015774e+02,1.228080173686898036e+00,1.432999999317303832e+02,5.150000000172090253e+00,-8.881784197001252323e-16,-1.078067959881488791e-15,7.082987806070505482e-12,1.000000000000000056e-01,9.999999999822666297e-01,1.000000000000000000e+00,8.647052239490693459e-01,4.419287875243205765e-01,5.559410374778122055e-01,9.739767590561110300e-01,8.806313416164472940e-01,9.250624375631799623e-01,9.250624375631799623e-01,9.250624375631799623e-01,8.758403872238366139e-01,9.853135846797589359e-02,9.853135846797589181e+01,5.861605102023258951e+01,9.755099865317421459e-01,9.970919826313100476e-01,9.288020955671714152e-01,7.533503593820968014e+00,1.038453391709208917e+00,1.014688563072568828e+00,7.666666439077668427e-01,1.141198432899453330e+00,1.261605102022738834e+01,5.198922625737623494e-12,1.800000000000519762e+01,5.861605102023258240e+01,-7.105427357601001859e-15,8.300000000161212199e+01,1.000000000000000056e-01,9.022132710561963087e-01,9.022132710561963087e-01,3.025652197019737866e+00,2.770853684287709839e+00,3.499056225428732958e+00,1.411954366173424802e+01,6.269909909716442797e+00,7.849633752017805222e+00,9.716675344104730438e-02,1.364605026928589204e-03,4.734040284089950923e-01,1.458333333332536945e-03,5.833333103955462562e+00,9.554572093283978385e-01,1.020175485878314081e+00,1.124774028406500204e+00,1.020175485878314081e+00,1.919749795100942080e+01,3.839499590201884508e+07,6.519561815336462018e+01,1.303912363067292273e+08,7.923514112945817978e+00,9.231663021731985452e+01,3.228467781816233284e+00,5.815175473318535460e+00,1.189586740577962320e+00,8.990796111840767546e-01,2.519231018431734026e-01,1.322484183813118053e+00,8.846709183527153852e-01,1.211425743512189124e+00,4.926567923398794591e+01,2.299999931730383196e+00,1.260000000000000009e-01,1.611650485414342171e+01,1.000000000000000222e+00,7.601259700367837269e-01,9.999999999930392347e-01,1.305390135898610859e+00,1.305390135898611038e-05,1.305390135790804242e-05,5.150000000172091141e+00,1.287629188843336214e+00,6.263696675314819329e-01,8.983930006128151291e-01,2.027981964909760570e+00
1.500000000000000000e+03,1.041666666666666741e+00,2.129002650796000125e+03,1.496678796605599260e+01,5.010858658655132025e+00,4.944549502236490953e+05,2.190408177425455349e+00,1.155020812027485855e+00,3.853873490827106174e+00,3.260495001413500904e-01,3.906551008547241022e+00,1.291148214688773388e+00,1.171885419149241159e+00,4.391785157040436482e-01,2.686404792839608077e-02,-1.415205902004049165e-02,1.305392317519119327e+00,1.002212912347865581e+00,7.516578924289023522e-01,2.505532280869663952e-01,1.334804465781797234e+00,9.928174556580342536e-01,1.274460127985222080e+01,4.086955534121953448e+00,2.211120515868802983e-03,3.399999999999999911e+00,1.487825760277698528e+00,5.006518534184934310e+00,2.288492489555324472e+00,1.026890145864290247e+02,1.226606957153263622e+00,1.422484674483585252e+02,5.128590479080733289e+00,2.664535259100375697e-15,1.347909437714435525e-07,-8.691392136975060892e-04,1.000000000000000056e-01,1.002211120515868803e+00,1.002211120515868803e+00,8.678891836450350894e-01,4.454607958272745472e-01,5.549283334413981361e-01,9.719003683168510044e-01,8.806857624848007937e-01,9.250624375631799623e-01,9.250624375631799623e-01,9.250624375631799623e-01,8.760585726101357551e-01,9.836446859977865387e-02,9.836446859977866097e+01,5.859403705959019248e+01,9.770643305970241332e-01,9.972393042846735556e-01,9.306015632551239980e-01,7.506189069020758886e+00,9.099026951084956405e-01,1.016026064696741615e+00,4.171825693626971532e-01,1.199405518624606204e+00,1.259468227910097937e+01,-6.452195107784663335e-04,1.799935478048922022e+01,5.859403705959019959e+01,7.105427357601001859e-15,8.279904841240471569e+01,1.000000000000000056e-01,8.978180427457236323e-01,8.978180427457236323e-01,2.997176540783126342e+00,2.774120250345805783e+00,3.453409256923019033e+00,1.399219490969069746e+01,6.227529507268824815e+00,7.764665402421872642e+00,9.688732339566100138e-02,1.477145204117652488e-03,4.562327161398926911e-01,1.567931287299916335e-04,5.094372969632717130e+00,9.630934685894657621e-01,9.795165859913319562e-01,1.087752021973590555e+00,9.795165859913319562e-01,1.843270725981775726e+01,3.686541451963551342e+07,6.304970036569049796e+01,1.260994007313809991e+08,7.612924509691954889e+00,8.909533213520019501e+01,3.699085039782286088e+00,5.939485937151705031e+00,1.190615286135479067e+00,9.293309360669871344e-01,2.950714748379198449e-01,1.325217173518465685e+00,8.828364216325165215e-01,1.210619337966061693e+00,4.918223429988932338e+01,1.248467448358525189e+00,1.260000000000000009e-01,1.614460127985222115e+01,1.145771087020512002e+00,7.763751120171868969e-01,1.000864624254915070e+00,1.305392317519119327e+00,1.305392317519119436e-05,1.318871411896263791e-05,5.128590479080730624e+00,1.288535525156523365e+00,6.035613378472411972e-01,9.715641353183865903e-01,2.045375999004880985e+00
1.560000000000000000e+03,1.083333333333333259e+00,2.110403469872546793e+03,1.486319099308430758e+01,5.217846986054886393e+00,4.944880200929301209e+05,2.281465744965220033e+00,1.203452633817430506e+00,3.844479779066017677e+00,3.398740736241498417e-01,4.057009490378761463e+00,1.340876018007322923e+00,1.235790552273204890e+00,3.368520205365350129e-01,2.726060131905517769e-01,-1.406734956936543379e-01,1.305412400608126910e+00,1.009088289025270813e+00,7.567980339478733720e-01,2.522720722563177032e-01,1.343054003619263970e+00,9.929244332748258239e-01,1.283162604797251483e+01,4.244362188644452694e+00,9.070106204191130672e-03,3.399999999999999911e+00,1.500326703101715342e+00,4.988890015967228919e+00,1.755284677014765204e+00,1.082888411908751323e+02,1.222160159471202157e+00,1.419885858194580237e+02,5.062802918166540600e+00,-1.776356839400250465e-15,5.576196379356134755e-07,-3.455014627815435231e-03,1.000000000000000056e-01,1.009070106204191131e+00,1.009070106204191131e+00,8.754310323862937171e-01,4.526133970152875219e-01,5.557280997110080056e-01,9.724342515904834672e-01,8.808019953582731931e-01,9.250624375631799623e-01,9.250624375631799623e-01,9.250624375631799623e-01,8.767237793338751306e-01,9.663018473577714151e-02,9.663018473577713507e+01,5.837001462672392194e+01,9.801820433699455215e-01,9.976839840528797243e-01,9.352855889743540985e-01,7.422259814021842317e+00,8.303528503787047654e-01,1.018652409204639842e+00,3.337036467633434089e-01,1.266714372811766909e+00,1.237262288550283529e+01,-2.608258778903929220e-03,1.799739174122109731e+01,5.837001462672392904e+01,7.105427357601001859e-15,8.217752372226328816e+01,1.000000000000000056e-01,8.844458406467763378e-01,8.844458406467763378e-01,2.920997535334368678e+00,2.758941510788678553e+00,3.336639240868772394e+00,1.372038327810597558e+01,6.095580751657450946e+00,7.624802526448524631e+00,9.538926721026680378e-02,1.240917525510337738e-03,4.156417055344037159e-01,-6.486754285500292636e-04,5.304811102489134456e+00,9.785575084154790604e-01,9.898526882360774160e-01,1.097164977196046998e+00,9.898526882360774160e-01,1.834491183670063563e+01,3.668982367340127379e+07,6.359530634420638506e+01,1.271906126884127706e+08,7.593848739352405453e+00,8.953406692025943414e+01,3.568637357860998893e+00,6.331613082369067946e+00,1.193750389991842464e+00,9.178352614703852996e-01,3.042586339590011568e-01,1.333551135401143561e+00,8.641678855603276421e-01,1.207879723863519494e+00,4.831509236788856754e+01,9.885858194580237068e-01,1.260000000000000009e-01,1.623162604797251518e+01,1.105365640617729239e+00,8.276316954175853002e-01,1.003500080543557216e+00,1.305412400608126910e+00,1.305412400608126956e-05,1.361174364401688304e-05,5.062802918166542376e+00,1.291342775741048943e+00,6.093680412199754537e-01,9.898150835563477301e-01,2.100124092224871397e+00
1.620000000000000000e+03,1.125000000000000000e+00,2.094105231134733003e+03,1.475402996404905132e+01,5.380594317900958323e+00,4.945085707502583391e+05,2.352711538139129921e+00,1.241093916270898045e+00,3.938387875274349970e+00,3.505255654731540549e-01,4.189857552377910466e+00,1.384783428327844401e+00,1.292023809393551881e+00,3.199856814421656592e-01,8.441393809651761559e-01,-4.256444778524615113e-01,1.305459522286372520e+00,1.016284682003869788e+00,7.621572074061918611e-01,2.540711705009674470e-01,1.351437810081928426e+00,9.930328088815431054e-01,1.292218623807953470e+01,4.383345174146722201e+00,1.622837790715925266e-02,3.399999999999999911e+00,1.513033126861568434e+00,4.970911785047889886e+00,1.667396747702283522e+00,1.132164029356623445e+02,1.217709099502643610e+00,1.419344569746307627e+02,4.995133496032123865e+00,1.776356839400250465e-15,1.006439528205767636e-06,-5.964925108236194574e-03,1.000000000000000056e-01,1.016228377907159253e+00,1.016228377907159253e+00,8.821692707771192632e-01,4.586961537058789062e-01,5.564903728960296503e-01,9.728973072244073705e-01,8.809111935077701405e-01,9.250624375631799623e-01,9.250624375631799623e-01,9.250624375631799623e-01,8.773997212360209463e-01,9.486947370210160879e-02,9.486947370210161523e+01,5.814258278022089144e+01,9.828025641315004668e-01,9.981290900497354901e-01,9.395523420827707195e-01,7.335920709544862639e+00,8.141284784422697651e-01,1.020802816946383640e+00,3.188834258820527068e-01,1.317857784345481953e+00,1.214717973138304785e+01,-4.596951162165962244e-03,1.799540304883783293e+01,5.814258278022088433e+01,-7.105427357601001859e-15,8.153149920630565362e+01,1.000000000000000056e-01,8.708988898071167162e-01,8.708988898071167162e-01,2.851743247198441633e+00,2.739318191741495490e+00,3.232648587596219869e+00,1.346524723337680562e+01,5.971966779337715359e+00,7.493280454039090266e+00,9.395757589813283350e-02,9.118978039687752890e-04,3.809053403977782359e-01,-8.129558076537700059e-04,5.470270889865973984e+00,9.917085270788564833e-01,9.988787753941927861e-01,1.105384093511341037e+00,9.988787753941927861e-01,1.821551180522846636e+01,3.643102361045693606e+07,6.407171347605415690e+01,1.281434269521083087e+08,7.558505792718131389e+00,8.984573107400075287e+01,3.461057742463695241e+00,6.704319371983506137e+00,1.196934877782977580e+00,9.074610249334256196e-01,3.132900924391102682e-01,1.342022084574378882e+00,8.452152316850738423e-01,1.204967774369988920e+00,4.743473685105080051e+01,9.344569746307627156e-01,1.260000000000000009e-01,1.632218623807953506e+01,1.072043451062911101e+00,8.763496973475103369e-01,1.006177050353733282e+00,1.305459522286372520e+00,1.305459522286372643e-05,1.406103475106949407e-05,4.995133496032122089e+00,1.294264072196114057e+00,6.144366846177602426e-01,9.936248501347861861e-01,2.158584054563335908e+00
1.680000000000000000e+03,1.166666666666666741e+00,2.079686979093540685e+03,1.465635085394777803e+01,5.518159818825286500e+00,4.945189086083649308e+05,2.412947970867471259e+00,1.272929395230165683e+00,4.044465607980058941e+00,3.595382631388990835e-01,4.303824518683643241e+00,1.422450476514106388e+00,1.340487279625613315e+00,3.099980813645255573e-01,1.718760282918710747e+00,-8.468655465381536018e-01,1.305532246487837389e+00,1.022680422685553925e+00,7.668956757032947547e-01,2.556701056713884812e-01,1.358676675222423524e+00,9.931260895733027283e-01,1.300204726193860694e+01,4.502575134956454228e+00,2.256578137468334688e-02,3.399999999999999911e+00,1.524005880187152329e+00,4.955338465604608444e+00,1.615352881827559761e+00,1.174631201660738782e+02,1.213920964354119114e+00,1.418966426102827825e+02,4.936040992624808332e+00,8.881784197001252323e-16,1.410169831038758537e-06,-8.002087654149071458e-03,1.000000000000000056e-01,1.022565781374683347e+00,1.022565781374683347e+00,8.878957173025595617e-01,4.637914653691369571e-01,5.571440479291105419e-01,9.732885448014775287e-01,8.810054766073860399e-01,9.250624375631799623e-01,9.250624375631799623e-01,9.250624375631799623e-01,8.779832720650163624e-01,9.334353420441166005e-02,9.334353420441165383e+01,5.794548830133376782e+01,9.849763699654933147e-01,9.985079035645879619e-01,9.432062948545568704e-01,7.260495360510340390e+00,8.040353860640825356e-01,1.022547921689235917e+00,3.090701597705383108e-01,1.363297658982362881e+00,1.195179695318971369e+01,-6.308651855956722357e-03,1.799369134814404347e+01,5.794548830133376072e+01,-7.105427357601001859e-15,8.096117764789845239e+01,1.000000000000000056e-01,8.592388033371524125e-01,8.592388033371524125e-01,2.792637268833231712e+00,2.720455326986827682e+00,3.145231150925364982e+00,1.324513411298410759e+01,5.865686477912192665e+00,7.379447635071914924e+00,9.272249629600967658e-02,6.210379084019834739e-04,3.525938820921332706e-01,-9.151541917456328806e-04,5.610129149139041260e+00,1.002724673570935865e+00,1.006554033780724833e+00,1.112372585022851634e+00,1.006554033780724833e+00,1.808715369404874806e+01,3.617430738809749484e+07,6.447678952915076422e+01,1.289535790583015233e+08,7.522739351457107482e+00,9.008668257465662066e+01,3.373931899219508868e+00,7.027280925651947285e+00,1.199683044192782821e+00,8.987030639162932877e-01,3.208505202795717270e-01,1.349337253458101626e+00,8.287906917778133931e-01,1.202165384777380552e+00,4.667176710220582692e+01,8.966426102827824707e-01,1.260000000000000009e-01,1.640204726193860552e+01,1.045056704057131025e+00,9.185653562546552964e-01,1.008487236165363177e+00,1.305532246487837389e+00,1.305532246487837521e-05,1.446549229591713375e-05,4.936040992624807444e+00,1.296840234256083857e+00,6.187426792557104704e-01,9.962880743259194816e-01,2.211544505455486309e+00
1.740000000000000000e+03,1.208333333333333259e+00,2.066821850891121358e+03,1.456908504500910162e+01,5.635289595091633963e+00,4.945210800293059438e+05,2.464231281075378366e+00,1.300029634201314455e+00,4.140925116345047563e+00,3.672091674196626410e-01,4.400518215905027120e+00,1.454408562883846123e+00,1.383717240373675272e+00,3.012675448819693846e-01,2.860507615057537478e+00,-1.377955547253137514e+00,1.305627904761907043e+00,1.028358330380763741e+00,7.710779519276484972e-01,2.570895825951909353e-01,1.364938303663240537e+00,9.932065407042982574e-01,1.307231640104349779e+01,4.603734147115521758e+00,2.816753452283937698e-02,3.399999999999999911e+00,1.533498476284240297e+00,4.941831088895759727e+00,1.569859383271308140e+00,1.212512397187954036e+02,1.210685470859425905e+00,1.418635312036391554e+02,4.884428250000706129e+00,-2.664535259100375697e-15,1.771982540454123921e-06,-9.641602928535233930e-03,1.000000000000000056e-01,1.028167534522839377e+00,1.028167534522839377e+00,8.928744880117845950e-01,4.682288281116999129e-01,5.577038484877755442e-01,9.736162691585967810e-01,8.810873421572338327e-01,9.250624375631799623e-01,9.250624375631799623e-01,9.250624375631799623e-01,8.784879792898219186e-01,9.201901130710754551e-02,9.201901130710754728e+01,5.777441882240083260e+01,9.868539664079054585e-01,9.988314529140572828e-01,9.463839388787094187e-01,7.194577248163484207e+00,7.949047010486289810e-01,1.024027483869213606e+00,3.004467803635099687e-01,1.404212201994901266e+00,1.178220375251056851e+01,-7.784930109723524339e-03,1.799221506989027475e+01,5.777441882240083970e+01,7.105427357601001859e-15,8.045784757220681627e+01,1.000000000000000056e-01,8.491824119627191525e-01,8.491824119627191525e-01,2.741427046328362316e+00,2.703458069926888196e+00,3.070338645729319804e+00,1.305414188189387481e+01,5.773796715656208001e+00,7.280345166237666810e+00,9.164946511817391450e-02,3.695461889336310035e-04,3.289115994009574884e-01,-1.007607935159194647e-03,5.729211088343161506e+00,1.012318323820646571e+00,1.013020607622817426e+00,1.118260161519823992e+00,1.013020607622817426e+00,1.796171676763570701e+01,3.592343353527141362e+07,6.481805291135130176e+01,1.296361058227026165e+08,7.487188039792921579e+00,9.026695771877993479e+01,3.303463465004423671e+00,7.307280615627653297e+00,1.202059074275667827e+00,8.913322172977993230e-01,3.273133387476258593e-01,1.355665650856160198e+00,8.145349018667366048e-01,1.199496838611020744e+00,4.600950565355376654e+01,8.635312036391553647e-01,1.260000000000000009e-01,1.647231640104349637e+01,1.023229497165990320e+00,9.551652898128638602e-01,1.010484593736542980e+00,1.305627904761907043e+00,1.305627904761907071e-05,1.482826158807319463e-05,4.884428250000708793e+00,1.299106980678822465e+00,6.223662553344729842e-01,9.986212402674947697e-01,2.259362448148453328e+00
1.800000000000000000e+03,1.250000000000000000e+00,2.055267821858714342e+03,1.448832978474501409e+01,5.737536834508204286e+00,4.945166881614243030e+05,2.508982184878718158e+00,1.323666439765744718e+00,4.225229058790955783e+00,3.738956864482360087e-01,4.483962678146041547e+00,1.481987664811048599e+00,1.422161710592865447e+00,2.995130749951140925e-01,4.240495018232726565e+00,-1.998224222465794009e+00,1.305744314500452141e+00,1.033580016303634830e+00,7.749021712100100379e-01,2.583950040759087075e-01,1.370562007430751184e+00,9.932786178838005631e-01,1.313636438563280073e+01,4.691032074622826009e+00,3.329717528591880082e-02,3.399999999999999911e+00,1.542024904697295806e+00,4.929668477869333820e+00,1.560717107372901147e+00,1.246200202314601739e+02,1.207811432842442301e+00,1.418567807603839697e+02,4.837665972184786334e+00,-1.776356839400250465e-15,2.107344586064814837e-06,-1.100934434344386093e-02,1.000000000000000056e-01,1.033297175285918801e+00,1.033297175285918801e+00,8.972557755995872464e-01,4.720941707287179545e-01,5.581981220597539428e-01,9.738960570653549809e-01,8.811602551834243346e-01,9.250624375631799623e-01,9.250624375631799623e-01,9.250624375631799623e-01,8.789412152229372222e-01,9.082497148485489669e-02,9.082497148485489902e+01,5.762021018538199257e+01,9.884779564538244134e-01,9.991188567157556211e-01,9.491922114575472857e-01,7.134813326783710608e+00,7.930343886269657361e-01,1.025286783656499834e+00,3.003624266711107382e-01,1.439792535770165527e+00,1.162931773173558270e+01,-9.107546353590718555e-03,1.799089245364640988e+01,5.762021018538199257e+01,0.000000000000000000e+00,7.999740729202417810e+01,1.000000000000000056e-01,8.401727645249317256e-01,8.401727645249317256e-01,2.696221998863382652e+00,2.687271619951535850e+00,3.004964773909250209e+00,1.288413806749518642e+01,5.692236393860786059e+00,7.191901673634400360e+00,9.069270990733989402e-02,2.999999999999999737e-04,3.087427750458675568e-01,-1.026546019467517584e-03,5.833162448416674195e+00,1.020675257277376735e+00,1.018569813544740299e+00,1.123312243757532913e+00,1.018569813544740299e+00,1.783562381327660518e+01,3.567124762655320764e+07,6.511088828639610426e+01,1.302217765727922022e+08,7.450628636786143844e+00,9.039714073645885151e+01,3.245033991099126158e+00,7.555643334347810658e+00,1.204192101534113934e+00,8.849550620770877396e-01,3.330420511765868063e-01,1.361349936464863797e+00,8.016841821151662328e-01,1.196920735333418806e+00,4.541248574242744951e+01,8.567807603839696640e-01,1.260000000000000009e-01,1.653636438563280109e+01,1.005131291498772228e+00,9.876298221996050453e-01,1.012277676313602326e+00,1.305744314500452141e+00,1.305744314500452298e-05,1.516478773106933782e-05,4.837665972184788110e+00,1.301173044697832237e+00,6.254718325421187997e-01,9.990970379343426799e-01,2.304010690517320992e+00
1.860000000000000000e+03,1.291666666666666741e+00,2.044829346273099418e+03,1.441203689611436722e+01,5.829007113659177008e+00,4.945068711536657065e+05,2.549025447335238059e+00,1.344823044101967735e+00,4.300083096918482006e+00,3.798827734643946408e-01,4.558630071809454343e+00,1.506665871191269490e+00,1.454809281738764559e+00,3.101340131465802896e-01,5.843553416367319286e+00,-2.694922390621959707e+00,1.305880407946122146e+00,1.038482416273222686e+00,7.784720471920453244e-01,2.596206040683056715e-01,1.375725946512100117e+00,9.933446621790665843e-01,1.319595416706243896e+01,4.769147608525615922e+00,3.809265126035099591e-02,3.399999999999999911e+00,1.549855038383558092e+00,4.918471996726381690e+00,1.616061201682016613e+00,1.274808348254727690e+02,1.205198285499202271e+00,1.418834381991074736e+02,4.794375341282727909e+00,-8.881784197001252323e-16,2.424330153868148026e-06,-1.217276300738613995e-02,1.000000000000000056e-01,1.038092651260350996e+00,1.038092651260350996e+00,9.010574438151692789e-01,4.753196431025447644e-01,5.586465057981039317e-01,9.741440875436894187e-01,8.812263098149654139e-01,9.250624375631799623e-01,9.250624375631799623e-01,9.250624375631799623e-01,8.793573524647732009e-01,8.972300337439835516e-02,8.972300337439835971e+01,5.747790120336327391e+01,9.898249887792812673e-01,9.993801714500796241e-01,9.516678208476336831e-01,7.079445180718334285e+00,8.041752526749991192e-01,1.026317144544835358e+00,3.112345377917368761e-01,1.470064122814888297e+00,1.148822066253499941e+01,-1.031945917172298957e-02,1.798968054082827805e+01,5.747790120336327391e+01,0.000000000000000000e+00,7.956723342362248275e+01,1.000000000000000056e-01,8.319172276166737490e-01,8.319172276166737490e-01,2.656252523649762054e+00,2.670593811385800986e+00,2.947928061503956254e+00,1.273020820430975952e+01,5.618521872889757240e+00,7.111686331420002283e+00,8.983121712630884326e-02,2.999999999999999737e-04,2.916755378541942001e-01,-9.137379592748717458e-04,5.926157232220162996e+00,1.027648780885844548e+00,1.023512119492638428e+00,1.127811597583221470e+00,1.023512119492638428e+00,1.770950752944381890e+01,3.541901505888763815e+07,6.537168569685201192e+01,1.307433713937040120e+08,7.413485010715871404e+00,9.049467823701169777e+01,3.194519227547465867e+00,7.779442347158679993e+00,1.206149935871448697e+00,8.792476527208650250e-01,3.381176722696663806e-01,1.366570025589038728e+00,7.898251002802727516e-01,1.194411771511340037e+00,4.486150168719917275e+01,8.834381991074735652e-01,1.260000000000000009e-01,1.659595416706243753e+01,9.894846234923031503e-01,1.016883529587570889e+00,1.013923486804369833e+00,1.305880407946122146e+00,1.305880407946122330e-05,1.548313423332937133e-05,4.794375341282728797e+00,1.303095295711691692e+00,6.282341972746727787e-01,9.972183809186798698e-01,2.346520921391278769e+00
1.920000000000000000e+03,1.333333333333333259e+00,2.035338792008278006e+03,1.434251306856318386e+01,5.908869637499187810e+00,4.944926779695237637e+05,2.583985827766345000e+00,1.363293275874286170e+00,4.366008668237673973e+00,3.851093683734894135e-01,4.624032945989196897e+00,1.528282075369343129e+00,1.483736752972322659e+00,3.206683495419522800e-01,7.649947066674100071e+00,-3.454277277774846056e+00,1.306034662888156062e+00,1.042926510916993399e+00,7.816846317183978599e-01,2.607316277292483497e-01,1.380311455409948707e+00,9.934031421870713752e-01,1.324934965245465968e+01,4.837570787434978037e+00,4.241625944764626510e-02,3.399999999999999911e+00,1.556808605501578846e+00,4.908514733606358149e+00,1.670954027403719344e+00,1.300156675547748080e+02,1.202900557961466887e+00,1.419094953777285184e+02,4.755682812495551914e+00,0.000000000000000000e+00,2.712972692115348680e-06,-1.310321478649949072e-02,1.000000000000000056e-01,1.042416259447646265e+00,1.042416259447646265e+00,9.044062856357781843e-01,4.781355109169648787e-01,5.590422181927346967e-01,9.743595709178908271e-01,8.812852025891328989e-01,9.250624375631799623e-01,9.250624375631799623e-01,9.250624375631799623e-01,8.797268340144821508e-01,8.873989887307426327e-02,8.873989887307426727e+01,5.735095043819664795e+01,9.909949951048621086e-01,9.996099442038531846e-01,9.538577021496774666e-01,7.029906482061282880e+00,8.148049221433788514e-01,1.027201785563658154e+00,3.216716173208880591e-01,1.497484014650686257e+00,1.136234300551527099e+01,-1.139256731861134318e-02,1.798860743268138762e+01,5.735095043819665506e+01,7.105427357601001859e-15,7.917902598140742043e+01,1.000000000000000056e-01,8.246072266160718867e-01,8.246072266160718867e-01,2.620889519753792030e+00,2.655084798306998728e+00,2.897911659151465535e+00,1.259303426894862810e+01,5.552996457458464263e+00,7.040037811490163833e+00,8.906325344018573009e-02,2.999999999999999737e-04,2.770221393976735058e-01,-8.061064372985498119e-04,6.007350798124174496e+00,1.033736732790664581e+00,1.027824058854508005e+00,1.131736934737961331e+00,1.027824058854508005e+00,1.758945358663620695e+01,3.517890717327241600e+07,6.559921120491000579e+01,1.311984224098200202e+08,7.377953698076254341e+00,9.056661848962248484e+01,3.151579495270504960e+00,7.977462296203053249e+00,1.207887768014703100e+00,8.742628056769072842e-01,3.425564971802886327e-01,1.371205737001052638e+00,7.792458698497214398e-01,1.192027919016523718e+00,4.436994943653713364e+01,9.094953777285184060e-01,1.260000000000000009e-01,1.664934965245466003e+01,9.761842794347254104e-01,1.042767547455064614e+00,1.015384357276411187e+00,1.306034662888156062e+00,1.306034662888156169e-05,1.577331932099691037e-05,4.755682812495551914e+00,1.304817730724343816e+00,6.306411816991455144e-01,9.953827087927820116e-01,2.385556877037041446e+00
1.980000000000000000e+03,1.375000000000000000e+00,2.026669695847091816e+03,1.427903273687928021e+01,5.979207170935973537e+00,4.944750212057962781e+05,2.614774929911574120e+00,1.379558578172794814e+00,4.423926975882085166e+00,3.897116094926972307e-01,4.681496251058063329e+00,1.547274184671790564e+00,1.509989370595972602e+00,3.302293876643438986e-01,9.639401159498788729e+00,-4.263377072538824919e+00,1.306205454496746299e+00,1.046966022207497904e+00,7.845815685982848731e-01,2.617415055518744760e-01,1.384401594951981895e+00,9.934551434339072840e-01,1.329726726457787400e+01,4.897687747931924740e+00,4.632307415015946006e-02,3.399999999999999911e+00,1.563011327624726832e+00,4.899625336442232637e+00,1.720775143767686144e+00,1.323161104052747135e+02,1.200870035310614981e+00,1.419332620908344325e+02,4.720987667253986331e+00,-2.664535259100375697e-15,2.976092298064283859e-06,-1.383687610106107239e-02,1.000000000000000056e-01,1.046323074150159460e+00,1.046323074150159460e+00,9.074027863239507719e-01,4.806579284997182233e-01,5.593930279716633480e-01,9.745475525894432556e-01,8.813379949804490687e-01,9.250624375631799623e-01,9.250624375631799623e-01,9.250624375631799623e-01,8.800563627268540579e-01,8.785905661077034190e-02,8.785905661077033812e+01,5.723721231489417960e+01,9.920384001129041174e-01,9.998129964689383975e-01,9.558173185179010822e-01,6.985432855070002667e+00,8.241022652157217188e-01,1.027982698613156165e+00,3.311406803618843209e-01,1.522527826572304344e+00,1.124955910509223145e+01,-1.234679019804927648e-02,1.798765320980195170e+01,5.723721231489417960e+01,0.000000000000000000e+00,7.882759283291585461e+01,1.000000000000000056e-01,8.181070707615900606e-01,8.181070707615900606e-01,2.589260222235377107e+00,2.640937938792307982e+00,2.853484980716147312e+00,1.247012250898992569e+01,5.494422919508455294e+00,6.975699589481470397e+00,8.837439402070433603e-02,2.999999999999999737e-04,2.642247584807702054e-01,-7.119658086664299931e-04,6.078860623784906103e+00,1.039190240533121257e+00,1.031599899497942285e+00,1.135174130485713473e+00,1.031599899497942285e+00,1.747561929891164212e+01,3.495123859782328457e+07,6.579844242454112191e+01,1.315968848490822315e+08,7.344132606953168718e+00,9.061819433040592742e+01,3.114818131217041763e+00,8.153476029183780227e+00,1.209437277553022216e+00,8.698870399635201256e-01,3.464746322485488528e-01,1.375340885083151221e+00,7.697676929078480779e-01,1.189767412585002404e+00,4.392952830538516196e+01,9.332620908344324562e-01,1.260000000000000009e-01,1.669726726457787436e+01,9.647976506876413394e-01,1.065775040545452912e+00,1.016686918481452429e+00,1.306205454496746299e+00,1.306205454496746337e-05,1.603814684303174723e-05,4.720987667253988995e+00,1.306363460147673239e+00,6.327463734848957078e-01,9.937089827772975781e-01,2.421454753376271807e+00
2.040000000000000000e+03,1.416666666666666741e+00,2.018721586353647126e+03,1.422085259544073743e+01,6.041580367534801432e+00,4.944546458017388941e+05,2.642076512349520012e+00,1.393980599626511330e+00,4.475051529951242557e+00,3.937919800668648884e-01,4.732345741209339707e+00,1.564080372094904581e+00,1.533999073426616011e+00,3.389365246215155780e-01,1.179424908104643421e+01,-5.111414381378588168e+00,1.306391343630297186e+00,1.050654201828810086e+00,7.872039749579017309e-01,2.626635504572025215e-01,1.388071991862828369e+00,9.935016514661988429e-01,1.334041365695295056e+01,4.950885467538387097e+00,4.986752541510419690e-02,3.399999999999999911e+00,1.568577724404544238e+00,4.891645825344702381e+00,1.766146710953921062e+00,1.344200129574386153e+02,1.199064044102026827e+00,1.419550320773915644e+02,4.689723260462102417e+00,8.881784197001252323e-16,3.216680640398136105e-06,-1.440595079216185591e-02,1.000000000000000056e-01,1.049867525415104197e+00,1.049867525415104197e+00,9.101040524504990792e-01,4.829381038122572134e-01,5.597061226664665767e-01,9.747128656245073186e-01,8.813855996045658614e-01,9.250624375631799623e-01,9.250624375631799623e-01,9.250624375631799623e-01,8.803520400420968839e-01,8.706512005643993191e-02,8.706512005643993746e+01,5.713470248349646852e+01,9.929778380058689180e-01,9.999935955897971684e-01,9.575827669264707076e-01,6.945303918846685853e+00,8.322888708052871287e-01,1.028679400856389092e+00,3.397685178662768202e-01,1.545493506183667654e+00,1.114790269608705842e+01,-1.320021259059912279e-02,1.798679978740939944e+01,5.713470248349646141e+01,-7.105427357601001859e-15,7.850790731676968903e+01,1.000000000000000056e-01,8.122935667251469649e-01,8.122935667251469649e-01,2.560773838723816365e+00,2.628022712343550893e+00,2.813715455753448502e+00,1.235933191043387858e+01,5.441738168096999395e+00,6.917593742336879181e+00,8.775288744147792530e-02,2.999999999999999737e-04,2.529416170296321376e-01,-6.290722585199090902e-04,6.142273373660382063e+00,1.044120016556771002e+00,1.034931647646428976e+00,1.138206981368319326e+00,1.034931647646428976e+00,1.736790181365651264e+01,3.473580362731302530e+07,6.597423648011563557e+01,1.319484729602312595e+08,7.312035399906892330e+00,9.065417369367904143e+01,3.083014000882670747e+00,8.310801504274742513e+00,1.210827275572753381e+00,8.660153649632100770e-01,3.499558046685060098e-01,1.379051816269696085e+00,7.612252069580385250e-01,1.187624297735051293e+00,4.353256002821996162e+01,9.550320773915643713e-01,1.260000000000000009e-01,1.674041365695294914e+01,9.549464976070679567e-01,1.086339713084348846e+00,1.017855389827263091e+00,1.306391343630297186e+00,1.306391343630297226e-05,1.628059407670110837e-05,4.689723260462101528e+00,1.307755279256546777e+00,6.346018719756183479e-01,9.921763642640470948e-01,2.454578685748702860e+00
2.100000000000000000e+03,1.458333333333333259e+00,2.011411450241029570e+03,1.416735717665290650e+01,6.097228578856142889e+00,4.944321649088477716e+05,2.666433471828324020e+00,1.406846418201914917e+00,4.520447206073452406e+00,3.974318067283127420e-01,4.777627683197603226e+00,1.579046437667153802e+00,1.556050730330537757e+00,3.469025248056571420e-01,1.409906876749155025e+01,-5.989323344537829108e+00,1.306591056082971214e+00,1.054034939227092904e+00,7.895857965335278950e-01,2.635087348067732260e-01,1.391383372208271130e+00,9.935434563931092589e-01,1.337937309371793049e+01,4.998258529607668699e+00,5.309453134030106547e-02,3.399999999999999911e+00,1.573599767187558562e+00,4.884448817276612509e+00,1.807656327069772528e+00,1.363523374666945642e+02,1.197448731856014525e+00,1.419750645911387608e+02,4.661428899816361771e+00,1.776356839400250465e-15,3.437256652026302901e-06,-1.483653769071029832e-02,1.000000000000000056e-01,1.053094531340301065e+00,1.053094531340301065e+00,9.125519272673480176e-01,4.850104197789575355e-01,5.599872095720127563e-01,9.748592725837510464e-01,8.814287491101389094e-01,9.250624375631799623e-01,9.250624375631799623e-01,9.250624375631799623e-01,8.806187647803053187e-01,8.634576022072579238e-02,8.634576022072579349e+01,5.704182782970557497e+01,9.938285643759434684e-01,1.000155126814398443e+00,9.591815004626932373e-01,6.908934482328675131e+00,8.395517989962741900e-01,1.029305123582286097e+00,3.476652200565906736e-01,1.566626809364582984e+00,1.105579516270496754e+01,-1.396733299940489635e-02,1.798603266700059677e+01,5.704182782970556786e+01,-7.105427357601001859e-15,7.821585465985782548e+01,1.000000000000000056e-01,8.070679508613474162e-01,8.070679508613474162e-01,2.534979327532656423e+00,2.616191090224724736e+00,2.777901456110770884e+00,1.225894488450852471e+01,5.394092546335495619e+00,6.864852338173029089e+00,8.718928869122058445e-02,2.999999999999999737e-04,2.429221285781144601e-01,-5.555316250114667939e-04,6.198849055170412292e+00,1.048600397302008602e+00,1.037891327757530346e+00,1.140901080355780639e+00,1.037891327757530346e+00,1.726608977182928584e+01,3.453217954365856946e+07,6.613039535684816883e+01,1.322607907136963457e+08,7.281629311696912410e+00,9.067811444037437241e+01,3.055247888337303763e+00,8.452135542626328046e+00,1.212080886988046391e+00,8.625659580878124455e-01,3.530669841505175710e-01,1.382399844791705634e+00,7.534856524754637297e-01,1.185592470636601892e+00,4.317288011036289674e+01,9.750645911387607612e-01,1.260000000000000009e-01,1.677937309371792907e+01,9.463460981538800443e-01,1.104814077872503297e+00,1.018909210765680085e+00,1.306591056082971214e+00,1.306591056082971356e-05,1.650316721285601646e-05,4.661428899816359994e+00,1.309012035281223563e+00,6.362484307119443683e-01,9.907664799934696731e-01,2.485235365800829488e+00
2.160000000000000000e+03,1.500000000000000000e+00,2.004669596530750368e+03,1.411803117393588991e+01,6.147149010434110217e+00,4.944080850274298573e+05,2.688282595233681516e+00,1.418386975204519729e+00,4.560989707605339838e+00,4.006965034670124659e-01,4.818180317398888413e+00,1.592449426936986656e+00,1.576372997368185258e+00,3.542177251956479256e-01,1.654030051174530058e+01,-6.889457933931987021e+00,1.306803457043470118e+00,1.057144783339524219e+00,7.917553494605098496e-01,2.642861958348810547e-01,1.394385085227683563e+00,9.935811996869634566e-01,1.341463366768577004e+01,5.040683884456369057e+00,5.604154529539084884e-02,3.399999999999999911e+00,1.578152208709195925e+00,4.877930347814919187e+00,1.845774724380827347e+00,1.381331204188139736e+02,1.195996876518517382e+00,1.419935663714701377e+02,4.635725716467165469e+00,8.881784197001252323e-16,3.639959178012715474e-06,-1.515002582449130608e-02,1.000000000000000056e-01,1.056041545295390849e+00,1.056041545295390849e+00,9.147800667621126536e-01,4.869020908435893746e-01,5.602408844835637947e-01,9.749897514274221688e-01,8.814680400175686215e-01,9.250624375631799623e-01,9.250624375631799623e-01,9.250624375631799623e-01,8.808605176615920129e-01,8.569095207314307572e-02,8.569095207314308027e+01,5.695729296784557505e+01,9.946025974728635033e-01,1.000300312348148202e+00,9.606357548053645612e-01,6.875843644232272567e+00,8.460360167255478459e-01,1.029870182898221742e+00,3.549193141966732745e-01,1.586135124719943335e+00,1.097195289028720566e+01,-1.465992244163087481e-02,1.798534007755836939e+01,5.695729296784557505e+01,0.000000000000000000e+00,7.794802970626552963e+01,1.000000000000000056e-01,8.023500391295628198e-01,8.023500391295628198e-01,2.511512959248773047e+00,2.605314312484584782e+00,2.745482822049607030e+00,1.216756389063230870e+01,5.350797134534191812e+00,6.816766756098116886e+00,8.667589118889196254e-02,2.999999999999999737e-04,2.339698628008339831e-01,-4.898759835561062106e-04,6.249601493941344899e+00,1.052690220837844581e+00,1.040536244497458851e+00,1.143308611762823945e+00,1.040536244497458851e+00,1.716991552536589793e+01,3.433983105073179305e+07,6.626994383000076994e+01,1.325398876600015461e+08,7.252855855126576046e+00,9.069271521049324747e+01,3.030813711001142163e+00,8.579690629144030467e+00,1.213216897078795320e+00,8.594739889014465506e-01,3.558622505595595009e-01,1.385434805806130543e+00,7.464410806537976617e-01,1.183665846139048128e+00,4.284547603657153303e+01,9.935663714701377103e-01,1.260000000000000009e-01,1.681463366768576861e+01,9.387777471628053760e-01,1.121487338089200314e+00,1.019864172730193141e+00,1.306803457043470118e+00,1.306803457043470145e-05,1.670799374844741692e-05,4.635725716467164581e+00,1.310149473151153821e+00,6.377184432038007778e-01,9.894646818100838459e-01,2.513685317254441554e+00
2.220000000000000000e+03,1.541666666666666741e+00,1.998436887987844102e+03,1.407243789184962601e+01,6.192152738678454504e+00,4.943828257970043924e+05,2.707979115851153029e+00,1.428790073257533821e+00,4.597391614310448738e+00,4.036392584915793891e-01,4.854683315430469825e+00,1.604513977133635638e+00,1.595158127035623430e+00,3.609571995866157623e-01,1.910594482624487966e+01,-7.805340365647095879e+00,1.307027530523270586e+00,1.060014511123440251e+00,7.937365168226696577e-01,2.650036277808600627e-01,1.397117722821503705e+00,9.936154087597146578e-01,1.344660765743961228e+01,5.078872590937050013e+00,5.874014460352983136e-02,3.399999999999999911e+00,1.582296545870095050e+00,4.872004518399498885e+00,1.880893101022169889e+00,1.397792083578788151e+02,1.194686294252863767e+00,1.420107093984962319e+02,4.612298428322033850e+00,-1.776356839400250465e-15,3.826622243024162707e-06,-1.536413494106951896e-02,1.000000000000000056e-01,1.058740144603529831e+00,1.058740144603529831e+00,9.168162526318925920e-01,4.886355560526124964e-01,5.604708953638699587e-01,9.751066907181072940e-01,8.815039640273004684e-01,9.250624375631799623e-01,9.250624375631799623e-01,9.250624375631799623e-01,8.810805727693795664e-01,8.509243923970659373e-02,8.509243923970659296e+01,5.688003106574774392e+01,9.953097864537974182e-01,1.000431370574713430e+00,9.619639026483407518e-01,6.845631473262479894e+00,8.518571528424839778e-01,1.030382924714978721e+00,3.616045593469437436e-01,1.604194724265479266e+00,1.089531872467433971e+01,-1.528765892661450472e-02,1.798471234107338645e+01,5.688003106574772971e+01,-1.421085471520200372e-14,7.770158202096666855e+01,1.000000000000000056e-01,7.980739050356688846e-01,7.980739050356688846e-01,2.490075639104325944e+00,2.595283311821596772e+00,2.716002941653900660e+00,1.208403766087917042e+01,5.311286253475497432e+00,6.772751407403672985e+00,8.620633191339924228e-02,2.999999999999999737e-04,2.259273025495747156e-01,-4.309344886633129437e-04,6.295355284323095546e+00,1.056438000746819039e+00,1.042912585742935327e+00,1.145471634147055440e+00,1.042912585742935327e+00,1.707908334556857000e+01,3.415816669113714248e+07,6.639531975250434925e+01,1.327906395050087124e+08,7.225642012560060223e+00,9.070004511063298480e+01,3.009160000582626893e+00,8.695297696454534986e+00,1.214250751870997513e+00,8.566873580513525432e-01,3.583857358877645116e-01,1.388197697246730034e+00,7.400025888123109574e-01,1.181838466110045838e+00,4.254621961985329648e+01,1.010709398496231870e+00,1.260000000000000009e-01,1.684660765743961264e+01,9.320706303873257381e-01,1.136598822615454418e+00,1.020733260083749760e+00,1.307027530523270586e+00,1.307027530523270761e-05,1.689689754825687032e-05,4.612298428322035626e+00,1.311180892175471291e+00,6.390379910557213439e-01,9.882587892140808350e-01,2.540152089069574348e+00
2.280000000000000000e+03,1.583333333333333259e+00,1.992662702330142110e+03,1.403020386487095728e+01,6.232906161884387508e+00,4.943567355127516785e+05,2.725814885327130899e+00,1.438209995595987500e+00,4.630235166118938039e+00,4.063037629037989928e-01,4.887693324353432622e+00,1.615424064827973405e+00,1.612569764117031790e+00,3.671843774025896900e-01,2.178532332986846853e+01,-8.731464455798112922e+00,1.307262362755818419e+00,1.062670260981450454e+00,7.955496146699856386e-01,2.656675652453626135e-01,1.399615002237054817e+00,9.936465216948980883e-01,1.347564627306973684e+01,5.113407002072074548e+00,6.121717991534825209e-02,3.399999999999999911e+00,1.586083868027269750e+00,4.866599655064933749e+00,1.913341978081049666e+00,1.413049410148517211e+02,1.193498708621410387e+00,1.420266392079591924e+02,4.590882202252142719e+00,0.000000000000000000e+00,3.998829742275243613e-06,-1.549367145755083455e-02,1.000000000000000056e-01,1.061217179915348252e+00,1.061217179915348252e+00,9.186836741703352516e-01,4.902295625051830696e-01,5.606803307921237600e-01,9.752120278525915342e-01,8.815369305528220067e-01,9.250624375631799623e-01,9.250624375631799623e-01,9.250624375631799623e-01,8.812816495202905331e-01,8.454335184014233340e-02,8.454335184014233562e+01,5.680915445842369138e+01,9.959583123500707069e-01,1.000550129137858901e+00,9.631812806473036837e-01,6.817962224916429115e+00,8.571089217585849962e-01,1.030850196802372887e+00,3.677833531106971532e-01,1.620956482436059831e+00,1.082501303971092455e+01,-1.585858128723138458e-02,1.798414141871277039e+01,5.680915445842369849e+01,7.105427357601001859e-15,7.747410412653856326e+01,1.000000000000000056e-01,7.941847881377337437e-01,7.941847881377337437e-01,2.470418695906840600e+00,2.586005341020897408e+00,2.689085226357026404e+00,1.200740812923144851e+01,5.275090567377923811e+00,6.732317561853524701e+00,8.577530544437797499e-02,2.999999999999999737e-04,2.186665304501858031e-01,-3.777582012332702383e-04,6.336787931249127759e+00,1.059884268561496645e+00,1.045057984584134569e+00,1.147424414481598376e+00,1.045057984584134569e+00,1.699328813654184955e+01,3.398657627308370173e+07,6.650850935131526853e+01,1.330170187026305348e+08,7.199907684602452562e+00,9.070170517245956887e+01,2.989849920545375461e+00,8.800483150858536163e+00,1.215195277012738995e+00,8.541637004423440205e-01,3.606737845328232828e-01,1.390722578684846500e+00,7.340962048686413555e-01,1.180104584735390816e+00,4.227167592007116070e+01,1.026639207959192390e+00,1.260000000000000009e-01,1.687564627306973719e+01,9.260894401316843716e-01,1.150348054419283894e+00,1.021527254426084053e+00,1.307262362755818419e+00,1.307262362755818481e-05,1.707145336983342842e-05,4.590882202252142719e+00,1.312117621711927029e+00,6.402283016969034790e-01,9.871384989624338857e-01,2.564828891260870325e+00
2.340000000000000000e+03,1.625000000000000000e+00,1.987303384349308999e+03,1.399100728458808618e+01,6.269961064810224194e+00,4.943301033550840802e+05,2.742031540345437612e+00,1.446774466137601856e+00,4.659999239896673195e+00,4.087261815348293692e-01,4.917669976732267578e+00,1.625331602479703541e+00,1.628748361276596279e+00,3.729533847428970206e-01,2.456888735684944081e+01,-9.663140348280570890e+00,1.307507128644905148e+00,1.065134391310958328e+00,7.972120486965168507e-01,2.662835978277395821e-01,1.401905168448599248e+00,9.936749055909752659e-01,1.350205084587127047e+01,5.144767976257763387e+00,6.349564652425643274e-02,3.399999999999999911e+00,1.589556978858493119e+00,4.861655445747135040e+00,1.943403398433815266e+00,1.427226258606215197e+02,1.192418919525549903e+00,1.420414802112525479e+02,4.571252799844867098e+00,1.776356839400250465e-15,4.157957576389844471e-06,-1.555109573474040136e-02,1.000000000000000056e-01,1.063495646524256433e+00,1.063495646524256433e+00,9.204018573741622466e-01,4.916999237322106642e-01,5.608717586040621317e-01,9.753073488864145713e-01,8.815672834678782710e-01,9.250624375631799623e-01,9.250624375631799623e-01,9.250624375631799623e-01,8.814660258515411018e-01,8.403792324937960079e-02,8.403792324937960245e+01,5.674391804533109962e+01,9.965550387991845005e-01,1.000658108047444816e+00,9.643007980671023383e-01,6.792551765277035969e+00,8.618681551238429606e-01,1.031277678694583200e+00,3.735089845038482292e-01,1.636550316869201938e+00,1.076029747111134327e+01,-1.637942578024601317e-02,1.798362057421975280e+01,5.674391804533109962e+01,0.000000000000000000e+00,7.726354725230933695e+01,1.000000000000000056e-01,7.906368011280973107e-01,7.906368011280973107e-01,2.452333499664751670e+00,2.577401105346136756e+00,2.664416070020844796e+00,1.193687101222151270e+01,5.241817175366981552e+00,6.695053836854531149e+00,8.537835054147419056e-02,2.999999999999999737e-04,2.120825703560931252e-01,-3.295691371492095664e-04,6.374460415890395026e+00,1.063063213392292816e+00,1.047003377020775394e+00,1.149195120518410773e+00,1.047003377020775394e+00,1.691222704704628299e+01,3.382445409409256279e+07,6.661114532238354968e+01,1.332222906447670907e+08,7.175570379552405065e+00,9.069894274898223330e+01,2.972533302981958059e+00,8.896528015980059934e+00,1.216061213090307458e+00,8.518682237139565405e-01,3.627565940640069542e-01,1.393037985905662079e+00,7.286598371109250794e-01,1.178458725402483420e+00,4.201896162468979412e+01,1.041480211252547861e+00,1.260000000000000009e-01,1.690205084587126905e+01,9.207257138275377617e-01,1.162902481470113436e+00,1.022255184595465272e+00,1.307507128644905148e+00,1.307507128644905176e-05,1.723302886283889623e-05,4.571252799844865322e+00,1.312969382124879569e+00,6.413068058859067166e-01,9.860950069125493656e-01,2.587883692338650565e+00
2.400000000000000000e+03,1.666666666666666741e+00,1.982321018151180397e+03,1.395456886240284611e+01,6.303778613045699863e+00,4.943031694063140312e+05,2.756831028269461026e+00,1.454590226099517825e+00,4.687081115223816319e+00,4.109367367029180262e-01,4.944996349238541811e+00,1.634363200172332720e+00,1.643815186891735669e+00,3.783107527786089275e-01,2.744805882081068305e+01,-1.059636693901870785e+01,1.307761080299374212e+00,1.067426157764812533e+00,7.987388328002613669e-01,2.668565394412031333e-01,1.404012070656739830e+00,9.937008705962201427e-01,1.352608167170638609e+01,5.173356280646378202e+00,6.559537224146438916e-02,3.399999999999999911e+00,1.592752025408806338e+00,4.857120736566813868e+00,1.971319828940111929e+00,1.440428893011270475e+02,1.191434174247294031e+00,1.420553395592218351e+02,4.553218924974018478e+00,8.881784197001252323e-16,4.305207798834663303e-06,-1.554696225234644680e-02,1.000000000000000056e-01,1.065595372241464389e+00,1.065595372241464389e+00,9.219873674377812023e-01,4.930600778496879166e-01,5.610473325541525114e-01,9.753939654214509591e-01,8.815953139730559052e-01,9.250624375631799623e-01,9.250624375631799623e-01,9.250624375631799623e-01,8.816356250960829533e-01,8.357127288932246489e-02,8.357127288932245790e+01,5.668369122128035542e+01,9.971057694560460094e-01,1.000756582575270448e+00,9.653334024417774550e-01,6.769157814428966802e+00,8.661984460555347543e-01,1.031670122149762836e+00,3.788272979052153544e-01,1.651088837872631832e+00,1.070054710490684613e+01,-1.685588362649010491e-02,1.798314411637350929e+01,5.668369122128035542e+01,0.000000000000000000e+00,7.706815539326937881e+01,1.000000000000000056e-01,7.873911754724836065e-01,7.873911754724836065e-01,2.435643582476659130e+00,2.569402320818178875e+00,2.641732054578312283e+00,1.187174554768909296e+01,5.211134375396491158e+00,6.660611172292601800e+00,8.501168561399506662e-02,2.999999999999999737e-04,2.060884721016531529e-01,-2.857233653834863676e-04,6.408841589929794580e+00,1.066003888664029509e+00,1.048774444778212800e+00,1.150807135049900287e+00,1.048774444778212800e+00,1.683560685439433513e+01,3.367121370878867060e+07,6.670458300959752762e+01,1.334091660191950649e+08,7.152548348104764919e+00,9.069273821209662856e+01,2.956926050579792520e+00,8.984514521177576540e+00,1.216857626378514912e+00,8.497720645839977882e-01,3.646594276432416071e-01,1.395168016939204225e+00,7.236409351066960260e-01,1.176895704511758067e+00,4.178563644466122895e+01,1.055339559221835088e+00,1.260000000000000009e-01,1.692608167170638467e+01,9.158914539070669436e-01,1.174403566505341390e+00,1.022924671956945808e+00,1.307761080299374212e+00,1.307761080299374325e-05,1.738281860182840655e-05,4.553218924974017590e+00,1.313744570055044525e+00,6.422879580480910233e-01,9.851207333232228081e-01,2.609463353483397974e+00
2.460000000000000000e+03,1.708333333333333259e+00,1.977682450776494534e+03,1.392064457014311429e+01,6.334746472481909585e+00,4.942761328234196990e+05,2.770383099151566775e+00,1.461746990494701803e+00,4.711813099341544131e+00,4.129608271156419153e-01,4.969994065900340097e+00,1.642625157373595490e+00,1.657875683496005115e+00,3.832967621296564098e-01,3.041509825059878480e+01,-1.152772719268779689e+01,1.308023537376969747e+00,1.069562250811219917e+00,8.001430010550999450e-01,2.673905627028049792e-01,1.405955996124520269e+00,9.937246807514305003e-01,1.354796504191197215e+01,5.199508391863618684e+00,6.753356375790486865e-02,3.399999999999999911e+00,1.595699760099097642e+00,4.852951820053378107e+00,1.997301165787686905e+00,1.452749709682378523e+02,1.190533686257642110e+00,1.420683101857375163e+02,4.536616233249251451e+00,8.881784197001252323e-16,4.441636352023137243e-06,-1.549026395503642212e-02,1.000000000000000056e-01,1.067533563757904869e+00,1.067533563757904869e+00,9.234543639954709837e-01,4.943215362432701876e-01,5.612088731099033057e-01,9.754729709159440931e-01,8.816212705399850691e-01,9.250624375631799623e-01,9.250624375631799623e-01,9.250624375631799623e-01,8.817920832675604226e-01,8.313923848899051894e-02,8.313923848899051450e+01,5.662793619989614768e+01,9.976154526640064191e-01,1.000846631374235685e+00,9.662884456125525601e-01,6.747572315136057597e+00,8.701528965740781274e-01,1.032031538392035763e+00,3.837780044834859239e-01,1.664670224789617903e+00,1.064522899987074567e+01,-1.729279997459972490e-02,1.798270720002540202e+01,5.662793619989614768e+01,0.000000000000000000e+00,7.688641332967867470e+01,1.000000000000000056e-01,7.844149060711919086e-01,7.844149060711919086e-01,2.420198513518466044e+00,2.561949859546497343e+00,2.620810088597226972e+00,1.181145112225991234e+01,5.182759948143724316e+00,6.628691174116188023e+00,8.467208123880637372e-02,2.999999999999999737e-04,2.006115750787609286e-01,-2.456831872146370346e-04,6.440325580356608626e+00,1.068731182179276429e+00,1.050392674714325292e+00,1.152280020877021194e+00,1.050392674714325292e+00,1.676314760902756973e+01,3.352629521805513650e+07,6.678995633752235506e+01,1.335799126750447154e+08,7.130762248230333000e+00,9.068386619478025068e+01,2.942795364700715233e+00,9.065362751243991823e+00,1.217592226879130823e+00,8.478510738010885950e-01,3.664035869590968608e-01,1.397133173399398354e+00,7.189946833246787516e-01,1.175410638125519824e+00,4.156961924449525725e+01,1.068310185737516349e+00,1.260000000000000009e-01,1.694796504191197073e+01,9.115145522825049973e-01,1.184971577666305009e+00,1.023542197754395477e+00,1.308023537376969747e+00,1.308023537376969802e-05,1.752187172579283526e-05,4.536616233249250563e+00,1.314450485222966813e+00,6.431838387509569710e-01,9.842091065742568645e-01,2.629696988894588916e+00
2.520000000000000000e+03,1.750000000000000000e+00,1.973358532348472181e+03,1.388901999388973785e+01,6.363193171749968791e+00,4.942491583980387659e+05,2.782831598438715748e+00,1.468320776455517063e+00,4.734474842043428389e+00,4.148199710279842356e-01,4.992934674210058432e+00,1.650207222832175136e+00,1.671021974943320609e+00,3.879464816314862619e-01,3.346299709439566783e+01,-1.245430367772392621e+01,1.308293879070982602e+00,1.071557216059212392e+00,8.014359301382130152e-01,2.678893040148030980e-01,1.407754313592586293e+00,9.937465623349936994e-01,1.356789875035178206e+01,5.223508397465079334e+00,6.932523415301616865e-02,3.399999999999999911e+00,1.598426514617337091e+00,4.849111112911208110e+00,2.021530147347539330e+00,1.464269434154851979e+02,1.189708267409056219e+00,1.420804731519301640e+02,4.521302681958056624e+00,0.000000000000000000e+00,4.568175018581903542e-06,-1.538870000459304291e-02,1.000000000000000056e-01,1.069325234153016169e+00,1.069325234153016169e+00,9.248150238245571586e-01,4.954942188507698297e-01,5.613579290255363841e-01,9.755452827640684887e-01,8.816453665659922390e-01,9.250624375631799623e-01,9.250624375631799623e-01,9.250624375631799623e-01,8.819368009754453563e-01,8.273824704559938625e-02,8.273824704559937970e+01,5.657619133821661705e+01,9.980883342401510872e-01,1.000929173259094362e+00,9.671739645442716249e-01,6.727615513214814769e+00,8.737761908223512508e-01,1.032365337394532956e+00,3.883956953625911090e-01,1.677380471837763398e+00,1.059388566524960140e+01,-1.769432703298584597e-02,1.798230567296701565e+01,5.657619133821661705e+01,0.000000000000000000e+00,7.671700612715827106e+01,1.000000000000000056e-01,7.816797081257823576e-01,7.816797081257823576e-01,2.405869225543902257e+00,2.554992238334029775e+00,2.601459928272434663e+00,1.175548928800004944e+01,5.156452166606464438e+00,6.599037121393585004e+00,8.435676184004017863e-02,2.999999999999999737e-04,1.955907027285324062e-01,-2.089961426640927003e-04,6.469246391279134478e+00,1.071266541004543882e+00,1.051876152711812784e+00,1.153630243898711605e+00,1.051876152711812784e+00,1.669458453181109192e+01,3.338916906362218037e+07,6.686821972405229531e+01,1.337364394481045902e+08,7.110136091343633780e+00,9.067294034720701745e+01,2.929948928116536511e+00,9.139859323667613111e+00,1.218271613667120779e+00,8.460849050818430861e-01,3.680071748068436954e-01,1.398951009744891394e+00,7.146826115180512362e-01,1.173998944417971035e+00,4.136912352279968985e+01,1.080473151930164022e+00,1.260000000000000009e-01,1.696789875035178241e+01,9.075354397584358690e-01,1.194709337023307727e+00,1.024113309355433543e+00,1.308293879070982602e+00,1.308293879070982719e-05,1.765111380929173073e-05,4.521302681958056624e+00,1.315093508075863893e+00,6.440046061751067974e-01,9.833543965980755530e-01,2.648698619279794109e+00
2.580000000000000000e+03,1.791666666666666741e+00,1.969323500095975760e+03,1.385950576227713604e+01,6.389399001004981038e+00,4.942223819771140697e+05,2.794299250629073139e+00,1.474376439658771965e+00,4.755303467852504795e+00,4.165325273220710223e-01,5.014049499777372354e+00,1.657185851621411077e+00,1.683334918627691357e+00,3.922905928187156444e-01,3.658538688486869006e+01,-1.337360802850977670e+01,1.308571537254473061e+00,1.073423794062649206e+00,8.026276002417661593e-01,2.683559485156623015e-01,1.409421982264284390e+00,9.937667104533068896e-01,1.358605655344926433e+01,5.245598305677091844e+00,7.098354875742840520e-02,3.399999999999999911e+00,1.600954970433035252e+00,4.845566106881023849e+00,2.044166650432920118e+00,1.475058919482898432e+02,1.188950039888067245e+00,1.420918995146341501e+02,4.507154815376901880e+00,-8.881784197001252323e-16,4.685649517804198942e-06,-1.524888991687130442e-02,1.000000000000000056e-01,1.070983548757428405e+00,1.070983548757428405e+00,9.260798787675103005e-01,4.965867221596156900e-01,5.614958274054355769e-01,9.756116778632816233e-01,8.816677864532385112e-01,9.250624375631799623e-01,9.250624375631799623e-01,9.250624375631799623e-01,8.820709844899849994e-01,8.236521243893138444e-02,8.236521243893137978e+01,5.652805790620357129e+01,9.985280787799428737e-01,1.001004996011193082e+00,9.679969061270378150e-01,6.709131231888688873e+00,8.771061892484827149e-01,1.032674436989186484e+00,3.927106511028166103e-01,1.689295312094152735e+00,1.054612195120760276e+01,-1.806404500403185898e-02,1.798193595499596853e+01,5.652805790620357129e+01,0.000000000000000000e+00,7.655878658914322443e+01,1.000000000000000056e-01,7.791611933366405784e-01,7.791611933366405784e-01,2.392544298639175615e+00,2.548484381406006971e+00,2.583518283350822120e+00,1.170342948937413219e+01,5.132002664756829091e+00,6.571426824617303097e+00,8.406332744936031998e-02,2.999999999999999737e-04,1.909739847116465050e-01,-1.752788677297405576e-04,6.495888984355064011e+00,1.073628550885139088e+00,1.053240242530782966e+00,1.154871791349542764e+00,1.053240242530782966e+00,1.662966953911886492e+01,3.325933907823772728e+07,6.694018391550713432e+01,1.338803678310142606e+08,7.090598088374736818e+00,9.066045154300073250e+01,2.918226209966320983e+00,9.208680447721588891e+00,1.218901468909572738e+00,8.444562682641282292e-01,3.694856330920068821e-01,1.400636646955356834e+00,7.106714921836306820e-01,1.172656335322667553e+00,4.118260621946568989e+01,1.091899514634150137e+00,1.260000000000000009e-01,1.698605655344926291e+01,9.039043927905083819e-01,1.203705234725891859e+00,1.024642783349184905e+00,1.308571537254473061e+00,1.308571537254473133e-05,1.777136489034893027e-05,4.507154815376902768e+00,1.315679243659653608e+00,6.447588809238066210e-01,9.825515821608874489e-01,2.666569360882226292e+00
2.640000000000000000e+03,1.833333333333333259e+00,1.965554469542335710e+03,1.383193377014533176e+01,6.413604004565801375e+00,4.941959150170056382e+05,2.804891150733596739e+00,1.479969513636691492e+00,4.774501420635058224e+00,4.181142140654620087e-01,5.033536546643610166e+00,1.663626485754999829e+00,1.694885879805245521e+00,3.963560797749046127e-01,3.977646167675998612e+01,-1.428352121382077833e+01,1.308855990556689441e+00,1.075173199647946110e+00,8.037268097421197410e-01,2.687932999119865274e-01,1.410971960201955255e+00,9.937852943233284053e-01,1.360259184257982668e+01,5.265985264367611940e+00,7.252010965410615739e-02,3.399999999999999911e+00,1.603304777126895564e+00,4.842288523671624212e+00,2.065351285001641557e+00,1.485180701027976795e+02,1.188252207299307805e+00,1.421026518927355937e+02,4.494064751093128862e+00,1.776356839400250465e-15,4.794794697214930330e-06,-1.507654743769107353e-02,1.000000000000000056e-01,1.072520109654106157e+00,1.072520109654106157e+00,9.272580915855114236e-01,4.976065425812443155e-01,5.616237118700334596e-01,9.756728176500591987e-01,8.816886904694860583e-01,9.250624375631799623e-01,9.250624375631799623e-01,9.250624375631799623e-01,8.821956786890239322e-01,8.201745359366242882e-02,8.201745359366242383e+01,5.648318951123233944e+01,9.989378697781299277e-01,1.001074779270069159e+00,9.687633092436084281e-01,6.691983040325179211e+00,8.801751897177007011e-01,1.032961351240471615e+00,3.967495166091303260e-01,1.700481724367826519e+00,1.050159457025127097e+01,-1.840505901892636534e-02,1.798159494098107203e+01,5.648318951123233944e+01,0.000000000000000000e+00,7.641074867696156048e+01,1.000000000000000056e-01,7.768382095839532209e-01,7.768382095839532209e-01,2.380126973651895739e+00,2.542386660438859192e+00,2.566844113036678809e+00,1.165489765714880832e+01,5.109230773475538001e+00,6.545666883673270320e+00,8.378969104641545429e-02,2.999999999999999737e-04,1.867171393847830707e-01,-1.442043243574621034e-04,6.520497404641898420e+00,1.075833419184224038e+00,1.054498061990013280e+00,1.156016605469543324e+00,1.054498061990013280e+00,1.656817090735766840e+01,3.313634181471533701e+07,6.700654112356774306e+01,1.340130822471354753e+08,7.072080719460069886e+00,9.064679275038548667e+01,2.907492312285280711e+00,9.272410445313250094e+00,1.219486713484682516e+00,8.429503831136553327e-01,3.708522300198708876e-01,1.402203184751263709e+00,7.069324592693617682e-01,1.171378803819888681e+00,4.100872679683121191e+01,1.102651892735593719e+00,1.260000000000000009e-01,1.700259184257982525e+01,9.005796274818697045e-01,1.212035649940715665e+00,1.025134756363966115e+00,1.308855990556689441e+00,1.308855990556689465e-05,1.788335460278182498e-05,4.494064751093127086e+00,1.316212640083220364e+00,6.454540164342630337e-01,9.817962396841704020e-01,2.683399266815479134e+00
2.700000000000000000e+03,1.875000000000000000e+00,1.962031018022077888e+03,1.380615408933774013e+01,6.436015421269103420e+00,4.941698483817677479e+05,2.814698027078207154e+00,1.485147937464899037e+00,4.792242391406889013e+00,4.195785987064607481e-01,5.051566076737781685e+00,1.669585398243827568e+00,1.705738106491229589e+00,4.001667918868334062e-01,4.303091229148472507e+01,-1.518224331665932070e+01,1.309146759282507677e+00,1.076815350059280307e+00,8.047413506946182737e-01,2.692038375148200768e-01,1.412415531933421509e+00,9.938024615058848044e-01,1.361764064866740576e+01,5.284847398161532261e+00,7.394518820943840609e-02,3.399999999999999911e+00,1.605493048456866800e+00,4.839253635120139840e+00,2.085208326583073202e+00,1.494690201242266596e+02,1.187608872482046607e+00,1.421127857422163174e+02,4.481937742021465887e+00,8.881784197001252323e-16,4.896267131058986015e-06,-1.487662152961604679e-02,1.000000000000000056e-01,1.073945188209438406e+00,1.073945188209438406e+00,9.283576740591497067e-01,4.985602494259390727e-01,5.617425731559695379e-01,9.757292681263748380e-01,8.817082186523971243e-01,9.250624375631799623e-01,9.250624375631799623e-01,9.250624375631799623e-01,8.823117934854737276e-01,8.169262878403128758e-02,8.169262878403128525e+01,5.644128360871653172e+01,9.993204870760871161e-01,1.001139112751795235e+00,9.694784499317659066e-01,6.676051155749296306e+00,8.830109202750398012e-01,1.033228258585224602e+00,4.005358506517906481e-01,1.710999182221815351e+00,1.046000368553537641e+01,-1.872007681883773589e-02,1.798127992318116242e+01,5.644128360871653882e+01,7.105427357601001859e-15,7.627200590342110331e+01,1.000000000000000056e-01,7.746923117643934598e-01,7.746923117643934598e-01,2.368532777455815364e+00,2.536664070633924961e+00,2.551314911955912645e+00,1.160956705110345233e+01,5.087978982589837607e+00,6.521588068513614722e+00,8.353402815731295061e-02,2.999999999999999737e-04,1.827821345000972819e-01,-1.154917477450279062e-04,6.543282344956922181e+00,1.077895348857224267e+00,1.055660865755941202e+00,1.157074932101047837e+00,1.055660865755941202e+00,1.650987264771393725e+01,3.301974529542787746e+07,6.706788523110093081e+01,1.341357704622018486e+08,7.054520680606477967e+00,9.063227855942133715e+01,2.897633165153897128e+00,9.331556719026833591e+00,1.220031631779480819e+00,8.415545445369643218e-01,3.721184420054936548e-01,1.403662032304577867e+00,7.034403007263780871e-01,1.170162608857401754e+00,4.084631439201564262e+01,1.112785742216317431e+00,1.260000000000000009e-01,1.701764064866740611e+01,8.975258113072392963e-01,1.219766907387181520e+00,1.025592829975756404e+00,1.309146759282507677e+00,1.309146759282507796e-05,1.798773472388406398e-05,4.481937742021464999e+00,1.316698085440884070e+00,6.460963160917485570e-01,9.810844527741338084e-01,2.699268854799131923e+00
2.760000000000000000e+03,1.916666666666666741e+00,1.958734843082713496e+03,1.378203243883907803e+01,6.456812985240238056e+00,4.941442554951203056e+05,2.823798567175157981e+00,1.489953288671063802e+00,4.808676357452135619e+00,4.209374485527021537e-01,5.068285715728992891e+00,1.675111380622318347e+00,1.715947869828963634e+00,4.037438904965006681e-01,4.634387035969567137e+01,-1.606825118743958569e+01,1.309443401035911503e+00,1.078359051714941952e+00,8.056781526332147392e-01,2.695897629287354880e-01,1.413762572553504349e+00,9.938183413154341173e-01,1.363132410626341695e+01,5.302339150081357921e+00,7.526791556195022714e-02,3.399999999999999911e+00,1.607534762303447273e+00,4.836439713763576620e+00,2.103848043713814508e+00,1.503636728941823435e+02,1.187014891658474625e+00,1.421223503699506807e+02,4.470690196550503259e+00,-1.776356839400250465e-15,4.990655566198394061e-06,-1.465341125880235094e-02,1.000000000000000056e-01,1.075267915561950227e+00,1.075267915561950227e+00,9.293856647248908143e-01,4.994536259424596780e-01,5.618532748178618474e-01,9.757815177629204362e-01,8.817264939740474539e-01,9.250624375631799623e-01,9.250624375631799623e-01,9.250624375631799623e-01,8.824201251307051130e-01,8.138868243569058469e-02,8.138868243569058336e+01,5.640207462799610028e+01,9.996783696941929920e-01,1.001198510834152344e+00,9.701469597916290155e-01,6.661229928927122401e+00,8.856373161417900874e-01,1.033477056549521267e+00,4.040905655904777904e-01,1.720900746998251574e+00,1.042108609932017771e+01,-1.901147132406738605e-02,1.798098852867593322e+01,5.640207462799610738e+01,7.105427357601001859e-15,7.614177371614611900e+01,1.000000000000000056e-01,7.727073355707310132e-01,7.727073355707310132e-01,2.357687593555545025e+00,2.531285546975102996e+00,2.536823713816856340e+00,1.156715084127386817e+01,5.068109260791959336e+00,6.499041580481908831e+00,8.329473595276579156e-02,2.999999999999999737e-04,1.791361202613113157e-01,-8.889877850335251019e-05,6.564426534994241891e+00,1.079826843381797019e+00,1.056738391661690590e+00,1.158055636040428382e+00,1.056738391661690590e+00,1.645457425457039591e+01,3.290914850914078951e+07,6.712473007098751054e+01,1.342494601419750154e+08,7.037858988601326082e+00,9.061716331415922809e+01,2.888551433347906539e+00,9.386561963100314543e+00,1.220539972270247908e+00,8.402577495410157304e-01,3.732942175663823692e-01,1.405023174868964775e+00,7.001728856663421707e-01,1.169004258341960867e+00,4.069434121784529168e+01,1.122350369950680715e+00,1.260000000000000009e-01,1.703132410626341553e+01,8.947127952204312340e-01,1.226956873485419486e+00,1.026020155258918765e+00,1.309443401035911503e+00,1.309443401035911557e-05,1.808508957655750963e-05,4.470690196550505036e+00,1.317139487298819800e+00,6.466912288901047745e-01,9.804127402888855869e-01,2.714250373614772283e+00
2.820000000000000000e+03,1.958333333333333259e+00,1.955649481205795155e+03,1.375944810088154036e+01,6.476153028201050432e+00,4.941191949741147691e+05,2.832261207053968999e+00,1.494421723804811863e+00,4.823933450299529468e+00,4.222009951408240980e-01,5.083823771516399859e+00,1.680246839738438247e+00,1.725565442540013761e+00,4.071062217381990478e-01,4.971086060447279209e+01,-1.694026267062437796e+01,1.309745506944369753e+00,1.079812154000582725e+00,8.065434010981187285e-01,2.699530385001456811e-01,1.415021762143029438e+00,9.938330475863703661e-01,1.364375048632268062e+01,5.318594753285028176e+00,7.649643959826435413e-02,3.399999999999999911e+00,1.609443085407464613e+00,4.833827585703692087e+00,2.121368640735025402e+00,1.512064336694875522e+02,1.186465756770399338e+00,1.421313897815785765e+02,4.460248060071767995e+00,-2.664535259100375697e-15,5.078489625344604884e-06,-1.441065999397866254e-02,1.000000000000000056e-01,1.076496439598264354e+00,1.076496439598264354e+00,9.303482747769851180e-01,5.002917874816792398e-01,5.619565725378132814e-01,9.758299893352733179e-01,8.817436248928007814e-01,9.250624375631799623e-01,9.250624375631799623e-01,9.250624375631799623e-01,8.825213735094414869e-01,8.110380222827125174e-02,8.110380222827124896e+01,5.636532842894627748e+01,1.000013668123344468e+00,1.001253424322960051e+00,9.707729223725483081e-01,6.647425789531965279e+00,8.880751448957000527e-01,1.033709406688297250e+00,4.074322937236065090e-01,1.730233895556249513e+00,1.038460976034203043e+01,-1.928133139574714564e-02,1.798071866860425416e+01,5.636532842894628459e+01,7.105427357601001859e-15,7.601935504296798740e+01,1.000000000000000056e-01,7.708690517037026790e-01,7.708690517037026790e-01,2.347526100191754672e+00,2.526223435573459408e+00,2.523276673732192332e+00,1.152739612727448204e+01,5.049500109305651740e+00,6.477896017968830300e+00,8.307040023396487782e-02,2.999999999999999737e-04,1.757505735404376601e-01,-6.421513212102707147e-05,6.584088912004401273e+00,1.081638962229531264e+00,1.057739087450726867e+00,1.158966407520513942e+00,1.057739087450726867e+00,1.640208955343396369e+01,3.280417910686792433e+07,6.717752139452541371e+01,1.343550427890508175e+08,7.022040672585862175e+00,9.060165162054522625e+01,2.880163728930190903e+00,9.437814015510726406e+00,1.221015029162104693e+00,8.390504332233332807e-01,3.743882416687384085e-01,1.406295390271643075e+00,6.971107024121905305e-01,1.167900494899433816e+00,4.055190111413562448e+01,1.131389781578576503e+00,1.260000000000000009e-01,1.704375048632267919e+01,8.921147502701430865e-01,1.233656244163671367e+00,1.026419501414729707e+00,1.309745506944369753e+00,1.309745506944369780e-05,1.817594469478830269e-05,4.460248060071770659e+00,1.317540338268473388e+00,6.472434780454618952e-01,9.797779962037527213e-01,2.728408858012764782e+00
2.880000000000000000e+03,2.000000000000000000e+00,1.952760068689303125e+03,1.373829214951467570e+01,6.494172572336637472e+00,4.940947128834557952e+05,2.840145928935261743e+00,1.498584932397699854e+00,4.838127066597808223e+00,4.233782056746697720e-01,5.098292266530455308e+00,1.685028799954964907e+00,1.734635885344625095e+00,4.102706374357303343e-01,5.312775921313030381e+01,-1.779720563089875540e+01,1.310052698336638954e+00,1.081181679160210685e+00,8.073426378306421958e-01,2.702954197900526712e-01,1.416200763179351618e+00,9.938466809621567810e-01,1.365501691589716771e+01,5.333731403398832782e+00,7.763805762069475591e-02,3.399999999999999911e+00,1.611229642092808056e+00,4.831400259145542719e+00,2.137857929939034118e+00,1.520012509939869858e+02,1.185957498770438434e+00,1.421399434105269961e+02,4.450545462549572839e+00,1.776356839400250465e-15,5.160247278190883884e-06,-1.415163431644577037e-02,1.000000000000000056e-01,1.077638057620694756e+00,1.077638057620694756e+00,9.312510074462615473e-01,5.010792761591055244e-01,5.620531305824839619e-01,9.758750505265649799e-01,8.817597074768409593e-01,9.250624375631799623e-01,9.250624375631799623e-01,9.250624375631799623e-01,8.826161564488075317e-01,8.083638341455391674e-02,8.083638341455392151e+01,5.633083769136392505e+01,1.000328286152347257e+00,1.001304250122956097e+00,9.713599527289861202e-01,6.634555529970151966e+00,8.903425188154041603e-01,1.033926770394762773e+00,4.105777008213788992e-01,1.739041253906942197e+00,1.035036919520536713e+01,-1.953150384142697538e-02,1.798046849615857212e+01,5.633083769136393926e+01,1.421085471520200372e-14,7.590412814875234915e+01,1.000000000000000056e-01,7.691648797304068141e-01,7.691648797304068141e-01,2.337990482400318815e+00,2.521453021075560130e+00,2.510591090592977359e+00,1.149007896405635698e+01,5.032044111668537489e+00,6.458034852387819491e+00,8.285976792940079327e-02,2.999999999999999737e-04,1.726006081926585445e-01,-4.125741101428190977e-05,6.602408781875581667e+00,1.083341525527854454e+00,1.058670316004098222e+00,1.159813949083009943e+00,1.058670316004098222e+00,1.635224576641738281e+01,3.270449153283476457e+07,6.722664770317237526e+01,1.344532954063447416e+08,7.007014558810294780e+00,9.058590802840005551e+01,2.872398214080991163e+00,9.485654061440113693e+00,1.221459709917129377e+00,8.379242401031654630e-01,3.754081317021490949e-01,1.407486428061871964e+00,6.942364742803283084e-01,1.166848279618373896e+00,4.041819170727695365e+01,1.139943410526996104e+00,1.260000000000000009e-01,1.705501691589716629e+01,8.897094250899019174e-01,1.239909617167724187e+00,1.026793312537410463e+00,1.310052698336638954e+00,1.310052698336639037e-05,1.826077426155727425e-05,4.450545462549571063e+00,1.317903771480553710e+00,6.477571769960215331e-01,9.791774379375901560e-01,2.741803036199018440e+00
2.940000000000000000e+03,2.041666666666666519e+00,1.950053140470763992e+03,1.371846596284541775e+01,6.510992022740506258e+00,4.940708446351959719e+05,2.847505440966392243e+00,1.502470761182372438e+00,4.851356562023539709e+00,4.244769600792697162e-01,5.111789704397280865e+00,1.689489817555037243e+00,1.743199722813774555e+00,4.132522548511468052e-01,5.659075774343695997e+01,-1.863819133154327190e+01,1.310364623834666453e+00,1.082473931092977404e+00,8.080808447782458215e-01,2.706184827732443510e-01,1.417306366942252538e+00,9.938593307841881996e-01,1.366521082120884323e+01,5.347852152946347637e+00,7.869932755149022796e-02,3.399999999999999911e+00,1.612904736048094145e+00,4.829142616959527956e+00,2.153394685080549653e+00,1.527516759215568811e+02,1.185486608251511420e+00,1.421480467096113500e+02,4.441523594201659542e+00,-2.664535259100375697e-15,5.236361173152016195e-06,-1.387918987677974093e-02,1.000000000000000056e-01,1.078699327551490228e+00,1.078699327551490228e+00,9.320987579540641610e-01,5.018201406824556177e-01,5.621435358315238773e-01,9.759170234356854268e-01,8.817748271658961690e-01,9.250624375631799623e-01,9.250624375631799623e-01,9.250624375631799623e-01,8.827050215261713628e-01,8.058499924549744620e-02,8.058499924549744264e+01,5.629841809349886717e+01,1.000623915949999221e+00,1.001351339174848754e+00,9.719112639078959504e-01,6.622544879215969793e+00,8.924553049944049521e-01,1.034130438609585978e+00,4.135417423465400089e-01,1.747361244644078493e+00,1.031818172157457525e+01,-1.976362807570326494e-02,1.798023637192429547e+01,5.629841809349886717e+01,0.000000000000000000e+00,7.579553650242455376e+01,1.000000000000000056e-01,7.675836519764811516e-01,7.675836519764811516e-01,2.329029358801068650e+00,2.516952131529311298e+00,2.498693769223806260e+00,1.145500023684296664e+01,5.015645900753117559e+00,6.439354336089849085e+00,8.266172425812080837e-02,2.999999999999999737e-04,1.696644104227376104e-01,-1.986495175819360387e-05,6.619508556452847969e+00,1.084943286648545335e+00,1.059538541089401376e+00,1.160604144702181539e+00,1.059538541089401376e+00,1.630488281882400514e+01,3.260976563764800876e+07,6.727245005151337409e+01,1.345449001030267477e+08,6.992733148548196276e+00,9.057006601888558350e+01,2.865192528542497730e+00,9.530383448591193130e+00,1.221876590967854392e+00,8.368718256937092148e-01,3.763605793485203521e-01,1.408603157365396097e+00,6.915348411249058191e-01,1.165844775744742989e+00,4.029249962274871422e+01,1.148046709611350025e+00,1.260000000000000009e-01,1.706521082120884358e+01,8.874775039355147221e-01,1.245756382919396721e+00,1.027143754448455626e+00,1.310364623834666453e+00,1.310364623834666561e-05,1.834000741149868180e-05,4.441523594201662206e+00,1.318232607135769063e+00,6.482359340526642200e-01,9.786085644196820255e-01,2.754486099262710486e+00
3.000000000000000000e+03,2.083333333333333481e+00,1.947516457845933246e+03,1.369987994889749316e+01,6.526717521841891134e+00,4.940476166272750706e+05,2.854386204638258207e+00,1.506103754445281551e+00,4.863709348587673453e+00,4.255042029604761966e-01,5.124402855514182065e+00,1.693658570890249182e+00,1.751293532988524859e+00,4.160646813564788937e-01,6.009633138434688249e+01,-1.946249121953514916e+01,1.310680956775177819e+00,1.083694587946703036e+00,8.087625156566913276e-01,2.709236469866757591e-01,1.418344615890719140e+00,9.938710766713670930e-01,1.367441115798114559e+01,5.361047779381827638e+00,7.968616264336714217e-02,3.399999999999999911e+00,1.614477535729518465e+00,4.827041158710617452e+00,2.168049812106882079e+00,1.534609136827862415e+02,1.185049969461847930e+00,1.421557316641056445e+02,4.433129757277816552e+00,-1.776356839400250465e-15,5.307224100785509083e-06,-1.359582713465838297e-02,1.000000000000000056e-01,1.079686162643367142e+00,1.079686162643367142e+00,9.328958975726368008e-01,5.025180045727402067e-01,5.622283085262335112e-01,9.759561908295367738e-01,8.817890602359015340e-01,9.250624375631799623e-01,9.250624375631799623e-01,9.250624375631799623e-01,8.827884559385895669e-01,8.034837638350578182e-02,8.034837638350578004e+01,5.626790513495932089e+01,1.000902067871636492e+00,1.001395003053815014e+00,9.724297224730913403e-01,6.611327300455074329e+00,8.944274653424107990e-01,1.034321556768690087e+00,4.163378846278900092e-01,1.755228591811959227e+00,1.028788430006476062e+01,-1.997916510543641319e-02,1.798002083489456382e+01,5.626790513495932800e+01,7.105427357601001859e-15,7.569308019244259356e+01,1.000000000000000056e-01,7.661154160791163736e-01,7.661154160791163736e-01,2.320596888729048235e+00,2.512700819061004509e+00,2.487519662984007063e+00,1.142198223282021097e+01,5.000220482045011572e+00,6.421761750775199395e+00,8.247527372920647470e-02,2.999999999999999737e-04,1.669227742549588278e-01,1.036177188834183638e-07,6.635496147205922846e+00,1.086452079702823648e+00,1.060349448194202848e+00,1.161342169811223179e+00,1.060349448194202848e+00,1.625985215433365383e+01,3.251970430866730586e+07,6.731522842475233404e+01,1.346304568495046794e+08,6.979152266551897910e+00,9.055423284563788400e+01,2.858492378996360106e+00,9.572269322311234063e+00,1.222267964274272867e+00,8.358867146660260428e-01,3.772515008935929393e-01,1.409651690486345643e+00,6.889920945799440366e-01,1.164887333971791339e+00,4.017418819175289002e+01,1.155731664105644541e+00,1.260000000000000009e-01,1.707441115798114595e+01,8.854021697525703560e-01,1.251231461107211951e+00,1.027472753833759356e+00,1.310680956775177819e+00,1.310680956775177912e-05,1.841403366853728820e-05,4.433129757277818328e+00,1.318529392192940186e+00,6.486829207764371885e-01,9.780691197428037498e-01,2.766506366223306923e+00
3.060000000000000000e+03,2.125000000000000000e+00,1.945138865248377670e+03,1.368245248670838166e+01,6.541443171363406250e+00,4.940250476074751350e+05,2.860829409173270665e+00,1.509505670046125347e+00,4.875262579104740368e+00,4.264660900723784009e-01,5.136208389785007711e+00,1.697560400013622628e+00,1.758950418451775688e+00,4.187202013196658634e-01,6.364121171719511239e+01,-2.026951721700058329e+01,1.311001392975067237e+00,1.084848779221325943e+00,8.093917155944575503e-01,2.712121948053314857e-01,1.419320904756497637e+00,9.938819898242672313e-01,1.368268943782704916e+01,5.373398493225280070e+00,8.060391039978909156e-02,3.399999999999999911e+00,1.615956227527850952e+00,4.825083787257216983e+00,2.181887322992120293e+00,1.541318649636658904e+02,1.184644806021140973e+00,1.421630272159142692e+02,4.425316579512102777e+00,8.881784197001252323e-16,5.373193572547763972e-06,-1.330373775893559096e-02,1.000000000000000056e-01,1.080603910399789092e+00,1.080603910399789092e+00,9.336463423073577683e-01,5.031761208703600108e-01,5.623079114210781659e-01,9.759928017726092753e-01,8.818024750130696310e-01,9.250624375631799623e-01,9.250624375631799623e-01,9.250624375631799623e-01,8.828668946555093822e-01,8.012537453075317673e-02,8.012537453075317728e+01,5.623915150437150601e+01,1.001164094370052604e+00,1.001435519397885887e+00,9.729178942227809657e-01,6.600842994039514799e+00,8.962713343832734436e-01,1.034501144814455653e+00,4.189782880243312913e-01,1.762674758597252422e+00,1.025933092583267126e+01,-2.017942146115362517e-02,1.797982057853884541e+01,5.623915150437151311e+01,7.105427357601001859e-15,7.559630879187231756e+01,1.000000000000000056e-01,7.647512719666013092e-01,7.647512719666013092e-01,2.312652037301647034e+00,2.508681081299162674e+00,2.477010761469162770e+00,1.139086580010078720e+01,4.985691842768325444e+00,6.405173957332461754e+00,8.229952438299278916e-02,2.999999999999999737e-04,1.643587241675157351e-01,1.877319107330879117e-05,6.650467224219463347e+00,1.087874937816819543e+00,1.061108054233033116e+00,1.162032591190773401e+00,1.061108054233033116e+00,1.621701583387156376e+01,3.243403166774312779e+07,6.735524752858054853e+01,1.347104950571610928e+08,6.966230813225146257e+00,9.053849417567725766e+01,2.852250309073383061e+00,9.611549308992707097e+00,1.222635875777788650e+00,8.349631775981194437e-01,3.780861499607180987e-01,1.410637485018567228e+00,6.865959586976263518e-01,1.163973479251084076e+00,4.006268726537658154e+01,1.163027215914269163e+00,1.260000000000000009e-01,1.708268943782704952e+01,8.834687231937617957e-01,1.256365912873333324e+00,1.027782030569085459e+00,1.311001392975067237e+00,1.311001392975067350e-05,1.848320750229843747e-05,4.425316579512101889e+00,1.318796433478291785e+00,6.491009338753273017e-01,9.775570631157144419e-01,2.777907840624928237e+00
3.120000000000000000e+03,2.166666666666666519e+00,1.942910167823907614e+03,1.366610902164600461e+01,6.555252698938377698e+00,4.940031498315014178e+05,2.866871704007995181e+00,1.512695868506001684e+00,4.886084639523664563e+00,4.273680991965055909e-01,5.147274478927314156e+00,1.701217836255589866e+00,1.766200410831763490e+00,4.212299340980190654e-01,6.722236281885827225e+01,-2.105880460451000857e+01,1.311325648755000683e+00,1.085941151418416961e+00,8.099721319637949168e-01,2.714852878546042403e-01,1.420240065476620295e+00,9.938921341210645855e-01,1.369011060374637268e+01,5.384975614364178043e+00,8.145741981839904611e-02,3.399999999999999911e+00,1.617348144461197901e+00,4.823259628951886313e+00,2.194965159017056244e+00,1.547671613510896407e+02,1.184268635514952095e+00,1.421699596239497225e+02,4.418041348827907555e+00,1.776356839400250465e-15,5.434595759123314439e-06,-1.300484400761471419e-02,1.000000000000000056e-01,1.081457419818399046e+00,1.081457419818399046e+00,9.343536111481307582e-01,5.037974185289249007e-01,5.623827578743335609e-01,9.760270770429464449e-01,8.818151329009362716e-01,9.250624375631799623e-01,9.250624375631799623e-01,9.250624375631799623e-01,8.829407272679223873e-01,7.991496920489168931e-02,7.991496920489169042e+01,5.621202485385416026e+01,1.001411210197969304e+00,1.001473136448504775e+00,9.733780830001691475e-01,6.591038054399112056e+00,8.979978488710138596e-01,1.034670113973385153e+00,4.214739625919121102e-01,1.769728345160133109e+00,1.023239042316154723e+01,-2.036556930738644272e-02,1.797963443069261302e+01,5.621202485385416026e+01,0.000000000000000000e+00,7.550481530339374103e+01,1.000000000000000056e-01,7.634832348669227109e-01,7.634832348669227109e-01,2.305157952323509285e+00,2.504876620371386586e+00,2.467115152999664218e+00,1.136150794520863627e+01,4.971991773371050805e+00,6.389516171837585468e+00,8.213367445076086293e-02,2.999999999999999737e-04,1.619572006761549332e-01,3.625450859729654335e-05,6.664506910587350674e+00,1.089218193435762538e+00,1.061818814265475197e+00,1.162679464128077544e+00,1.061818814265475197e+00,1.617624589766746723e+01,3.235249179533493519e+07,6.739274242084256628e+01,1.347854848416851461e+08,6.953930621066588991e+00,9.052291893957662694e+01,2.846424564531710111e+00,9.648435477403152660e+00,1.222982157701018036e+00,8.340961182857199452e-01,3.788691956866407362e-01,1.411565429640798675e+00,6.843354044878465769e-01,1.163100897833401426e+00,3.995748460244583811e+01,1.169959623949722527e+00,1.260000000000000009e-01,1.709011060374637125e+01,8.816642311141178467e-01,1.261187458615603108e+00,1.028073124872186828e+00,1.311325648755000683e+00,1.311325648755000783e-05,1.854785224667332227e-05,4.418041348827905779e+00,1.319035825927302286e+00,6.494924551653616929e-01,9.770705433407798068e-01,2.788730689525171336e+00
3.180000000000000000e+03,2.208333333333333481e+00,1.940821024455198994e+03,1.365078127524980367e+01,6.568220678572757265e+00,4.939819300704475027e+05,2.872545730475472681e+00,1.515691592097496265e+00,4.896236385610513331e+00,4.282151084764269089e-01,5.157661910757809665e+00,1.704650970504685059e+00,1.773070837420566592e+00,4.236039714544529988e-01,7.083695993192776541e+01,-2.182999688456906995e+01,1.311653459163744317e+00,1.086975924931003812e+00,8.105071184707933751e-01,2.717439812327509530e-01,1.421106439525635201e+00,9.939015670517667989e-01,1.369673379013753411e+01,5.395842737796605171e+00,8.225109970354438360e-02,3.399999999999999911e+00,1.618659875787828550e+00,4.821558879892444693e+00,2.207335906824273497e+00,1.553691974585998423e+02,1.183919230995054583e+00,1.421765527790044246e+02,4.411265441729721459e+00,-4.440892098500626162e-15,5.491728946769791216e-06,-1.270083267912870684e-02,1.000000000000000056e-01,1.082251099703544384e+00,1.082251099703544384e+00,9.350208764261940253e-01,5.043845434698773778e-01,5.624532182759373056e-01,9.760592129409677575e-01,8.818270892524184834e-01,9.250624375631799623e-01,9.250624375631799623e-01,9.250624375631799623e-01,8.830103038212150368e-01,7.971623711692343850e-02,7.971623711692343761e+01,5.618640590964388082e+01,1.001644510166328716e+00,1.001508076900494482e+00,9.738123639235967133e-01,6.581863745885727646e+00,8.996167408598282345e-01,1.034829281309299409e+00,4.238349037956992138e-01,1.776415412081594702e+00,1.020694457322963444e+01,-2.053866358577205800e-02,1.797946133641422861e+01,5.618640590964386661e+01,-1.421085471520200372e-14,7.541823093488650898e+01,1.000000000000000056e-01,7.623041185291460353e-01,7.623041185291460353e-01,2.298081432572599336e+00,2.501272645973481534e+00,2.457786227571998605e+00,1.133377979379789657e+01,4.959058873545480139e+00,6.374720920252416434e+00,8.197700102082333684e-02,2.999999999999999737e-04,1.597047949993992688e-01,5.264611220660245922e-05,6.677691023215635902e+00,1.090487567084743814e+00,1.062485696049981554e+00,1.163286400295768575e+00,1.062485696049981554e+00,1.613742352249523293e+01,3.227484704499046504e+07,6.742792244601466223e+01,1.348558448920293152e+08,6.942216210695222323e+00,9.050756217920510949e+01,2.840978278054537398e+00,9.683117677840909820e+00,1.223308456048884718e+00,8.332809891129130397e-01,3.796048041240037141e-01,1.412439917191885774e+00,6.822004924703219952e-01,1.162267425324049697e+00,3.985811855846171881e+01,1.176552779004424565e+00,1.260000000000000009e-01,1.709673379013753447e+01,8.799772740666144122e-01,1.265720914462588276e+00,1.028347420420997249e+00,1.311653459163744317e+00,1.311653459163744346e-05,1.860826353840723467e-05,4.411265441729725900e+00,1.319249477101210655e+00,6.498596935766984828e-01,9.766078765240777670e-01,2.799011664715150616e+00
3.240000000000000000e+03,2.250000000000000000e+00,1.938862854978138330e+03,1.363640656015262387e+01,6.580413835313239090e+00,4.939613904811245156e+05,2.877880692432542187e+00,1.518508265866695517e+00,4.905772113979802285e+00,4.290114813960183571e-01,5.167424932844645546e+00,1.707877732041851004e+00,1.779586627543832122e+00,4.258514971083353085e-01,7.448237054271045565e+01,-2.258283249420027872e+01,1.311984576392390078e+00,1.087956943104733343e+00,8.109997332133512815e-01,2.719892357761833357e-01,1.421923939433201056e+00,9.939103405132995173e-01,1.370261297938422373e+01,5.406056616243411383e+00,8.298896898953467272e-02,3.399999999999999911e+00,1.619897360239097805e+00,4.819972674734238183e+00,2.219047421379459095e+00,1.559401577727028041e+02,1.183594588360782573e+00,1.421828284765101387e+02,4.404953833665537388e+00,-1.776356839400250465e-15,5.544866548294428909e-06,-1.239318429070375774e-02,1.000000000000000056e-01,1.082988968989534673e+00,1.082988968989534673e+00,9.356510061682690171e-01,5.049398927796358016e-01,5.625196253205760888e-01,9.760893841904888513e-01,8.818383941112442059e-01,9.250624375631799623e-01,9.250624375631799623e-01,9.250624375631799623e-01,8.830759397757903528e-01,7.952834374242963300e-02,7.952834374242962667e+01,5.616218686611337318e+01,1.001864983917377216e+00,1.001540541163921549e+00,9.742226114304871620e-01,6.573275882627122257e+00,9.011367005695827270e-01,1.034979381792854536e+00,4.260702099301256762e-01,1.782759751248977675e+00,1.018288652271826322e+01,-2.069965660489666084e-02,1.797930034339510286e+01,5.616218686611336608e+01,-7.105427357601001859e-15,7.533622060923650565e+01,1.000000000000000056e-01,7.612074358375615635e-01,7.612074358375615635e-01,2.291392479278770988e+00,2.497855703141016459e+00,2.448982007364702174e+00,1.130756485735081007e+01,4.946837710505718633e+00,6.360727146845091440e+00,8.182885039761536583e-02,2.999999999999999737e-04,1.575895280859311853e-01,6.803599457963493968e-05,6.690087399235125964e+00,1.091688241303494511e+00,1.063112236619528694e+00,1.163856619263219150e+00,1.063112236619528694e+00,1.610043815977074644e+01,3.220087631954149157e+07,6.746097422097285801e+01,1.349219484419457018e+08,6.931054526589600862e+00,9.049246690733319554e+01,2.835878842117275589e+00,9.715766367363228184e+00,1.223616253993078162e+00,8.325137238924306127e-01,3.802967132235297032e-01,1.413264906826065204e+00,6.801822388427805066e-01,1.161471035756871384e+00,3.976417187121481334e+01,1.182828476510138671e+00,1.260000000000000009e-01,1.710261297938422231e+01,8.783977520512535886e-01,1.269988561570994268e+00,1.028606164011264257e+00,1.311984576392390078e+00,1.311984576392390143e-05,1.866471231221833034e-05,4.404953833665539165e+00,1.319439128367233094e+00,6.502046170834262506e-01,9.761675267727252248e-01,2.808784470049392024e+00
3.300000000000000000e+03,2.291666666666666519e+00,1.937027759502608887e+03,1.362292718481695708e+01,6.591892167562265037e+00,4.939415293526474270e+05,2.882902850052858845e+00,1.521159760329174437e+00,4.914740438941915812e+00,4.297611417863267391e-01,5.176612203703674808e+00,1.710914202918941918e+00,1.785770572256712319e+00,4.279808892182905833e-01,7.815613754384244771e+01,-2.331713311512624998e+01,1.312318768353668785e+00,1.088887714650667471e+00,8.114527716138263402e-01,2.722219286626668677e-01,1.422696101282122871e+00,9.939185014885079106e-01,1.370779757052271997e+01,5.415668155270710216e+00,8.367470027649326347e-02,3.399999999999999911e+00,1.621065965589805202e+00,4.818492974387711847e+00,2.230143359993712160e+00,1.564820394092911613e+02,1.183292898619288991e+00,1.421888066510013857e+02,4.399074678346009293e+00,0.000000000000000000e+00,5.594259730493462960e-06,-1.208319823626607600e-02,1.000000000000000056e-01,1.083674700276493263e+00,1.083674700276493263e+00,9.362466002970962764e-01,5.054656435523511293e-01,5.625822789175070060e-01,9.761177471163953179e-01,8.818490928513096350e-01,9.250624375631799623e-01,9.250624375631799623e-01,9.250624375631799623e-01,8.831379202402694917e-01,7.935053261061536523e-02,7.935053261061536034e+01,5.613927000187074867e+01,1.002073528363087718e+00,1.001570710138071085e+00,9.746105233970077109e-01,6.565234295852343749e+00,9.025655131535564868e-01,1.035121078423980379e+00,4.281881831713816866e-01,1.788783144366070443e+00,1.016011941237072591e+01,-2.084941049997116741e-02,1.797915058950002987e+01,5.613927000187075578e+01,7.105427357601001859e-15,7.525847909475587016e+01,1.000000000000000056e-01,7.601873139365090681e-01,7.601873139365090681e-01,2.285063910107356655e+00,2.494613515996281450e+00,2.440664574250249963e+00,1.128275753902476808e+01,4.935278090246531413e+00,6.347479448778236666e+00,8.168862978364080374e-02,2.999999999999999737e-04,1.556006641428933079e-01,8.250298403418739046e-05,6.701757037021636165e+00,1.092824923004894533e+00,1.063701605285921170e+00,1.164393005854484020e+00,1.063701605285921170e+00,1.606518695088631432e+01,3.213037390177262574e+07,6.749206495964881469e+01,1.349841299192976356e+08,6.920414786206286806e+00,9.047766669674140871e+01,2.831097261887688177e+00,9.746535043955482536e+00,1.223906891824080967e+00,8.317906710282829685e-01,3.809482808235488127e-01,1.414043977059870061e+00,6.782725001558961297e-01,1.160709830782636676e+00,3.967526630530768017e+01,1.188806651001385717e+00,1.260000000000000009e-01,1.710779757052272032e+01,8.769166840794686557e-01,1.274010464306130297e+00,1.028850482328783178e+00,1.312318768353668785e+00,1.312318768353668885e-05,1.871744741403015181e-05,4.399074678346009293e+00,1.319606373242668385e+00,6.505289880312155049e-01,9.757480896058083886e-01,2.818080082249641904e+00
3.360000000000000000e+03,2.333333333333333481e+00,1.935308447968116752e+03,1.361028993420396205e+01,6.602709655320707860e+00,4.939223417474112357e+05,2.887635829705572643e+00,1.523658555107445745e+00,4.923185054146763662e+00,4.304676201217959575e-01,5.185267563646361211e+00,1.713774872730483789e+00,1.791643560236432009e+00,4.299998089503935805e-01,8.185596421716341808e+01,-2.403279337166361529e+01,1.312655817407014203e+00,1.089771450453957735e+00,8.118687950271835652e-01,2.724428626134894338e-01,1.423426129702290321e+00,9.939260926285596875e-01,1.371233287366299791e+01,5.424723219735550828e+00,8.431165764067305446e-02,3.399999999999999911e+00,1.622170556860586199e+00,4.817112469471370062e+00,2.240663643838940899e+00,1.569966727842444811e+02,1.183012524187452286e+00,1.421945055780554128e+02,4.393598944813008167e+00,-8.881784197001252323e-16,5.640139714893393886e-06,-1.177201455798376414e-02,1.000000000000000056e-01,1.084311657640673054e+00,1.084311657640673054e+00,9.368100222258703980e-01,5.059637785857640235e-01,5.626414503133745360e-01,9.761444422179857971e-01,8.818592267251064154e-01,9.250624375631799623e-01,9.250624375631799623e-01,9.250624375631799623e-01,8.831965035995139601e-01,7.918211612025707891e-02,7.918211612025707780e+01,5.611756649313730350e+01,1.002270958705469006e+00,1.001598747581254667e+00,9.749776420227757034e-01,6.557702374448244775e+00,9.039101743539632583e-01,1.035254971101171817e+00,4.301964167513565584e-01,1.794505584674930043e+00,1.013855520105724395e+01,-2.098870791992085011e-02,1.797901129208008086e+01,5.611756649313732481e+01,2.131628207280300558e-14,7.518472765701469029e+01,1.000000000000000056e-01,7.592384214300398337e-01,7.592384214300398337e-01,2.279071025700471598e+00,2.491534857389906321e+00,2.432799576893269311e+00,1.125926185234412635e+01,4.924334434283175632e+00,6.334927418060950721e+00,8.155580014214898477e-02,2.999999999999999737e-04,1.537285511927977133e-01,9.611791562490895613e-05,6.712754816242719968e+00,1.093901899029832148e+00,1.064256654676010383e+00,1.164898156610530755e+00,1.064256654676010383e+00,1.603157414825360050e+01,3.206314829650719836e+07,6.752134516613416793e+01,1.350426903322683275e+08,6.910268321731554586e+00,9.046318763611931502e+01,2.826607632515945046e+00,9.775562324086825683e+00,1.224181584048062321e+00,8.311085384193959147e-01,3.815625279507111611e-01,1.414780371240390799e+00,6.764638744281106231e-01,1.159982029774239809e+00,3.959105806012853890e+01,1.194505578055412798e+00,1.260000000000000009e-01,1.711233287366299649e+01,8.755260462676156541e-01,1.277804741807919031e+00,1.029081396321524844e+00,1.312655817407014203e+00,1.312655817407014357e-05,1.876669788896353746e-05,4.393598944813009055e+00,1.319752673343967730e+00,6.508343917540937440e-01,9.753482776690471923e-01,2.826927032059646017e+00
3.420000000000000000e+03,2.375000000000000000e+00,1.933698180210225928e+03,1.359844562792773104e+01,6.612914977867873745e+00,4.939038200385674136e+05,2.892100936274931922e+00,1.526015902595117213e+00,4.931145308520618720e+00,4.311340993380783915e-01,5.193430524906866630e+00,1.716472800604732729e+00,1.797224776853641348e+00,4.319152755469136684e-01,8.557970110676563991e+01,-2.472977196816590606e+01,1.312995519235472974e+00,1.090611094939187176e+00,8.122501551405690856e-01,2.726527737347967939e-01,1.424116936017528978e+00,9.939331527465529170e-01,1.371626053211326202e+01,5.433263146547066214e+00,8.490292887536599054e-02,3.399999999999999911e+00,1.623215554143495609e+00,4.815824498381880758e+00,2.250644849119675328e+00,1.574857390574904628e+02,1.182751978854718722e+00,1.421999420462368278e+02,4.388500108889612505e+00,-8.881784197001252323e-16,5.682719746592338695e-06,-1.146063249026381056e-02,1.000000000000000056e-01,1.084902928875365991e+00,1.084902928875365991e+00,9.373434254227254181e-01,5.064361080237541612e-01,5.626973852916247187e-01,9.761695958399051465e-01,8.818688333254207645e-01,9.250624375631799623e-01,9.250624375631799623e-01,9.250624375631799623e-01,8.832519245904699723e-01,7.902246780772889667e-02,7.902246780772890133e+01,5.609699541468045680e+01,1.002458017710360361e+00,1.001624802114527979e+00,9.753253713616680809e-01,6.550646674440070427e+00,9.051769875902501150e-01,1.035381604068601691e+00,4.321018692008191664e-01,1.799945450518110945e+00,1.011811367576554233e+01,-2.111826108509727920e-02,1.797888173891490382e+01,5.609699541468044259e+01,-1.421085471520200372e-14,7.511471120896203502e+01,1.000000000000000056e-01,7.583559066808815974e-01,7.583559066808815974e-01,2.273391330229393326e+00,2.488609440365223247e+00,2.425355817910744616e+00,1.123699034260966378e+01,4.913965258275967862e+00,6.323025084333695922e+00,8.142987018633621177e-02,2.999999999999999737e-04,1.519644876813512901e-01,1.089446142328691358e-04,6.723130227499004796e+00,1.094923082938746184e+00,1.064779953460146089e+00,1.165374409586865667e+00,1.064779953460146089e+00,1.599951047090959122e+01,3.199902094181918353e+07,6.754895036184936430e+01,1.350979007236987352e+08,6.900588379081605162e+00,9.044904921184057400e+01,2.822386785452863922e+00,9.802973686127975483e+00,1.224441433880425922e+00,8.304643538378826406e-01,3.821421859150232470e-01,1.415477036095663665e+00,6.747496178900366237e-01,1.159285961716713498e+00,3.951123390386444356e+01,1.199942046236827764e+00,1.260000000000000009e-01,1.711626053211326237e+01,8.742186622860085299e-01,1.281387795880347236e+00,1.029299833383319651e+00,1.312995519235472974e+00,1.312995519235473121e-05,1.881267493894706990e-05,4.388500108889613394e+00,1.319879372003653684e+00,6.511222550216427818e-01,9.749669085719183670e-01,2.835351644460438969e+00
3.480000000000000000e+03,2.416666666666666519e+00,1.932190712387008716e+03,1.358734872533998228e+01,6.622552207506801736e+00,4.938859543817697559e+05,2.896317457736528045e+00,1.528241989469443007e+00,4.938656732093024360e+00,4.317634607384704393e-01,5.201136796912345872e+00,1.719019788809958538e+00,1.802531877482746125e+00,4.337337337486661948e-01,8.932533407806195669e+01,-2.540808372499509105e+01,1.313337681818902203e+00,1.091409353843818542e+00,8.125990155998571440e-01,2.728523384609546354e-01,1.424771171498274702e+00,9.939397172484493170e-01,1.371961889683606017e+01,5.441325294193758211e+00,8.545135406081172391e-02,3.399999999999999911e+00,1.624204983014105430e+00,4.814622975577476538e+00,2.260120558400694257e+00,1.579507853197004863e+02,1.182509910368915840e+00,1.422051315120464494e+02,4.383753881976643285e+00,8.881784197001252323e-16,5.722196856388932606e-06,-1.114992680789220203e-02,1.000000000000000056e-01,1.085451354060811724e+00,1.085451354060811724e+00,9.378487765866132531e-01,5.068842880570356701e-01,5.627503071343947783e-01,9.761933219235726655e-01,8.818779469913845537e-01,9.250624375631799623e-01,9.250624375631799623e-01,9.250624375631799623e-01,8.833043969833394016e-01,7.887101554914632828e-02,7.887101554914633539e+01,5.607748286150182082e+01,1.002635383701828919e+00,1.001649008963108267e+00,9.756549926848209209e-01,6.544036575815122880e+00,9.063716481725166974e-01,1.035501472303618886e+00,4.339109309717177898e-01,1.805119669656542802e+00,1.009872158119671326e+01,-2.123871969489535619e-02,1.797876128030510401e+01,5.607748286150181372e+01,-7.105427357601001859e-15,7.504819579696577136e+01,1.000000000000000056e-01,7.575353439438374803e-01,7.575353439438374803e-01,2.268004286285378868e+00,2.485827818563250968e+00,2.418304894036316544e+00,1.121586313865501339e+01,4.904132712599567512e+00,6.311730426055445875e+00,8.131039109047732971e-02,2.999999999999999737e-04,1.503006077509376759e-01,1.210407472854568151e-04,6.732928077631914476e+00,1.095892055442833746e+00,1.065273821101643703e+00,1.165823875988432734e+00,1.065273821101643703e+00,1.596891259147981579e+01,3.193782518295963109e+07,6.757500291920690927e+01,1.351500058384138048e+08,6.891349969867985870e+00,9.043526548055471892e+01,2.818413934356621908e+00,9.828882996318535348e+00,1.224687445877183922e+00,8.298554264000312930e-01,3.826897303041665310e-01,1.416136655342737027e+00,6.731235717918179207e-01,1.158620057122547120e+00,3.943550777457316059e+01,1.205131512046449416e+00,1.260000000000000009e-01,1.711961889683605875e+01,8.729880936804865765e-01,1.284774510457051822e+00,1.029506637972144034e+00,1.313337681818902203e+00,1.313337681818902375e-05,1.885557367457795636e-05,4.383753881976642397e+00,1.319987706349550205e+00,6.513938655247253351e-01,9.746028939321238482e-01,2.843378254115032977e+00
3.540000000000000000e+03,2.458333333333333481e+00,1.930780251053732627e+03,1.357695698711687626e+01,6.631661378831452680e+00,4.938687331081843586e+05,2.900302914997407111e+00,1.530346069143876386e+00,4.945751479626326663e+00,4.323583216397173246e-01,5.208418731863965867e+00,1.721426530022781565e+00,1.807581135950692586e+00,4.354611114674045713e-01,9.309097382065033344e+01,-2.606779270569715123e+01,1.313682124524867323e+00,1.092168718048546427e+00,8.129173705825724072e-01,2.730421795121366069e-01,1.425391255765538379e+00,9.939458185010466851e-01,1.372244334838015156e+01,5.448943508901444410e+00,8.595955009470901409e-02,3.399999999999999911e+00,1.625142517594169167e+00,4.813502330270350349e+00,2.269121661129093859e+00,1.583932376004379989e+02,1.182285085598094199e+00,1.422100882315413344e+02,4.379337978825251554e+00,1.776356839400250465e-15,5.758753378625827644e-06,-1.084066183633496105e-02,1.000000000000000056e-01,1.085959550094709014e+00,1.085959550094709014e+00,9.383278754491397589e-01,5.073098368938582237e-01,5.628004191449450522e-01,9.762157234894203173e-01,8.818865991554276640e-01,9.250624375631799623e-01,9.250624375631799623e-01,9.250624375631799623e-01,8.833541158717487241e-01,7.872723575340158375e-02,7.872723575340158675e+01,5.605896119855573545e+01,1.002803677381874481e+00,1.001671491440190520e+00,9.759676776102574891e-01,6.537843988720325683e+00,9.074993146430730961e-01,1.035615026951269169e+00,4.356294811574594750e-01,1.810043860458550036e+00,1.008031187623579683e+01,-2.135067768005705774e-02,1.797864932231994217e+01,5.605896119855573545e+01,0.000000000000000000e+00,7.498496644584500359e+01,1.000000000000000056e-01,7.567726873691664746e-01,7.567726873691664746e-01,2.262891105565096872e+00,2.483181300702411054e+00,2.411620889427314562e+00,1.119580714271659438e+01,4.894802190129725616e+00,6.301004952586868768e+00,8.119695197002543829e-02,2.999999999999999737e-04,1.487297838622176904e-01,1.324585471389133975e-04,6.742189068478642966e+00,1.096812098932965274e+00,1.065740357302380259e+00,1.166248466975754017e+00,1.065740357302380259e+00,1.593970268478444829e+01,3.187940536956889555e+07,6.759961361538378810e+01,1.351992272307675779e+08,6.882529740607736812e+00,9.042184604077597498e+01,2.814670377163535964e+00,9.853393811691040227e+00,1.224920536723435482e+00,8.292793138953425958e-01,3.832074100000781858e-01,1.416761678396112778e+00,6.715800998796447319e-01,1.157982841013989628e+00,3.936361787670078627e+01,1.210088231541334380e+00,1.260000000000000009e-01,1.712244334838015192e+01,8.718285475904897774e-01,1.287978421911986082e+00,1.029702580679219492e+00,1.313682124524867323e+00,1.313682124524867451e-05,1.889557462387450216e-05,4.379337978825249778e+00,1.320078817689682271e+00,6.516503883801391117e-01,9.742552300692217671e-01,2.851029390644172157e+00
3.600000000000000000e+03,2.500000000000000000e+00,1.929461410655488862e+03,1.356723116228238801e+01,6.640278904535434457e+00,4.938521430802044924e+05,2.904073244513890373e+00,1.532336558734521015e+00,4.952458763561185862e+00,4.329210630145348127e-01,5.215305798281378635e+00,1.723702763838709462e+00,1.812387583233264987e+00,4.371028726446463675e-01,9.687484605936501225e+01,-2.670900587084843281e+01,1.314028677258877842e+00,1.092891485269498419e+00,8.132070617199642637e-01,2.732228713173746049e-01,1.425979402100988835e+00,9.939514861607859908e-01,1.372476659036170155e+01,5.456148620046013420e+00,8.642993303733881305e-02,3.399999999999999911e+00,1.626031518929420550e+00,4.812457451462330837e+00,2.277676629073594139e+00,1.588144130217238796e+02,1.182076377344618123e+00,1.422148253815776684e+02,4.375231908242964707e+00,-8.881784197001252323e-16,5.792558351678436581e-06,-1.053350411421201741e-02,1.000000000000000056e-01,1.086429933037338813e+00,1.086429933037338813e+00,9.387823727467592416e-01,5.077141493839345543e-01,5.628479070295772102e-01,9.762368941855344984e-01,8.818948186558458469e-01,9.250624375631799623e-01,9.250624375631799623e-01,9.250624375631799623e-01,8.834012597134448530e-01,7.859064813347015066e-02,7.859064813347015388e+01,5.604136838522853026e+01,1.002963468039280714e+00,1.001692362265538039e+00,9.762644999880101260e-01,6.532043088725821178e+00,9.085646716410102908e-01,1.035722680215069635e+00,4.372629395764064397e-01,1.814732469184929364e+00,1.006282306446480845e+01,-2.145467923627354667e-02,1.797854532076372536e+01,5.604136838522853026e+01,0.000000000000000000e+00,7.492482520736359675e+01,1.000000000000000056e-01,7.560642299017517054e-01,7.560642299017517054e-01,2.258034559354126447e+00,2.480661872465607320e+00,2.405280099952666450e+00,1.117675530092646952e+01,4.885941972418273771e+00,6.290813328508195745e+00,8.108917580792586455e-02,2.999999999999999737e-04,1.472455405985400034e-01,1.432454476237316615e-04,6.750950219611024927e+00,1.097686229096852095e+00,1.066181473078972486e+00,1.166649921953625713e+00,1.066181473078972486e+00,1.591180805384007435e+01,3.182361610768014938e+07,6.762288327202777793e+01,1.352457665440555513e+08,6.874105874560671126e+00,9.040879720042850920e+01,2.811139196116922534e+00,9.876600543128633447e+00,1.225141544844204677e+00,8.287337905985157072e-01,3.836972673867729000e-01,1.417354345952946959e+00,6.701140321023776325e-01,1.157372925599361002e+00,3.929532406673507694e+01,1.214825381577668395e+00,1.260000000000000009e-01,1.712476659036170190e+01,8.707347838346604085e-01,1.291011871087564877e+00,1.029888366308151726e+00,1.314028677258877842e+00,1.314028677258878031e-05,1.893284512426721689e-05,4.375231908242965595e+00,1.320153760979409618e+00,6.518928834783912496e-01,9.739229894367937845e-01,2.858325950320854236e+00
3.660000000000000000e+03,2.541666666666666519e+00,1.928229176569978563e+03,1.355813471637234002e+01,6.648437905870604681e+00,4.938361699920234387e+05,2.907642941001935544e+00,1.534221113018857663e+00,4.958805168230840721e+00,4.334538498813034213e-01,5.221824820210263063e+00,1.725857355832163931e+00,1.816965130572286258e+00,4.386640620645547717e-01,1.006752828441688905e+02,-2.733186753998609930e+01,1.314377179703620113e+00,1.093579778880750641e+00,8.134697927948568719e-01,2.733949447201876604e-01,1.426537639282611236e+00,9.939567474574529937e-01,1.372661890464199352e+01,5.462968690407573824e+00,8.686473751504442120e-02,3.399999999999999911e+00,1.626875068100466226e+00,4.811483640462374645e+00,2.285811749837655338e+00,1.592155305864496881e+02,1.181882752993751673e+00,1.422193551625884709e+02,4.371416791948665725e+00,-2.664535259100375697e-15,5.823768738754251431e-06,-1.022903336249085526e-02,1.000000000000000056e-01,1.086864737515044421e+00,1.086864737515044421e+00,9.392137857290819847e-01,5.080985098866861449e-01,5.628929406486740117e-01,9.762569190996250867e-01,8.819026320032876676e-01,9.250624375631799623e-01,9.250624375631799623e-01,9.250624375631799623e-01,8.834459920908258601e-01,7.846081124913742433e-02,7.846081124913742144e+01,5.602464739941896710e+01,1.003115278998527815e+00,1.001711724700624639e+00,9.765464460599100338e-01,6.526610087735659427e+00,9.095719830871866751e-01,1.035824809625140341e+00,4.388163111553353701e-01,1.819198873180926102e+00,1.004619862344909365e+01,-2.155122403011314886e-02,1.797844877596988766e+01,5.602464739941898131e+01,1.421085471520200372e-14,7.486758946905747791e+01,1.000000000000000056e-01,7.554065678183756738e-01,7.554065678183756738e-01,2.253418816995540030e+00,2.478262133314435900e+00,2.399260797951642488e+00,1.115864598138589159e+01,4.877522931266078388e+00,6.281123050119813200e+00,8.098671598094484003e-02,2.999999999999999737e-04,1.458419809561024572e-01,1.534446225775632638e-04,6.759245204301780774e+00,1.098517222740403421e+00,1.066598906696622606e+00,1.167029823077757378e+00,1.066598906696622606e+00,1.588516065604150995e+01,3.177032131208302081e+07,6.764490359611012593e+01,1.352898071922202408e+08,6.866057940311558916e+00,9.039612219246319569e+01,2.807805088145184147e+00,9.898589439717486727e+00,1.225351238695095990e+00,8.282168267091836178e-01,3.841611667200140467e-01,1.417916712066977558e+00,6.687206166182482203e-01,1.156789004268196974e+00,3.923040562456871072e+01,1.219355162588470876e+00,1.260000000000000009e-01,1.712661890464199388e+01,8.697020623713962451e-01,1.293886131963497110e+00,1.030064640844288393e+00,1.314377179703620113e+00,1.314377179703620253e-05,1.896754053579045396e-05,4.371416791948668390e+00,1.320213513052967524e+00,6.521223144622212420e-01,9.736053133588153941e-01,2.865287345584580425e+00
3.720000000000000000e+03,2.583333333333333481e+00,1.927078871760718357e+03,1.354963358605381529e+01,6.656168676686205821e+00,4.938207986339803902e+05,2.911025261325177915e+00,1.536006732672791086e+00,4.964814926750409363e+00,4.339586621094048691e-01,5.228000251426029088e+00,1.727898388183112699e+00,1.821326673150229780e+00,4.401493462445825733e-01,1.044907145555674646e+02,-2.793655438812230685e+01,1.314727480617447819e+00,1.094235564750887901e+00,8.137071429023094993e-01,2.735588911877219753e-01,1.427067830853670394e+00,9.939616274449624145e-01,1.372802838000935566e+01,5.469429303036883461e+00,8.726603409003153011e-02,3.399999999999999911e+00,1.627675995444499701e+00,4.810576568820427390e+00,2.293551339934406741e+00,1.595977202630913894e+02,1.181703264517351748e+00,1.422236888932698662e+02,4.367875203525716898e+00,0.000000000000000000e+00,5.852530529634837188e-06,-9.927752256531877095e-03,1.000000000000000056e-01,1.087266034090031530e+00,1.087266034090031530e+00,9.396235116234128437e-01,5.084641031341603501e-01,5.629356756737422529e-01,9.762758756665947946e-01,8.819100636180611241e-01,9.250624375631799623e-01,9.250624375631799623e-01,9.250624375631799623e-01,8.834884632645173541e-01,7.833731853823341917e-02,7.833731853823341851e+01,5.600874572477187030e+01,1.003259592221497742e+00,1.001729673548264810e+00,9.768144233833908618e-01,6.521523030355167450e+00,9.105251391448602183e-01,1.035921761644247763e+00,4.402942265388098964e-01,1.823455479759913844e+00,1.003038649657278114e+01,-2.164077180091163871e-02,1.797835922819908916e+01,5.600874572477187030e+01,0.000000000000000000e+00,7.481309044632760674e+01,1.000000000000000056e-01,7.547965693796938602e-01,7.547965693796938602e-01,2.249029303633602428e+00,2.475975235913245420e+00,2.393543026342427105e+00,1.114142242051469189e+01,4.869518262255672525e+00,6.271904158259019368e+00,8.088925316484781025e-02,2.999999999999999737e-04,1.445137227088246767e-01,1.630954613513176457e-04,6.767104821297642125e+00,1.099307641273529201e+00,1.066994241746518135e+00,1.167389611711375119e+00,1.066994241746518135e+00,1.585969672062522129e+01,3.171939344125044346e+07,6.766575813380467253e+01,1.353315162676093578e+08,6.858366776924387231e+00,9.038382163135428016e+01,2.804654184801845584e+00,9.919439461210187048e+00,1.225550324077122166e+00,8.277265676092504521e-01,3.846008146983305176e-01,1.418450663629666542e+00,6.673954770643227841e-01,1.156229845710982529e+00,3.916865926911670925e+01,1.223688893269866185e+00,1.260000000000000009e-01,1.712802838000935424e+01,8.687260875262744486e-01,1.296611525700134049e+00,1.030231997603769489e+00,1.314727480617447819e+00,1.314727480617447924e-05,1.899980533580931642e-05,4.367875203525716898e+00,1.320258980000301730e+00,6.523395588506673004e-01,9.733014053411928046e-01,2.871931640207275649e+00
3.780000000000000000e+03,2.625000000000000000e+00,1.926006128465874781e+03,1.354169597101085465e+01,6.663498965076707137e+00,4.938060131029257318e+05,2.914232348875306133e+00,1.537699830785224098e+00,4.970510182728728132e+00,4.344373135448071355e-01,5.233854480142118959e+00,1.729833260385921445e+00,1.825484179309466715e+00,4.415630480744497932e-01,1.083196629516775999e+02,-2.852327121422701950e+01,1.315079437220250780e+00,1.094860665604630690e+00,8.139205776845961360e-01,2.737151664011576724e-01,1.427571691582843361e+00,9.939661492152884747e-01,1.372902110764255390e+01,5.475553880035082699e+00,8.763574408575380836e-02,3.399999999999999911e+00,1.628436905517031352e+00,4.809732242433520710e+00,2.300917925285093535e+00,1.599620308037405039e+02,1.181537039952717194e+00,1.422278370884221772e+02,4.364591030961129547e+00,0.000000000000000000e+00,5.878979680923455584e-06,-9.630094736407950745e-03,1.000000000000000056e-01,1.087635744085753808e+00,1.087635744085753808e+00,9.400128392387162579e-01,5.088120235721185214e-01,5.629762551278575389e-01,9.762938346590175342e-01,8.819171360341144794e-01,9.250624375631799623e-01,9.250624375631799623e-01,9.250624375631799623e-01,8.835288115004501508e-01,7.821979490738435736e-02,7.821979490738435459e+01,5.599361491022888515e+01,1.003396852262660843e+00,1.001746296004728087e+00,9.770692685377748710e-01,6.516761620102993646e+00,9.114276960641405356e-01,1.036013854763177644e+00,4.417009757481129562e-01,1.827513817785690664e+00,1.001533865651528288e+01,-2.172374628639327926e-02,1.797827625371360583e+01,5.599361491022888515e+01,0.000000000000000000e+00,7.476117189556056530e+01,1.000000000000000056e-01,7.542313480889469846e-01,7.542313480889469846e-01,2.244852577383086079e+00,2.473794833326254938e+00,2.388108421158496419e+00,1.112503224717725736e+01,4.861903254484751358e+00,6.263128992692506003e+00,8.079649267485075614e-02,2.999999999999999737e-04,1.432558437754103409e-01,1.722339722593207306e-04,6.774557281161318834e+00,1.100059850905723557e+00,1.067368927089220598e+00,1.167730606579264974e+00,1.067368927089220598e+00,1.583535648046845523e+01,3.167071296093691140e+07,6.768552332275618255e+01,1.353710466455123723e+08,6.851014422328302267e+00,9.037189422555294982e+01,2.801673863297124978e+00,9.939223031721011736e+00,1.225739450385033180e+00,8.272613132238806344e-01,3.850177733800361768e-01,1.418957937011354309e+00,6.661345758524069849e-01,1.155694288779999912e+00,3.910989745369217729e+01,1.227837088422177203e+00,1.260000000000000009e-01,1.712902110764255426e+01,8.678029494601284810e-01,1.299197519157138103e+00,1.030390982486047102e+00,1.315079437220250780e+00,1.315079437220250934e-05,1.902977405312596492e-05,4.364591030961129547e+00,1.320291003472340519e+00,6.525454191585209340e-01,9.730105255711762879e-01,2.878275664267778478e+00
3.840000000000000000e+03,2.666666666666666519e+00,1.925006859633458134e+03,1.353429212393821679e+01,6.670454245256125958e+00,4.937917970165985171e+05,2.917275351684167628e+00,1.539306294613740800e+00,4.975911234256123805e+00,4.348914692506787860e-01,5.239408047346452157e+00,1.731668761411160107e+00,1.829448783779931587e+00,4.429091811547473112e-01,1.121607341755930491e+02,-2.909224667724142677e+01,1.315432914576313062e+00,1.095456775053764042e+00,8.141114603208110534e-01,2.738641937634410106e-01,1.428050802974407230e+00,9.939703341014386462e-01,1.372962137230361535e+01,5.481363910972912201e+00,8.797565408425200850e-02,3.399999999999999911e+00,1.629160200619448773e+00,4.808946967317957899e+00,2.307932420152321473e+00,1.603094379133814300e+02,1.181383275384035869e+00,1.422318095402036136e+02,4.361549344489623614e+00,0.000000000000000000e+00,5.903243053738381360e-06,-9.336434066054149356e-03,1.000000000000000056e-01,1.087975654084252009e+00,1.087975654084252009e+00,9.403829602214214267e-01,5.091432847728608602e-01,5.630148107131314195e-01,9.763108609033440688e-01,8.819238700919641571e-01,9.250624375631799623e-01,9.250624375631799623e-01,9.250624375631799623e-01,8.835671643203841796e-01,7.810789350703346845e-02,7.810789350703346656e+01,5.597921015337459494e+01,1.003527470213751771e+00,1.001761672461596309e+00,9.773117544802996104e-01,6.512307052371111737e+00,9.122829132334256963e-01,1.036101382524567516e+00,4.430405427846399458e-01,1.831384621103657961e+00,1.000101069232182738e+01,-2.180053894725039396e-02,1.797819946105274980e+01,5.597921015337458073e+01,-1.421085471520200372e-14,7.471168886772628071e+01,1.000000000000000056e-01,7.537082373201655638e-01,7.537082373201655638e-01,2.240876212223605002e+00,2.471715031238814309e+00,2.382940043592422175e+00,1.110942703287889088e+01,4.854655074831236483e+00,6.254771958047654401e+00,8.070816194766014529e-02,2.999999999999999737e-04,1.420638313688171728e-01,1.808931577467970744e-04,6.781628482677061420e+00,1.100776042996746140e+00,1.067724291195240482e+00,1.168054016822127616e+00,1.067724291195240482e+00,1.581208382554065572e+01,3.162416765108131245e+07,6.770426924875381758e+01,1.354085384975076318e+08,6.843984009252852552e+00,9.036033708354732141e+01,2.798852607234888268e+00,9.958006734648870761e+00,1.225919216492786123e+00,8.268195015546226934e-01,3.854134762640559209e-01,1.419440133746299182e+00,6.649341794478815793e-01,1.155181236847077297e+00,3.905394675351673328e+01,1.231809540203613551e+00,1.260000000000000009e-01,1.712962137230361392e+01,8.669290810330910757e-01,1.301652815729774870e+00,1.030542098921376937e+00,1.315432914576313062e+00,1.315432914576313152e-05,1.905757219950151288e-05,4.361549344489623614e+00,1.320310366848503669e+00,6.527406309110608262e-01,9.727319851830831254e-01,2.884335129928954355e+00
3.900000000000000000e+03,2.708333333333333481e+00,1.924077239222981007e+03,1.352739420592020991e+01,6.677057889526217593e+00,4.937781336367437616e+05,2.920164497826245320e+00,1.540831525525917289e+00,4.981036700688588503e+00,4.353226568557433396e-01,5.244679828720706816e+00,1.733411129831419428e+00,1.833230850175195270e+00,4.441914731897962376e-01,1.160126135840892942e+02,-2.964373038163559215e+01,1.315787785129690635e+00,1.096025467797812292e+00,8.142810595223005654e-01,2.740063669494530729e-01,1.428506625113271200e+00,9.939742018306427784e-01,1.372985179190615312e+01,5.486879143211029763e+00,8.828742647175369385e-02,3.399999999999999911e+00,1.629848098760123376e+00,4.808217323926177400e+00,2.314614249036691884e+00,1.606408497262462163e+02,1.181241228837369484e+00,1.422356153693603744e+02,4.358736298372523521e+00,-8.881784197001252323e-16,5.925439078907306683e-06,-9.047088703081539174e-03,1.000000000000000056e-01,1.088287426471753694e+00,1.088287426471753694e+00,9.407349773066466803e-01,5.094588260522924239e-01,5.630514638516354031e-01,9.763270138771864559e-01,8.819302850839354502e-01,9.250624375631799623e-01,9.250624375631799623e-01,9.250624375631799623e-01,8.836036394568390628e-01,7.800129330512134418e-02,7.800129330512135084e+01,5.596548998695697463e+01,1.003651826512655054e+00,1.001775877116263036e+00,9.775425960313944840e-01,6.508141890278973385e+00,9.130937810668838805e-01,1.036184615730326719e+00,4.443166281784032279e-01,1.835077890094404474e+00,9.987361498735126020e+00,-2.187151177814622080e-02,1.797812848822185217e+01,5.596548998695697463e+01,0.000000000000000000e+00,7.466450679112296029e+01,1.000000000000000056e-01,7.532247711696490322e-01,7.532247711696490322e-01,2.237088710797801916e+00,2.469730350885340542e+00,2.378022253624135551e+00,1.109456195285990354e+01,4.847752604509476093e+00,6.246809348350427449e+00,8.062400864801302913e-02,2.999999999999999737e-04,1.409335428263336354e-01,1.891032967685649449e-04,6.788342187684987650e+00,1.101458248362824355e+00,1.068061554096939370e+00,1.168360952876532854e+00,1.068061554096939370e+00,1.578982608645410579e+01,3.157965217290821299e+07,6.772206027636926251e+01,1.354441205527385175e+08,6.837259701871812645e+00,9.034914606469517651e+01,2.796179890326651929e+00,9.975851853895209231e+00,1.226090175250079017e+00,8.263996954399424055e-01,3.857892401256607373e-01,1.419898732506748917e+00,6.637908322464144417e-01,1.154689654550593136e+00,3.900064665256066831e+01,1.235615369360374416e+00,1.260000000000000009e-01,1.712985179190615170e+01,8.661012217856517426e-01,1.303985426093775546e+00,1.030685811650730699e+00,1.315787785129690635e+00,1.315787785129690799e-05,1.908331693020421467e-05,4.358736298372524409e+00,1.320317799738908171e+00,6.529258693259805124e-01,9.724651426340962246e-01,2.890124711879199726e+00
3.960000000000000000e+03,2.750000000000000000e+00,1.923213680023460711e+03,1.352097612334846843e+01,6.683331404035308232e+00,4.937650060204301262e+05,2.922909198080596127e+00,1.542280492799319225e+00,4.985903691653590819e+00,4.357322815985774644e-01,5.249687158686056065e+00,1.735066094819914140e+00,1.836840042610880408e+00,4.454133927829357353e-01,1.198740601277553566e+02,-3.017798961703723393e+01,1.316143928203555191e+00,1.096568210485678652e+00,8.144305580537376521e-01,2.741420526214196629e-01,1.428940508556175937e+00,9.939777706799838297e-01,1.372973346605968814e+01,5.492117711674178615e+00,8.857261067515720399e-02,3.399999999999999911e+00,1.630502651693485294e+00,4.807540140848817423e+00,2.320981486302971408e+00,1.609571130815342883e+02,1.181110214155308036e+00,1.422392630885866254e+02,4.356139029037938037e+00,-8.881784197001252323e-16,5.945678488326372371e-06,-8.762328471826341669e-03,1.000000000000000056e-01,1.088572610675157204e+00,1.088572610675157204e+00,9.410699129010318131e-01,5.097595196625995806e-01,5.630863266250769605e-01,9.763423481233632906e-01,8.819363989015003291e-01,9.250624375631799623e-01,9.250624375631799623e-01,9.250624375631799623e-01,8.836383458118060030e-01,7.789969662417461915e-02,7.789969662417462359e+01,5.595241596067826606e+01,1.003770273951940295e+00,1.001788978584469136e+00,9.777624554748524099e-01,6.504249935957595596e+00,9.138630492428816421e-01,1.036263804737662886e+00,4.455326759112029911e-01,1.838602952231420451e+00,9.974352960841819993e+00,-2.193700016355426552e-02,1.797806299983644607e+01,5.595241596067826606e+01,0.000000000000000000e+00,7.461950050851991989e+01,1.000000000000000056e-01,7.527786650020192871e-01,7.527786650020192871e-01,2.233479415349985953e+00,2.467835692695680816e+00,2.373340582598002069e+00,1.108039544264705789e+01,4.841176275293682885e+00,6.239219167353375006e+00,8.054379874502522185e-02,2.999999999999999737e-04,1.398611672480161161e-01,1.968922307190347498e-04,6.794720260769230080e+00,1.102108352827338766e+00,1.068381835590586304e+00,1.168652433941796076e+00,1.068381835590586304e+00,1.576853372434532830e+01,3.153706744869065657e+07,6.773895548176155046e+01,1.354779109635230899e+08,6.830826597274578305e+00,9.033831580338144818e+01,2.793646093079131809e+00,9.992814900836712866e+00,1.226252837993763389e+00,8.260005717942202619e-01,3.861462800211569735e-01,1.420335101128990196e+00,6.627013300565223197e-01,1.154218563433947686e+00,3.894984831208730469e+01,1.239263088586625372e+00,1.260000000000000009e-01,1.712973346605968672e+01,8.653163921330867536e-01,1.306202737088147270e+00,1.030822550518216918e+00,1.316143928203555191e+00,1.316143928203555323e-05,1.910711777036192560e-05,4.356139029037938926e+00,1.320313982776118999e+00,6.531017539188932464e-01,9.722093992335469892e-01,2.895658137474568683e+00
4.020000000000000000e+03,2.791666666666666519e+00,1.922412814526819147e+03,1.351501338751440073e+01,6.689294648351754802e+00,4.937523971398833673e+05,2.925518142966408330e+00,1.543657785580663466e+00,4.990527963412548118e+00,4.361216412964689648e-01,5.254446021894873198e+00,1.736638939439734131e+00,1.840285383106057493e+00,4.465781724338006020e-01,1.237439013752319852e+02,-3.069530656905450172e+01,1.316501229553954211e+00,1.097086371097414359e+00,8.145610601013328900e-01,2.742715927743535897e-01,1.429353704609404252e+00,9.939810576107832585e-01,1.372928610470062871e+01,5.497096339185978842e+00,8.883265287568642421e-02,3.399999999999999911e+00,1.631125760511320077e+00,4.806912472100594691e+00,2.327050976015413219e+00,1.612590185533348404e+02,1.180989595711624318e+00,1.422427606548141057e+02,4.353745567061480415e+00,-8.881784197001252323e-16,5.964064947497472828e-06,-8.482379875399927854e-03,1.000000000000000056e-01,1.088832652875686424e+00,1.088832652875686424e+00,9.413887163577263628e-01,5.100461766344082104e-01,5.631195027367468242e-01,9.763569138655743274e-01,8.819422281643043426e-01,9.250624375631799623e-01,9.250624375631799623e-01,9.250624375631799623e-01,8.836713842853578527e-01,7.780282698657402241e-02,7.780282698657401852e+01,5.593995236283475236e+01,1.003883140131206053e+00,1.001801040428837553e+00,9.779719473934272989e-01,6.500616119340201671e+00,9.145932509482402883e-01,1.036339181343394644e+00,4.466918958550640251e-01,1.841968522990334645e+00,9.961949678178491752e+00,-2.199731534372375077e-02,1.797800268465627482e+01,5.593995236283476657e+01,1.421085471520200372e-14,7.457655344526817487e+01,1.000000000000000056e-01,7.523677986520909133e-01,7.523677986520909133e-01,2.230038430549718953e+00,2.466026301330797033e+00,2.368881623287172999e+00,1.106688889731915992e+01,4.834907924617970032e+00,6.231980972701189891e+00,8.046731482827684800e-02,2.999999999999999737e-04,1.388431927374540464e-01,2.042856089188990407e-04,6.800782892490951248e+00,1.102728109851661920e+00,1.068686167713184032e+00,1.168929399336879449e+00,1.068686167713184032e+00,1.574816013213050248e+01,3.149632026426100358e+07,6.775500931096057400e+01,1.355100186219211519e+08,6.824670671777355757e+00,9.032784011486843667e+01,2.791242388362326299e+00,1.000894807901709882e+01,1.226407678446995053e+00,8.256209087965613591e-01,3.864857166966466084e-01,1.420750507007546792e+00,6.616626969028973626e-01,1.153767037965305331e+00,3.890141349328700926e+01,1.242760654814105692e+00,1.260000000000000009e-01,1.712928610470062907e+01,8.645718579208069299e-01,1.308311572456986926e+00,1.030952713748815253e+00,1.316501229553954211e+00,1.316501229553954260e-05,1.912907724303701543e-05,4.353745567061481303e+00,1.320299551764536394e+00,6.532688554422638738e-01,9.719641954520135130e-01,2.900948264468912186e+00
4.080000000000000000e+03,2.833333333333333481e+00,1.921671476891169277e+03,1.350948298222393618e+01,6.694965979798683797e+00,4.937402899913090514e+05,2.927999365513122232e+00,1.544967645740135342e+00,4.994924062534098042e+00,4.364919355268168100e-01,5.258971185649502722e+00,1.738134544409493332e+00,1.843575309619174041e+00,4.476888297178041043e-01,1.276210287744735012e+02,-3.119597570290055444e+01,1.316859580943748886e+00,1.097581227656706071e+00,8.146735981232722246e-01,2.743953069141765178e-01,1.429747374705877094e+00,9.939840783916422673e-01,1.372852814775085406e+01,5.501830475002797094e+00,8.906890503744868681e-02,3.399999999999999911e+00,1.631719189869836883e+00,4.806331576270650885e+00,2.332838442300819715e+00,1.615473055361518107e+02,1.180878783592834935e+00,1.422461155189836006e+02,4.351544756034195771e+00,0.000000000000000000e+00,5.980695648974367054e-06,-8.207431003182021761e-03,1.000000000000000056e-01,1.089068905037448687e+00,1.089068905037448687e+00,9.416922708336002978e-01,5.103195525319461634e-01,5.631510883134088763e-01,9.763707574386207844e-01,8.819477883376826144e-01,9.250624375631799623e-01,9.250624375631799623e-01,9.250624375631799623e-01,8.837028485316608117e-01,7.771042715191728290e-02,7.771042715191728689e+01,5.592806596676123121e+01,1.003990729854825625e+00,1.001812121640716313e+00,9.781716431443441273e-01,6.497226395675145483e+00,9.152867246297821113e-01,1.036410960598333597e+00,4.477972850080771394e-01,1.845182758492095232e+00,9.950118713433710127e+00,-2.205274667248591225e-02,1.797794725332751398e+01,5.592806596676122410e+01,-7.105427357601001859e-15,7.453555683992934178e+01,1.000000000000000056e-01,7.519902010447192531e-01,7.519902010447192531e-01,2.226756552254498978e+00,2.464297735968323355e+00,2.364632928635317821e+00,1.105400639768118509e+01,4.828930664603641176e+00,6.225075733077543916e+00,8.039435457327789858e-02,2.999999999999999737e-04,1.378763763808188436e-01,2.113071088612940990e-04,6.806548746128661342e+00,1.103319152977914275e+00,1.068975503404813843e+00,1.169192716385503150e+00,1.068975503404813843e+00,1.572866140693986559e+01,3.145732281387973204e+07,6.777027203691422130e+01,1.355405440738284290e+08,6.818778712810570575e+00,9.031771215666465480e+01,2.788960659632425454e+00,1.002429970123560032e+01,1.226555136276008540e+00,8.252595760025490668e-01,3.868085859408996185e-01,1.421146126579891256e+00,6.606721638967685273e-01,1.153334201723699159e+00,3.885521357595863634e+01,1.246115518983600623e+00,1.260000000000000009e-01,1.712852814775085264e+01,8.638651050943570997e-01,1.310318247368864819e+00,1.031076670938301909e+00,1.316859580943748886e+00,1.316859580943749077e-05,1.914929145841185782e-05,4.351544756034195771e+00,1.320275101540350216e+00,6.534277007163221684e-01,9.717290074101008202e-01,2.906007154203886778e+00
4.140000000000000000e+03,2.875000000000000000e+00,1.920986689567075700e+03,1.350436326582579838e+01,6.700362368390917922e+00,4.937286676589185372e+05,2.930360291782990956e+00,1.546213994723313778e+00,4.999105425774126310e+00,4.368442732885739477e-01,5.263276314219558216e+00,1.739557425886038677e+00,1.846717716632408246e+00,4.487481826445334221e-01,1.315043939696991799e+02,-3.168030190227961640e+01,1.317218879807520393e+00,1.098053974925481846e+00,8.147691381163324476e-01,2.745134937313704615e-01,1.430122597861909650e+00,9.939868476953263032e-01,1.372747685738768730e+01,5.506334414410217981e+00,8.928263184770290906e-02,3.399999999999999911e+00,1.632284579299915439e+00,4.805794900166816319e+00,2.338358569378807594e+00,1.618226658011961092e+02,1.180777229782144389e+00,1.422493346597342452e+02,4.349526189317558966e+00,-1.776356839400250465e-15,5.995661761412909640e-06,-7.937635255717355454e-03,1.000000000000000056e-01,1.089282631847702909e+00,1.089282631847702909e+00,9.419813985095549791e-01,5.105803516366350658e-01,5.631811725589319639e-01,9.763839216596108539e-01,8.819530938251951557e-01,9.250624375631799623e-01,9.250624375631799623e-01,9.250624375631799623e-01,8.837328255601091254e-01,7.762225757284035854e-02,7.762225757284035410e+01,5.591672583133478724e+01,1.004093326893563454e+00,1.001822277021785501e+00,9.783620743306963297e-01,6.494067665629251529e+00,9.159456309638260851e-01,1.036479342168377338e+00,4.488516422792218630e-01,1.848253296732055073e+00,9.938829394729879141e+00,-2.210356339508780937e-02,1.797789643660491166e+01,5.591672583133478724e+01,0.000000000000000000e+00,7.449640914813815584e+01,1.000000000000000056e-01,7.516440380842158708e-01,7.516440380842158708e-01,2.223625212259965789e+00,2.462645845718101079e+00,2.360582932718506832e+00,1.104171449452305964e+01,4.823228778436607911e+00,6.218485716086451731e+00,8.032472953425005835e-02,2.999999999999999737e-04,1.369577204585410435e-01,2.179786080378637303e-04,6.812035074530766288e+00,1.103883004873956741e+00,1.069250723984824791e+00,1.169443187221509195e+00,1.069250723984824791e+00,1.570999619247331758e+01,3.141999238494663686e+07,6.778479015394962914e+01,1.355695803078992665e+08,6.813138272788904715e+00,9.030792461921186032e+01,2.786793430488112122e+00,1.003891452625551572e+01,1.226695619919228708e+00,8.249155260986917870e-01,3.871158456712792129e-01,1.421523052866610293e+00,6.597271526112321594e-01,1.152919224846625124e+00,3.881112878642017705e+01,1.249334659734245179e+00,1.260000000000000009e-01,1.712747685738768766e+01,8.631938178798710393e-01,1.312228612429412467e+00,1.031194765431479254e+00,1.317218879807520393e+00,1.317218879807520476e-05,1.916785055948811440e-05,4.349526189317560743e+00,1.320241188947989919e+00,6.535787767981611207e-01,9.715033444973073529e-01,2.910846126150179014e+00
4.200000000000000000e+03,2.916666666666666519e+00,1.920355648959189011e+03,1.349963386598855664e+01,6.705499525883620748e+00,4.937175133895042818e+05,2.932607796782634058e+00,1.547400462662981813e+00,5.003084483127484994e+00,4.371796810787669796e-01,5.267374046571869250e+00,1.740911761154966708e+00,1.849720001351212506e+00,4.497588662965694706e-01,1.353930049091893011e+02,-3.214859845302500219e+01,1.317579028898710147e+00,1.098505731293412779e+00,8.148485850426167021e-01,2.746264328233531948e-01,1.430480378023542443e+00,9.939893791951851520e-01,1.372614841304173439e+01,5.510621380042558748e+00,8.947501786596978590e-02,3.399999999999999911e+00,1.632823454353772075e+00,4.805300062446084652e+00,2.343625088264170042e+00,1.620857475447216132e+02,1.180684424396459598e+00,1.422524246229669416e+02,4.347680146151774672e+00,0.000000000000000000e+00,6.009048902346794902e-06,-7.673115166666452658e-03,1.000000000000000056e-01,1.089475017865969786e+00,1.089475017865969786e+00,9.422568659665947477e-01,5.108292314958946534e-01,5.632098383358630223e-01,9.763964460842768922e-01,8.819581580603850224e-01,9.250624375631799623e-01,9.250624375631799623e-01,9.250624375631799623e-01,8.837613963275952056e-01,7.753809486260193617e-02,7.753809486260193751e+01,5.590590310299376142e+01,1.004191195875239195e+00,1.001831557560354025e+00,9.785437362963014252e-01,6.491127694596780628e+00,9.165719696679218709e-01,1.036544511757630849e+00,4.498575853331925889e-01,1.851187296794149617e+00,9.928053119411259786e+00,-2.215001641749742359e-02,1.797784998358250164e+01,5.590590310299376142e+01,0.000000000000000000e+00,7.445901543543025980e+01,1.000000000000000056e-01,7.513276006018615449e-01,7.513276006018615449e-01,2.220636422734258097e+00,2.461066746762464952e+00,2.356720871920910731e+00,1.102998199485074160e+01,4.817787618683375683e+00,6.212194376167365917e+00,8.025826394546137221e-02,2.999999999999999737e-04,1.360844491866526340e-01,2.243203541663777237e-04,6.817257851315014605e+00,1.104421087167980486e+00,1.069512644265272927e+00,1.169681553443741473e+00,1.069512644265272927e+00,1.569212547425031090e+01,3.138425094850062206e+07,6.779860664758554378e+01,1.355972132951710820e+08,6.807737604573134149e+00,9.029846972640899594e+01,2.784733814468691282e+00,1.005283408196659956e+01,1.226829509373316363e+00,8.245877882651838631e-01,3.874083848735697666e-01,1.421882302902514716e+00,6.588252585828132668e-01,1.152521321011920286e+00,3.876904743130096875e+01,1.252424622966941570e+00,1.260000000000000009e-01,1.712614841304173297e+01,8.625558632343202081e-01,1.314048095923232129e+00,1.031307316664205498e+00,1.317579028898710147e+00,1.317579028898710217e-05,1.918483919133389708e-05,4.347680146151774672e+00,1.320198335904571918e+00,6.537225338450300960e-01,9.712867465813790346e-01,2.915475816113880736e+00
4.260000000000000000e+03,2.958333333333333481e+00,1.919775708072135103e+03,1.349527555240667098e+01,6.710392078361387291e+00,4.937068106953068636e+05,2.934748280712942137e+00,1.548530429171227851e+00,5.006872794538508309e+00,4.374991146244516238e-01,5.271276154622742460e+00,1.742201440934278756e+00,1.852589115936995157e+00,4.507233535434155280e-01,1.392859212860568903e+02,-3.260118454904040419e+01,1.317939935879647528e+00,1.098937546650902153e+00,8.149127890383965900e-01,2.747343866627255382e-01,1.430821651951083684e+00,9.939916856703854275e-01,1.372455801983559809e+01,5.514703687443221369e+00,8.964717570112212819e-02,3.399999999999999911e+00,1.633337238574815053e+00,4.804844835608525599e+00,2.348650884704008845e+00,1.623371599650275812e+02,1.180599891631902487e+00,1.422553915714431696e+02,4.345997520467950181e+00,-8.881784197001252323e-16,6.020937694323636857e-06,-7.413966779464844364e-03,1.000000000000000056e-01,1.089647175701122128e+00,1.089647175701122128e+00,9.425193900885140419e-01,5.110668078791418267e-01,5.632371629221741838e-01,9.764083675068042645e-01,8.819629936090204181e-01,9.250624375631799623e-01,9.250624375631799623e-01,9.250624375631799623e-01,8.837886363742557538e-01,7.745773008856028652e-02,7.745773008856028241e+01,5.589557079530166561e+01,1.004284584322119533e+00,1.001840010836809736e+00,9.787170919799587088e-01,6.488395022829310577e+00,9.171675979690858682e-01,1.036606642607384110e+00,4.508175713079188296e-01,1.853991492136044972e+00,9.917763135539090058e+00,-2.219234023742415809e-02,1.797780765976257555e+01,5.589557079530166561e+01,0.000000000000000000e+00,7.442328669331504898e+01,1.000000000000000056e-01,7.510392912018156730e-01,7.510392912018156730e-01,2.217782714491256080e+00,2.459556794282956815e+00,2.353036699099611440e+00,1.101877972398329852e+01,4.812593493382568255e+00,6.206186230600730269e+00,8.019479338481208530e-02,2.999999999999999737e-04,1.352539846083553599e-01,2.303511521896438666e-04,6.822231946334076369e+00,1.104934731163456085e+00,1.069762022790786471e+00,1.169908505436158874e+00,1.069762022790786471e+00,1.567501238724055668e+01,3.135002477448111400e+07,6.781176153475675505e+01,1.356235230695134997e+08,6.802565610145460795e+00,9.028933953214277608e+01,2.782775425946749426e+00,1.006609701196687467e+01,1.226957159181567114e+00,8.242754579771905954e-01,3.876870277363180239e-01,1.422224825716543295e+00,6.579642329418052826e-01,1.152139742971576730e+00,3.872886504428014121e+01,1.255391571443169596e+00,1.260000000000000009e-01,1.712455801983559667e+01,8.619492632450088676e-01,1.315781749117060251e+00,1.031414622675524972e+00,1.317939935879647528e+00,1.317939935879647691e-05,1.920033705312011377e-05,4.345997520467951070e+00,1.320147032897922568e+00,6.538593907836424135e-01,9.710787805163167974e-01,2.919906246055503196e+00
4.320000000000000000e+03,3.000000000000000000e+00,1.919244372878196828e+03,1.349127021050969510e+01,6.715053568982922272e+00,4.936965433269164059e+05,2.936787669575659621e+00,1.549607023214828239e+00,5.010481047340921812e+00,4.378034586764221747e-01,5.274993508500593009e+00,1.743430057893638585e+00,1.855331578427690253e+00,4.516439582549046650e-01,1.431822530945469225e+02,-3.303838501694453100e+01,1.318301513180374807e+00,1.099350404844449347e+00,8.149625473519307439e-01,2.748376012111123368e-01,1.431147292612871658e+00,9.939937790475502633e-01,1.372271994325723199e+01,5.518592708723150331e+00,8.980014856304308069e-02,3.399999999999999911e+00,1.633827258636907809e+00,4.804427139125749591e+00,2.353448015922312564e+00,1.625774742193974021e+02,1.180523188067057028e+00,1.422582412872515079e+02,4.344469795346396879e+00,2.664535259100375697e-15,6.031403911428607852e-06,-7.160260881053023829e-03,1.000000000000000056e-01,1.089800148563043081e+00,1.089800148563043081e+00,9.427696400719614012e-01,5.112936562333401103e-01,5.632632181546095573e-01,9.764197198676578537e-01,8.819676122066572033e-01,9.250624375631799623e-01,9.250624375631799623e-01,9.250624375631799623e-01,8.838146160969237997e-01,7.738096814650091693e-02,7.738096814650091915e+01,5.588570370807148180e+01,1.004373723300866272e+00,1.001847681193294148e+00,9.788825732959556269e-01,6.485858933149777350e+00,9.177342375129458052e-01,1.036665896053381664e+00,4.517338988985346582e-01,1.856672196603002645e+00,9.907934461779888125e+00,-2.223075370839902240e-02,1.797776924629160078e+01,5.588570370807148890e+01,7.105427357601001859e-15,7.438913960765640354e+01,1.000000000000000056e-01,7.507776190562103213e-01,7.507776190562103213e-01,2.215057115460448145e+00,2.458112573764349662e+00,2.349521050859649129e+00,1.100808043762605060e+01,4.807633624623998791e+00,6.200446813002051805e+00,8.013416428591173257e-02,2.999999999999999737e-04,1.344639353992009845e-01,2.360884342365804703e-04,6.826971128465970651e+00,1.105425180986055800e+00,1.069999559726020344e+00,1.170124680446222643e+00,1.069999559726020344e+00,1.565862211393781322e+01,3.131724422787562758e+07,6.782429175243112240e+01,1.356485835048622489e+08,6.797611799326843673e+00,9.028052566569577664e+01,2.780912389313096700e+00,1.007873923015845641e+01,1.227078899723369698e+00,8.239776968414609382e-01,3.879525432117811312e-01,1.422551505757938539e+00,6.571419756726240013e-01,1.151773782925384237e+00,3.869048407325045957e+01,1.258241287251507856e+00,1.260000000000000009e-01,1.712271994325723057e+01,8.613721979745588841e-01,1.317434266467634618e+00,1.031516961191623727e+00,1.318301513180374807e+00,1.318301513180374932e-05,1.921441904323235717e-05,4.344469795346394214e+00,1.320087740105072127e+00,6.539897341934221009e-01,9.708790399559816819e-01,2.924146839664107045e+00
4.380000000000000000e+03,3.041666666666666519e+00,1.918759283237271575e+03,1.348760070135383948e+01,6.719496653790785423e+00,4.936866953940313542e+05,2.938731501266005353e+00,1.550633168894585578e+00,5.013919222174600954e+00,4.380935400831614257e-01,5.278536277777227781e+00,1.744600973162739654e+00,1.857953531758478549e+00,4.525228578253199241e-01,1.470811556951320824e+02,-3.346052754445865673e+01,1.318663677556623393e+00,1.099745231945004287e+00,8.149986108738879187e-01,2.749363079862510717e-01,1.431458117001225272e+00,9.939956705067444220e-01,1.372064762305656060e+01,5.522299083084980076e+00,8.993491886013904590e-02,3.399999999999999911e+00,1.634294756216432054e+00,4.804045021170537666e+00,2.358027827989722880e+00,1.628072285959180476e+02,1.180453898630377196e+00,1.422609792299584512e+02,4.343088969909871366e+00,-1.776356839400250465e-15,6.040519078209915919e-06,-6.912047591646177519e-03,1.000000000000000056e-01,1.089934918860139046e+00,1.089934918860139046e+00,9.430082436082257713e-01,5.115103170560757473e-01,5.632880712571318726e-01,9.764305348805385476e-01,8.819720248629906445e-01,9.250624375631799623e-01,9.250624375631799623e-01,9.250624375631799623e-01,8.838394013794219628e-01,7.730762601842328108e-02,7.730762601842327797e+01,5.587627820234617104e+01,1.004458829603005476e+00,1.001854610136962087e+00,9.790405851157071293e-01,6.483509358697771674e+00,9.182734925939722848e-01,1.036722423086005263e+00,4.526087321367455174e-01,1.859235365045064148e+00,9.898543664330766489e+00,-2.226546198461115331e-02,1.797773453801539034e+01,5.587627820234615683e+01,-1.421085471520200372e-14,7.435649584941059231e+01,1.000000000000000056e-01,7.505411866569451362e-01,7.505411866569451362e-01,2.212453086737747210e+00,2.456730872227207207e+00,2.346165159990811766e+00,1.099785857932431021e+01,4.802896032218018973e+00,6.194962547106291240e+00,8.007623257189321053e-02,2.999999999999999737e-04,1.337120732530645562e-01,2.415484442097994358e-04,6.831488264687298084e+00,1.105893605200331420e+00,1.070225909809583431e+00,1.170330674374706392e+00,1.070225909809583431e+00,1.564292169700470403e+01,3.128584339400940761e+07,6.783623184098595971e+01,1.356724636819719076e+08,6.792866245748868437e+00,9.027201978373952329e+01,2.779139230805853789e+00,1.009079426096997523e+01,1.227195040174877683e+00,8.236937206849141990e-01,3.882056456665847199e-01,1.422863170810954703e+00,6.563565168621795509e-01,1.151422766994300906e+00,3.865381300921163898e+01,1.260979229958451242e+00,1.260000000000000009e-01,1.712064762305655918e+01,8.608229719555693382e-01,1.319010030093594299e+00,1.031614592114654005e+00,1.318663677556623393e+00,1.318663677556623494e-05,1.922715585377615086e-05,4.343088969909873143e+00,1.320020891066340685e+00,6.541139254528216540e-01,9.706871412660031950e-01,2.928206498673296299e+00
4.440000000000000000e+03,3.083333333333333481e+00,1.918318211905136877e+03,1.348425085476559637e+01,6.723733096207161530e+00,4.936772513154011685e+05,2.940584923052079080e+00,1.551611584025772927e+00,5.017196570896273577e+00,4.383701273530158371e-01,5.281913897791142176e+00,1.745717305201065495e+00,1.860460744516963638e+00,4.533620932390787228e-01,1.509818290229770525e+02,-3.386794285162871176e+01,1.319026350006200277e+00,1.100122897458100990e+00,8.150216850977431982e-01,2.750307243645252475e-01,1.431754888222345201e+00,9.939973705057720821e-01,1.371835369095439283e+01,5.525832681591137607e+00,9.005240946226855669e-02,3.399999999999999911e+00,1.634740891152695275e+00,4.803696654689127321e+00,2.362400956165806587e+00,1.630269285796538838e+02,1.180391635580702037e+00,1.422636105310341179e+02,4.341847545275630438e+00,8.881784197001252323e-16,6.048350530791886327e-06,-6.669356852319216489e-03,1.000000000000000056e-01,1.090052409462268557e+00,1.090052409462268557e+00,9.432357878604216150e-01,5.117172963884293324e-01,5.633117849073050465e-01,9.764408419400785188e-01,8.819762418833019257e-01,9.250624375631799623e-01,9.250624375631799623e-01,9.250624375631799623e-01,8.838630537608747062e-01,7.723753241648326218e-02,7.723753241648326195e+01,5.586727215436270910e+01,1.004540105999062627e+00,1.001860836441929692e+00,9.791915060065190524e-01,6.481336865158817240e+00,9.187868540005067475e-01,1.036776364615895840e+00,4.534440991162352330e-01,1.861686593761272102e+00,9.889568811329482401e+00,-2.229665696676913847e-02,1.797770334303323025e+01,5.586727215436270910e+01,0.000000000000000000e+00,7.432528195223035539e+01,1.000000000000000056e-01,7.503286867784847436e-01,7.503286867784847436e-01,2.209964511199366211e+00,2.455408672652947377e+00,2.342960837196725432e+00,1.098809023007669694e+01,4.798369509849672809e+00,6.189720720227024131e+00,8.002086337817498896e-02,2.999999999999999737e-04,1.329963259973592216e-01,2.467462767209282343e-04,6.835795314477280726e+00,1.106341097875309654e+00,1.070441680282912200e+00,1.170527039891545940e+00,1.070441680282912200e+00,1.562787998710195758e+01,3.125575997420391440e+07,6.784761383499632359e+01,1.356952276699926555e+08,6.788319562932940698e+00,9.026381338503122720e+01,2.777450889185814731e+00,1.010229333853864375e+01,1.227305869303944919e+00,8.234227999562445666e-01,3.884470018883570686e-01,1.423160594101796850e+00,6.556060128635590178e-01,1.151086056145375291e+00,3.861876620824162387e+01,1.263610531034117912e+00,1.260000000000000009e-01,1.711835369095439319e+01,8.603000174972506020e-01,1.320513122739984224e+00,1.031707758190977930e+00,1.319026350006200277e+00,1.319026350006200440e-05,1.923861403085389072e-05,4.341847545275629550e+00,1.319946893256593201e+00,6.542322996352635256e-01,9.705027239037420372e-01,2.932093607708763816e+00
4.500000000000000000e+03,3.125000000000000000e+00,1.917919049536957573e+03,1.348120535917868601e+01,6.727773890043180494e+00,4.936681959039607900e+05,2.942352745400237168e+00,1.552544808550360589e+00,5.020321741689989459e+00,4.386339386817116881e-01,5.285135192327693687e+00,1.746781970344497781e+00,1.862858659495778557e+00,4.541635870358635141e-01,1.548835136080412269e+02,-3.426096258039157050e+01,1.319389455410067802e+00,1.100484220818058523e+00,8.150324352558875329e-01,2.751210552045146307e-01,1.432038321620320076e+00,9.939988888631932085e-01,1.371585006037375720e+01,5.529202735509387345e+00,9.015349046040221914e-02,3.399999999999999911e+00,1.635166750750165265e+00,4.803380323080570946e+00,2.366577418512619602e+00,1.632370511071747785e+02,1.180336035353100499e+00,1.422661400400032790e+02,4.340738467184591443e+00,1.776356839400250465e-15,6.054961888698544124e-06,-6.432201977711486662e-03,1.000000000000000056e-01,1.090153490460402219e+00,1.090153490460402219e+00,9.434528243852006169e-01,5.119150702101573636e-01,5.633344178230554888e-01,9.764506685056759672e-01,8.819802729495405114e-01,9.250624375631799623e-01,9.250624375631799623e-01,9.250624375631799623e-01,8.838856309295525238e-01,7.717052642880324609e-02,7.717052642880324242e+01,5.585866478063719853e+01,1.004617743018751952e+00,1.001866396464689890e+00,9.793356913615883785e-01,6.479332578378959262e+00,9.192757134073463732e-01,1.036827852742103984e+00,4.542419108137975559e-01,1.864031164599696311e+00,9.880989299462640929e+00,-2.232451882544542188e-02,1.797767548117455405e+01,5.585866478063719853e+01,0.000000000000000000e+00,7.429542875562806614e+01,1.000000000000000056e-01,7.501388921008533828e-01,7.501388921008533828e-01,2.207585643381159812e+00,2.454143132982397724e+00,2.339900402354223807e+00,1.097875291988089685e+01,4.794043535336621531e+00,6.184709384544275323e+00,7.996792999080258590e-02,2.999999999999999737e-04,1.323147589730639950e-01,2.516960228204911942e-04,6.839903454877233280e+00,1.106768688086947838e+00,1.070647438799724682e+00,1.170714293634606662e+00,1.070647438799724682e+00,1.561346746607821245e+01,3.122693493215642497e+07,6.785846768049957234e+01,1.357169353609991372e+08,6.783962856380793660e+00,9.025589800295857401e+01,2.775842648859336403e+00,1.011326566941325922e+01,1.227411657789745592e+00,8.231642518607777959e-01,3.886772338694916562e-01,1.423444500500110177e+00,6.548887317197668034e-01,1.150763041943297704e+00,3.858526321440161411e+01,1.266140040003278955e+00,1.260000000000000009e-01,1.711585006037375578e+01,8.598018739706103641e-01,1.321947362117265268e+00,1.031796686961105713e+00,1.319389455410067802e+00,1.319389455410067955e-05,1.924885644279922367e-05,4.340738467184589666e+00,1.319866130979798546e+00,6.543451698776407977e-01,9.703254471739448661e-01,2.935816094276435972e+00
4.560000000000000000e+03,3.166666666666666519e+00,1.917559800270478263e+03,1.347844972951777542e+01,6.731629297069433804e+00,4.936595143501493149e+05,2.944039458491323646e+00,1.553435213318890895e+00,5.023302798209048348e+00,4.388856444605491736e-01,5.288208401103578815e+00,1.747797691889184213e+00,1.865152405332474173e+00,4.549291475977436661e-01,1.587854890181239682e+02,-3.463991891413942170e+01,1.319752922382976035e+00,1.100829973730585332e+00,8.150314881804301415e-01,2.752074934326463329e-01,1.432309087514030743e+00,9.940002347930908533e-01,1.371314795961881039e+01,5.532417865066542539e+00,9.023898161307641885e-02,3.399999999999999911e+00,1.635573353927836537e+00,4.803094414340558060e+00,2.370566638234248735e+00,1.634380455865266981e+02,1.180286757186860491e+00,1.422685723322487661e+02,4.339755103441275352e+00,0.000000000000000000e+00,6.060413211064338284e-06,-6.200580791530886648e-03,1.000000000000000056e-01,1.090238981613076419e+00,1.090238981613076419e+00,9.436598708936908553e-01,5.121040857391775392e-01,5.633560249763760464e-01,9.764600401934471208e-01,8.819841271533848115e-01,9.250624375631799623e-01,9.250624375631799623e-01,9.250624375631799623e-01,8.839071869434462769e-01,7.710645696913659419e-02,7.710645696913658753e+01,5.585043656686114844e+01,1.004691919508666764e+00,1.001871324281313758e+00,9.794734746062394581e-01,6.477488155883113663e+00,9.197413689615073773e-01,1.036877011197793408e+00,4.550039648844577678e-01,1.866274058129973934e+00,9.872785783500205525e+00,-2.234921663906850806e-02,1.797765078336093225e+01,5.585043656686114133e+01,-7.105427357601001859e-15,7.426687119370137680e+01,1.000000000000000056e-01,7.499706508636388991e-01,7.499706508636388991e-01,2.205311090351037340e+00,2.452931576808043079e+00,2.336976656920361162e+00,1.096982555059703657e+01,4.789908233728404241e+00,6.179917316868632327e+00,7.991731341558108714e-02,2.999999999999999737e-04,1.316655665693238220e-01,2.564108265574217838e-04,6.843823118687257789e+00,1.107177342727640124e+00,1.070843715243459116e+00,1.170892917864224003e+00,1.070843715243459116e+00,1.559965618418186040e+01,3.119931236836371943e+07,6.786882133089774527e+01,1.357376426617954969e+08,6.779787703331232152e+00,9.024826521841083604e+01,2.774310121405524576e+00,1.012373855681736856e+01,1.227512659261215333e+00,8.229174379581400967e-01,3.888969224428611704e-01,1.423715569285224358e+00,6.542030472384282591e-01,1.150453145938257205e+00,3.855322848456830087e+01,1.268572332248766088e+00,1.260000000000000009e-01,1.711314795961881075e+01,8.593271820866016375e-01,1.323316317144273446e+00,1.031881591632638928e+00,1.319752922382976035e+00,1.319752922382976203e-05,1.925794243489410031e-05,4.339755103441275352e+00,1.319778966439316470e+00,6.544528284024369036e-01,9.701549896732295508e-01,2.939381446838025269e+00
4.620000000000000000e+03,3.208333333333333481e+00,1.917238573646363420e+03,1.347597024798452026e+01,6.735308908702852371e+00,4.936511922483704402e+05,2.945649259043561230e+00,1.554285014133627296e+00,5.026147271230047231e+00,4.391258712040724821e-01,5.291141214566617457e+00,1.748767011593266307e+00,1.867346821312347194e+00,4.556604787803880119e-01,1.626870715402204723e+02,-3.500514360186595297e+01,1.320116683060227114e+00,1.101160883853142369e+00,8.150194352181240331e-01,2.752902209632855923e-01,1.432567814886040569e+00,9.940014169540036804e-01,1.371025798314653343e+01,5.535486115855303701e+00,9.030965618140962547e-02,3.399999999999999911e+00,1.635961656819137744e+00,4.802837412674103135e+00,2.374377493863596200e+00,1.636303360706334615e+02,1.180243481247142512e+00,1.422709117314285834e+02,4.338891210661572906e+00,8.881784197001252323e-16,6.064761258614838991e-06,-5.974477532943237024e-03,1.000000000000000056e-01,1.090309656181409625e+00,1.090309656181409625e+00,9.438574139962909726e-01,5.122847637803651377e-01,5.633766578773398148e-01,9.764689808895837819e-01,8.819878130431971774e-01,9.250624375631799623e-01,9.250624375631799623e-01,9.250624375631799623e-01,8.839277725276742936e-01,7.704518199322533956e-02,7.704518199322534144e+01,5.584256916666534210e+01,1.004762803596678911e+00,1.001875651875285600e+00,9.796051689732454548e-01,6.475795744909919271e+00,9.201850337944154079e-01,1.036923956057247409e+00,4.557319550476454650e-01,1.868419974741887923e+00,9.864940075957150611e+00,-2.237090929181906329e-02,1.797762909070818083e+01,5.584256916666533499e+01,-7.105427357601001859e-15,7.423954797522650040e+01,1.000000000000000056e-01,7.498228807495342929e-01,7.498228807495342929e-01,2.203135783401806602e+00,2.451771481207178027e+00,2.334182844497383336e+00,1.096128828669001365e+01,4.785954325704561363e+00,6.175333960985452286e+00,7.986890176429628507e-02,2.999999999999999737e-04,1.310470610955767334e-01,2.609029711685348363e-04,6.847564057181233288e+00,1.107567971584354938e+00,1.071031004004905141e+00,1.171063362536477692e+00,1.071031004004905141e+00,1.558641963756967641e+01,3.117283927513935417e+07,6.787870086713158457e+01,1.357574017342631817e+08,6.775786114072531952e+00,9.024090661877380626e+01,2.772849223994116485e+00,1.013373755894439654e+01,1.227609111694956567e+00,8.226817610427423766e-01,3.891066117735826335e-01,1.423974437879425237e+00,6.535474305554447305e-01,1.150155817728548913e+00,3.852259099661267072e+01,1.270911731428583380e+00,1.260000000000000009e-01,1.711025798314653201e+01,8.588746772111817140e-01,1.324623328639641162e+00,1.031962672255388291e+00,1.320116683060227114e+00,1.320116683060227185e-05,1.926592808921711084e-05,4.338891210661572018e+00,1.319685741391823708e+00,6.545555477895492746e-01,9.699910477112236862e-01,2.942796747302255156e+00
4.680000000000000000e+03,3.250000000000000000e+00,1.916953575498007694e+03,1.347375389737253926e+01,6.738821723320770118e+00,4.936432156213410781e+05,2.947186084261949279e+00,1.555096289757371020e+00,5.028862224546588600e+00,4.393552066718605098e-01,5.293940850496335671e+00,1.749692314993886999e+00,1.869446485135750180e+00,4.563591899608009927e-01,1.665876115051679562e+02,-3.535696680656858604e+01,1.320480672850464110e+00,1.101477638785223645e+00,8.149968354015230121e-01,2.753694096963059113e-01,1.432815095219354351e+00,9.940024435005946346e-01,1.370719014732120833e+01,5.538415038972257065e+00,9.036624509782886783e-02,3.399999999999999911e+00,1.636332558598863063e+00,4.802607889598329294e+00,2.378018371619603943e+00,1.638143236904679725e+02,1.180205906657559645e+00,1.422731623346500953e+02,4.338140898704547332e+00,0.000000000000000000e+00,6.068059783247212378e-06,-5.753864954423763139e-03,1.000000000000000056e-01,1.090366245097828868e+00,1.090366245097828868e+00,9.440459121680919719e-01,5.124575012821643849e-01,5.633963649410841379e-01,9.764775129902391049e-01,8.819913386744649975e-01,9.250624375631799623e-01,9.250624375631799623e-01,9.250624375631799623e-01,8.839474353838617793e-01,7.698656765772877997e-02,7.698656765772878430e+01,5.583504529298012642e+01,1.004830553732721565e+00,1.001879409334244020e+00,9.797310694178830159e-01,6.474247937560441812e+00,9.206078444573598807e-01,1.036968796485180810e+00,4.564274815674493335e-01,1.870473361980030225e+00,9.857435039401892141e+00,-2.238974642176198154e-02,1.797761025357823783e+01,5.583504529298012642e+01,0.000000000000000000e+00,7.421340124000960259e+01,1.000000000000000056e-01,7.496945624256724505e-01,7.496945624256724505e-01,2.201054947370714387e+00,2.450660463000084111e+00,2.331512608656691743e+00,1.095312243795556917e+01,4.782173071656775853e+00,6.170949366298793315e+00,7.982258959472182669e-02,2.999999999999999737e-04,1.304576612859773554e-01,2.651839644906839322e-04,6.851135418709449532e+00,1.107941432866069720e+00,1.071209768922266825e+00,1.171226049799395597e+00,1.071209768922266825e+00,1.557373266229333097e+01,3.114746532458666340e+07,6.788813075829526156e+01,1.357762615165905356e+08,6.771950503316887193e+00,9.023381392390548683e+01,2.771456137515095453e+00,1.014328665497602344e+01,1.227701238868707856e+00,8.224566602337571863e-01,3.893068111936304199e-01,1.424221705732575449e+00,6.529204410816771276e-01,1.149870532475492091e+00,3.849328382886438504e+01,1.273162334650095318e+00,1.260000000000000009e-01,1.710719014732120868e+01,8.584431763961922757e-01,1.325871531022753791e+00,1.032040116943201413e+00,1.320480672850464110e+00,1.320480672850464278e-05,1.927286651175185515e-05,4.338140898704547332e+00,1.319586778945845529e+00,6.546535837055911244e-01,9.698333335394000443e-01,2.946068707338179493e+00
4.740000000000000000e+03,3.291666666666666519e+00,1.916703106252706220e+03,1.347178834897746036e+01,6.742176154896161400e+00,4.936355708964823862e+05,2.948653615671143147e+00,1.555870983973606680e+00,5.031454248734094747e+00,4.395742004633328426e-01,5.296614047863906549e+00,1.750575829378167025e+00,1.871455715084018312e+00,4.570267970919432710e-01,1.704864925681347927e+02,-3.569571718616099076e+01,1.320844830364299227e+00,1.101780887178426926e+00,8.149642163295256481e-01,2.754452217946067316e-01,1.433051484003918130e+00,9.940033221017747778e-01,1.370395390643142974e+01,5.541211684594261833e+00,9.040943812413226865e-02,3.399999999999999911e+00,1.636686903764159373e+00,4.802404500929166709e+00,2.381497170902723504e+00,1.639903868448461424e+02,1.180173750770221908e+00,1.422753280115322241e+02,4.337498619350937723e+00,1.776356839400250465e-15,6.070359596699871044e-06,-5.538704718211634459e-03,1.000000000000000056e-01,1.090409438124132269e+00,1.090409438124132269e+00,9.442257965185641977e-01,5.126226717559992929e-01,5.634151915676609557e-01,9.764856573883893276e-01,8.819947116267329301e-01,9.250624375631799623e-01,9.250624375631799623e-01,9.250624375631799623e-01,8.839662203114807548e-01,7.693048803950948422e-02,7.693048803950948411e+01,5.582784868175994575e+01,1.004895318886930733e+00,1.001882624922977749e+00,9.798514531915070158e-01,6.472837756476244486e+00,9.210108636378357971e-01,1.037011634921274350e+00,4.570920514581893190e-01,1.872438418597426768e+00,9.850254550513376728e+00,-2.240586875341685907e-02,1.797759413124658323e+01,5.582784868175995996e+01,1.421085471520200372e-14,7.418837645458839347e+01,1.000000000000000056e-01,7.495847372781596629e-01,7.495847372781596629e-01,2.199064091614558514e+00,2.449596273502149923e+00,2.328959979406073355e+00,1.094531041990846809e+01,4.778556252908223279e+00,6.166754167000244813e+00,7.977827769093703836e-02,2.999999999999999737e-04,1.298958877915148413e-01,2.692645664661317759e-04,6.854545757477763956e+00,1.108298534110543576e+00,1.071380442931360255e+00,1.171381373674982740e+00,1.071380442931360255e+00,1.556157139464512618e+01,3.112314278929025307e+07,6.789713384320577916e+01,1.357942676864115596e+08,6.768273674791108085e+00,9.022697891264201076e+01,2.770127306389163380e+00,1.015240831452867987e+01,1.227789250933326137e+00,8.222416105322307711e-01,3.894979987862526860e-01,1.424457935842772915e+00,6.523207234799968113e-01,1.149596791025549791e+00,3.846524401975473495e+01,1.275328011532224082e+00,1.260000000000000009e-01,1.710395390643142832e+01,8.580315783206542424e-01,1.327063861391393873e+00,1.032114102354786400e+00,1.320844830364299227e+00,1.320844830364299374e-05,1.927880790034286479e-05,4.337498619350935947e+00,1.319482384078433101e+00,6.547471747295221522e-01,9.696815754104903817e-01,2.949203675478235809e+00
4.800000000000000000e+03,3.333333333333333481e+00,1.916485548891191456e+03,1.347006187419797563e+01,6.745380131832062531e+00,4.936282449533333420e+05,2.950055322274334202e+00,1.556610928315252940e+00,5.033929554351393776e+00,4.397833704240783348e-01,5.299167155881526980e+00,1.751419653214494110e+00,1.873378608860029049e+00,4.576647369891065353e-01,1.743831282963058413e+02,-3.602172025562972379e+01,1.321209097101652130e+00,1.102071243733024675e+00,8.149220781424049154e-01,2.755178109332561687e-01,1.433277505206948188e+00,9.940040600024254713e-01,1.370055822228666109e+01,5.543882695140136541e+00,9.043988907566102853e-02,3.399999999999999911e+00,1.637025488928780970e+00,4.802225976065573221e+00,2.384821378739041542e+00,1.641588846039156806e+02,1.180146746848217632e+00,1.422774124417525172e+02,4.336959122880572615e+00,-8.881784197001252323e-16,6.071708942871841978e-06,-5.328950085850926027e-03,1.000000000000000056e-01,1.090439889075661029e+00,1.090439889075661029e+00,9.443974745145576888e-01,5.127806286863827445e-01,5.634331805691822348e-01,9.764934337501338657e-01,8.819979390639802741e-01,9.250624375631799623e-01,9.250624375631799623e-01,9.250624375631799623e-01,8.839841695684071965e-01,7.687682412744152594e-02,7.687682412744152316e+01,5.582096396176088149e+01,1.004957239917023903e+00,1.001885325315178044e+00,9.799665821804890431e-01,6.471558600117925941e+00,9.213950906449188683e-01,1.037052568032538868e+00,4.577270936380097299e-01,1.874319128719150962e+00,9.843383370991233505e+00,-2.241940923035713393e-02,1.797758059076964443e+01,5.582096396176087438e+01,-7.105427357601001859e-15,7.416442198849652812e+01,1.000000000000000056e-01,7.494924996968226338e-01,7.494924996968226338e-01,2.197158972463191695e+00,2.448576782904922755e+00,2.326519322378093779e+00,1.093783561359206935e+01,4.775096105283016534e+00,6.162739508309052816e+00,7.973587227208620010e-02,2.999999999999999737e-04,1.293603499149020841e-01,2.731548953097641050e-04,6.857803134029263781e+00,1.108640039557029056e+00,1.071543433788876509e+00,1.171529705268081090e+00,1.071543433788876509e+00,1.554991312343442367e+01,3.109982624686884880e+07,6.790573163232564013e+01,1.358114632646512687e+08,6.764748780749707535e+00,9.022039353650977489e+01,2.768859391400427139e+00,1.016112368504832197e+01,1.227873346105196717e+00,8.220361171278218748e-01,3.896806231660840392e-01,1.424683659285854054e+00,6.517469968134061986e-01,1.149334116270840589e+00,3.843841206372076158e+01,1.277412441752517225e+00,1.260000000000000009e-01,1.710055822228666145e+01,8.576388486809540801e-01,1.328203084016896574e+00,1.032184795116399600e+00,1.321209097101652130e+00,1.321209097101652187e-05,1.928379991388836384e-05,4.336959122880573503e+00,1.319372845880214973e+00,6.548365455067728380e-01,9.695355149416791107e-01,2.952207684833175971e+00
4.860000000000000000e+03,3.375000000000000000e+00,1.916299372514514744e+03,1.346856337116434865e+01,6.748441054243381920e+00,4.936212250624464941e+05,2.951394441930607293e+00,1.557317832283498626e+00,5.036293930023817644e+00,4.399831998998480764e-01,5.301606105010871595e+00,1.752225746570634124e+00,1.875219029838069540e+00,4.582743614726904613e-01,1.782769628182013548e+02,-3.633529933756383912e+01,1.321573417502974745e+00,1.102349288208571032e+00,8.148708927364542998e-01,2.755873220521427580e-01,1.433493651014678516e+00,9.940046640164412750e-01,1.369701155134649717e+01,5.546434274940273745e+00,9.045821478859705778e-02,3.399999999999999911e+00,1.637349062419820811e+00,4.802071119354186735e+00,2.387998039259181748e+00,1.643201555042707582e+02,1.180124644268898848e+00,1.422794190965633732e+02,4.336517464649518594e+00,-2.664535259100375697e-15,6.072153407852609109e-06,-5.124545078894472000e-03,1.000000000000000056e-01,1.090458214788597058e+00,1.090458214788597058e+00,9.445613292788598292e-01,5.129317045938749375e-01,5.634503721027313006e-01,9.765008604307342521e-01,8.820010277273288013e-01,9.250624375631799623e-01,9.250624375631799623e-01,9.250624375631799623e-01,8.840013228498736497e-01,7.682546394664485634e-02,7.682546394664485945e+01,5.581437667057529950e+01,1.005016449227739583e+00,1.001887535573110055e+00,9.800767025614830485e-01,6.470404250989585826e+00,9.217614595250083198e-01,1.037091686530559498e+00,4.583339521436215480e-01,1.876119252750521493e+00,9.836807163462850667e+00,-2.243049288754884324e-02,1.797756950711245238e+01,5.581437667057530660e+01,7.105427357601001859e-15,7.414148918572864488e+01,1.000000000000000056e-01,7.494169979448355168e-01,7.494169979448355168e-01,2.195335599027026241e+00,2.447599981524848811e+00,2.324185345067100616e+00,1.093068238215260379e+01,4.771785326591949428e+00,6.158897055560654366e+00,7.969528509020448737e-02,2.999999999999999737e-04,1.288497460400743755e-01,2.768644084325559349e-04,6.860915071814105204e+00,1.108966668120372479e+00,1.071699122254360592e+00,1.171671391112147464e+00,1.071699122254360592e+00,1.553873632713877306e+01,3.107747265427754447e+07,6.791394421187867181e+01,1.358278884237573445e+08,6.761369329601848222e+00,9.021404986861928421e+01,2.767649281575083275e+00,1.016945259065350982e+01,1.227953710570378165e+00,8.218397166927161601e-01,3.898551056705266693e-01,1.424899374946547281e+00,6.511980558812754394e-01,1.149082054955115950e+00,3.841273197332242972e+01,1.279419096563373159e+00,1.260000000000000009e-01,1.709701155134649753e+01,8.572640238702002868e-01,1.329291790192924427e+00,1.032252351741267393e+00,1.321573417502974745e+00,1.321573417502974900e-05,1.928788758288235811e-05,4.336517464649521258e+00,1.319258437140209406e+00,6.549219057660774501e-01,9.693949084046966647e-01,2.955086439339924098e+00
4.920000000000000000e+03,3.416666666666666519e+00,1.916143114356886372e+03,1.346728223269054325e+01,6.751365954050660534e+00,4.936144989745613420e+05,2.952674051383808784e+00,1.557993320301899853e+00,5.038552872167513463e+00,4.401741481756615282e-01,5.303936520708939284e+00,1.752995968707845131e+00,1.876980662841885916e+00,4.588569592987205570e-01,1.821674658583920632e+02,-3.663677294341402302e+01,1.321937738497346526e+00,1.102615572577069880e+00,8.148111094600476445e-01,2.756538931442674700e-01,1.433700387856983172e+00,9.940051406119234656e-01,1.369332194404855052e+01,5.548872309235278522e+00,9.046500260431500351e-02,3.399999999999999911e+00,1.637658333440724423e+00,4.801938795202634225e+00,2.391033867974900584e+00,1.644745224366250795e+02,1.180107205361156097e+00,1.422813512963760161e+02,4.336168944114493939e+00,-8.881784197001252323e-16,6.071736463435354242e-06,-4.925428441851734812e-03,1.000000000000000056e-01,1.090465002604315004e+00,1.090465002604315004e+00,9.447177247154743274e-01,5.130762157886626929e-01,5.634668042349778583e-01,9.765079548248957186e-01,8.820039840183454549e-01,9.250624375631799623e-01,9.250624375631799623e-01,9.250624375631799623e-01,8.840177177745172088e-01,7.677630116735628674e-02,7.677630116735628008e+01,5.580807307494723091e+01,1.005073072658126954e+00,1.001889279463884286e+00,9.801820479979682643e-01,6.469368798846964808e+00,9.221108537288795759e-01,1.037129076456764665e+00,4.589139091407276605e-01,1.877842376004492664e+00,9.830512313361879251e+00,-2.243923841464529750e-02,1.797756076158535521e+01,5.580807307494723801e+01,7.105427357601001859e-15,7.411953176553411993e+01,1.000000000000000056e-01,7.493574235095735725e-01,7.493574235095735725e-01,2.193590181620634016e+00,2.446663957555148095e+00,2.321953028118837636e+00,1.092383587762898323e+01,4.768616985673985731e+00,6.155218891954997495e+00,7.965643233795097200e-02,2.999999999999999737e-04,1.283628464982036199e-01,2.804020509481509882e-04,6.863888719951504847e+00,1.109279103668330713e+00,1.071847869380649021e+00,1.171806759804253195e+00,1.071847869380649021e+00,1.552802044085248134e+01,3.105604088170496374e+07,6.792179062843662507e+01,1.358435812568732500e+08,6.758129120574296600e+00,9.020794018986339324e+01,2.766494035475006275e+00,1.017741377703917216e+01,1.228030520764267219e+00,8.216519699877027350e-01,3.900218427429333334e-01,1.425105555627149689e+00,6.506727562456029457e-01,1.148840171873849458e+00,3.838815058367814004e+01,1.281351296376016080e+00,1.260000000000000009e-01,1.709332194404855088e+01,8.569061927942379642e-01,1.330332430247865405e+00,1.032316920545935934e+00,1.321937738497346526e+00,1.321937738497346715e-05,1.929111384840882139e-05,4.336168944114494828e+00,1.319139417549953341e+00,6.550034543290528255e-01,9.692595226861975277e-01,2.957845384623314366e+00
4.980000000000000000e+03,3.458333333333333481e+00,1.916015389689350968e+03,1.346620841930947421e+01,6.754161380712172758e+00,4.936080548183387145e+05,2.953897016258965724e+00,1.558638905314825296e+00,5.040711501302673980e+00,4.403566430121470532e-01,5.306163648854748338e+00,1.753732053433834981e+00,1.878666982250821738e+00,4.594137430900654961e-01,1.860541350779957384e+02,-3.692645676796936982e+01,1.322302009706197490e+00,1.102870617563310507e+00,8.147431523627806094e-01,2.757176543908276267e-01,1.433898154129071623e+00,9.940054958751778358e-01,1.368949699783932417e+01,5.551202286158861021e+00,9.046080675360812506e-02,3.399999999999999911e+00,1.637953968594355159e+00,4.801827934529485198e+00,2.393935183679646528e+00,1.646222898510428649e+02,1.180094206683162561e+00,1.422832121729184678e+02,4.335909132314111680e+00,-1.776356839400250465e-15,6.070499188426964495e-06,-4.731531346024244605e-03,1.000000000000000056e-01,1.090460806753608125e+00,1.090460806753608125e+00,9.448670031180252948e-01,5.132144599069894397e-01,5.634825126725113709e-01,9.765147331431210942e-01,8.820068139632668558e-01,9.250624375631799623e-01,9.250624375631799623e-01,9.250624375631799623e-01,8.840333897003236352e-01,7.672923570414127981e-02,7.672923570414127425e+01,5.580204024815652275e+01,1.005127228537449069e+00,1.001890579331683684e+00,9.802828382291278730e-01,6.468446675237026433e+00,9.224440995642709806e-01,1.037164818592495097e+00,4.594681703393667660e-01,1.879491881853476487e+00,9.824486005651891674e+00,-2.244575749536445800e-02,1.797755424250463463e+01,5.580204024815652275e+01,0.000000000000000000e+00,7.409850609958611756e+01,1.000000000000000056e-01,7.493130156027673072e-01,7.493130156027673072e-01,2.191919154888953170e+00,2.445766906625447490e+00,2.319817654395489370e+00,1.091728212355820560e+01,4.765584561020936860e+00,6.151697562537268738e+00,7.961923511992462232e-02,2.999999999999999737e-04,1.278984995065362007e-01,2.837761893811439201e-04,6.866730737057375578e+00,1.109577989695291089e+00,1.071990011779375473e+00,1.171936117696637636e+00,1.071990011779375473e+00,1.551774597044650861e+01,3.103549194089301676e+07,6.792928863918726279e+01,1.358585772783745229e+08,6.755022271927088262e+00,9.020205688156086410e+01,2.765390916213997130e+00,1.018502482857488545e+01,1.228103942511485247e+00,8.214724659425517439e-01,3.901812078794806848e-01,1.425302645729570106e+00,6.501700206797103032e-01,1.148608053813238605e+00,3.836461785207063713e+01,1.283212172918467786e+00,1.260000000000000009e-01,1.708949699783932274e+01,8.565645077177375111e-01,1.331327302708400495e+00,1.032378640927235525e+00,1.322302009706197490e+00,1.322302009706197636e-05,1.929351928548894086e-05,4.335909132314113457e+00,1.319016032188365273e+00,6.550813765252653242e-01,9.691291379351927304e-01,2.960489669333380647e+00
5.040000000000000000e+03,3.500000000000000000e+00,1.915914877117551896e+03,1.346533235152297792e+01,6.756833536502473869e+00,4.936018811644369271e+05,2.955066050279083534e+00,1.559256020070443505e+00,5.042774664361065362e+00,4.405310894966706914e-01,5.308292457036636769e+00,1.754435642579006194e+00,1.880281296560432747e+00,4.599458663606531550e-01,1.899364919392118907e+02,-3.720466161662651672e+01,1.322666183065153378e+00,1.103114918469137340e+00,8.146674248395076035e-01,2.757787296172843350e-01,1.434087365086953891e+00,9.940057355799970518e-01,1.368554393825542270e+01,5.553429402702589002e+00,9.044615445679182741e-02,3.399999999999999911e+00,1.638236599328856347e+00,4.801737522654236479e+00,2.396707997159161163e+00,1.647637476616597780e+02,1.180085436452313452e+00,1.422850047144105474e+02,4.335733822229164147e+00,1.776356839400250465e-15,6.068480712167319418e-06,-4.542780572444726772e-03,1.000000000000000056e-01,1.090446154456791827e+00,1.090446154456791827e+00,9.450094893048821554e-01,5.133467197072104637e-01,5.634975312362997535e-01,9.765212107231565630e-01,8.820095232809627150e-01,9.250624375631799623e-01,9.250624375631799623e-01,9.250624375631799623e-01,8.840483721195826483e-01,7.668417258199254627e-02,7.668417258199254150e+01,5.579626592356174086e+01,1.005179029192046825e+00,1.001891456354768506e+00,9.803792816618892569e-01,6.467632590994899289e+00,9.227619775916672262e-01,1.037198989484704681e+00,4.599978831465946771e-01,1.881070992467449354e+00,9.818716079640530836e+00,-2.245015607879713437e-02,1.797754984392120292e+01,5.579626592356173376e+01,-7.105427357601001859e-15,7.407837072427651037e+01,1.000000000000000056e-01,7.492830525003648656e-01,7.492830525003648656e-01,2.190319135930986594e+00,2.444907113142487542e+00,2.317774753290692491e+00,1.091100785734948175e+01,4.762681866433180033e+00,6.148325990916301720e+00,7.958361856160092729e-02,2.999999999999999737e-04,1.274556173597058972e-01,2.869947270514733306e-04,6.869447428777515796e+00,1.109863937529405709e+00,1.072125868109288449e+00,1.172059754801669351e+00,1.072125868109288449e+00,1.550789430938556812e+01,3.101578861877113581e+07,6.793645505420545305e+01,1.358729101084108949e+08,6.752043170867023214e+00,9.019639253445804172e+01,2.764337339457954901e+00,1.019230236810528112e+01,1.228174132878233404e+00,8.213008152845591159e-01,3.903335529694172967e-01,1.425491066219237490e+00,6.496888269634778501e-01,1.148385304784286243e+00,3.834208629099627075e+01,1.285004714410547422e+00,1.260000000000000009e-01,1.708554393825542306e+01,8.562381681575361725e-01,1.332278580416253799e+00,1.032437644919423247e+00,1.322666183065153378e+00,1.322666183065153494e-05,1.929514254281885436e-05,4.335733822229162371e+00,1.318888514137271706e+00,6.551558477592217544e-01,9.690035443938658233e-01,2.963024202896799686e+00
5.100000000000000000e+03,3.541666666666666519e+00,1.915840317429958986e+03,1.346464490146490611e+01,6.759388283842592493e+00,4.935959670026231324e+05,2.956183718430011265e+00,1.559846018762056863e+00,5.044746936912364532e+00,4.406978704969174987e-01,5.310327636190704581e+00,1.755108286537525375e+00,1.881826751045127644e+00,4.604544244702378775e-01,1.938140811730618793e+02,-3.747169356117787231e+01,1.323030212770506031e+00,1.103348945845153750e+00,8.145843101696220723e-01,2.758372364612884375e-01,1.434268413698067679e+00,9.940058651979387649e-01,1.368146962885187712e+01,5.555558566429991352e+00,9.042154663091039879e-02,3.399999999999999911e+00,1.638506823226034470e+00,4.801666597569831829e+00,2.399358016166628804e+00,1.648991714800026216e+02,1.180080694138438524e+00,1.422867317668007843e+02,4.335639022164378353e+00,1.776356839400250465e-15,6.065718258930415886e-06,-4.359098659800275666e-03,1.000000000000000056e-01,1.090421546630910399e+00,1.090421546630910399e+00,9.451454911208496679e-01,5.134732634116204730e-01,5.635118919156858475e-01,9.765274020376426556e-01,8.820121173927538694e-01,9.250624375631799623e-01,9.250624375631799623e-01,9.250624375631799623e-01,8.840626967273954584e-01,7.664102177298702523e-02,7.664102177298703111e+01,5.579073847349688720e+01,1.005228581096333507e+00,1.001891930586155999e+00,9.804715757241390106e-01,6.466921527879528675e+00,9.230652242315661171e-01,1.037231661572536989e+00,4.605041373638316671e-01,1.882582771819979461e+00,9.813191008064919174e+00,-2.245253456802659420e-02,1.797754746543197513e+01,5.579073847349689430e+01,7.105427357601001859e-15,7.405908627876587502e+01,1.000000000000000056e-01,7.492668502576573797e-01,7.492668502576573797e-01,2.188786918750862842e+00,2.444082947528266825e+00,2.315820092581911904e+00,1.090500050734654280e+01,4.759903040110178729e+00,6.145097467236364075e+00,7.954951168141025097e-02,2.999999999999999737e-04,1.270331738310490621e-01,2.900651203491810826e-04,6.872044755239969049e+00,1.110137527071628050e+00,1.072255739200821179e+00,1.172177944905387070e+00,1.072255739200821179e+00,1.549844771716080061e+01,3.099689543432160094e+07,6.794330574303437231e+01,1.358866114860687554e+08,6.749186465762113230e+00,9.019093992595729503e+01,2.763330871077319895e+00,1.019926209581142196e+01,1.228241240495009823e+00,8.211366500844214933e-01,3.904792099208070910e-01,1.425671215484022980e+00,6.492282061247414138e-01,1.148171545991708342e+00,3.832051088649350845e+01,1.286731766800784271e+00,1.260000000000000009e-01,1.708146962885187747e+01,8.559264201554951379e-01,1.333188315607925167e+00,1.032494057465467074e+00,1.323030212770506031e+00,1.323030212770506173e-05,1.929602038663547761e-05,4.335639022164376577e+00,1.318757084801673418e+00,6.552270335871377416e-01,9.688825423075471122e-01,2.965453660187428842e+00
5.160000000000000000e+03,3.583333333333333481e+00,1.915790516922861116e+03,1.346413741740444792e+01,6.761831109418558583e+00,4.935903016901386436e+05,2.957252421194893621e+00,1.560410168658180829e+00,5.046632592323962108e+00,4.408573442780095442e-01,5.312273568610234697e+00,1.755751433693625074e+00,1.883306316622370691e+00,4.609404503070316794e-01,1.976864714381371186e+02,-3.772785483217165137e+01,1.323394055333001251e+00,1.103573144447539400e+00,8.144941706907308232e-01,2.758932861118848501e-01,1.434441670138647318e+00,9.940058898888020078e-01,1.367728055750474958e+01,5.557594362008655864e+00,9.038745680261572879e-02,3.399999999999999911e+00,1.638765203229618272e+00,4.801614251693623991e+00,2.401890622925521246e+00,1.650288216391908804e+02,1.180079790785103278e+00,1.422883960205583094e+02,4.335620963510351089e+00,-2.664535259100375697e-15,6.062247060059077359e-06,-4.180403041685838011e-03,1.000000000000000056e-01,1.090387456802615729e+00,1.090387456802615729e+00,9.452752987329374745e-01,5.135943439090022711e-01,5.635256247812406860e-01,9.765333205992704491e-01,8.820146014128105172e-01,9.250624375631799623e-01,9.250624375631799623e-01,9.250624375631799623e-01,8.840763933809583364e-01,7.659969835701629925e-02,7.659969835701629393e+01,5.578544693002638155e+01,1.005275984576327941e+00,1.001892020921489657e+00,9.805599064729314529e-01,6.466308748300131803e+00,9.233545301451726584e-01,1.037262903016694660e+00,4.609879601342036781e-01,1.884030116091194973e+00,9.807899917671740297e+00,-2.245298764536719782e-02,1.797754701235463415e+01,5.578544693002637445e+01,-7.105427357601001859e-15,7.404061558486533556e+01,1.000000000000000056e-01,7.492637638997513561e-01,7.492637638997513561e-01,2.187319480801189986e+00,2.443292868822062758e+00,2.313949686121184790e+00,1.089924821487844575e+01,4.757242554943247548e+00,6.142005659935198203e+00,7.951684751767273962e-02,2.999999999999999737e-04,1.266302053199948041e-01,2.929943623398018060e-04,6.874528294575535270e+00,1.110399305071609888e+00,1.072379906033220198e+00,1.172290943726738366e+00,1.072379906033220198e+00,1.548938935102565750e+01,3.097877870205131546e+07,6.794985552798900130e+01,1.358997110559780002e+08,6.746447072249782018e+00,9.018569195126443105e+01,2.762369241542852460e+00,1.020591877406345205e+01,1.228305405367475789e+00,8.209796252921831572e-01,3.906184923906834694e-01,1.425843468819745441e+00,6.487872441688643521e-01,1.147966417370877679e+00,3.829984917850814696e+01,1.288396020558309374e+00,1.260000000000000009e-01,1.707728055750474994e+01,8.556285607375124780e-01,1.334058437934717123e+00,1.032547996258055045e+00,1.323394055333001251e+00,1.323394055333001386e-05,1.929618761338909122e-05,4.335620963510353754e+00,1.318621953467895125e+00,6.552950886160644473e-01,9.687659428469199696e-01,2.967782468570783205e+00
5.220000000000000000e+03,3.625000000000000000e+00,1.915764330488283804e+03,1.346380160001545256e+01,6.764167254986077182e+00,4.935848750222576200e+05,2.958274451933999849e+00,1.560949680500490100e+00,5.048435716692319275e+00,4.410098531336957284e-01,5.314134445935212447e+00,1.756366469419492038e+00,1.884722841269945937e+00,4.614049333307916889e-01,2.015532505402567267e+02,-3.797344140209778374e+01,1.323757669140246174e+00,1.103787939793851924e+00,8.143973530343537881e-01,2.759469849484629811e-01,1.434607487135978854e+00,9.940058145773819076e-01,1.367298292766089141e+01,5.559541174648500395e+00,9.034433798281682471e-02,3.399999999999999911e+00,1.639012275774114347e+00,4.801579618413077455e+00,2.404310973360233916e+00,1.651529476994865036e+02,1.180082546177530389e+00,1.422900000610589188e+02,4.335676045308162863e+00,0.000000000000000000e+00,6.058100858036744295e-06,-4.006609657234969091e-03,1.000000000000000056e-01,1.090344337982816825e+00,1.090344337982816825e+00,9.453991892600226432e-01,5.137102030660917196e-01,5.635387585157740631e-01,9.765389793218833825e-01,8.820169802235191536e-01,9.250624375631799623e-01,9.250624375631799623e-01,9.250624375631799623e-01,8.840894905306454499e-01,7.656012126564580578e-02,7.656012126564580456e+01,5.578038082269894460e+01,1.005321335511916603e+00,1.001891745382246901e+00,9.806444514759568021e-01,6.465789725561098322e+00,9.236305524329712080e-01,1.037292778843801333e+00,4.614503362329901992e-01,1.885415800711436551e+00,9.802832428379744556e+00,-2.245160568080831198e-02,1.797754839431919294e+01,5.578038082269893749e+01,-7.105427357601001859e-15,7.402292310141456255e+01,1.000000000000000056e-01,7.492731778272642140e-01,7.492731778272642140e-01,2.185913936332056995e+00,2.442535403944420480e+00,2.312159732274578161e+00,1.089373965956341905e+01,4.754695136218998641e+00,6.139044523344420412e+00,7.948556214062946212e-02,2.999999999999999737e-04,1.262457959425211662e-01,2.957891062766266829e-04,6.876903375902512217e+00,1.110649794449158678e+00,1.072498637279980960e+00,1.172398995784496911e+00,1.072498637279980960e+00,1.548070305823155834e+01,3.096140611646311730e+07,6.795611858218514101e+01,1.359122371643702686e+08,6.743820117279851090e+00,9.018064175769654867e+01,2.761450286334496074e+00,1.021228644298983035e+01,1.228366760897419363e+00,8.208294114861630630e-01,3.907516965589880042e-01,1.426008183849409638e+00,6.483650685582450501e-01,1.147769571920000065e+00,3.828006063282290228e+01,1.290000061058918845e+00,1.260000000000000009e-01,1.707298292766089176e+01,8.553439194554987024e-01,1.334890782640692830e+00,1.032599573438474305e+00,1.323757669140246174e+00,1.323757669140246214e-05,1.929567754943920644e-05,4.335676045308162863e+00,1.318483320247125556e+00,6.553601606466546992e-01,9.686535645750353751e-01,2.970014874066496890e+00
5.280000000000000000e+03,3.666666666666666519e+00,1.915760674538571720e+03,1.346362959698952722e+01,6.766401615226613764e+00,4.935796771405660547e+05,2.959251952258598717e+00,1.561465684986345526e+00,5.050160119897238786e+00,4.411557167515616218e-01,5.315914181659217697e+00,1.756954687158686301e+00,1.886079009775100568e+00,4.618488047901393445e-01,2.054140287855796601e+02,-3.820874537942865601e+01,1.324121014756621806e+00,1.103993733474540662e+00,8.142941843859072826e-01,2.759984333686351654e-01,1.434766196591400700e+00,9.940056439018580825e-01,1.366858259405545439e+01,5.561403098568240999e+00,9.029261775454244798e-02,3.399999999999999911e+00,1.639248545637182808e+00,4.801561881231429574e+00,2.406623920065781519e+00,1.652717849212249348e+02,1.180088790709868718e+00,1.422915463276660830e+02,4.335800872615682700e+00,0.000000000000000000e+00,6.053311536168801436e-06,-3.837629985008441519e-03,1.000000000000000056e-01,1.090292617754542448e+00,1.090292617754542448e+00,9.455174235275002337e-01,5.138210685258784993e-01,5.635513200554385094e-01,9.765443902563043510e-01,8.820192584248410794e-01,9.250624375631799623e-01,9.250624375631799623e-01,9.250624375631799623e-01,8.841020149472892387e-01,7.652221412618243068e-02,7.652221412618243335e+01,5.577553028757003517e+01,1.005364724096085016e+00,1.001891120929013113e+00,9.807253778525218957e-01,6.465360192070053635e+00,9.238939065993078126e-01,1.037321350148613153e+00,4.618921918018779604e-01,1.886742445169276694e+00,9.797978761354983135e+00,-2.244847378494664245e-02,1.797755152621505204e+01,5.577553028757003517e+01,0.000000000000000000e+00,7.400597530561849169e+01,1.000000000000000056e-01,7.492945122677387992e-01,7.492945122677387992e-01,2.184567568359764955e+00,2.441809161504881143e+00,2.310446654922194920e+00,1.088846417643127218e+01,4.752255816427076063e+00,6.136208360004196116e+00,7.945559531725300551e-02,2.999999999999999737e-04,1.258790865624299649e-01,2.984555842423328859e-04,6.879174975480390586e+00,1.110889487372111573e+00,1.072612183740531133e+00,1.172502329329910609e+00,1.072612183740531133e+00,1.547237353390331549e+01,3.094474706780663133e+07,6.796210813581909349e+01,1.359242162716381848e+08,6.741300980578691870e+00,9.017578265030108753e+01,2.760571988066014448e+00,1.021837829195947123e+01,1.228425432606446099e+00,8.206856999801308561e-01,3.908791020225310664e-01,1.426165697091455131e+00,6.479608572975028569e-01,1.147580680530237984e+00,3.826110706309120957e+01,1.291546327666083016e+00,1.260000000000000009e-01,1.706858259405545297e+01,8.550718714352494310e-01,1.335687073763568211e+00,1.032648894523709338e+00,1.324121014756621806e+00,1.324121014756621953e-05,1.929452168373502096e-05,4.335800872615682700e+00,1.318341374001788857e+00,6.554223876274232197e-01,9.685452363115274466e-01,2.972154890918929038e+00
5.340000000000000000e+03,3.708333333333333481e+00,1.915778509151431763e+03,1.346361387256071573e+01,6.768538873720499893e+00,4.935746985895821126e+05,2.960186971322811722e+00,1.561959263935072117e+00,5.051809444661254034e+00,4.412952409773641116e-01,5.317616516575483843e+00,1.757517323274941701e+00,1.887377397245956656e+00,4.622729572794868624e-01,2.092684338241250259e+02,-3.843405251683606139e+01,1.324484054448783255e+00,1.104190910005808046e+00,8.141849779682869270e-01,2.760477275014520115e-01,1.434918115094238278e+00,9.940053822935976946e-01,1.366408515829927417e+01,5.563184047310939739e+00,9.023270546973893858e-02,3.399999999999999911e+00,1.639474494331385479e+00,4.801560259765205174e+00,2.408834114215971045e+00,1.653855589538691504e+02,1.180098362446969418e+00,1.422930371655897659e+02,4.335992198686197341e+00,-8.881784197001252323e-16,6.047909648121989259e-06,-3.673374782314782483e-03,1.000000000000000056e-01,1.090232705469738939e+00,1.090232705469738939e+00,9.456302508436883469e-01,5.139271581682159917e-01,5.635633351089877063e-01,9.765495649127464706e-01,8.820214404122594942e-01,9.250624375631799623e-01,9.250624375631799623e-01,9.250624375631799623e-01,8.841139921671621327e-01,7.648590396326038210e-02,7.648590396326038388e+01,5.577088589948722586e+01,1.005406236592478297e+00,1.001890163755303043e+00,9.808028452393671159e-01,6.465016066617510937e+00,9.241451788661728672e-01,1.037348675269934128e+00,4.623144152806065166e-01,1.888012560803198125e+00,9.793329572760612223e+00,-2.244367327336942164e-02,1.797755632672663140e+01,5.577088589948724007e+01,1.421085471520200372e-14,7.398974012410258183e+01,1.000000000000000056e-01,7.493272133002811808e-01,7.493272133002811808e-01,2.183277780604662599e+00,2.441112810322480620e+00,2.308807040232426111e+00,1.088341157528793879e+01,4.749919850554906731e+00,6.133491724733032058e+00,7.942688948952375538e-02,2.999999999999999737e-04,1.255292596277635120e-01,3.009997318275496603e-04,6.881347854949174447e+00,1.111118854900247310e+00,1.072720785081231254e+00,1.172601162481504034e+00,1.072720785081231254e+00,1.546438608754712085e+01,3.092877217509424314e+07,6.796783683176107616e+01,1.359356736635221541e+08,6.738885229175540559e+00,9.017110814848373934e+01,2.759732423403867596e+00,1.022420687915646909e+01,1.228481540221740609e+00,8.205481960171158162e-01,3.910009735920366158e-01,1.426316329554256912e+00,6.475738249572701166e-01,1.147399425990750066e+00,3.824295198163019194e+01,1.293037165589765891e+00,1.260000000000000009e-01,1.706408515829927453e+01,8.548118209348617436e-01,1.336448952836244430e+00,1.032696060159791207e+00,1.324484054448783255e+00,1.324484054448783372e-05,1.929275019260982298e-05,4.335992198686198229e+00,1.318196295429008957e+00,6.554819013548920381e-01,9.684407934970504783e-01,2.974206371244609404e+00
5.400000000000000000e+03,3.750000000000000000e+00,1.915816846110145889e+03,1.346374726640051911e+01,6.770583427283150435e+00,4.935699302675275248e+05,2.961081432797397994e+00,1.562431432908443885e+00,5.053387112773941148e+00,4.414287129221201589e-01,5.319244965366963562e+00,1.758055539400658285e+00,1.888620444170976631e+00,4.626782355696593685e-01,2.131161127721511264e+02,-3.864964374431962568e+01,1.324846752376409142e+00,1.104379833945828615e+00,8.140700307374689748e-01,2.760949584864571538e-01,1.435063541897338313e+00,9.940050339456586448e-01,1.365949592936437540e+01,5.564887697867609617e+00,9.016498922392601756e-02,3.399999999999999911e+00,1.639690577016761353e+00,4.801574015332843892e+00,2.410945957783165561e+00,1.654944836505410137e+02,1.180111108260457620e+00,1.422944747998327557e+02,4.336246948485181107e+00,-1.776356839400250465e-15,6.041924188866366248e-06,-3.513752224597776336e-03,1.000000000000000056e-01,1.090164989223926018e+00,1.090164989223926018e+00,9.457379070230590434e-01,5.140286781454819209e-01,5.635748279408662187e-01,9.765545140999781770e-01,8.820235303460365328e-01,9.250624375631799623e-01,9.250624375631799623e-01,9.250624375631799623e-01,8.841254463284400344e-01,7.645112171141754676e-02,7.645112171141754231e+01,5.576643873829898013e+01,1.005445954576881906e+00,1.001888889173954134e+00,9.808770046030799161e-01,6.464753483900706144e+00,9.243849213456371006e-01,1.037374809307189727e+00,4.627178470937598487e-01,1.889228529090613895e+00,9.788876019387650729e+00,-2.243728108868619370e-02,1.797756271891131519e+01,5.576643873829896592e+01,-1.421085471520200372e-14,7.397418716640163439e+01,1.000000000000000056e-01,7.493707567926737312e-01,7.493707567926737312e-01,2.182042116912573437e+00,2.440445087869411722e+00,2.307237661416241536e+00,1.087857221178425071e+01,4.747682749285653259e+00,6.130889462498597453e+00,7.939939017830406620e-02,2.999999999999999737e-04,1.251955445036680992e-01,3.034271392520875021e-04,6.883426484404536083e+00,1.111338342738351193e+00,1.072824666439373686e+00,1.172695700134631203e+00,1.072824666439373686e+00,1.545672674186038975e+01,3.091345348372077942e+07,6.797331654642263743e+01,1.359466330928452611e+08,6.736568643363310294e+00,9.016661193164632948e+01,2.758929788539238093e+00,1.022978405567397964e+01,1.228535196911017202e+00,8.204166218697461765e-01,3.911175619613748156e-01,1.426460384677840976e+00,6.472032281915803820e-01,1.147225506051062549e+00,3.822556085570877116e+01,1.294474799832755707e+00,1.260000000000000009e-01,1.705949592936437398e+01,8.545632092345529784e-01,1.337177968964801567e+00,1.032741165478677114e+00,1.324846752376409142e+00,1.324846752376409181e-05,1.929039171263045806e-05,4.336246948485182884e+00,1.318048255785947420e+00,6.555388256174596862e-01,9.683400800164019273e-01,2.976172973635935026e+00
5.460000000000000000e+03,3.791666666666666519e+00,1.915874740976100838e+03,1.346402293567695807e+01,6.772539452073335298e+00,4.935653634317382821e+05,2.961937163816550367e+00,1.562883156506860161e+00,5.054896373604074178e+00,4.415564052907134385e-01,5.320802866610923054e+00,1.758570438963916294e+00,1.889810479804990395e+00,4.630654452275022037e-01,2.169567297781863999e+02,-3.885579427211145287e+01,1.325209074364909645e+00,1.104560852987585662e+00,8.139496258644841609e-01,2.761402132468964155e-01,1.435202761484482004e+00,9.940046028493952912e-01,1.365481996712176560e+01,5.566517542991015866e+00,9.008983911138068734e-02,3.399999999999999911e+00,1.639897226406606734e+00,4.801602444548630721e+00,2.412963648453748888e+00,1.655987631172727674e+02,1.180126882475103223e+00,1.422958613580059648e+02,4.336562192340700506e+00,-2.664535259100375697e-15,6.035382832660743548e-06,-3.358669448559194887e-03,1.000000000000000056e-01,1.090089839111380687e+00,1.090089839111380687e+00,9.458406165487894812e-01,5.141258248625150129e-01,5.635858216144818966e-01,9.765592480787562701e-01,8.820255321870144050e-01,9.250624375631799623e-01,9.250624375631799623e-01,9.250624375631799623e-01,8.841364003783576120e-01,7.641780161860302345e-02,7.641780161860302201e+01,5.576218031180725632e+01,1.005483955721448108e+00,1.001887311752489573e+00,9.809479995963891197e-01,6.464568761383862494e+00,9.246136577120421807e-01,1.037399804651476076e+00,4.631032888553015536e-01,1.890392623203938527e+00,9.784609682279516107e+00,-2.242937047225331340e-02,1.797757062952774731e+01,5.576218031180726342e+01,7.105427357601001859e-15,7.395928746659751596e+01,1.000000000000000056e-01,7.494246438255952603e-01,7.494246438255952603e-01,2.180858239312588154e+00,2.439804790283365499e+00,2.305735449668218529e+00,1.087393690440434035e+01,4.745540239951584027e+00,6.128396664452756326e+00,7.937304551409443687e-02,2.999999999999999737e-04,1.248772103556303747e-01,3.057431087968003752e-04,6.885415109607890827e+00,1.111548375516871356e+00,1.072924041623903868e+00,1.172786136874402807e+00,1.072924041623903868e+00,1.544938213132414973e+01,3.089876426264829934e+07,6.797855855859954488e+01,1.359571171171990931e+08,6.734347188475982904e+00,9.016228787839968106e+01,2.758162373708016091e+00,1.023512106942565403e+01,1.228586510253912634e+00,8.202907136334554039e-01,3.912291045764567099e-01,1.426598150937737897e+00,6.468483593172721369e-01,1.147058630847069605e+00,3.820890080930151100e+01,1.295861358005964803e+00,1.260000000000000009e-01,1.705481996712176596e+01,8.543255067443672468e-01,1.337875592411197134e+00,1.032784300914828757e+00,1.325209074364909645e+00,1.325209074364909714e-05,1.928747357630984069e-05,4.336562192340703170e+00,1.317897418294250445e+00,6.555932779540292188e-01,9.682429465981901018e-01,2.978058194033393669e+00
5.520000000000000000e+03,3.833333333333333481e+00,1.915951291180009775e+03,1.346443434121657035e+01,6.774410915615665552e+00,4.935609896878331783e+05,2.962755900231604400e+00,1.563315351136661313e+00,5.056340311132981213e+00,4.416785771612862233e-01,5.322293389932418073e+00,1.759063069552826430e+00,1.890949727069417552e+00,4.634353543343532333e-01,2.207899653395115251e+02,-3.905277358515057529e+01,1.325570987839518100e+00,1.104734298777290569e+00,8.138240333948224547e-01,2.761835746943226422e-01,1.435336044364579511e+00,9.940040928049306279e-01,1.365006209420026906e+01,5.568076898679497511e+00,9.000760808914520794e-02,3.399999999999999911e+00,1.640094853973247391e+00,4.801644877512729614e+00,2.414891188582823034e+00,1.656985921423998604e+02,1.180145546473038820e+00,1.422971988741485632e+02,4.336935138658422950e+00,8.881784197001252323e-16,6.028311993851551170e-06,-3.208032817817334237e-03,1.000000000000000056e-01,1.090007608089145208e+00,1.090007608089145208e+00,9.459385931392457758e-01,5.142187854380871892e-01,5.635963380526491928e-01,9.765637765848150798e-01,8.820274497068505415e-01,9.250624375631799623e-01,9.250624375631799623e-01,9.250624375631799623e-01,8.841468761372259788e-01,7.638588107612316602e-02,7.638588107612316946e+01,5.575810253380183212e+01,1.005520313983650604e+00,1.001885445352695969e+00,9.810159669321939502e-01,6.464458390116429420e+00,9.248318847184578972e-01,1.037423711123036218e+00,4.634715050185085339e-01,1.891507012914659391e+00,9.780522544958152764e+00,-2.242001115632829070e-02,1.797757998884367225e+01,5.575810253380182502e+01,-7.105427357601001859e-15,7.394501341264515304e+01,1.000000000000000056e-01,7.494883993836676250e-01,7.494883993836676250e-01,2.179723922023719229e+00,2.439190769400832348e+00,2.304297485939296397e+00,1.086949691066615920e+01,4.743488255340128745e+00,6.126008655326030450e+00,7.934780610330469108e-02,2.999999999999999737e-04,1.245735639155771679e-01,3.079526701583162190e-04,6.887317764209259785e+00,1.111749357789629356e+00,1.073019113581024531e+00,1.172872657399493201e+00,1.073019113581024531e+00,1.544233947347899871e+01,3.088467894695799798e+07,6.798357357403709500e+01,1.359671471480741799e+08,6.732217005855284597e+00,9.015813005337138009e+01,2.757428558952626396e+00,1.024022859882781056e+01,1.228635582542737081e+00,8.201702205765751819e-01,3.913358265885865106e-01,1.426729902648831594e+00,6.465085444834852701e-01,1.146898522436826218e+00,3.819294053806158473e+01,1.297198874148563164e+00,1.260000000000000009e-01,1.705006209420026764e+01,8.540982116914251909e-01,1.338543218996004258e+00,1.032825552458032980e+00,1.325570987839518100e+00,1.325570987839518283e-05,1.928402187224673400e-05,4.336935138658422062e+00,1.317743938522589309e+00,6.556453699131800095e-01,9.681492505454212250e-01,2.979865373079842339e+00
5.580000000000000000e+03,3.875000000000000000e+00,1.916045636860716741e+03,1.346497525381254334e+01,6.776201562330822270e+00,4.935568009728824836e+05,2.963539280235779838e+00,1.563728881612329369e+00,5.057721831550713532e+00,4.417954730129208252e-01,5.323719522404692484e+00,1.759534418420601876e+00,1.892040299007635040e+00,4.637886920333471608e-01,2.246155164268391786e+02,-3.924084583746987676e+01,1.325932461834105291e+00,1.104900486688355388e+00,8.136935100705964263e-01,2.762251216720888469e-01,1.435463647049065372e+00,9.940035074195505693e-01,1.364522689330781802e+01,5.569568889949342072e+00,8.991863174268521774e-02,3.399999999999999911e+00,1.640283849910046055e+00,4.801700678122413635e+00,2.416732377624431827e+00,1.657941558859546376e+02,1.180166968741513500e+00,1.422984892837584425e+02,4.337363135421917981e+00,-8.881784197001252323e-16,6.020736806503548924e-06,-3.061747606692269419e-03,1.000000000000000056e-01,1.089918631742685218e+00,1.089918631742685218e+00,9.460320395815724481e-01,5.143077374721246597e-01,5.636063980120412653e-01,9.765681087887001510e-01,8.820292864864758275e-01,9.250624375631799623e-01,9.250624375631799623e-01,9.250624375631799623e-01,8.841568942965123412e-01,7.635530064506969306e-02,7.635530064506968984e+01,5.575419772747328295e+01,1.005555099522978502e+00,1.001883303125848501e+00,9.810810363057018701e-01,6.464419036587700340e+00,9.250400717988773724e-01,1.037446575928577142e+00,4.638232210359400365e-01,1.892573761760842022e+00,9.776606996807899463e+00,-2.240926933460414897e-02,1.797759073066539415e+01,5.575419772747329006e+01,7.105427357601001859e-15,7.393133876193559217e+01,1.000000000000000056e-01,7.495615725561753928e-01,7.495615725561753928e-01,2.178637052800369123e+00,2.438601933053385018e+00,2.302921002299219033e+00,1.086524393060060412e+01,4.741522935352604051e+00,6.123720995248000065e+00,7.932362504911145973e-02,2.999999999999999737e-04,1.242839494988499105e-01,3.100605764217020596e-04,6.889138255036335146e+00,1.111941673530546737e+00,1.073110073535309184e+00,1.172955435740581809e+00,1.073110073535309184e+00,1.543558657268577328e+01,3.087117314537154511e+07,6.798837168012835264e+01,1.359767433602567017e+08,6.730174412234116055e+00,9.015413266504825174e+01,2.756726820160176228e+00,1.024511675399555877e+01,1.228682510774271375e+00,8.200549057092525462e-01,3.914379419107913982e-01,1.426855899940030703e+00,6.461831439561074308e-01,1.146744915304642731e+00,3.817765032253484492e+01,1.298489283758442525e+00,1.260000000000000009e-01,1.704522689330781660e+01,8.538808519902063576e-01,1.339182170254762161e+00,1.032865001646505965e+00,1.325932461834105291e+00,1.325932461834105399e-05,1.928006142484460291e-05,4.337363135421918869e+00,1.317587964300252157e+00,6.556952065863018708e-01,9.680588560819920474e-01,2.981597692690358237e+00
5.640000000000000000e+03,3.916666666666666519e+00,1.916156953038888787e+03,1.346563969690418894e+01,6.777914973019289135e+00,4.935527895551152178e+05,2.964288870445295654e+00,1.564124574969450343e+00,5.059043716984285233e+00,4.419073266481381990e-01,5.325084123556139026e+00,1.759985430665808481e+00,1.893084222582453791e+00,4.641261574756753161e-01,2.284330940325417885e+02,-3.942026900364819397e+01,1.326293466761147011e+00,1.105059718841707284e+00,8.135583017593098765e-01,2.762649297104268209e-01,1.435585814508742786e+00,9.940028501431599217e-01,1.364031874979872860e+01,5.570996508381961476e+00,8.982323146973669736e-02,3.399999999999999911e+00,1.640464586870170161e+00,4.801769237858496631e+00,2.418490858749161809e+00,1.658856319649722479e+02,1.180191023565705599e+00,1.422997344477753927e+02,4.337843644554546962e+00,-8.881784197001252323e-16,6.012681358339435299e-06,-2.919719480600369704e-03,1.000000000000000056e-01,1.089823231469736697e+00,1.089823231469736697e+00,9.461211498670747400e-01,5.143928510382248520e-01,5.636160213286250942e-01,9.765722534639132979e-01,8.820310459507615386e-01,9.250624375631799623e-01,9.250624375631799623e-01,9.250624375631799623e-01,8.841664746171076228e-01,7.632600347813413288e-02,7.632600347813412611e+01,5.575045855073123846e+01,1.005588379487182715e+00,1.001880897643429247e+00,9.811433317218257733e-01,6.464447510504892414e+00,9.252386667567622514e-01,1.037468444189079575e+00,4.641591329085765771e-01,1.893594848705083100e+00,9.772855759044063007e+00,-2.239720831283511376e-02,1.797760279168716480e+01,5.575045855073122425e+01,-1.421085471520200372e-14,7.391823838999809482e+01,1.000000000000000056e-01,7.496437321050107849e-01,7.496437321050107849e-01,2.177595611444735901e+00,2.438037235547326542e+00,2.301603353598719703e+00,1.086117002639846874e+01,4.739640589146046246e+00,6.121529437252422490e+00,7.930045749677397393e-02,2.999999999999999737e-04,1.240077421539838021e-01,3.120713616577329777e-04,6.890880222569609970e+00,1.112125690441501336e+00,1.073197104505862143e+00,1.173034638460315637e+00,1.073197104505862143e+00,1.542911172464957659e+01,3.085822344929915294e+07,6.799296253139452517e+01,1.359859250627890527e+08,6.728215874114974682e+00,9.015029013015907822e+01,2.756055701398935298e+00,1.024979517576576349e+01,1.228727387579231056e+00,8.199445424221583067e-01,3.915356535126447990e-01,1.426976391246780107e+00,6.458715458942684284e-01,1.146597553744447051e+00,3.816300173906706306e+01,1.299734447775392709e+00,1.260000000000000009e-01,1.704031874979872896e+01,8.536729766739276082e-01,1.339793706381682936e+00,1.032902726348226885e+00,1.326293466761147011e+00,1.326293466761147157e-05,1.927561602595090687e-05,4.337843644554547851e+00,1.317429637090281380e+00,6.557428885374930738e-01,9.679716326711087504e-01,2.983258206552679148e+00
5.700000000000000000e+03,3.958333333333333481e+00,1.916284454770927596e+03,1.346642198448816785e+01,6.779554523237512953e+00,4.935489480090616853e+05,2.965006147722126784e+00,1.564503210891125651e+00,5.060308584755194516e+00,4.420143584938372450e-01,5.326389887789622968e+00,1.760416996811067669e+00,1.894083421865419670e+00,4.644484133066515974e-01,2.322424246000975927e+02,-3.959129587952147489e+01,1.326653974541953884e+00,1.105212282241385457e+00,8.134186419602125184e-01,2.763030705603463644e-01,1.435702778866558393e+00,9.940021242476919650e-01,1.363534182610570689e+01,5.572362572807747938e+00,8.972171252055893831e-02,3.399999999999999911e+00,1.640637417972510281e+00,4.801849979429968940e+00,2.420170084901020147e+00,1.659731889804164098e+02,1.180217591773783603e+00,1.423009361342066939e+02,4.338374257225107833e+00,-8.881784197001252323e-16,6.004168542875963849e-06,-2.781853280790530514e-03,1.000000000000000056e-01,1.089721712520558938e+00,1.089721712520558938e+00,9.462061078794006264e-01,5.144742873588615817e-01,5.636252267721458820e-01,9.765762188736772931e-01,8.820327313486342469e-01,9.250624375631799623e-01,9.250624375631799623e-01,9.250624375631799623e-01,8.841756358237022884e-01,7.629793565195257254e-02,7.629793565195257088e+01,5.574687803913565176e+01,1.005620217500544644e+00,1.001878240822621446e+00,9.812029707141228796e-01,6.464540783985753158e+00,9.254280923015207883e-01,1.037489358613322477e+00,4.644799000026811342e-01,1.894572153993453245e+00,9.769261927266654766e+00,-2.238388813099838337e-02,1.797761611186900055e+01,5.574687803913565887e+01,7.105427357601001859e-15,7.390568844140716465e+01,1.000000000000000056e-01,7.497344690385034927e-01,7.497344690385034927e-01,2.176597682556517643e+00,2.437495682902427241e+00,2.300342033761144656e+00,1.085726766838031487e+01,4.737837716663571896e+00,6.119429951716742977e+00,7.927826089506251339e-02,2.999999999999999737e-04,1.237443512046270122e-01,3.139893058549227470e-04,6.892547098624804747e+00,1.112301757088097087e+00,1.073280378916239508e+00,1.173110422478270021e+00,1.073280378916239508e+00,1.542290377786724243e+01,3.084580755573448539e+07,6.799735522341256910e+01,1.359947104468251467e+08,6.726338023458935389e+00,9.014659702473875313e+01,2.755413832883998548e+00,1.025427298653277930e+01,1.228770300728138087e+00,8.198389166162908248e-01,3.916291540605082999e-01,1.427091611981673447e+00,6.455731699279717573e-01,1.146456193851539851e+00,3.814896782597628544e+01,1.300936134206693851e+00,1.260000000000000009e-01,1.703534182610570724e+01,8.534741614593072123e-01,1.340379019803184191e+00,1.032938800345559516e+00,1.326653974541953884e+00,1.326653974541954010e-05,1.927070828829550395e-05,4.338374257225108721e+00,1.317269091164700034e+00,6.557885104970495593e-01,9.678874563010584353e-01,2.984849819804408000e+00
5.760000000000000000e+03,4.000000000000000000e+00,1.916427388711233789e+03,1.346731665944855472e+01,6.781123442180003735e+00,4.935452692174200783e+05,2.965692524866498481e+00,1.564865535220880011e+00,5.061518938185423089e+00,4.421167794027587306e-01,5.327639391290714954e+00,1.760829968307292104e+00,1.895039743010221267e+00,4.647560950108983180e-01,2.360432473805649636e+02,-3.975417315058668777e+01,1.327013958358677304e+00,1.105358451997572988e+00,8.132747543978960936e-01,2.763396129993932471e-01,1.435814761983865484e+00,9.940013328647243629e-01,1.363030010714184570e+01,5.573669778380520690e+00,8.961436739728934064e-02,3.399999999999999911e+00,1.640802680738213670e+00,4.801942350175462337e+00,2.421773367493779361e+00,1.660569887055287097e+02,1.180246559352855940e+00,1.423020960427691932e+02,4.338952666567580607e+00,-1.776356839400250465e-15,5.995220309978111807e-06,-2.648054616854855770e-03,1.000000000000000056e-01,1.089614367397289341e+00,1.089614367397289341e+00,9.462870896252408848e-01,5.145522008838747663e-01,5.636340322851316476e-01,9.765800129142551134e-01,8.820343457896159256e-01,9.250624375631799623e-01,9.250624375631799623e-01,9.250624375631799623e-01,8.841843958135191528e-01,7.627104555830772903e-02,7.627104555830773336e+01,5.574344952725577684e+01,1.005650674482367446e+00,1.001875344064714346e+00,9.812600657304935137e-01,6.464695957284865457e+00,9.256087518891948918e-01,1.037509360044731599e+00,4.647861549277791382e-01,1.895507481361215607e+00,9.765818893509312204e+00,-2.236936625354290359e-02,1.797763063374645753e+01,5.574344952725576974e+01,-7.105427357601001859e-15,7.389366606232925960e+01,1.000000000000000056e-01,7.498333919094536393e-01,7.498333919094536393e-01,2.175641433068895125e+00,2.436976322721092547e+00,2.299134646263130133e+00,1.085352965032073058e+01,4.736110968984222680e+00,6.117418681336507902e+00,7.925699451724603495e-02,2.999999999999999737e-04,1.234932131942350075e-01,3.158184940571327065e-04,6.894142166216337131e+00,1.112470207393394084e+00,1.073360061592396830e+00,1.173182937799294168e+00,1.073360061592396830e+00,1.541695202137117704e+01,3.083390404274235293e+07,6.800155845095903828e+01,1.360031169019180834e+08,6.724537625836234156e+00,9.014304809816644593e+01,2.754799907426890737e+00,1.025855889280423661e+01,1.228811334109674469e+00,8.197378236185058897e-01,3.917186269170689905e-01,1.427201787158809188e+00,6.452874606046473671e-01,1.146320600701077108e+00,3.813552277915385957e+01,1.302096042769193218e+00,1.260000000000000009e-01,1.703030010714184428e+01,8.532840014519608163e-01,1.340939248583386423e+00,1.032973294157684796e+00,1.327013958358677304e+00,1.327013958358677479e-05,1.926535989356488660e-05,4.338952666567582384e+00,1.317106455069091853e+00,6.558321630067169838e-01,9.678062077577660460e-01,2.986375321830730734e+00
