time_min,time_days,m_sodium_mEq,v_ecf_L,prc_pg_per_mL,agt_fmol_per_mL,angi_fmol_per_mL,angii_fmol_per_mL,ang17_fmol_per_mL,angiv_fmol_per_mL,at1_bound_fmol_per_mL,at2_bound_fmol_per_mL,n_aldo,n_adh,baro_integral_min,ra_integral_min,a_auto,a_baro,a_chemo,alpha_map,alpha_rap,at1_bound_pg_per_mL,autonomic_adh_stimulus,beta_rsna,c_adh_mU_per_L,c_aldo_ng_per_L,c_anp_hat,c_sodium_mEq_per_L,delta_ra,delta_rihp_mmHg,epsilon_aum,epsilon_aum_adh,eta_cd,eta_dt,eta_pt,gamma_at1_tubule,gamma_filtered_sodium,gamma_rihp_cd,gamma_rihp_dt,gamma_rihp_pt,gamma_rsna_tubule,gfr_L_per_min,gfr_mL_per_min,implied_p_gh_mmHg,lambda_aldo_cd,lambda_anp,lambda_dt,mu_adh,mu_aldo,n_adh_stimulus,n_aldo_stimulus,net_filtration_pressure_mmHg,p_b_cvp_mmHg,p_b_total_mmHg,p_gh_mmHg,p_gh_residual_mmHg,p_ma_mmHg,p_peritubular_mmHg,p_ra_mmHg,phi_cd_reab_mEq_per_min,phi_dt_reab_mEq_per_min,phi_dt_sodium_mEq_per_min,phi_filtered_sodium_mEq_per_min,phi_md_sodium_mEq_per_min,phi_pt_reab_mEq_per_min,phi_tubular_water_reab_L_per_min,phi_urine_L_per_min,phi_urine_sodium_mEq_per_min,phi_water_in_L_per_min,pra_fmol_per_mL_per_min,psi_aldo_dt,psi_at1_aa,psi_at1_ea,psi_at1_preglom,r_aa_equivalent_mmHg_min_per_L,r_aa_single_mmHg_min_per_L,r_ea_equivalent_mmHg_min_per_L,r_ea_single_mmHg_min_per_L,r_preglom_mmHg_min_per_L,r_renal_mmHg_min_per_L,raw_v_at1,raw_v_md,raw_v_rsna,renal_blood_flow_L_per_min,renin_secretion_pg_per_mL_per_min,rsna,sigma_myo,sigma_tgf,sngfr_nL_per_min,sodium_adh_stimulus,sodium_intake_mEq_per_min,v_at1,v_md,v_rsna,xi_at1,xi_k_sodium,xi_map
0.000000000000000000e+00,0.000000000000000000e+00,2.160000000000000000e+03,1.500000000000000000e+01,2.798828379324600135e+01,4.748301026345390128e+05,1.224056448165699962e+01,6.458821606363000178e+00,2.089440280323600163e+01,1.824796522373999919e+00,2.199073936750799874e+01,7.268125723159999829e+00,1.000000000000000000e+00,1.000000000000000000e+00,0.000000000000000000e+00,0.000000000000000000e+00,1.000000000000000000e+00,7.500000000000000000e-01,2.500000000000000000e-01,1.050000000000000044e+00,1.000000000000000000e+00,2.300627171149952233e+01,0.000000000000000000e+00,1.075000000000000178e+00,4.000000000000000000e+00,8.500000000000000000e+01,1.021838151365224157e+00,1.440000000000000000e+02,0.000000000000000000e+00,0.000000000000000000e+00,1.000000000000000000e+00,1.000000000000000000e+00,8.851439886075846974e-01,4.549953138782084072e-01,6.056155915450194271e-01,1.005547895256870605e+00,8.815349184285560247e-01,1.000000000000000000e+00,1.000000000000000000e+00,1.000000000000000000e+00,8.540135855238784046e-01,8.341725475626929343e-02,8.341725475626928699e+01,5.668082647296063925e+01,9.660438838411188334e-01,1.017716184863477480e+00,9.680715100162806674e-01,1.038674889394732848e+00,1.006123280684836585e+00,1.000000000000000000e+00,8.866105935543027172e-01,1.068082647327391754e+01,0.000000000000000000e+00,1.800000000000000000e+01,5.668082647327391754e+01,3.132782921966281720e-10,1.000000000000000000e+02,0.000000000000000000e+00,0.000000000000000000e+00,2.285347694322051648e+00,2.155485205374205737e+00,2.581893707392307835e+00,1.201208468490277781e+01,4.737378912766513572e+00,7.274705772136264237e+00,9.078120746768120197e-02,2.999999999999999737e-04,2.965460130702561869e-01,1.460575822931698027e-03,2.845475518980009966e+01,9.099906277564168144e-01,2.057303658594342721e+00,2.067924296161558484e+00,2.057303658594342721e+00,5.502395084504028233e+01,1.100479016900805682e+08,1.033962148080779286e+02,2.067924296161558628e+08,2.399816033477592114e+01,1.824183259878941499e+02,1.000000000736317451e+00,1.025541203976190729e+01,1.086616004830798232e+00,5.481905365507866446e-01,1.616666666666666696e+00,1.050000000000000044e+00,7.234022061061597952e-01,1.146420185494482435e+00,4.170862737813464349e+01,3.000000000000000000e+00,1.260000000000000009e-01,1.000000000000000000e+00,1.000000000000000000e+00,1.000000000000000000e+00,1.058977586391052217e+00,8.502758077226175715e-01,9.846600667382185978e-01
1.500000000000000000e+01,1.041666666666666609e-02,2.157354976153967527e+03,1.501662709282681973e+01,2.800958819737507355e+01,4.748299854712261586e+05,1.224944294101987730e+01,6.463203636828072973e+00,2.089600691287745349e+01,1.825929935367030410e+00,2.199431095096204203e+01,7.269306161758883000e+00,9.605260750385559154e-01,9.289185195383188320e-01,0.000000000000000000e+00,0.000000000000000000e+00,1.000000000000000000e+00,7.500000000000000000e-01,2.500000000000000000e-01,1.050000000000000044e+00,1.000000000000000000e+00,2.301000823067747092e+01,0.000000000000000000e+00,1.075000000000000178e+00,3.715674078153275328e+00,8.164471637827725203e+01,1.021838151365224157e+00,1.436644169704725584e+02,0.000000000000000000e+00,0.000000000000000000e+00,1.000000000000000000e+00,1.000000000000000000e+00,8.821513226989954326e-01,4.495310259574525347e-01,6.056251650917631180e-01,1.005551682891105303e+00,8.815455331468670108e-01,1.000000000000000000e+00,1.000000000000000000e+00,1.000000000000000000e+00,8.540135855238784046e-01,8.344038941066590775e-02,8.344038941066590098e+01,5.668378865661593835e+01,9.637123062803143458e-01,1.017716184863477480e+00,9.671326720979549485e-01,1.025146877110404642e+00,1.003898933570209095e+00,8.881389901575195145e-01,9.106572757302462406e-01,1.068378865693545521e+01,0.000000000000000000e+00,1.800000000000000000e+01,5.668378865693545521e+01,3.195168574166018516e-10,1.000000000000000000e+02,0.000000000000000000e+00,0.000000000000000000e+00,2.295676387968534904e+00,2.125173555755065724e+00,2.602361215017820140e+00,1.198741489647250980e+01,4.727534770772885864e+00,7.259880125699623932e+00,9.078346192810432536e-02,2.999999999999999737e-04,3.066848270492852357e-01,1.323614496632530106e-03,2.847641466733132276e+01,8.990620519149050693e-01,2.057510472946908031e+00,2.068112322042738427e+00,2.057510472946908031e+00,5.501099998866693142e+01,1.100219999773338586e+08,1.034056161021369178e+02,2.068112322042738497e+08,2.400876258061242297e+01,1.824253786714162970e+02,9.998457327500798186e-01,1.027980446499544875e+01,1.086616004830798232e+00,5.481693431489020885e-01,1.620261903828628114e+00,1.050000000000000044e+00,7.236490547446213784e-01,1.145644216438906682e+00,4.172019470533295049e+01,2.664416970472558432e+00,1.260000000000000009e-01,9.998457320138759430e-01,1.002378492949768107e+00,1.000000000000000000e+00,1.059040805445987665e+00,8.732848830868800150e-01,9.846600667382185978e-01
3.000000000000000000e+01,2.083333333333333218e-02,2.154614087151647709e+03,1.503022465423470777e+01,2.804848568027928124e+01,4.748293743967751507e+05,1.226640343587184923e+01,6.472109528969250292e+00,2.090422192084211517e+01,1.828427181013480229e+00,2.201076954005521813e+01,7.274745864933604977e+00,9.458049039096663169e-01,8.248390539129986099e-01,0.000000000000000000e+00,0.000000000000000000e+00,1.000000000000000000e+00,7.500000000000000000e-01,2.500000000000000000e-01,1.050000000000000044e+00,1.000000000000000000e+00,2.302722687741497154e+01,0.000000000000000000e+00,1.075000000000000178e+00,3.299356215651994439e+00,8.039341683232163405e+01,1.021838151365224157e+00,1.433520879905539971e+02,0.000000000000000000e+00,0.000000000000000000e+00,1.000000000000000000e+00,1.000000000000000000e+00,8.811394440636780567e-01,4.474529670259284053e-01,6.056425138532355312e-01,1.005569129602321032e+00,8.815554906044308359e-01,1.000000000000000000e+00,1.000000000000000000e+00,1.000000000000000000e+00,8.540135855238784046e-01,8.346076190724513455e-02,8.346076190724512855e+01,5.668639717089644137e+01,9.628196585043141686e-01,1.017716184863477480e+00,9.669189328799381311e-01,1.001104071843504473e+00,1.003034944229432401e+00,7.840293301846656959e-01,9.333459298960974371e-01,1.068639717122216837e+01,0.000000000000000000e+00,1.800000000000000000e+01,5.668639717122216837e+01,3.257270009271451272e-10,1.000000000000000000e+02,0.000000000000000000e+00,0.000000000000000000e+00,2.297155272365914769e+00,2.111173130149284649e+00,2.607028079201394011e+00,1.196427448468608112e+01,4.718201209350678660e+00,7.246073275335402464e+00,9.077314733209398967e-02,2.999999999999999737e-04,3.098728068354792420e-01,1.080194485417102813e-03,2.851596044161727050e+01,8.949059340518568106e-01,2.058463510425533549e+00,2.068978778835671051e+00,2.058463510425533549e+00,5.501737186551022774e+01,1.100347437310204506e+08,1.034489389417835525e+02,2.068978778835670948e+08,2.402709873134530838e+01,1.824934095386390993e+02,9.991354649940600297e-01,1.030284817740297676e+01,1.086616004830798232e+00,5.479649936554400469e-01,1.622740384669053126e+00,1.050000000000000044e+00,7.238664309351807713e-01,1.144902521954004992e+00,4.173038095362256428e+01,2.352087990553997088e+00,1.260000000000000009e-01,9.991354642583791801e-01,1.004625473599417784e+00,1.000000000000000000e+00,1.059332047882498351e+00,8.947963451046696548e-01,9.846600667382185978e-01
4.500000000000000000e+01,3.125000000000000000e-02,2.151859078166680774e+03,1.503982894750381227e+01,2.808389332906274660e+01,4.748281983827876975e+05,1.228198397639694051e+01,6.480396053964675218e+00,2.091836567480753573e+01,1.830790775983865526e+00,2.203500955428308927e+01,7.282757395059708649e+00,9.453016971523775513e-01,7.284468266838582950e-01,0.000000000000000000e+00,0.000000000000000000e+00,1.000000000000000000e+00,7.500000000000000000e-01,2.500000000000000000e-01,1.050000000000000044e+00,1.000000000000000000e+00,2.305258629549988569e+01,0.000000000000000000e+00,1.075000000000000178e+00,2.913787306735433180e+00,8.035064425795209786e+01,1.021838151365224157e+00,1.430773638235977785e+02,0.000000000000000000e+00,0.000000000000000000e+00,1.000000000000000000e+00,1.000000000000000000e+00,8.812894872407115443e-01,4.473815347580640256e-01,6.056640330172909925e-01,1.005594802538886778e+00,8.815643062687485987e-01,1.000000000000000000e+00,1.000000000000000000e+00,1.000000000000000000e+00,8.540135855238784046e-01,8.347783797709151798e-02,8.347783797709152509e+01,5.668858360749074876e+01,9.627889152579486298e-01,1.017716184863477480e+00,9.671144632376150740e-01,9.729674147264759654e-01,1.003005064717785055e+00,6.924546078659261639e-01,9.535492612730039896e-01,1.068858360782221695e+01,0.000000000000000000e+00,1.800000000000000000e+01,5.668858360782221695e+01,3.314681862320867367e-10,1.000000000000000000e+02,0.000000000000000000e+00,0.000000000000000000e+00,2.293783871278593622e+00,2.107106893009030646e+00,2.602758689951420568e+00,1.194378899545567130e+01,4.709865582960451214e+00,7.233923412495220084e+00,9.075509560078616478e-02,2.999999999999999737e-04,3.089748186728269452e-01,7.953206545410511016e-04,2.855195821788045762e+01,8.947630695161280512e-01,2.059867116333074843e+00,2.070254871065258406e+00,2.059867116333074843e+00,5.503664614638550034e+01,1.100732922927709967e+08,1.035127435532629221e+02,2.070254871065258384e+08,2.404953404482292356e+01,1.825989237444713353e+02,9.980912749317911725e-01,1.032335904812858018e+01,1.086616004830798232e+00,5.476483538311531785e-01,1.624271638233207415e+00,1.050000000000000044e+00,7.240486339851844866e-01,1.144235186507347013e+00,4.173891898854575544e+01,2.077363823597778492e+00,1.260000000000000009e-01,9.980912741968791524e-01,1.006625478147853192e+00,1.000000000000000000e+00,1.059760735307186064e+00,9.137954349010257715e-01,9.846600667382185978e-01
6.000000000000000000e+01,4.166666666666666435e-02,2.149134982501187096e+03,1.504498274751612819e+01,2.811085676508350417e+01,4.748265707279864000e+05,1.229388072974213664e+01,6.486747362552568674e+00,2.093523042510473431e+01,1.832611639699193162e+00,2.205939859439563477e+01,7.290818179503658847e+00,9.522905632260307840e-01,6.457918971973547473e-01,0.000000000000000000e+00,0.000000000000000000e+00,1.000000000000000000e+00,7.500000000000000000e-01,2.500000000000000000e-01,1.050000000000000044e+00,1.000000000000000000e+00,2.307810162148483002e+01,0.000000000000000000e+00,1.075000000000000178e+00,2.583167588789418989e+00,8.094469787421262197e+01,1.021838151365224157e+00,1.428472879343116233e+02,0.000000000000000000e+00,0.000000000000000000e+00,1.000000000000000000e+00,1.000000000000000000e+00,8.820359218317215255e-01,4.483712608778427366e-01,6.056846622727763974e-01,1.005620606457815258e+00,8.815717113992816989e-01,1.000000000000000000e+00,1.000000000000000000e+00,1.000000000000000000e+00,8.540135855238784046e-01,8.349183588282863000e-02,8.349183588282862445e+01,5.669037591295786171e+01,9.632145274732903939e-01,1.017716184863477480e+00,9.675058924580063335e-01,9.428420700093307349e-01,1.003417988574903497e+00,6.157626447705411010e-01,9.706060951549935201e-01,1.069037591329431791e+01,0.000000000000000000e+00,1.800000000000000000e+01,5.669037591329431791e+01,3.364561962371226400e-10,1.000000000000000000e+02,0.000000000000000000e+00,0.000000000000000000e+00,2.288193972121320474e+00,2.108615760773598691e+00,2.594218574873270899e+00,1.192658232051871181e+01,4.702834335646869590e+00,7.223747984871842220e+00,9.073075752209544542e-02,2.999999999999999737e-04,3.060246027519504253e-01,4.903059032973179285e-04,2.857937104450156340e+01,8.967425217556854733e-01,2.061279331907376999e+00,2.071538790605976121e+00,2.061279331907376999e+00,5.505846439205981113e+01,1.101169287841196209e+08,1.035769395302988016e+02,2.071538790605975986e+08,2.407098646977840062e+01,1.827063903921369956e+02,9.970429234515237882e-01,1.034060951144852858e+01,1.086616004830798232e+00,5.473262308196945591e-01,1.625276901812125807e+00,1.050000000000000044e+00,7.241979927745264556e-01,1.143668633215070063e+00,4.174591794141431222e+01,1.847287934311623303e+00,1.260000000000000009e-01,9.970429227173837061e-01,1.008307562032251470e+00,1.000000000000000000e+00,1.060191756914237837e+00,9.297630135220131820e-01,9.846600667382185978e-01
7.500000000000000000e+01,5.208333333333333565e-02,2.146461946820737467e+03,1.504555371749344417e+01,2.813044716023581415e+01,4.748246216872229706e+05,1.230252962534567374e+01,6.491368715047356019e+00,2.095224358094535688e+01,1.833938091131994241e+00,2.208016472647975093e+01,7.297681562141620226e+00,9.625158020191652009e-01,5.785259255335738482e-01,0.000000000000000000e+00,0.000000000000000000e+00,1.000000000000000000e+00,7.500000000000000000e-01,2.500000000000000000e-01,1.050000000000000044e+00,1.000000000000000000e+00,2.309982673354858917e+01,0.000000000000000000e+00,1.075000000000000178e+00,2.314103702134295393e+00,8.181384317162904551e+01,1.021838151365224157e+00,1.426642041312875904e+02,0.000000000000000000e+00,0.000000000000000000e+00,1.000000000000000000e+00,1.000000000000000000e+00,8.830137904523718273e-01,4.498101843169196035e-01,6.057019354026157432e-01,1.005642556098625517e+00,8.815776102144700088e-01,1.000000000000000000e+00,1.000000000000000000e+00,1.000000000000000000e+00,8.540135855238784046e-01,8.350291172114264471e-02,8.350291172114263816e+01,5.669179407406962667e+01,9.638319694533697968e-01,1.017716184863477480e+00,9.679580346388497736e-01,9.130319540983280469e-01,1.004014230316054412e+00,5.547347104291967534e-01,9.842493084266065173e-01,1.069179407441006902e+01,0.000000000000000000e+00,1.800000000000000000e+01,5.669179407441006902e+01,3.404423409847368021e-10,1.000000000000000000e+02,0.000000000000000000e+00,0.000000000000000000e+00,2.282029824869681534e+00,2.112859249622936808e+00,2.584364875774576298e+00,1.191287644334198070e+01,4.697224125397513106e+00,7.215652317944467597e+00,9.070236918240559554e-02,2.999999999999999737e-04,3.023350509048947643e-01,1.884772910442167673e-04,2.859928794623974468e+01,8.996203686338392069e-01,2.062481752265425072e+00,2.072631974117661979e+00,2.062481752265425072e+00,5.507767750901771819e+01,1.101553550180354416e+08,1.036315987058831070e+02,2.072631974117662013e+08,2.408895834173561212e+01,1.827982345566364302e+02,9.961520808487260847e-01,1.035434015143386155e+01,1.086616004830798232e+00,5.470512351639641446e-01,1.625980915715234287e+00,1.050000000000000044e+00,7.243161728675059363e-01,1.143214179867467317e+00,4.175145586057131908e+01,1.664204131287590371e+00,1.260000000000000009e-01,9.961520801152419224e-01,1.009646429737624862e+00,1.000000000000000000e+00,1.060558513785953227e+00,9.425060753623188958e-01,9.846600667382185978e-01
9.000000000000000000e+01,6.250000000000000000e-02,2.143844701118366629e+03,1.504177721162583303e+01,2.814445352471855344e+01,4.748224542426146800e+05,1.230871659943050389e+01,6.494676915360883207e+00,2.096794367072369880e+01,1.834888443012532955e+00,2.209647516066050699e+01,7.303072298862374190e+00,9.733723126342732623e-01,5.265575453684790963e-01,0.000000000000000000e+00,0.000000000000000000e+00,1.000000000000000000e+00,7.500000000000000000e-01,2.500000000000000000e-01,1.050000000000000044e+00,1.000000000000000000e+00,2.311689038357981119e+01,0.000000000000000000e+00,1.075000000000000178e+00,2.106230181473916385e+00,8.273664657391323374e+01,1.021838151365224157e+00,1.425260240832035947e+02,0.000000000000000000e+00,0.000000000000000000e+00,1.000000000000000000e+00,1.000000000000000000e+00,8.840044533841791008e-01,4.513262777559507999e-01,6.057153715680300143e-01,1.005659782453041773e+00,8.815820648395139569e-01,1.000000000000000000e+00,1.000000000000000000e+00,1.000000000000000000e+00,8.540135855238784046e-01,8.351125084101666818e-02,8.351125084101666118e+01,5.669286182309013356e+01,9.644808179100484713e-01,1.017716184863477480e+00,9.683920791498645819e-01,8.859705165195604915e-01,1.004637252229428013e+00,5.086746944011982796e-01,9.945854921408155969e-01,1.069286182343363123e+01,0.000000000000000000e+00,1.800000000000000000e+01,5.669286182343363123e+01,3.434976747485052329e-10,1.000000000000000000e+02,0.000000000000000000e+00,0.000000000000000000e+00,2.276237734758676634e+00,2.118066665228376166e+00,2.574916592382196612e+00,1.190252654858519854e+01,4.692983257610572778e+00,7.209543290974625762e+00,9.067315529481777270e-02,2.999999999999999737e-04,2.986788576235199777e-01,-8.552503683735817458e-05,2.861352775013052963e+01,9.026525555119015998e-01,2.063426164623774817e+00,2.073490588906398369e+00,2.063426164623774817e+00,5.509303814923095644e+01,1.101860762984619141e+08,1.036745294453199193e+02,2.073490588906398416e+08,2.410294927728374503e+01,1.828705168718346386e+02,9.954535271608530023e-01,1.036469966187030245e+01,1.086616004830798232e+00,5.468350049564594251e-01,1.626466345299535377e+00,1.050000000000000044e+00,7.244051519528024174e-01,1.142869229724396973e+00,4.175562542050833059e+01,1.526024083203594728e+00,1.260000000000000009e-01,9.954535264278832063e-01,1.010656580319217790e+00,1.000000000000000000e+00,1.060846423954652007e+00,9.521454094867785045e-01,9.846600667382185978e-01
1.050000000000000000e+02,7.291666666666667129e-02,2.141279383570831214e+03,1.503422159541094238e+01,2.815417872701453561e+01,4.748201461025871686e+05,1.231301733655841701e+01,6.496979951060490421e+00,2.098163931747252420e+01,1.835551247175151612e+00,2.210868607304029609e+01,7.307108108886201769e+00,9.833881623592093391e-01,4.884429759786915182e-01,0.000000000000000000e+00,0.000000000000000000e+00,1.000000000000000000e+00,7.500000000000000000e-01,2.500000000000000000e-01,1.050000000000000044e+00,1.000000000000000000e+00,2.312966519589329906e+01,0.000000000000000000e+00,1.075000000000000178e+00,1.953771903914766073e+00,8.358799380053280004e+01,1.021838151365224157e+00,1.424270202472229698e+02,0.000000000000000000e+00,0.000000000000000000e+00,1.000000000000000000e+00,1.000000000000000000e+00,8.848912636627165318e-01,4.527145123574682906e-01,6.057253292319415561e-01,1.005672671224406844e+00,8.815852590134836131e-01,1.000000000000000000e+00,1.000000000000000000e+00,1.000000000000000000e+00,8.540135855238784046e-01,8.351719630527734695e-02,8.351719630527735205e+01,5.669362308611745505e+01,9.650734185995684111e-01,1.017716184863477480e+00,9.687683098701914686e-01,8.634864204171018853e-01,1.005203103511939977e+00,4.756734157409899244e-01,1.002015246543100258e+00,1.069362308646316961e+01,0.000000000000000000e+00,1.800000000000000000e+01,5.669362308646316961e+01,3.457145680840767454e-10,1.000000000000000000e+02,0.000000000000000000e+00,0.000000000000000000e+00,2.271281754758446070e+00,2.123203342771179170e+00,2.566735426177925827e+00,1.189510540916303150e+01,4.689938768949104997e+00,7.205166640213926499e+00,9.064644561275875256e-02,2.999999999999999737e-04,2.954536714194797575e-01,-3.131836024271123994e-04,2.862341503913144436e+01,9.054290247149365811e-01,2.064133199354217130e+00,2.074133391192581666e+00,2.064133199354217130e+00,5.510476299622788332e+01,1.102095259924557656e+08,1.037066695596290771e+02,2.074133391192581654e+08,2.411331967262372444e+01,1.829247522284807133e+02,9.949312082202951268e-01,1.037212617731508679e+01,1.086616004830798232e+00,5.466728738552331102e-01,1.626777715406328095e+00,1.050000000000000044e+00,7.244685905385974678e-01,1.142620836623944758e+00,4.175859815263867603e+01,1.427020247222969829e+00,1.260000000000000009e-01,9.949312074877099121e-01,1.011380736054354523e+00,1.000000000000000000e+00,1.061061881569915322e+00,9.590633424047450006e-01,9.846600667382185978e-01
1.200000000000000000e+02,8.333333333333332871e-02,2.138758143163211571e+03,1.502365167477622521e+01,2.816061880448994970e+01,4.748177566587302135e+05,1.231586967775144359e+01,6.498510494962890682e+00,2.099308878966415648e+01,1.835992859323905879e+00,2.211745860132263530e+01,7.310007503826972730e+00,9.918680251540750170e-01,4.618344138049925718e-01,0.000000000000000000e+00,0.000000000000000000e+00,1.000000000000000000e+00,7.500000000000000000e-01,2.500000000000000000e-01,1.050000000000000044e+00,1.000000000000000000e+00,2.313884283953171561e+01,0.000000000000000000e+00,1.075000000000000178e+00,1.847337655219970287e+00,8.430878213809637600e+01,1.021838151365224157e+00,1.423594069845251511e+02,0.000000000000000000e+00,0.000000000000000000e+00,1.000000000000000000e+00,1.000000000000000000e+00,8.856254811667642057e-01,4.538821368240790743e-01,6.057324042449130364e-01,1.005681926592528974e+00,8.815874427429960525e-01,1.000000000000000000e+00,1.000000000000000000e+00,1.000000000000000000e+00,8.540135855238784046e-01,8.352122440203878229e-02,8.352122440203878284e+01,5.669413884754506938e+01,9.655707221211771163e-01,1.017716184863477480e+00,9.690727579745833653e-01,8.462981690097175491e-01,1.005675640222333911e+00,4.531356615083836914e-01,1.007103967236430808e+00,1.069413884789229030e+01,0.000000000000000000e+00,1.800000000000000000e+01,5.669413884789229030e+01,3.472209186838881578e-10,1.000000000000000000e+02,0.000000000000000000e+00,0.000000000000000000e+00,2.267308378803558622e+00,2.127733336255616781e+00,2.560120984568444502e+00,1.189003197649569188e+01,4.687854320824061283e+00,7.202177655671630596e+00,9.062453665691376503e-02,2.999999999999999737e-04,2.928126057648858804e-01,-4.872215764872324384e-04,2.862996245123144945e+01,9.077642736481581487e-01,2.064641142183511135e+00,2.074595188579695826e+00,2.064641142183511135e+00,5.511337137089510918e+01,1.102267427417902201e+08,1.037297594289847922e+02,2.074595188579695821e+08,2.412068439788181351e+01,1.829638151977617042e+02,9.945563124678221678e-01,1.037720576744275647e+01,1.086616004830798232e+00,5.465561586148174333e-01,1.626961125590414170e+00,1.050000000000000044e+00,7.245115706576906733e-01,1.142450406086631620e+00,4.176061220101939142e+01,1.359406984525151074e+00,1.260000000000000009e-01,9.945563117355129545e-01,1.011876044298233523e+00,1.000000000000000000e+00,1.061216623419180660e+00,9.637933759182129023e-01,9.846600667382185978e-01
1.350000000000000000e+02,9.375000000000000000e-02,2.136272033747065507e+03,1.501085753170037940e+01,2.816465871745002403e+01,4.748153301564071444e+05,1.231766175468483837e+01,6.499474117711071308e+00,2.100232602821514760e+01,1.836271632757972672e+00,2.212349612578053382e+01,7.312002956825769395e+00,9.986225952309014664e-01,4.440615691107031027e-01,0.000000000000000000e+00,0.000000000000000000e+00,1.000000000000000000e+00,7.500000000000000000e-01,2.500000000000000000e-01,1.050000000000000044e+00,1.000000000000000000e+00,2.314515917686908253e+01,0.000000000000000000e+00,1.075000000000000178e+00,1.776246276442812411e+00,8.488292059462662564e+01,1.021838151365224157e+00,1.423151228526166676e+02,0.000000000000000000e+00,0.000000000000000000e+00,1.000000000000000000e+00,1.000000000000000000e+00,8.862002354936640014e-01,4.548072093529257898e-01,6.057372234988699367e-01,1.005688294409828210e+00,8.815888746411014720e-01,1.000000000000000000e+00,1.000000000000000000e+00,1.000000000000000000e+00,8.540135855238784046e-01,8.352383831502611933e-02,8.352383831502612566e+01,5.669447353550658875e+01,9.659639941023205889e-01,1.017716184863477480e+00,9.693068743223444139e-01,8.340756842977777863e-01,1.006047833593181284e+00,4.383742842055558531e-01,1.010445093458271160e+00,1.069447353585481864e+01,0.000000000000000000e+00,1.800000000000000000e+01,5.669447353585481864e+01,3.482298893686675001e-10,1.000000000000000000e+02,0.000000000000000000e+00,0.000000000000000000e+00,2.264275343758940462e+00,2.131447364337541117e+00,2.555038074998490671e+00,1.188670531092503246e+01,4.686485439336031789e+00,7.200219871589000675e+00,9.060817357674764982e-02,2.999999999999999737e-04,2.907627312395502095e-01,-6.109798955526062406e-04,2.863406969607418873e+01,9.096144187058515795e-01,2.064990722639047149e+00,2.074913010437573480e+00,2.064990722639047149e+00,5.511941676396022416e+01,1.102388335279204547e+08,1.037456505218786731e+02,2.074913010437573493e+08,2.412569716125467068e+01,1.829907644470935679e+02,9.942984660565638011e-01,1.038053935065393141e+01,1.086616004830798232e+00,5.464756666936165796e-01,1.627061834345011171e+00,1.050000000000000044e+00,7.245394613212349233e-01,1.142338320744587410e+00,4.176191915751306283e+01,1.315122852616667615e+00,1.260000000000000009e-01,9.942984653244444360e-01,1.012201100297763334e+00,1.000000000000000000e+00,1.061323098913068419e+00,9.668938049613373664e-01,9.846600667382185978e-01
1.500000000000000000e+02,1.041666666666666713e-01,2.132029364106820594e+03,1.499629404954032275e+01,2.717545834440985075e+01,4.748161099615363055e+05,1.191107116363444796e+01,6.304016405752392416e+00,2.096813028788292854e+01,1.788158540721057177e+00,2.203384323570325165e+01,7.282371916884975427e+00,1.004474127470859957e+00,4.182046485060686991e-01,0.000000000000000000e+00,0.000000000000000000e+00,1.000000000000000000e+00,7.500000000000000000e-01,2.500000000000000000e-01,1.050000000000000044e+00,1.000000000000000000e+00,2.305136611632802968e+01,0.000000000000000000e+00,1.075000000000000178e+00,1.672818594024274796e+00,8.538030083502309253e+01,1.021838151365224157e+00,1.421704160417001788e+02,0.000000000000000000e+00,1.000000000000000056e-01,1.000000000000000000e+00,1.000000000000000000e+00,8.037484014578368807e-01,4.214631385297648025e-01,5.603321949770142529e-01,1.005593567884329964e+00,8.816521614062071688e-01,9.250624375631799623e-01,9.250624375631799623e-01,9.250624375631799623e-01,8.540135855238784046e-01,8.257491820152151885e-02,8.257491820152151263e+01,5.657297288100270549e+01,9.663026722883528707e-01,1.017716184863477480e+00,9.500058184324970956e-01,8.151588054503675629e-01,1.006367306044500864e+00,3.901386805667262370e-01,1.019523834334740142e+00,1.057297288111671207e+01,0.000000000000000000e+00,1.800000000000000000e+01,5.657297288111671207e+01,1.140065819527080748e-10,1.000000000000000000e+02,1.000000000000000056e-01,0.000000000000000000e+00,2.400121399721274251e+00,2.175412645186093119e+00,2.986160091103061465e+00,1.173971047531967571e+01,5.161572736289154584e+00,6.578137739030521125e+00,8.981904212317635972e-02,2.999999999999999737e-04,5.860386913817872134e-01,-8.025231717597247974e-04,2.762838265015001582e+01,9.112101441282004499e-01,2.059799581684000014e+00,2.070193471754850023e+00,2.059799581684000014e+00,5.572822519490916449e+01,1.114564503898183256e+08,1.035096735877425118e+02,2.070193471754850149e+08,2.372875175110739931e+01,1.829666505337590650e+02,9.981414652822968581e-01,9.125394931904056151e+00,1.086616004830798232e+00,5.465476889273275241e-01,1.435856823010638550e+00,1.050000000000000044e+00,7.144144067597260062e-01,1.174276375332477862e+00,4.128745910076075631e+01,1.170416041700178766e+00,1.260000000000000009e-01,9.981414645473478675e-01,8.898126078721566579e-01,1.000000000000000000e+00,1.059740115670836369e+00,9.770385133853185522e-01,9.846600667382185978e-01
1.650000000000000000e+02,1.145833333333333287e-01,2.125147985825899013e+03,1.497469428465560881e+01,2.607925922761907600e+01,4.748389875874778954e+05,1.141092894365587718e+01,6.025131791144776372e+00,2.062482192447465579e+01,1.703886902373653811e+00,2.132594340125299581e+01,7.048405022448022805e+00,1.012095572936317689e+00,3.363368652941056136e-01,0.000000000000000000e+00,0.000000000000000000e+00,1.000000000000000000e+00,7.500000000000000000e-01,2.500000000000000000e-01,1.050000000000000044e+00,1.000000000000000000e+00,2.231077546752286267e+01,0.000000000000000000e+00,1.075000000000000178e+00,1.345347461176422454e+00,8.602812369958699890e+01,1.021838151365224157e+00,1.419159513662668246e+02,0.000000000000000000e+00,1.000000000000000056e-01,1.000000000000000000e+00,1.000000000000000000e+00,8.042612856063101612e-01,4.224199569611766791e-01,5.599102980656979200e-01,1.004832624843213340e+00,8.816554874319183499e-01,9.250624375631799623e-01,9.250624375631799623e-01,9.250624375631799623e-01,8.540135855238784046e-01,8.266855872111365799e-02,8.266855872111365500e+01,5.658496270425887076e+01,9.667410203497379673e-01,1.017716184863477480e+00,9.501809969597156957e-01,7.453687069786527619e-01,1.006779353512551989e+00,3.053171220889415172e-01,1.025803966102793341e+00,1.058496270436794617e+01,0.000000000000000000e+00,1.800000000000000000e+01,5.658496270436794617e+01,1.090754153665329795e-10,1.000000000000000000e+02,1.000000000000000056e-01,0.000000000000000000e+00,2.398402828618780180e+00,2.181007771872077505e+00,2.982118960022663856e+00,1.173198715898493916e+01,5.163126731894741361e+00,6.568860427090197796e+00,8.976900474863845625e-02,2.999999999999999737e-04,5.837161314038836757e-01,-1.509194231278352533e-03,2.651391354807939393e+01,9.132788011021715224e-01,2.018800693301999072e+00,2.032919136835608764e+00,2.018800693301999072e+00,5.469929106844045208e+01,1.093985821368809044e+08,1.016459568417804320e+02,2.032919136835608780e+08,2.328897288627007356e+01,1.796342207964909790e+02,1.029591623164180625e+00,9.121001823530077601e+00,1.086616004830798232e+00,5.566868025290725441e-01,1.480385806404073135e+00,1.050000000000000044e+00,7.154135586973289218e-01,1.174360314977398900e+00,4.133427936055682750e+01,9.159513662668246070e-01,1.260000000000000009e-01,1.029591622406074380e+00,8.893842381141259246e-01,1.000000000000000000e+00,1.047095743576917926e+00,9.949280024994937577e-01,9.846600667382185978e-01
1.800000000000000000e+02,1.250000000000000000e-01,2.118293969159340577e+03,1.494236846369861382e+01,2.603103449406817305e+01,4.748687371399480035e+05,1.138268411317414674e+01,6.004903509439428966e+00,2.027174653535367810e+01,1.696145091402111227e+00,2.081088367835117126e+01,6.878173419116064835e+00,1.017862519390464238e+00,2.737066421186870602e-01,0.000000000000000000e+00,0.000000000000000000e+00,1.000000000000000000e+00,7.500000000000000000e-01,2.500000000000000000e-01,1.050000000000000044e+00,1.000000000000000000e+00,2.177193028661742957e+01,0.000000000000000000e+00,1.075000000000000178e+00,1.094826568474748241e+00,8.651831414818946087e+01,1.021838151365224157e+00,1.417642707918480198e+02,0.000000000000000000e+00,1.000000000000000056e-01,1.000000000000000000e+00,1.000000000000000000e+00,8.046200386845782093e-01,4.231406094416270136e-01,5.595942278946540727e-01,1.004264005352509814e+00,8.816567077510244488e-01,9.250624375631799623e-01,9.250624375631799623e-01,9.250624375631799623e-01,8.540135855238784046e-01,8.273702151789254222e-02,8.273702151789254344e+01,5.659372874738433268e+01,9.670706493688315808e-01,1.017716184863477480e+00,9.502808231656253435e-01,6.806478750053011062e-01,1.007088135763519521e+00,2.547569306160066271e-01,1.027555884855784418e+00,1.059372874748944326e+01,0.000000000000000000e+00,1.800000000000000000e+01,5.659372874748944326e+01,1.051105869009916205e-10,1.000000000000000000e+02,1.000000000000000056e-01,0.000000000000000000e+00,2.397620726290398796e+00,2.185769594671308269e+00,2.979817318755962674e+00,1.172915352297347447e+01,5.165586913427270943e+00,6.563566609546203523e+00,8.968488447712236189e-02,2.999999999999999737e-04,5.821965924655638780e-01,-2.164545574295155626e-03,2.646488506896930915e+01,9.148368634581540704e-01,1.988958986250495276e+00,2.005788295318500225e+00,1.988958986250495276e+00,5.395185235342241725e+01,1.079037047068448365e+08,1.002894147659250024e+02,2.005788295318500102e+08,2.296814633630902591e+01,1.772094134556564313e+02,1.053784592559215749e+00,9.114043686226253271e+00,1.086616004830798232e+00,5.643041080603952153e-01,1.514015494957429819e+00,1.050000000000000044e+00,7.161440622907868647e-01,1.174492960020309340e+00,4.136851075894627172e+01,7.642707918480198259e-01,1.260000000000000009e-01,1.053784591783295754e+00,8.887057536927446266e-01,1.000000000000000000e+00,1.037729900091205915e+00,1.005622068163752658e+00,9.846600667382185978e-01
1.950000000000000000e+02,1.354166666666666574e-01,2.111461920738322078e+03,1.490204619687424525e+01,2.621579723701714926e+01,4.748962705603506765e+05,1.146322667868611234e+01,6.047115219510489581e+00,2.004546444898378255e+01,1.707919920387251711e+00,2.064578979924543845e+01,6.823608492970950401e+00,1.022164691988764140e+00,2.391906262500880231e-01,0.000000000000000000e+00,0.000000000000000000e+00,1.000000000000000000e+00,7.500000000000000000e-01,2.500000000000000000e-01,1.050000000000000044e+00,1.000000000000000000e+00,2.159921237217459478e+01,0.000000000000000000e+00,1.075000000000000178e+00,9.567625050003520926e-01,8.688399881904494748e+01,1.021838151365224157e+00,1.416893957274946843e+02,0.000000000000000000e+00,1.000000000000000056e-01,1.000000000000000000e+00,1.000000000000000000e+00,8.049263847412614359e-01,4.236763607776128926e-01,5.594919027973708214e-01,1.004078981025598116e+00,8.816579271727849054e-01,9.250624375631799623e-01,9.250624375631799623e-01,9.250624375631799623e-01,8.540135855238784046e-01,8.276075945494450192e-02,8.276075945494450536e+01,5.659676817594516507e+01,9.673154130158583275e-01,1.017716184863477480e+00,9.504020823423783293e-01,6.406139530513039748e-01,1.007316827524207481e+00,2.297985758315614080e-01,1.029940139151370504e+00,1.059676817604923116e+01,0.000000000000000000e+00,1.800000000000000000e+01,5.659676817604923116e+01,1.040660890794242732e-10,1.000000000000000000e+02,1.000000000000000056e-01,0.000000000000000000e+00,2.396284111475984968e+00,2.188517099736987159e+00,2.977022690399514726e+00,1.172632199711962819e+01,5.165539790136501885e+00,6.560782206983126308e+00,8.960397726933184981e-02,2.999999999999999737e-04,5.807385789235297580e-01,-2.569924355283452304e-03,2.665272719096743614e+01,9.159951665396134368e-01,1.979391553333840648e+00,1.997089961240732459e+00,1.979391553333840648e+00,5.371120312059651525e+01,1.074224062411930263e+08,9.985449806203661183e+01,1.997089961240732372e+08,2.286574760895512526e+01,1.764314487915882523e+02,1.061788247061048684e+00,9.114177002650530213e+00,1.086616004830798232e+00,5.667923756502515342e-01,1.525536987860686589e+00,1.050000000000000044e+00,7.163973480041027075e-01,1.174490422074830898e+00,4.138037972747224558e+01,6.893957274946842517e-01,1.260000000000000009e-01,1.061788246279235404e+00,8.887187533093139358e-01,1.000000000000000000e+00,1.034697465124916782e+00,1.010909489938702777e+00,9.846600667382185978e-01
2.100000000000000000e+02,1.458333333333333426e-01,2.104651532395608683e+03,1.485731415235708397e+01,2.633478088303511555e+01,4.749209020679572131e+05,1.151650288271785882e+01,6.076095443529371920e+00,1.992084681799622814e+01,1.716413724864902957e+00,2.064931590292140129e+01,6.824773900118089820e+00,1.025746282804405052e+00,2.232064461389603738e-01,0.000000000000000000e+00,0.000000000000000000e+00,1.000000000000000000e+00,7.500000000000000000e-01,2.500000000000000000e-01,1.050000000000000044e+00,1.000000000000000000e+00,2.160290131131831259e+01,0.000000000000000000e+00,1.075000000000000178e+00,8.928257845558414951e-01,8.718843403837442452e+01,1.021838151365224157e+00,1.416576045180891583e+02,0.000000000000000000e+00,1.000000000000000056e-01,1.000000000000000000e+00,1.000000000000000000e+00,8.052034016588566212e-01,4.241211750379564882e-01,5.594947824848186535e-01,1.004082947067828968e+00,8.816589825470144692e-01,9.250624375631799623e-01,9.250624375631799623e-01,9.250624375631799623e-01,8.540135855238784046e-01,8.276203352952539449e-02,8.276203352952539660e+01,5.659693130969396435e+01,9.675184430389531798e-01,1.017716184863477480e+00,9.505296581351261320e-01,6.210830970676270990e-01,1.007506143780667385e+00,2.192015060297194395e-01,1.032293879214108756e+00,1.059693130979838571e+01,0.000000000000000000e+00,1.800000000000000000e+01,5.659693130979838571e+01,1.044213604473043233e-10,1.000000000000000000e+02,1.000000000000000056e-01,0.000000000000000000e+00,2.394742457302671212e+00,2.190342647330992598e+00,2.974083880382388578e+00,1.172387141483834228e+01,5.164426527713381176e+00,6.559444887124961099e+00,8.955172234727569458e-02,2.999999999999999737e-04,5.793414230797173659e-01,-2.767691743123768758e-03,2.677369389775236641e+01,9.169568621879965464e-01,1.979595907578843628e+00,1.997275752201468357e+00,1.979595907578843628e+00,5.371502391893881168e+01,1.074300478378776163e+08,9.986378761007341609e+01,1.997275752201468349e+08,2.286854223938664887e+01,1.764473537683988695e+02,1.061615999618536366e+00,9.117326105658388968e+00,1.086616004830798232e+00,5.667412849458650648e-01,1.525816522724261270e+00,1.050000000000000044e+00,7.164109424831990314e-01,1.174430432789569156e+00,4.138101676476269120e+01,6.576045180891583186e-01,1.260000000000000009e-01,1.061615998836849872e+00,8.890258207382625288e-01,1.000000000000000000e+00,1.034762388481843098e+00,1.013156167206874514e+00,9.846600667382185978e-01
2.250000000000000000e+02,1.562500000000000000e-01,2.097860349150583261e+03,1.481059309066695207e+01,2.636989579968924602e+01,4.749439985378609854e+05,1.153263935284800112e+01,6.085175901949580357e+00,1.984921096211558122e+01,1.719188242010843970e+00,2.068414086264224494e+01,6.836283844432605505e+00,1.028670099234292312e+00,2.167889884183850369e-01,0.000000000000000000e+00,0.000000000000000000e+00,1.000000000000000000e+00,7.500000000000000000e-01,2.500000000000000000e-01,1.050000000000000044e+00,1.000000000000000000e+00,2.163933448767906498e+01,0.000000000000000000e+00,1.075000000000000178e+00,8.671559536735401474e-01,8.743695843491484254e+01,1.021838151365224157e+00,1.416459378978260872e+02,0.000000000000000000e+00,1.000000000000000056e-01,1.000000000000000000e+00,1.000000000000000000e+00,8.054289977232544917e-01,4.244834919198443579e-01,5.595169915892616030e-01,1.004122083464972892e+00,8.816596152640876483e-01,9.250624375631799623e-01,9.250624375631799623e-01,9.250624375631799623e-01,8.540135855238784046e-01,8.275847812710310225e-02,8.275847812710310336e+01,5.659647607250757062e+01,9.676836922938061303e-01,1.017716184863477480e+00,9.506336052837118800e-01,6.130784217718028284e-01,1.007659975736709290e+00,2.153126326086957365e-01,1.033774017224781350e+00,1.059647607261243252e+01,0.000000000000000000e+00,1.800000000000000000e+01,5.659647607261243252e+01,1.048618969434755854e-10,1.000000000000000000e+02,1.000000000000000056e-01,0.000000000000000000e+00,2.393485644768570175e+00,2.191828580103161617e+00,2.971690430235753855e+00,1.172240225331024455e+01,5.163519010338915471e+00,6.558883242971329075e+00,8.952619776727238632e-02,2.999999999999999737e-04,5.782047854671836795e-01,-2.848746231898807105e-03,2.680939406301740036e+01,9.177401971655625434e-01,1.981614150536362695e+00,1.999110660229263203e+00,1.981614150536362695e+00,5.376469942894356535e+01,1.075293988578871340e+08,9.995553301146316016e+01,1.999110660229263306e+08,2.289064503437970544e+01,1.766108774747864345e+02,1.059917902648916499e+00,9.119892609276609718e+00,1.086616004830798232e+00,5.662165401690862909e-01,1.523804744939547984e+00,1.050000000000000044e+00,7.163730060510361541e-01,1.174381485279112791e+00,4.137923906355154458e+01,6.459378978260872373e-01,1.260000000000000009e-01,1.059917901868480561e+00,8.892760791977247781e-01,1.000000000000000000e+00,1.035403226098767560e+00,1.013980897462971598e+00,9.846600667382185978e-01
2.400000000000000000e+02,1.666666666666666574e-01,2.091083658927431316e+03,1.476311219570724376e+01,2.636814131542671191e+01,4.749665021797748050e+05,1.153209667298827235e+01,6.085058588874633578e+00,1.980157911630296397e+01,1.719220284344839200e+00,2.070464303712865828e+01,6.843059986847607412e+00,1.030833844098735907e+00,2.145971826093456547e-01,0.000000000000000000e+00,0.000000000000000000e+00,1.000000000000000000e+00,7.500000000000000000e-01,2.500000000000000000e-01,1.050000000000000044e+00,1.000000000000000000e+00,2.166078345258326365e+01,0.000000000000000000e+00,1.075000000000000178e+00,8.583887304373826188e-01,8.762087674839254703e+01,1.021838151365224157e+00,1.416424688241187937e+02,0.000000000000000000e+00,1.000000000000000056e-01,1.000000000000000000e+00,1.000000000000000000e+00,8.055903288746437685e-01,4.247511575000788020e-01,5.595299806841581569e-01,1.004145095428500056e+00,8.816598774105403047e-01,9.250624375631799623e-01,9.250624375631799623e-01,9.250624375631799623e-01,8.540135855238784046e-01,8.275620759621320210e-02,8.275620759621320133e+01,5.659618535152268493e+01,9.678056995406667529e-01,1.017716184863477480e+00,9.507041551519949119e-01,6.103241443894710239e-01,1.007773406409357975e+00,2.141562747062645544e-01,1.034400525859925368e+00,1.059618535162780972e+01,0.000000000000000000e+00,1.800000000000000000e+01,5.659618535162780972e+01,1.051247977557068225e-10,1.000000000000000000e+02,1.000000000000000056e-01,0.000000000000000000e+00,2.392656858620135996e+00,2.193032120800121998e+00,2.970066512544308868e+00,1.172179355444893112e+01,5.163098633344430866e+00,6.558694921104500253e+00,8.951654722001577136e-02,2.999999999999999737e-04,5.774096539241728721e-01,-2.876635746352807898e-03,2.680761033735048926e+01,9.183188944931495179e-01,1.982802309250189410e+00,2.000190887714994314e+00,1.982802309250189410e+00,5.379407771180949993e+01,1.075881554236190021e+08,1.000095443857497060e+02,2.000190887714994252e+08,2.290359547299567922e+01,1.767072175705548887e+02,1.058920802535291861e+00,9.121081271640544941e+00,1.086616004830798232e+00,5.659078410878856102e-01,1.522569672794558349e+00,1.050000000000000044e+00,7.163487793023173289e-01,1.174358798277655325e+00,4.137810379810659356e+01,6.424688241187936910e-01,1.260000000000000009e-01,1.058920801755590002e+00,8.893919850588765108e-01,1.000000000000000000e+00,1.035780189281064523e+00,1.014226157504857895e+00,9.846600667382185978e-01
2.550000000000000000e+02,1.770833333333333426e-01,2.084316572258639553e+03,1.471539496981927542e+01,2.636044925985898146e+01,4.749887135693393066e+05,1.152871873947485248e+01,6.083269581013968974e+00,1.976656836154475982e+01,1.718714008920105618e+00,2.071042197620376157e+01,6.844969975185990485e+00,1.032278066232531266e+00,2.140405593311712484e-01,0.000000000000000000e+00,0.000000000000000000e+00,1.000000000000000000e+00,7.500000000000000000e-01,2.500000000000000000e-01,1.050000000000000044e+00,1.000000000000000000e+00,2.166682926306485513e+01,0.000000000000000000e+00,1.075000000000000178e+00,8.561622373246849937e-01,8.774363562976515141e+01,1.021838151365224157e+00,1.416419047217893024e+02,0.000000000000000000e+00,1.000000000000000056e-01,1.000000000000000000e+00,1.000000000000000000e+00,8.056941447475782780e-01,4.249295958960241926e-01,5.595336312734687789e-01,1.004151577998373401e+00,8.816599378705110013e-01,9.250624375631799623e-01,9.250624375631799623e-01,9.250624375631799623e-01,8.540135855238784046e-01,8.275554604263408998e-02,8.275554604263409431e+01,5.659610064555860021e+01,9.678870011128259954e-01,1.017716184863477480e+00,9.507468032231640720e-01,6.096230621234900449e-01,1.007848923609977687e+00,2.139682405964341283e-01,1.034547277315304381e+00,1.059610064566377474e+01,0.000000000000000000e+00,1.800000000000000000e+01,5.659610064566377474e+01,1.051745357472100295e-10,1.000000000000000000e+02,1.000000000000000056e-01,0.000000000000000000e+00,2.392174439702294819e+00,2.193908956702019797e+00,2.969085049577661284e+00,1.172165316777042499e+01,5.162994006279681081e+00,6.558659161490743905e+00,8.951409540798060949e-02,2.999999999999999737e-04,5.769106098753664646e-01,-2.883734828944640137e-03,2.679979008085663139e+01,9.187046812005105201e-01,1.983137212006075067e+00,2.000495368187709566e+00,1.983137212006075067e+00,5.380237480749250523e+01,1.076047496149850041e+08,1.000247684093854730e+02,2.000495368187709451e+08,2.290723824838459421e+01,1.767343814652625724e+02,1.058640098094418835e+00,9.121377098063014444e+00,1.086616004830798232e+00,5.658208616281895642e-01,1.522215430620379895e+00,1.050000000000000044e+00,7.163417204719809694e-01,1.174353150390938794e+00,4.137777302131704005e+01,6.419047217893023571e-01,1.260000000000000009e-01,1.058640097314923700e+00,8.894208309425253312e-01,1.000000000000000000e+00,1.035886402114647442e+00,1.014266040111030165e+00,9.846600667382185978e-01
2.700000000000000000e+02,1.875000000000000000e-01,2.077555314485578037e+03,1.466763309767126344e+01,2.635617669217119996e+01,4.750106368269239902e+05,1.152679974708727428e+01,6.082221334762388132e+00,1.974044573363612898e+01,1.718405110935983027e+00,2.071004546384903833e+01,6.844845534661970099e+00,1.033167789698571593e+00,2.140223098283026426e-01,0.000000000000000000e+00,0.000000000000000000e+00,1.000000000000000000e+00,7.500000000000000000e-01,2.500000000000000000e-01,1.050000000000000044e+00,1.000000000000000000e+00,2.166643536336959031e+01,0.000000000000000000e+00,1.075000000000000178e+00,8.560892393132105704e-01,8.781926212437858226e+01,1.021838151365224157e+00,1.416421654844519651e+02,0.000000000000000000e+00,1.000000000000000056e-01,1.000000000000000000e+00,1.000000000000000000e+00,8.057563781042008655e-01,4.250394371830081286e-01,5.595333888541055289e-01,1.004151155693600694e+00,8.816599266789416633e-01,9.250624375631799623e-01,9.250624375631799623e-01,9.250624375631799623e-01,8.540135855238784046e-01,8.275557715630803279e-02,8.275557715630803557e+01,5.659610462938368158e+01,9.679370343249285025e-01,1.017716184863477480e+00,9.507710922891673411e-01,6.096000653735547115e-01,1.007895369601092828e+00,2.140551614839883710e-01,1.034521562036749165e+00,1.059610462948886322e+01,0.000000000000000000e+00,1.800000000000000000e+01,5.659610462948886322e+01,1.051816411745676305e-10,1.000000000000000000e+02,1.000000000000000056e-01,0.000000000000000000e+00,2.391908882618326793e+00,2.194482139473986404e+00,2.968526154575476195e+00,1.172167915433511531e+01,5.163008294049462599e+00,6.558670860285652715e+00,8.951413526540533128e-02,2.999999999999999737e-04,5.766172719571494021e-01,-2.883967691523667623e-03,2.679544630370738645e+01,9.189421598452456319e-01,1.983115392293232526e+00,2.000475530559527648e+00,1.983115392293232526e+00,5.380184311080566317e+01,1.076036862216113210e+08,1.000237765279763806e+02,2.000475530559527576e+08,2.290699682480020627e+01,1.767326164635822465e+02,1.058658382040288837e+00,9.121336700722361357e+00,1.086616004830798232e+00,5.658265123948195141e-01,1.522234979249567965e+00,1.050000000000000044e+00,7.163420524574051207e-01,1.174353921692546487e+00,4.137778857815401068e+01,6.421654844519650851e-01,1.260000000000000009e-01,1.058658381260780157e+00,8.894168918184319761e-01,1.000000000000000000e+00,1.035879482639599392e+00,1.014247603887126203e+00,9.846600667382185978e-01
2.850000000000000000e+02,1.979166666666666574e-01,2.070797430742604320e+03,1.461988354893430220e+01,2.635504916085582394e+01,4.750322217680480680e+05,1.152627927165187316e+01,6.081926745505783494e+00,1.972140482945462026e+01,1.718314468775125281e+00,2.070873792993143780e+01,6.844413383621406943e+00,1.033689338132008029e+00,2.141322686609350157e-01,0.000000000000000000e+00,0.000000000000000000e+00,1.000000000000000000e+00,7.500000000000000000e-01,2.500000000000000000e-01,1.050000000000000044e+00,1.000000000000000000e+00,2.166506744753567304e+01,0.000000000000000000e+00,1.075000000000000178e+00,8.565290746437400626e-01,8.786359374122068289e+01,1.021838151365224157e+00,1.416425393411257687e+02,0.000000000000000000e+00,1.000000000000000056e-01,1.000000000000000000e+00,1.000000000000000000e+00,8.057923413509713306e-01,4.251037944440754779e-01,5.595325578863727944e-01,1.004149689078901231e+00,8.816599050282756256e-01,9.250624375631799623e-01,9.250624375631799623e-01,9.250624375631799623e-01,8.540135855238784046e-01,8.275571365221492948e-02,8.275571365221493636e+01,5.659612210645242669e+01,9.679663445481353490e-01,1.017716184863477480e+00,9.507847371313644658e-01,6.097386172591066078e-01,1.007922568645801986e+00,2.141797803752562290e-01,1.034470603604439765e+00,1.059612210655760833e+01,0.000000000000000000e+00,1.800000000000000000e+01,5.659612210655760833e+01,1.051816411745676305e-10,1.000000000000000000e+02,1.000000000000000056e-01,0.000000000000000000e+00,2.391762664150391071e+00,2.194827970416311391e+00,2.968212207304454342e+00,1.172172942668679241e+01,5.163040177720765733e+00,6.558689248966026675e+00,8.951469958232136093e-02,2.999999999999999737e-04,5.764495431540632708e-01,-2.882564730254298657e-03,2.679429998020342296e+01,9.190813012879289756e-01,1.983039617804662980e+00,2.000406639362373173e+00,1.983039617804662980e+00,5.379997558424571480e+01,1.075999511684914231e+08,1.000203319681186542e+02,2.000406639362373054e+08,2.290616812381184886e+01,1.767264756761761930e+02,1.058721882678683501e+00,9.121246552119476547e+00,1.086616004830798232e+00,5.658461734009478938e-01,1.522311240666569088e+00,1.050000000000000044e+00,7.163435088798005834e-01,1.174355642843609271e+00,4.137785682610746107e+01,6.425393411257687148e-01,1.260000000000000009e-01,1.058721881899128192e+00,8.894081014741206381e-01,1.000000000000000000e+00,1.035855452417898448e+00,1.014221171903363583e+00,9.846600667382185978e-01
3.000000000000000000e+02,2.083333333333333426e-01,2.064041472619447177e+03,1.457215585008720815e+01,2.635515351801436523e+01,4.750534415877354331e+05,1.152631802119750049e+01,6.081941963479226665e+00,1.970785215657330980e+01,1.718316732072420194e+00,2.070801795292477010e+01,6.844175425119202849e+00,1.033988737065644203e+00,2.142407193287412526e-01,0.000000000000000000e+00,0.000000000000000000e+00,1.000000000000000000e+00,7.500000000000000000e-01,2.500000000000000000e-01,1.050000000000000044e+00,1.000000000000000000e+00,2.166431422199083556e+01,0.000000000000000000e+00,1.075000000000000178e+00,8.569628773149650103e-01,8.788904265057975351e+01,1.021838151365224157e+00,1.416428354083994350e+02,0.000000000000000000e+00,1.000000000000000056e-01,1.000000000000000000e+00,1.000000000000000000e+00,8.058129318881410708e-01,4.251407289613453599e-01,5.595320984503449058e-01,1.004148881469554500e+00,8.816598901855171588e-01,9.250624375631799623e-01,9.250624375631799623e-01,9.250624375631799623e-01,8.540135855238784046e-01,8.275578399316854683e-02,8.275578399316854927e+01,5.659613111297660737e+01,9.679831640297392736e-01,1.017716184863477480e+00,9.507925116144635425e-01,6.098752439844578044e-01,1.007938173396113024e+00,2.142784694664783274e-01,1.034436039202159652e+00,1.059613111308176059e+01,0.000000000000000000e+00,1.800000000000000000e+01,5.659613111308176059e+01,1.051532194651372265e-10,1.000000000000000000e+02,1.000000000000000056e-01,0.000000000000000000e+00,2.391679643951420076e+00,2.195027408220209253e+00,2.968033335413660545e+00,1.172176389123742979e+01,5.163060743633869798e+00,6.558703147603559991e+00,8.951518453363666028e-02,2.999999999999999737e-04,5.763536914622404694e-01,-2.881181262938659147e-03,2.679440607664793816e+01,9.191611543135629336e-01,1.982997893512289611e+00,2.000368705269676362e+00,1.982997893512289611e+00,5.379895082753360924e+01,1.075979016550672203e+08,1.000184352634838234e+02,2.000368705269676447e+08,2.290571016414541461e+01,1.767230962551628295e+02,1.058756851839595781e+00,9.121188403241799136e+00,1.086616004830798232e+00,5.658569939019987283e-01,1.522351816788735768e+00,1.050000000000000044e+00,7.163442594234800120e-01,1.174356753010560972e+00,4.137789199658427464e+01,6.428354083994349821e-01,1.260000000000000009e-01,1.058756851060014714e+00,8.894024314067013881e-01,1.000000000000000000e+00,1.035842220080610554e+00,1.014200239795137293e+00,9.846600667382185978e-01
3.150000000000000000e+02,2.187500000000000000e-01,2.057286619973144752e+03,1.452444613892907910e+01,2.635540868269546877e+01,4.750742934072086937e+05,1.152643053682228746e+01,6.082001887737445323e+00,1.969831802386691777e+01,1.718333813590205095e+00,2.070781917967187979e+01,6.844109728874603782e+00,1.034160495466613705e+00,2.143193215359117110e-01,0.000000000000000000e+00,0.000000000000000000e+00,1.000000000000000000e+00,7.500000000000000000e-01,2.500000000000000000e-01,1.050000000000000044e+00,1.000000000000000000e+00,2.166410626938912998e+01,0.000000000000000000e+00,1.075000000000000178e+00,8.572772861436468439e-01,8.790364211466216204e+01,1.021838151365224157e+00,1.416430341160556736e+02,0.000000000000000000e+00,1.000000000000000056e-01,1.000000000000000000e+00,1.000000000000000000e+00,8.058247890495426891e-01,4.251619140799505203e-01,5.595319692019122826e-01,1.004148658497952429e+00,8.816598823004471175e-01,9.250624375631799623e-01,9.250624375631799623e-01,9.250624375631799623e-01,8.540135855238784046e-01,8.275579715829570193e-02,8.275579715829570659e+01,5.659613279865229885e+01,9.679928109198177033e-01,1.017716184863477480e+00,9.507970264691849582e-01,6.099742520422274383e-01,1.007947122503798587e+00,2.143447053518912071e-01,1.034418061951463130e+00,1.059613279875745206e+01,0.000000000000000000e+00,1.800000000000000000e+01,5.659613279875745206e+01,1.051532194651372265e-10,1.000000000000000000e+02,1.000000000000000056e-01,0.000000000000000000e+00,2.391631132660611669e+00,2.195140861125568055e+00,2.967929462037897981e+00,1.172178220019386075e+01,5.163070323163466036e+00,6.558711877030394710e+00,8.951550140445438397e-02,2.999999999999999737e-04,5.762983293772863114e-01,-2.880178718141821782e-03,2.679466549407372611e+01,9.192069568837353266e-01,1.982986374150058406e+00,2.000358232316600482e+00,1.982986374150058406e+00,5.379867254489255401e+01,1.075973450897851139e+08,1.000179116158300161e+02,2.000358232316600382e+08,2.290558159511808611e+01,1.767221657558406775e+02,1.058766506640353544e+00,9.121161317604748575e+00,1.086616004830798232e+00,5.658599733219656924e-01,1.522361178400988280e+00,1.050000000000000044e+00,7.163443998964543757e-01,1.174357270115306218e+00,4.137789857914784619e+01,6.430341160556736213e-01,1.260000000000000009e-01,1.058766505860765372e+00,8.893997903000402383e-01,1.000000000000000000e+00,1.035838566810141970e+00,1.014186191110914237e+00,9.846600667382185978e-01
3.300000000000000000e+02,2.291666666666666574e-01,2.050532408525205938e+03,1.447674870249285206e+01,2.635553078154564233e+01,4.750947840925640194e+05,1.152648569897209896e+01,6.082032249942030511e+00,1.969161911115030605e+01,1.718342843750608973e+00,2.070782339248525261e+01,6.844111121245125773e+00,1.034259752952040312e+00,2.143702139793509098e-01,0.000000000000000000e+00,0.000000000000000000e+00,1.000000000000000000e+00,7.500000000000000000e-01,2.500000000000000000e-01,1.050000000000000044e+00,1.000000000000000000e+00,2.166411067675022295e+01,0.000000000000000000e+00,1.075000000000000178e+00,8.574808559174036393e-01,8.791207900092342697e+01,1.021838151365224157e+00,1.416431583268493455e+02,0.000000000000000000e+00,1.000000000000000056e-01,1.000000000000000000e+00,1.000000000000000000e+00,8.058316712905607693e-01,4.251741556280842493e-01,5.595319693023884655e-01,1.004148663223647819e+00,8.816598783095261904e-01,9.250624375631799623e-01,9.250624375631799623e-01,9.250624375631799623e-01,8.540135855238784046e-01,8.275579001122666811e-02,8.275579001122666511e+01,5.659613188353462476e+01,9.679983850757915009e-01,1.017716184863477480e+00,9.507996717127554787e-01,6.100383497130303923e-01,1.007952293113086872e+00,2.143861089497818284e-01,1.034409182370978897e+00,1.059613188363977798e+01,0.000000000000000000e+00,1.800000000000000000e+01,5.659613188363977798e+01,1.051532194651372265e-10,1.000000000000000000e+02,1.000000000000000056e-01,0.000000000000000000e+00,2.391602517072597411e+00,2.195205800050020528e+00,2.967868603677964678e+00,1.172179146702367625e+01,5.163074403727985207e+00,6.558717063295691041e+00,8.951569285108837426e-02,2.999999999999999737e-04,5.762660866053672670e-01,-2.879529672114388913e-03,2.679478962790473417e+01,9.192334233094308082e-01,1.982986618292194247e+00,2.000358454281070397e+00,1.982986618292194247e+00,5.379868353200360076e+01,1.075973670640072078e+08,1.000179227140535261e+02,2.000358454281070530e+08,2.290558197675937180e+01,1.767221882228164986e+02,1.058766302013997906e+00,9.121149779995835871e+00,1.086616004830798232e+00,5.658599013832777969e-01,1.522358958499987924e+00,1.050000000000000044e+00,7.163443236366481282e-01,1.174357490383549640e+00,4.137789500561333256e+01,6.431583268493454852e-01,1.260000000000000009e-01,1.058766301234409735e+00,8.893986652736768361e-01,1.000000000000000000e+00,1.035838644238020745e+00,1.014177409394736884e+00,9.846600667382185978e-01
3.450000000000000000e+02,2.395833333333333426e-01,2.043778570621190056e+03,1.442905899759991684e+01,2.635554950324849699e+01,4.751149217878552154e+05,1.152649469986044473e+01,6.082037596779681365e+00,1.968689644666032734e+01,1.718344578260466271e+00,2.070785390100196821e+01,6.844121204568446970e+00,1.034317465011883819e+00,2.144015026060312190e-01,0.000000000000000000e+00,0.000000000000000000e+00,1.000000000000000000e+00,7.500000000000000000e-01,2.500000000000000000e-01,1.050000000000000044e+00,1.000000000000000000e+00,2.166414259415024191e+01,0.000000000000000000e+00,1.075000000000000178e+00,8.576060104241248760e-01,8.791698452601012548e+01,1.021838151365224157e+00,1.416432333502237100e+02,0.000000000000000000e+00,1.000000000000000056e-01,1.000000000000000000e+00,1.000000000000000000e+00,8.058356794887894248e-01,4.251812729495409449e-01,5.595319869717503281e-01,1.004148697446346272e+00,8.816598761031883003e-01,9.250624375631799623e-01,9.250624375631799623e-01,9.250624375631799623e-01,8.540135855238784046e-01,8.275578234724582927e-02,8.275578234724582671e+01,5.659613090223106013e+01,9.680016258699243314e-01,1.017716184863477480e+00,9.508012177611264715e-01,6.100777542017736810e-01,1.007955299167181851e+00,2.144111167412366681e-01,1.034404332348932476e+00,1.059613090233621335e+01,0.000000000000000000e+00,1.800000000000000000e+01,5.659613090233621335e+01,1.051532194651372265e-10,1.000000000000000000e+02,1.000000000000000056e-01,0.000000000000000000e+00,2.391585749940559502e+00,2.195243418689864168e+00,2.967833034468946973e+00,1.172179659009126418e+01,5.163076453158811141e+00,6.558720136932453038e+00,8.951580760107318013e-02,2.999999999999999737e-04,5.762472845283874712e-01,-2.879130666555865768e-03,2.679480866163597241e+01,9.192488110739052143e-01,1.982988386330244657e+00,2.000360061712035176e+00,1.982988386330244657e+00,5.379873042561996499e+01,1.075974608512399346e+08,1.000180030856017623e+02,2.000360061712035239e+08,2.290559978463785384e+01,1.767223332958595847e+02,1.058764820145271734e+00,9.121143985320076197e+00,1.086616004830798232e+00,5.658594368635064820e-01,1.522355860623635371e+00,1.050000000000000044e+00,7.163442418613510387e-01,1.174357601011200902e+00,4.137789117362291336e+01,6.432333502237099765e-01,1.260000000000000009e-01,1.058764819365684673e+00,8.893981002377975287e-01,1.000000000000000000e+00,1.035839204957971660e+00,1.014172105241739175e+00,9.846600667382185978e-01
3.600000000000000000e+02,2.500000000000000000e-01,2.037024950296605311e+03,1.438137398180851889e+01,2.635553615264792526e+01,4.751347135650302516e+05,1.152648900042131608e+01,6.082034699223297203e+00,1.968355664268840499e+01,1.718343804166125866e+00,2.070786581396248494e+01,6.844125141902853038e+00,1.034350990165386230e+00,2.144202426111574411e-01,0.000000000000000000e+00,0.000000000000000000e+00,1.000000000000000000e+00,7.500000000000000000e-01,2.500000000000000000e-01,1.050000000000000044e+00,1.000000000000000000e+00,2.166415505725127488e+01,0.000000000000000000e+00,1.075000000000000178e+00,8.576809704446297644e-01,8.791983416405783203e+01,1.021838151365224157e+00,1.416432778170782854e+02,0.000000000000000000e+00,1.000000000000000056e-01,1.000000000000000000e+00,1.000000000000000000e+00,8.058380053329003978e-01,4.251854073008071722e-01,5.595319935595218785e-01,1.004148710809607215e+00,8.816598747504290623e-01,9.250624375631799623e-01,9.250624375631799623e-01,9.250624375631799623e-01,8.540135855238784046e-01,8.275577854323630522e-02,8.275577854323630334e+01,5.659613041516200127e+01,9.680035083814253483e-01,1.017716184863477480e+00,9.508021129492609802e-01,6.101013541355586600e-01,1.007957045282634301e+00,2.144259390260951081e-01,1.034401344473110385e+00,1.059613041526713317e+01,0.000000000000000000e+00,1.800000000000000000e+01,5.659613041526713317e+01,1.051319031830644235e-10,1.000000000000000000e+02,1.000000000000000056e-01,0.000000000000000000e+00,2.391576056361031100e+00,2.195265320091178474e+00,2.967812439391022572e+00,1.172179973116822538e+01,5.163077759482201046e+00,6.558721971686024332e+00,8.951587685162007424e-02,2.999999999999999737e-04,5.762363830299914724e-01,-2.878891696198071157e-03,2.679479508852539027e+01,9.192577496084265443e-01,1.982989076713437493e+00,2.000360689381401436e+00,1.982989076713437493e+00,5.379874933786075530e+01,1.075974986757215112e+08,1.000180344690700736e+02,2.000360689381401539e+08,2.290560646142473900e+01,1.767223902683555821e+02,1.058764241506574555e+00,9.121140291746545614e+00,1.086616004830798232e+00,5.658592544393978852e-01,1.522354412150007219e+00,1.050000000000000044e+00,7.163442012722611718e-01,1.174357671526031544e+00,4.137788927161815167e+01,6.432778170782853522e-01,1.260000000000000009e-01,1.058764240726987937e+00,8.893977400793254828e-01,1.000000000000000000e+00,1.035839423907666479e+00,1.014168961437519556e+00,9.846600667382185978e-01
3.750000000000000000e+02,2.604166666666666852e-01,2.030271455794370922e+03,1.433369175167584331e+01,2.635552344386789514e+01,4.751541655476496089e+05,1.152648336971516407e+01,6.082031679376637356e+00,1.968119193160438485e+01,1.718342934808966271e+00,2.070786465479226024e+01,6.844124758787271112e+00,1.034370387739940167e+00,2.144312811788875173e-01,0.000000000000000000e+00,0.000000000000000000e+00,1.000000000000000000e+00,7.500000000000000000e-01,2.500000000000000000e-01,1.050000000000000044e+00,1.000000000000000000e+00,2.166415384455056881e+01,0.000000000000000000e+00,1.075000000000000178e+00,8.577251247155500691e-01,8.792148295789490930e+01,1.021838151365224157e+00,1.416433038304314778e+02,0.000000000000000000e+00,1.000000000000000056e-01,1.000000000000000000e+00,1.000000000000000000e+00,8.058393483004869795e-01,4.251877993838376057e-01,5.595319922950775515e-01,1.004148709509318227e+00,8.816598738997082352e-01,9.250624375631799623e-01,9.250624375631799623e-01,9.250624375631799623e-01,8.540135855238784046e-01,8.275577729079267031e-02,8.275577729079266476e+01,5.659613025479787041e+01,9.680045975719362428e-01,1.017716184863477480e+00,9.508026276702628010e-01,6.101152550387963780e-01,1.007958055543077824e+00,2.144346101438259211e-01,1.034399447366095792e+00,1.059613025490303073e+01,0.000000000000000000e+00,1.800000000000000000e+01,5.659613025490303073e+01,1.051603248924948275e-10,1.000000000000000000e+02,1.000000000000000056e-01,0.000000000000000000e+00,2.391570499401745042e+00,2.195278046851517395e+00,2.967800597532946227e+00,1.172180170652326758e+01,5.163078644384463622e+00,6.558723062138803961e+00,8.951591839735391354e-02,2.999999999999999737e-04,5.762300981312011849e-01,-2.878750937166571142e-03,2.679478216793235745e+01,9.192629213307520475e-01,1.982989009536883174e+00,2.000360628307108257e+00,1.982989009536883174e+00,5.379874869996326936e+01,1.075974973999265432e+08,1.000180314153554093e+02,2.000360628307108283e+08,2.290560525815214632e+01,1.767223853734708428e+02,1.058764297809993593e+00,9.121137789722592260e+00,1.086616004830798232e+00,5.658592701126575752e-01,1.522354075508701499e+00,1.050000000000000044e+00,7.163441879085860053e-01,1.174357719292665303e+00,4.137788864539633238e+01,6.433038304314777633e-01,1.260000000000000009e-01,1.058764297030406976e+00,8.893974961082452557e-01,1.000000000000000000e+00,1.035839402603144777e+00,1.014167122295766887e+00,9.846600667382185978e-01
3.900000000000000000e+02,2.708333333333333148e-01,2.023518033500246020e+03,1.428601115042848413e+01,2.635551742721528967e+01,4.751732834975484875e+05,1.152648066073596667e+01,6.082030194395222189e+00,1.967951731562686390e+01,1.718342495111391255e+00,2.070785992944022169e+01,6.844123197018377347e+00,1.034381590923883154e+00,2.144377132699295807e-01,0.000000000000000000e+00,0.000000000000000000e+00,1.000000000000000000e+00,7.500000000000000000e-01,2.500000000000000000e-01,1.050000000000000044e+00,1.000000000000000000e+00,2.166414890098177537e+01,0.000000000000000000e+00,1.075000000000000178e+00,8.577508530797183228e-01,8.792243522853006255e+01,1.021838151365224157e+00,1.416433189217799224e+02,0.000000000000000000e+00,1.000000000000000056e-01,1.000000000000000000e+00,1.000000000000000000e+00,8.058401226075131429e-01,4.251891809312386417e-01,5.595319890094682114e-01,1.004148704208695841e+00,8.816598733765800278e-01,9.250624375631799623e-01,9.250624375631799623e-01,9.250624375631799623e-01,8.540135855238784046e-01,8.275577704931214029e-02,8.275577704931214384e+01,5.659613022387849668e+01,9.680052266316128140e-01,1.017716184863477480e+00,9.508029233870511909e-01,6.101233548733488998e-01,1.007958639012341617e+00,2.144396405933074734e-01,1.034398272396983565e+00,1.059613022398362858e+01,0.000000000000000000e+00,1.800000000000000000e+01,5.659613022398362858e+01,1.051319031830644235e-10,1.000000000000000000e+02,1.000000000000000056e-01,0.000000000000000000e+00,2.391567314972350200e+00,2.195285423755083176e+00,2.967793794175684230e+00,1.172180292121543488e+01,5.163079217930767406e+00,6.558723703284667472e+00,8.951594298591737664e-02,2.999999999999999737e-04,5.762264792033340299e-01,-2.878668919124435874e-03,2.679477605100220927e+01,9.192659082586499553e-01,1.982988735691971538e+00,2.000360379338037564e+00,1.982988735691971538e+00,5.379874249531047781e+01,1.075974849906209558e+08,1.000180189669018773e+02,2.000360379338037670e+08,2.290560201256676720e+01,1.767223634747791152e+02,1.058764527330683825e+00,9.121136168044248649e+00,1.086616004830798232e+00,5.658593402315574838e-01,1.522354134862550223e+00,1.050000000000000044e+00,7.163441853319693076e-01,1.174357750252421173e+00,4.137788852465606482e+01,6.433189217799224480e-01,1.260000000000000009e-01,1.058764526551096985e+00,8.893973379792166067e-01,1.000000000000000000e+00,1.035839315755353152e+00,1.014166055339085659e+00,9.846600667382185978e-01
4.050000000000000000e+02,2.812500000000000000e-01,2.016764653025360758e+03,1.423833149913830276e+01,2.635551553887301068e+01,4.751920730623421841e+05,1.152647979786040011e+01,6.082029712064906946e+00,1.967833269730332191e+01,1.718342348788004292e+00,2.070785644687583726e+01,6.844122046001335669e+00,1.034388017599136012e+00,2.144414270002253375e-01,0.000000000000000000e+00,0.000000000000000000e+00,1.000000000000000000e+00,7.500000000000000000e-01,2.500000000000000000e-01,1.050000000000000044e+00,1.000000000000000000e+00,2.166414525759256549e+01,0.000000000000000000e+00,1.075000000000000178e+00,8.577657080009013502e-01,8.792298149592656387e+01,1.021838151365224157e+00,1.416433276010896520e+02,0.000000000000000000e+00,1.000000000000000056e-01,1.000000000000000000e+00,1.000000000000000000e+00,8.058405665251904271e-01,4.251899734473281178e-01,5.595319866381855967e-01,1.004148700302158970e+00,8.816598730701342701e-01,9.250624375631799623e-01,9.250624375631799623e-01,9.250624375631799623e-01,8.540135855238784046e-01,8.275577700199092390e-02,8.275577700199092135e+01,5.659613021781947140e+01,9.680055874870526766e-01,1.017716184863477480e+00,9.508030927184164538e-01,6.101280314779248259e-01,1.007958973713684037e+00,2.144425336965506690e-01,1.034397582611859878e+00,1.059613021792457488e+01,0.000000000000000000e+00,1.800000000000000000e+01,5.659613021792457488e+01,1.051034814736340195e-10,1.000000000000000000e+02,1.000000000000000056e-01,0.000000000000000000e+00,2.391565493123922526e+00,2.195289660659739184e+00,2.967789898486281608e+00,1.172180363277572113e+01,5.163079559146020792e+00,6.558724073629700335e+00,8.951595725214514521e-02,2.999999999999999737e-04,5.762244053623590823e-01,-2.878621564336041917e-03,2.679477413118756246e+01,9.192676216912947229e-01,1.982988533869433745e+00,2.000360195848889244e+00,1.982988533869433745e+00,5.379873782569771379e+01,1.075974756513954252e+08,1.000180097924444738e+02,2.000360195848889351e+08,2.290559966515932544e+01,1.767223472833015023e+02,1.058764696486523160e+00,9.121135203272194403e+00,1.086616004830798232e+00,5.658593920761542106e-01,1.522354217060458259e+00,1.050000000000000044e+00,7.163441848270476475e-01,1.174357768671050239e+00,4.137788850099546067e+01,6.433276010896520347e-01,1.260000000000000009e-01,1.058764695706936321e+00,8.893972439047854728e-01,1.000000000000000000e+00,1.035839251748891687e+00,1.014165441712941984e+00,9.846600667382185978e-01
4.200000000000000000e+02,2.916666666666666852e-01,2.010011296590345864e+03,1.419065239596437245e+01,2.635551519058886782e+01,4.752105398456981056e+05,1.152647963384293384e+01,6.082029616795858296e+00,1.967749517049605501e+01,1.718342318540986291e+00,2.070785457771572879e+01,6.844121428228079118e+00,1.034391696586058229e+00,2.144435545231518081e-01,0.000000000000000000e+00,0.000000000000000000e+00,1.000000000000000000e+00,7.500000000000000000e-01,2.500000000000000000e-01,1.050000000000000044e+00,1.000000000000000000e+00,2.166414330211464545e+01,0.000000000000000000e+00,1.075000000000000178e+00,8.577742180926072324e-01,8.792329420981495502e+01,1.021838151365224157e+00,1.416433325617901460e+02,0.000000000000000000e+00,1.000000000000000056e-01,1.000000000000000000e+00,1.000000000000000000e+00,8.058408206920675276e-01,4.251904271261346957e-01,5.595319853592590764e-01,1.004148698205444168e+00,8.816598728958695563e-01,9.250624375631799623e-01,9.250624375631799623e-01,9.250624375631799623e-01,8.540135855238784046e-01,8.275577696042349385e-02,8.275577696042348919e+01,5.659613021249706577e+01,9.680057940598600918e-01,1.017716184863477480e+00,9.508031897055224668e-01,6.101307105995037450e-01,1.007959165314007643e+00,2.144441872633819912e-01,1.034397190588556503e+00,1.059613021260224031e+01,0.000000000000000000e+00,1.800000000000000000e+01,5.659613021260224031e+01,1.051745357472100295e-10,1.000000000000000000e+02,1.000000000000000056e-01,0.000000000000000000e+00,2.391564449353885013e+00,2.195292085195574838e+00,2.967787667172253396e+00,1.172180403741459642e+01,5.163079752367828235e+00,6.558724285046768188e+00,8.951596541302771215e-02,2.999999999999999737e-04,5.762232178183683828e-01,-2.878594435842834424e-03,2.679477377709867980e+01,9.192686025522358584e-01,1.982988425547348443e+00,2.000360097366690404e+00,1.982988425547348443e+00,5.379873533140711572e+01,1.075974706628142297e+08,1.000180048683345149e+02,2.000360097366690338e+08,2.290559839974340761e+01,1.767223385994850560e+02,1.058764787275778385e+00,9.121134656945470098e+00,1.086616004830798232e+00,5.658594198814624887e-01,1.522354256418454899e+00,1.050000000000000044e+00,7.163441843835202105e-01,1.174357779101064203e+00,4.137788848021174459e+01,6.433325617901459736e-01,1.260000000000000009e-01,1.058764786496191324e+00,8.893971906327450272e-01,1.000000000000000000e+00,1.035839217395375211e+00,1.014165090992053209e+00,9.846600667382185978e-01
4.350000000000000000e+02,3.020833333333333148e-01,2.003257953760023383e+03,1.414297360297620720e+01,2.635551523418396158e+01,4.752286893825904117e+05,1.152647965124278429e+01,6.082029624629780251e+00,1.967690256314235242e+01,1.718342320191420969e+00,2.070785369835186529e+01,6.844121137590871484e+00,1.034393823623886766e+00,2.144447763829783749e-01,0.000000000000000000e+00,0.000000000000000000e+00,1.000000000000000000e+00,7.500000000000000000e-01,2.500000000000000000e-01,1.050000000000000044e+00,1.000000000000000000e+00,2.166414238214175469e+01,0.000000000000000000e+00,1.075000000000000178e+00,8.577791055319134994e-01,8.792347500803037974e+01,1.021838151365224157e+00,1.416433354113355279e+02,0.000000000000000000e+00,1.000000000000000056e-01,1.000000000000000000e+00,1.000000000000000000e+00,8.058409677168818508e-01,4.251906894239106949e-01,5.595319847469788499e-01,1.004148697219025221e+00,8.816598727971864946e-01,9.250624375631799623e-01,9.250624375631799623e-01,9.250624375631799623e-01,8.540135855238784046e-01,8.275577691328613039e-02,8.275577691328612673e+01,5.659613020646158077e+01,9.680059134913844288e-01,1.017716184863477480e+00,9.508032458694770650e-01,6.101322492442069478e-01,1.007959276088922440e+00,2.144451371118426264e-01,1.034396968967562724e+00,1.059613020656672688e+01,0.000000000000000000e+00,1.800000000000000000e+01,5.659613020656672688e+01,1.051461140377796255e-10,1.000000000000000000e+02,1.000000000000000056e-01,0.000000000000000000e+00,2.391563844445728559e+00,2.195293485425454438e+00,2.967786375048088399e+00,1.172180426655424412e+01,5.163079860473542837e+00,6.558724406080701286e+00,8.951597008256276244e-02,2.999999999999999737e-04,5.762225306023598392e-01,-2.878578855694210060e-03,2.679477382142036035e+01,9.192691696442836236e-01,1.982988374586209579e+00,2.000360051034818731e+00,1.982988374586209579e+00,5.379873417838234673e+01,1.075974683567646891e+08,1.000180025517409348e+02,2.000360051034818590e+08,2.290559779500625837e+01,1.767223345251295257e+02,1.058764829988438683e+00,9.121134351280991481e+00,1.086616004830798232e+00,5.658594329274222456e-01,1.522354266816589696e+00,1.050000000000000044e+00,7.163441838805603146e-01,1.174357784936554516e+00,4.137788845664306336e+01,6.433354113355278514e-01,1.260000000000000009e-01,1.058764829208851621e+00,8.893971608275575980e-01,1.000000000000000000e+00,1.035839201233441198e+00,1.014164889529569180e+00,9.846600667382185978e-01
4.500000000000000000e+02,3.125000000000000000e-01,1.996504618829299034e+03,1.409529498859831520e+01,2.635551530538039344e+01,4.752465271213946980e+05,1.152647968338226470e+01,6.082029642258564017e+00,1.967648339733244356e+01,1.718342325391985614e+00,2.070785331109658145e+01,6.844121009599716920e+00,1.034395052350817634e+00,2.144454772721622327e-01,0.000000000000000000e+00,0.000000000000000000e+00,1.000000000000000000e+00,7.500000000000000000e-01,2.500000000000000000e-01,1.050000000000000044e+00,1.000000000000000000e+00,2.166414197700302324e+01,0.000000000000000000e+00,1.075000000000000178e+00,8.577819090886489306e-01,8.792357944981949913e+01,1.021838151365224157e+00,1.416433370457497745e+02,0.000000000000000000e+00,1.000000000000000056e-01,1.000000000000000000e+00,1.000000000000000000e+00,8.058410526948786012e-01,4.251908409454168147e-01,5.595319844695435529e-01,1.004148696784624706e+00,8.816598727414400871e-01,9.250624375631799623e-01,9.250624375631799623e-01,9.250624375631799623e-01,8.540135855238784046e-01,8.275577687223062417e-02,8.275577687223062640e+01,5.659613020120479376e+01,9.680059824833433524e-01,1.017716184863477480e+00,9.508032783682294209e-01,6.101331318476587162e-01,1.007959340080166744e+00,2.144456819165914963e-01,1.034396844001973514e+00,1.059613020130993988e+01,0.000000000000000000e+00,1.800000000000000000e+01,5.659613020130993988e+01,1.051461140377796255e-10,1.000000000000000000e+02,1.000000000000000056e-01,0.000000000000000000e+00,2.391563494134610224e+00,2.195294293368108107e+00,2.967785627372530044e+00,1.172180439599622659e+01,5.163079920740638151e+00,6.558724475255588438e+00,8.951597275069120285e-02,2.999999999999999737e-04,5.762221332379198202e-01,-2.878569918547819063e-03,2.679477389380339858e+01,9.192694972362384087e-01,1.982988352143883803e+00,2.000360030631134656e+00,1.982988352143883803e+00,5.379873368565198177e+01,1.075974673713039607e+08,1.000180015315567204e+02,2.000360030631134510e+08,2.290559752176639918e+01,1.767223327389750978e+02,1.058764848798291025e+00,9.121134180878245346e+00,1.086616004830798232e+00,5.658594386466333503e-01,1.522354265421591357e+00,1.050000000000000044e+00,7.163441834424951749e-01,1.174357788189740681e+00,4.137788843611531320e+01,6.433370457497744610e-01,1.260000000000000009e-01,1.058764848018703963e+00,8.893971442116727077e-01,1.000000000000000000e+00,1.035839194116029649e+00,1.014164773976702350e+00,9.846600667382185978e-01
4.650000000000000000e+02,3.229166666666666852e-01,1.989751288567195616e+03,1.404761647870551755e+01,2.635551532227970029e+01,4.752640584185628104e+05,1.152647969180457110e+01,6.082029647442587894e+00,1.967618725475768215e+01,1.718342327125139679e+00,2.070785314979362823e+01,6.844120956287724766e+00,1.034395751754444870e+00,2.144458744796375327e-01,0.000000000000000000e+00,0.000000000000000000e+00,1.000000000000000000e+00,7.500000000000000000e-01,2.500000000000000000e-01,1.050000000000000044e+00,1.000000000000000000e+00,2.166414180825110236e+01,0.000000000000000000e+00,1.075000000000000178e+00,8.577834979185501307e-01,8.792363889912780905e+01,1.021838151365224157e+00,1.416433379700689557e+02,0.000000000000000000e+00,1.000000000000000056e-01,1.000000000000000000e+00,1.000000000000000000e+00,8.058411010879996672e-01,4.251909271929134593e-01,5.595319843489794387e-01,1.004148696603684554e+00,8.816598727103348576e-01,9.250624375631799623e-01,9.250624375631799623e-01,9.250624375631799623e-01,8.540135855238784046e-01,8.275577684210544405e-02,8.275577684210544760e+01,5.659613019734754857e+01,9.680060217542203471e-01,1.017716184863477480e+00,9.508032968937736307e-01,6.101336320356709475e-01,1.007959376504572013e+00,2.144459900229852278e-01,1.034396774388570694e+00,1.059613019745268048e+01,0.000000000000000000e+00,1.800000000000000000e+01,5.659613019745268048e+01,1.051319031830644235e-10,1.000000000000000000e+02,1.000000000000000056e-01,0.000000000000000000e+00,2.391563294302390563e+00,2.195294752798368165e+00,2.967785201168618769e+00,1.172180446822194710e+01,5.163079953966986935e+00,6.558724514254960170e+00,8.951597425756260828e-02,2.999999999999999737e-04,5.762219068662282062e-01,-2.878564853698504372e-03,2.679477391098436101e+01,9.192696837047256153e-01,1.982988342796010439e+00,2.000360022132414262e+00,1.982988342796010439e+00,5.379873349006660277e+01,1.075974669801332057e+08,1.000180011066207157e+02,2.000360022132414281e+08,2.290559740351043061e+01,1.767223320001977527e+02,1.058764856633134910e+00,9.121134086932102036e+00,1.086616004830798232e+00,5.658594410121755569e-01,1.522354261006997556e+00,1.050000000000000044e+00,7.163441831210567434e-01,1.174357789983281553e+00,4.137788842105271669e+01,6.433379700689556557e-01,1.260000000000000009e-01,1.058764855853547848e+00,8.893971350510321283e-01,1.000000000000000000e+00,1.035839191151423311e+00,1.014164708627461664e+00,9.846600667382185978e-01
4.800000000000000000e+02,3.333333333333333148e-01,1.982997960996472557e+03,1.399993802867512116e+01,2.635551529407488758e+01,4.752812885387457791e+05,1.152647967996400880e+01,6.082029641565423361e+00,1.967597813238192828e+01,1.718342325606791343e+00,2.070785308600497743e+01,6.844120935205036282e+00,1.034396146634377178e+00,2.144460969367579239e-01,0.000000000000000000e+00,0.000000000000000000e+00,1.000000000000000000e+00,7.500000000000000000e-01,2.500000000000000000e-01,1.050000000000000044e+00,1.000000000000000000e+00,2.166414174151668703e+01,0.000000000000000000e+00,1.075000000000000178e+00,8.577843877470316958e-01,8.792367246392205971e+01,1.021838151365224157e+00,1.416433384872727856e+02,0.000000000000000000e+00,1.000000000000000056e-01,1.000000000000000000e+00,1.000000000000000000e+00,8.058411284223836457e-01,4.251909758878182344e-01,5.595319842981847369e-01,1.004148696532130014e+00,8.816598726931231811e-01,9.250624375631799623e-01,9.250624375631799623e-01,9.250624375631799623e-01,8.540135855238784046e-01,8.275577682208069830e-02,8.275577682208070485e+01,5.659613019478358353e+01,9.680060439263580285e-01,1.017716184863477480e+00,9.508033073672108593e-01,6.101339121671746080e-01,1.007959397069600360e+00,2.144461624242618714e-01,1.034396735922106236e+00,1.059613019488869412e+01,0.000000000000000000e+00,1.800000000000000000e+01,5.659613019488869412e+01,1.051105869009916205e-10,1.000000000000000000e+02,1.000000000000000056e-01,0.000000000000000000e+00,2.391563181253646864e+00,2.195295011952025810e+00,2.967784960213774248e+00,1.172180450818718001e+01,5.163079972165800058e+00,6.558724536021379947e+00,8.951597509925962592e-02,2.999999999999999737e-04,5.762217789601273843e-01,-2.878562017117418902e-03,2.679477388230946744e+01,9.192697889838998826e-01,1.982988339099312602e+00,2.000360018771521364e+00,1.982988339099312602e+00,5.379873341873121007e+01,1.075974668374624252e+08,1.000180009385760656e+02,2.000360018771521449e+08,2.290559735397757990e+01,1.767223317112848804e+02,1.058764859731492258e+00,9.121134035475702007e+00,1.086616004830798232e+00,5.658594419372655615e-01,1.522354256873715839e+00,1.050000000000000044e+00,7.163441829073909917e-01,1.174357790965643744e+00,4.137788841104034532e+01,6.433384872727856418e-01,1.260000000000000009e-01,1.058764858951905197e+00,8.893971300335448138e-01,1.000000000000000000e+00,1.035839189979043784e+00,1.014164672061221850e+00,9.846600667382185978e-01
4.950000000000000000e+02,3.437500000000000000e-01,1.976244634906117426e+03,1.395225961138460491e+01,2.635551524842330195e+01,4.752982226562611759e+05,1.152647965998017199e+01,6.082029631021451443e+00,1.967583025727552837e+01,1.718342322634464292e+00,2.070785305123834519e+01,6.844120923714369198e+00,1.034396374315789791e+00,2.144462233109722393e-01,0.000000000000000000e+00,0.000000000000000000e+00,1.000000000000000000e+00,7.500000000000000000e-01,2.500000000000000000e-01,1.050000000000000044e+00,1.000000000000000000e+00,2.166414170514453730e+01,0.000000000000000000e+00,1.075000000000000178e+00,8.577848932438889573e-01,8.792369181684213686e+01,1.021838151365224157e+00,1.416433387817385494e+02,0.000000000000000000e+00,1.000000000000000056e-01,1.000000000000000000e+00,1.000000000000000000e+00,8.058411441862243230e-01,4.251910039645105943e-01,5.595319842702419777e-01,1.004148696493130988e+00,8.816598726833351218e-01,9.250624375631799623e-01,9.250624375631799623e-01,9.250624375631799623e-01,8.540135855238784046e-01,8.275577681049413326e-02,8.275577681049414025e+01,5.659613019330000583e+01,9.680060567104520342e-01,1.017716184863477480e+00,9.508033134098934358e-01,6.101340713052066933e-01,1.007959408927059375e+00,2.144462605795164623e-01,1.034396714050004995e+00,1.059613019340513773e+01,0.000000000000000000e+00,1.800000000000000000e+01,5.659613019340513773e+01,1.051319031830644235e-10,1.000000000000000000e+02,1.000000000000000056e-01,0.000000000000000000e+00,2.391563116009579826e+00,2.195295161309991361e+00,2.967784821194121125e+00,1.172180453091476338e+01,5.163079982504112486e+00,6.558724548410650890e+00,8.951597557755483492e-02,2.999999999999999737e-04,5.762217051845412996e-01,-2.878560405703043702e-03,2.679477383589702555e+01,9.192698496861643198e-01,1.982988337084507391e+00,2.000360016939739083e+00,1.982988337084507391e+00,5.379873338034973074e+01,1.075974667606994659e+08,1.000180008469869506e+02,2.000360016939738989e+08,2.290559732675133020e+01,1.767223315540879867e+02,1.058764861420184777e+00,9.121134006244545844e+00,1.086616004830798232e+00,5.658594424406051537e-01,1.522354254423018638e+00,1.050000000000000044e+00,7.163441827837615516e-01,1.174357791523700678e+00,4.137788840524706302e+01,6.433387817385494145e-01,1.260000000000000009e-01,1.058764860640597716e+00,8.893971271832297187e-01,1.000000000000000000e+00,1.035839189340063804e+00,1.014164651242532855e+00,9.846600667382185978e-01
5.100000000000000000e+02,3.541666666666666852e-01,1.969491309612542182e+03,1.390458121141665870e+01,2.635551521056227742e+01,4.753148658566361410e+05,1.152647964312051343e+01,6.082029621913854101e+00,1.967572520741071074e+01,1.718342319986575939e+00,2.070785301631675068e+01,6.844120912172485305e+00,1.034396512161864123e+00,2.144462989845894729e-01,0.000000000000000000e+00,0.000000000000000000e+00,1.000000000000000000e+00,7.500000000000000000e-01,2.500000000000000000e-01,1.050000000000000044e+00,1.000000000000000000e+00,2.166414166861025947e+01,0.000000000000000000e+00,1.075000000000000178e+00,8.577851959383578917e-01,8.792370353375845582e+01,1.021838151365224157e+00,1.416433389590654031e+02,0.000000000000000000e+00,1.000000000000000056e-01,1.000000000000000000e+00,1.000000000000000000e+00,8.058411537264993374e-01,4.251910209630934134e-01,5.595319842446082603e-01,1.004148696453957879e+00,8.816598726773386963e-01,9.250624375631799623e-01,9.250624375631799623e-01,9.250624375631799623e-01,8.540135855238784046e-01,8.275577680519073664e-02,8.275577680519073454e+01,5.659613019262092592e+01,9.680060644503764022e-01,1.017716184863477480e+00,9.508033170639857978e-01,6.101341665979732598e-01,1.007959416105966843e+00,2.144463196884676959e-01,1.034396700621980969e+00,1.059613019272608625e+01,0.000000000000000000e+00,1.800000000000000000e+01,5.659613019272608625e+01,1.051603248924948275e-10,1.000000000000000000e+02,1.000000000000000056e-01,0.000000000000000000e+00,2.391563076578354874e+00,2.195295251810452708e+00,2.967784737127046935e+00,1.172180454483839362e+01,5.163079988937499643e+00,6.558724555900893982e+00,8.951597586540785412e-02,2.999999999999999737e-04,5.762216605486920606e-01,-2.878559440778871888e-03,2.679477379740498222e+01,9.192698864373761714e-01,1.982988335060721141e+00,2.000360015099792221e+00,1.982988335060721141e+00,5.379873333710321504e+01,1.075974666742064357e+08,1.000180007549896146e+02,2.000360015099792182e+08,2.290559730156504870e+01,1.767223313936578677e+02,1.058764863116404831e+00,9.121133988054406672e+00,1.086616004830798232e+00,5.658594429542974646e-01,1.522354253825935144e+00,1.050000000000000044e+00,7.163441827271740392e-01,1.174357791870971335e+00,4.137788840259536727e+01,6.433389590654030599e-01,1.260000000000000009e-01,1.058764862336817769e+00,8.893971254095184298e-01,1.000000000000000000e+00,1.035839188698235436e+00,1.014164638705549848e+00,9.846600667382185978e-01
5.250000000000000000e+02,3.645833333333333148e-01,1.962737984801447965e+03,1.385690282183845667e+01,2.635551519496952011e+01,4.753312231374969124e+05,1.152647963604623627e+01,6.082029617995439175e+00,1.967565066808971608e+01,1.718342318810652358e+00,2.070785298306582689e+01,6.844120901182773054e+00,1.034396595505047145e+00,2.144463445965819892e-01,0.000000000000000000e+00,0.000000000000000000e+00,1.000000000000000000e+00,7.500000000000000000e-01,2.500000000000000000e-01,1.050000000000000044e+00,1.000000000000000000e+00,2.166414163382381020e+01,0.000000000000000000e+00,1.075000000000000178e+00,8.577853783863279569e-01,8.792371061792900377e+01,1.021838151365224157e+00,1.416433390662288616e+02,0.000000000000000000e+00,1.000000000000000056e-01,1.000000000000000000e+00,1.000000000000000000e+00,8.058411594908685416e-01,4.251910312406141368e-01,5.595319842214684369e-01,1.004148696416659048e+00,8.816598726736261105e-01,9.250624375631799623e-01,9.250624375631799623e-01,9.250624375631799623e-01,8.540135855238784046e-01,8.275577680343958187e-02,8.275577680343958775e+01,5.659613019239673548e+01,9.680060691300153008e-01,1.017716184863477480e+00,9.508033192688275514e-01,6.101342240353295754e-01,1.007959420446408849e+00,2.144463554096205371e-01,1.034396692284120789e+00,1.059613019250186738e+01,0.000000000000000000e+00,1.800000000000000000e+01,5.659613019250186738e+01,1.051319031830644235e-10,1.000000000000000000e+02,1.000000000000000056e-01,0.000000000000000000e+00,2.391563052809303702e+00,2.195295306603890051e+00,2.967784686401841565e+00,1.172180455345874961e+01,5.163079993005731616e+00,6.558724560453017993e+00,8.951597604009023379e-02,2.999999999999999737e-04,5.762216335925378630e-01,-2.878558859174460121e-03,2.679477378155234746e+01,9.192699086575427669e-01,1.982988333133754555e+00,2.000360013347869170e+00,1.982988333133754555e+00,5.379873329348126276e+01,1.075974665869625211e+08,1.000180006673934656e+02,2.000360013347869217e+08,2.290559727870909512e+01,1.767223312395838093e+02,1.058764864731476241e+00,9.121133976551647038e+00,1.086616004830798232e+00,5.658594434476378332e-01,1.522354254228322379e+00,1.050000000000000044e+00,7.163441827084889857e-01,1.174357792090572339e+00,4.137788840171978677e+01,6.433390662288616113e-01,1.260000000000000009e-01,1.058764863951889179e+00,8.893971242878901950e-01,1.000000000000000000e+00,1.035839188087112950e+00,1.014164631129107264e+00,9.846600667382185978e-01
5.400000000000000000e+02,3.750000000000000000e-01,1.955984660344062831e+03,1.380922443990476722e+01,2.635551519780622698e+01,4.753472994101247750e+05,1.152647963728179015e+01,6.082029618640200752e+00,1.967559833424492766e+01,1.718342318988584472e+00,2.070785296635049377e+01,6.844120895658213577e+00,1.034396638719732975e+00,2.144463683807341370e-01,0.000000000000000000e+00,0.000000000000000000e+00,1.000000000000000000e+00,7.500000000000000000e-01,2.500000000000000000e-01,1.050000000000000044e+00,1.000000000000000000e+00,2.166414161633656121e+01,0.000000000000000000e+00,1.075000000000000178e+00,8.577854735229365479e-01,8.792371429117730486e+01,1.021838151365224157e+00,1.416433391213353161e+02,0.000000000000000000e+00,1.000000000000000056e-01,1.000000000000000000e+00,1.000000000000000000e+00,8.058411624802697126e-01,4.251910365696620064e-01,5.595319842098107621e-01,1.004148696397908713e+00,8.816598726717198575e-01,9.250624375631799623e-01,9.250624375631799623e-01,9.250624375631799623e-01,8.540135855238784046e-01,8.275577680249325552e-02,8.275577680249325851e+01,5.659613019227556663e+01,9.680060715564778873e-01,1.017716184863477480e+00,9.508033204126487004e-01,6.101342539857586011e-01,1.007959422696992791e+00,2.144463737784386981e-01,1.034396688003594189e+00,1.059613019238069853e+01,0.000000000000000000e+00,1.800000000000000000e+01,5.659613019238069853e+01,1.051319031830644235e-10,1.000000000000000000e+02,1.000000000000000056e-01,0.000000000000000000e+00,2.391563040475435109e+00,2.195295335005269965e+00,2.967784660086770554e+00,1.172180455788508624e+01,5.163079995092040519e+00,6.558724562793045720e+00,8.951597613112838303e-02,2.999999999999999737e-04,5.762216196113354449e-01,-2.878558555899679398e-03,2.679477378443633384e+01,9.192699201790307528e-01,1.982988332165062761e+00,2.000360012467173210e+00,1.982988332165062761e+00,5.379873327160134977e+01,1.075974665432026982e+08,1.000180006233586738e+02,2.000360012467173338e+08,2.290559726719681422e+01,1.767223311621568200e+02,1.058764865543377232e+00,9.121133970652692824e+00,1.086616004830798232e+00,5.658594436955567408e-01,1.522354254411161900e+00,1.050000000000000044e+00,7.163441826983915073e-01,1.174357792203190254e+00,4.137788840124662215e+01,6.433391213353161220e-01,1.260000000000000009e-01,1.058764864763790170e+00,8.893971237126861995e-01,1.000000000000000000e+00,1.035839187779899806e+00,1.014164627233089533e+00,9.846600667382185978e-01
5.550000000000000000e+02,3.854166666666666852e-01,1.949231336085726980e+03,1.376154606229004784e+01,2.635551520135478043e+01,4.753630995018635294e+05,1.152647963893555172e+01,6.082029619586934110e+00,1.967556163943901382e+01,1.718342319283427067e+00,2.070785296508638140e+01,6.844120895240414448e+00,1.034396659378720829e+00,2.144463795663908157e-01,0.000000000000000000e+00,0.000000000000000000e+00,1.000000000000000000e+00,7.500000000000000000e-01,2.500000000000000000e-01,1.050000000000000044e+00,1.000000000000000000e+00,2.166414161501407420e+01,0.000000000000000000e+00,1.075000000000000178e+00,8.577855182655632627e-01,8.792371604719127731e+01,1.021838151365224157e+00,1.416433391468339948e+02,0.000000000000000000e+00,1.000000000000000056e-01,1.000000000000000000e+00,1.000000000000000000e+00,8.058411639120793835e-01,4.251910391172388781e-01,5.595319842084908180e-01,1.004148696396490736e+00,8.816598726708850808e-01,9.250624375631799623e-01,9.250624375631799623e-01,9.250624375631799623e-01,8.540135855238784046e-01,8.275577680128094749e-02,8.275577680128094471e+01,5.659613019212031304e+01,9.680060727164599976e-01,1.017716184863477480e+00,9.508033209626578497e-01,6.101342680714070266e-01,1.007959423772895269e+00,2.144463822779982820e-01,1.034396686141673793e+00,1.059613019222547337e+01,0.000000000000000000e+00,1.800000000000000000e+01,5.659613019222547337e+01,1.051603248924948275e-10,1.000000000000000000e+02,1.000000000000000056e-01,0.000000000000000000e+00,2.391563034527894427e+00,2.195295348528230051e+00,2.967784647433106215e+00,1.172180455982353386e+01,5.163079995961336266e+00,6.558724563862197598e+00,8.951597617336067014e-02,2.999999999999999737e-04,5.762216129052117886e-01,-2.878558413269937614e-03,2.679477378804402932e+01,9.192699256869332203e-01,1.982988332091804695e+00,2.000360012400569598e+00,1.982988332091804695e+00,5.379873327079203449e+01,1.075974665415840745e+08,1.000180006200284879e+02,2.000360012400569618e+08,2.290559726593699352e+01,1.767223311567574910e+02,1.058764865604777894e+00,9.121133968194795827e+00,1.086616004830798232e+00,5.658594437128451338e-01,1.522354254089214542e+00,1.050000000000000044e+00,7.163441826854562988e-01,1.174357792250114496e+00,4.137788840064047236e+01,6.433391468339948460e-01,1.260000000000000009e-01,1.058764864825190832e+00,8.893971234730179143e-01,1.000000000000000000e+00,1.035839187756666391e+00,1.014164625430334254e+00,9.846600667382185978e-01
5.700000000000000000e+02,3.958333333333333148e-01,1.942478011925981036e+03,1.371386768682781998e+01,2.635551519972575463e+01,4.753786281575583853e+05,1.152647963829829614e+01,6.082029619307411039e+00,1.967553582297563963e+01,1.718342319226406012e+00,2.070785296963059352e+01,6.844120896742315274e+00,1.034396668939893349e+00,2.144463845213651909e-01,0.000000000000000000e+00,0.000000000000000000e+00,1.000000000000000000e+00,7.500000000000000000e-01,2.500000000000000000e-01,1.050000000000000044e+00,1.000000000000000000e+00,2.166414161976813446e+01,0.000000000000000000e+00,1.075000000000000178e+00,8.577855380854607636e-01,8.792371685989093066e+01,1.021838151365224157e+00,1.416433391574670395e+02,0.000000000000000000e+00,1.000000000000000056e-01,1.000000000000000000e+00,1.000000000000000000e+00,8.058411645771721421e-01,4.251910402962812419e-01,5.595319842111337039e-01,1.004148696401588214e+00,8.816598726705739963e-01,9.250624375631799623e-01,9.250624375631799623e-01,9.250624375631799623e-01,8.540135855238784046e-01,8.275577680016836524e-02,8.275577680016836268e+01,5.659613019197787764e+01,9.680060732533105616e-01,1.017716184863477480e+00,9.508033212200835971e-01,6.101342743110073075e-01,1.007959424270832738e+00,2.144463858223465136e-01,1.034396685458324860e+00,1.059613019208301665e+01,0.000000000000000000e+00,1.800000000000000000e+01,5.659613019208301665e+01,1.051390086104220245e-10,1.000000000000000000e+02,1.000000000000000056e-01,0.000000000000000000e+00,2.391563031729226463e+00,2.195295354737833105e+00,2.967784641510698318e+00,1.172180456054588937e+01,5.163079996248531423e+00,6.558724564297357951e+00,8.951597619164597397e-02,2.999999999999999737e-04,5.762216097814718552e-01,-2.878558350088425075e-03,2.679477378638785012e+01,9.192699282360419222e-01,1.982988332355151817e+00,2.000360012639994522e+00,1.982988332355151817e+00,5.379873327775530356e+01,1.075974665555106103e+08,1.000180006319997261e+02,2.000360012639994621e+08,2.290559726859932610e+01,1.767223311783543807e+02,1.058764865384055565e+00,9.121133967382762719e+00,1.086616004830798232e+00,5.658594436436925612e-01,1.522354253636315491e+00,1.050000000000000044e+00,7.163441826735846840e-01,1.174357792265617206e+00,4.137788840008418134e+01,6.433391574670395130e-01,1.260000000000000009e-01,1.058764864604468503e+00,8.893971233938370302e-01,1.000000000000000000e+00,1.035839187840184916e+00,1.014164624678580040e+00,9.846600667382185978e-01
5.850000000000000000e+02,4.062500000000000000e-01,1.935724687814139770e+03,1.366618931236201639e+01,2.635551519215175276e+01,4.753938900290234596e+05,1.152647963494372618e+01,6.082029617509473240e+00,1.967551788923203304e+01,1.718342318709437100e+00,2.070785297181524598e+01,6.844120897464361697e+00,1.034396673215117968e+00,2.144463863246329760e-01,0.000000000000000000e+00,0.000000000000000000e+00,1.000000000000000000e+00,7.500000000000000000e-01,2.500000000000000000e-01,1.050000000000000044e+00,1.000000000000000000e+00,2.166414162205367333e+01,0.000000000000000000e+00,1.075000000000000178e+00,8.577855452985319040e-01,8.792371722328502415e+01,1.021838151365224157e+00,1.416433391613522019e+02,0.000000000000000000e+00,1.000000000000000056e-01,1.000000000000000000e+00,1.000000000000000000e+00,8.058411648752266121e-01,4.251910408234833572e-01,5.595319842124294452e-01,1.004148696404038699e+00,8.816598726704640843e-01,9.250624375631799623e-01,9.250624375631799623e-01,9.250624375631799623e-01,8.540135855238784046e-01,8.275577679969906009e-02,8.275577679969906342e+01,5.659613019191778704e+01,9.680060734933602085e-01,1.017716184863477480e+00,9.508033213359712299e-01,6.101342765817899805e-01,1.007959424493482636e+00,2.144463871174006331e-01,1.034396685218261558e+00,1.059613019202292605e+01,0.000000000000000000e+00,1.800000000000000000e+01,5.659613019202292605e+01,1.051390086104220245e-10,1.000000000000000000e+02,1.000000000000000056e-01,0.000000000000000000e+00,2.391563030465300166e+00,2.195295357501127587e+00,2.967784638844555456e+00,1.172180456080093514e+01,5.163079996345683043e+00,6.558724564455252093e+00,8.951597619832254993e-02,2.999999999999999737e-04,5.762216083792552901e-01,-2.878558327094726983e-03,2.679477377868761678e+01,9.192699293758614942e-01,1.982988332481757432e+00,2.000360012755099337e+00,1.982988332481757432e+00,5.379873328105428953e+01,1.075974665621085763e+08,1.000180006377549660e+02,2.000360012755099237e+08,2.290559726990163014e+01,1.767223311887108537e+02,1.058764865277942224e+00,9.121133967108070451e+00,1.086616004830798232e+00,5.658594436105315317e-01,1.522354253437892213e+00,1.050000000000000044e+00,7.163441826685770231e-01,1.174357792270861234e+00,4.137788839984952460e+01,6.433391613522019270e-01,1.260000000000000009e-01,1.058764864498355163e+00,8.893971233670519005e-01,1.000000000000000000e+00,1.035839187880337242e+00,1.014164624403900206e+00,9.846600667382185978e-01
6.000000000000000000e+02,4.166666666666666852e-01,1.928971363717174881e+03,1.361851093812369129e+01,2.635551518467565302e+01,4.754088896813272149e+05,1.152647963157463984e+01,6.082029615661253885e+00,1.967550538882767341e+01,1.718342318162014992e+00,2.070785296998024805e+01,6.844120896857877057e+00,1.034396675902007123e+00,2.144463872362976642e-01,0.000000000000000000e+00,0.000000000000000000e+00,1.000000000000000000e+00,7.500000000000000000e-01,2.500000000000000000e-01,1.050000000000000044e+00,1.000000000000000000e+00,2.166414162013393963e+01,0.000000000000000000e+00,1.075000000000000178e+00,8.577855489451906568e-01,8.792371745167061192e+01,1.021838151365224157e+00,1.416433391639909587e+02,0.000000000000000000e+00,1.000000000000000056e-01,1.000000000000000000e+00,1.000000000000000000e+00,8.058411650613998001e-01,4.251910411548188717e-01,5.595319842112197462e-01,1.004148696401980345e+00,8.816598726703652744e-01,9.250624375631799623e-01,9.250624375631799623e-01,9.250624375631799623e-01,8.540135855238784046e-01,8.275577679977763612e-02,8.275577679977763523e+01,5.659613019192782701e+01,9.680060736442264169e-01,1.017716184863477480e+00,9.508033214074497197e-01,6.101342777298126574e-01,1.007959424633413814e+00,2.144463879969862319e-01,1.034396684994300708e+00,1.059613019203298734e+01,0.000000000000000000e+00,1.800000000000000000e+01,5.659613019203298734e+01,1.051603248924948275e-10,1.000000000000000000e+02,1.000000000000000056e-01,0.000000000000000000e+00,2.391563029692653330e+00,2.195295359260850621e+00,2.967784637200101105e+00,1.172180456103043866e+01,5.163079996460951726e+00,6.558724564569486937e+00,8.951597620199922001e-02,2.999999999999999737e-04,5.762216075074477750e-01,-2.878558315469974174e-03,2.679477377108691272e+01,9.192699300922142491e-01,1.982988332375415386e+00,2.000360012658417563e+00,1.982988332375415386e+00,5.379873327851723985e+01,1.075974665570344776e+08,1.000180006329208737e+02,2.000360012658417523e+08,2.290559726870008816e+01,1.767223311801382124e+02,1.058764865367072039e+00,9.121133966782153379e+00,1.086616004830798232e+00,5.658594436379807968e-01,1.522354253511651434e+00,1.050000000000000044e+00,7.163441826694157966e-01,1.174357792277083146e+00,4.137788839988881051e+01,6.433391639909586956e-01,1.260000000000000009e-01,1.058764864587484977e+00,8.893971233352718775e-01,1.000000000000000000e+00,1.035839187846611331e+00,1.014164624217340105e+00,9.846600667382185978e-01
6.150000000000000000e+02,4.270833333333333148e-01,1.922218039640122697e+03,1.357083256425559270e+01,2.635551518170640506e+01,4.754236315773110837e+05,1.152647963022132949e+01,6.082029614907482618e+00,1.967549713916845988e+01,1.718342317934439700e+00,2.070785296810904796e+01,6.844120896239428653e+00,1.034396676332229426e+00,2.144463872333615406e-01,0.000000000000000000e+00,0.000000000000000000e+00,1.000000000000000000e+00,7.500000000000000000e-01,2.500000000000000000e-01,1.050000000000000044e+00,1.000000000000000000e+00,2.166414161817632333e+01,0.000000000000000000e+00,1.075000000000000178e+00,8.577855489334461625e-01,8.792371748823950384e+01,1.021838151365224157e+00,1.416433391642514152e+02,0.000000000000000000e+00,1.000000000000000056e-01,1.000000000000000000e+00,1.000000000000000000e+00,8.058411650908282597e-01,4.251910412078720447e-01,5.595319842100361374e-01,1.004148696399881358e+00,8.816598726703431810e-01,9.250624375631799623e-01,9.250624375631799623e-01,9.250624375631799623e-01,8.540135855238784046e-01,8.275577679998762093e-02,8.275577679998761482e+01,5.659613019195474948e+01,9.680060736683829825e-01,1.017716184863477480e+00,9.508033214184448134e-01,6.101342777261153927e-01,1.007959424655819225e+00,2.144463880838050895e-01,1.034396684941176758e+00,1.059613019205987428e+01,0.000000000000000000e+00,1.800000000000000000e+01,5.659613019205987428e+01,1.051247977557068225e-10,1.000000000000000000e+02,1.000000000000000056e-01,0.000000000000000000e+00,2.391563029576148303e+00,2.195295359550274217e+00,2.967784636947145227e+00,1.172180456108173452e+01,5.163079996497419444e+00,6.558724564584315075e+00,8.951597620219613194e-02,2.999999999999999737e-04,5.762216073709969244e-01,-2.878558315507412976e-03,2.679477376806817901e+01,9.192699302069160527e-01,1.982988332266974796e+00,2.000360012559827538e+00,1.982988332266974796e+00,5.379873327583367626e+01,1.075974665516673476e+08,1.000180006279913840e+02,2.000360012559827566e+08,2.290559726751912706e+01,1.767223311713441944e+02,1.058764865457960669e+00,9.121133966679041194e+00,1.086616004830798232e+00,5.658594436661390503e-01,1.522354253625126441e+00,1.050000000000000044e+00,7.163441826716562266e-01,1.174357792279051793e+00,4.137788839999380741e+01,6.433391642514152409e-01,1.260000000000000009e-01,1.058764864678373607e+00,8.893971233252174757e-01,1.000000000000000000e+00,1.035839187812220619e+00,1.014164624198926390e+00,9.846600667382185978e-01
6.300000000000000000e+02,4.375000000000000000e-01,1.915464715542818112e+03,1.352315418985859452e+01,2.635551518348098554e+01,4.754381202716559055e+05,1.152647963095191486e+01,6.082029615257535049e+00,1.967549070472322370e+01,1.718342318019147941e+00,2.070785296184171997e+01,6.844120894168024272e+00,1.034396679077209003e+00,2.144463888121904693e-01,0.000000000000000000e+00,0.000000000000000000e+00,1.000000000000000000e+00,7.500000000000000000e-01,2.500000000000000000e-01,1.050000000000000044e+00,1.000000000000000000e+00,2.166414161161957352e+01,0.000000000000000000e+00,1.075000000000000178e+00,8.577855552487618773e-01,8.792371772156276677e+01,1.021838151365224157e+00,1.416433391685558547e+02,0.000000000000000000e+00,1.000000000000000056e-01,1.000000000000000000e+00,1.000000000000000000e+00,8.058411652785087975e-01,4.251910415463709958e-01,5.595319842060011428e-01,1.004148696392850981e+00,8.816598726701581068e-01,9.250624375631799623e-01,9.250624375631799623e-01,9.250624375631799623e-01,8.540135855238784046e-01,8.275577680050764939e-02,8.275577680050764684e+01,5.659613019202129180e+01,9.680060738225108041e-01,1.017716184863477480e+00,9.508033214884983320e-01,6.101342797142712548e-01,1.007959424798775316e+00,2.144463895186182467e-01,1.034396684515754172e+00,1.059613019212645924e+01,0.000000000000000000e+00,1.800000000000000000e+01,5.659613019212645924e+01,1.051674303198524285e-10,1.000000000000000000e+02,1.000000000000000056e-01,0.000000000000000000e+00,2.391563028834392313e+00,2.195295361398590384e+00,2.967784635335473542e+00,1.172180456151161110e+01,5.163079996734063926e+00,6.558724564777547172e+00,8.951597620869422567e-02,2.999999999999999737e-04,5.762216065010812294e-01,-2.878558295375563663e-03,2.679477376987233583e+01,9.192699309387563078e-01,1.982988331903769108e+00,2.000360012229615236e+00,1.982988331903769108e+00,5.379873326698177038e+01,1.075974665339635462e+08,1.000180006114807583e+02,2.000360012229615152e+08,2.290559726350114644e+01,1.767223311419636502e+02,1.058764865762378493e+00,9.121133966009939087e+00,1.086616004830798232e+00,5.658594437602145755e-01,1.522354253951160530e+00,1.050000000000000044e+00,7.163441826772051213e-01,1.174357792291825575e+00,4.137788840025382342e+01,6.433391685558547124e-01,1.260000000000000009e-01,1.058764864982791432e+00,8.893971232599736654e-01,1.000000000000000000e+00,1.035839187697032315e+00,1.014164623894602713e+00,9.846600667382185978e-01
6.450000000000000000e+02,4.479166666666666852e-01,1.908711391460050663e+03,1.347547581579420850e+01,2.635551518570412100e+01,4.754523599533673259e+05,1.152647963191879477e+01,6.082029615762435171e+00,1.967548664226707089e+01,1.718342318159205906e+00,2.070785295897631073e+01,6.844120893220982715e+00,1.034396680134892055e+00,2.144463895448450730e-01,0.000000000000000000e+00,0.000000000000000000e+00,1.000000000000000000e+00,7.500000000000000000e-01,2.500000000000000000e-01,1.050000000000000044e+00,1.000000000000000000e+00,2.166414160862183991e+01,0.000000000000000000e+00,1.075000000000000178e+00,8.577855581793802919e-01,8.792371781146582066e+01,1.021838151365224157e+00,1.416433391704733822e+02,0.000000000000000000e+00,1.000000000000000056e-01,1.000000000000000000e+00,1.000000000000000000e+00,8.058411653505007655e-01,4.251910416767998857e-01,5.595319842041575065e-01,1.004148696389636664e+00,8.816598726700750621e-01,9.250624375631799623e-01,9.250624375631799623e-01,9.250624375631799623e-01,8.540135855238784046e-01,8.275577680074804043e-02,8.275577680074803766e+01,5.659613019205210804e+01,9.680060738818988542e-01,1.017716184863477480e+00,9.508033215151082684e-01,6.101342806368736937e-01,1.007959424853858588e+00,2.144463901577940701e-01,1.034396684324891291e+00,1.059613019215723995e+01,0.000000000000000000e+00,1.800000000000000000e+01,5.659613019215723995e+01,1.051319031830644235e-10,1.000000000000000000e+02,1.000000000000000056e-01,0.000000000000000000e+00,2.391563028554717363e+00,2.195295362117290150e+00,2.967784634723278803e+00,1.172180456170434759e+01,5.163079996840568953e+00,6.558724564863778639e+00,8.951597621168895513e-02,2.999999999999999737e-04,5.762216061685614399e-01,-2.878558286033391228e-03,2.679477377213252254e+01,9.192699312207456286e-01,1.982988331737712162e+00,2.000360012078642669e+00,1.982988331737712162e+00,5.379873326293261471e+01,1.075974665258652270e+08,1.000180006039321228e+02,2.000360012078642547e+08,2.290559726166502230e+01,1.767223311285297882e+02,1.058764865901557828e+00,9.121133965708802194e+00,1.086616004830798232e+00,5.658594438032293894e-01,1.522354254101019766e+00,1.050000000000000044e+00,7.163441826797697365e-01,1.174357792297574754e+00,4.137788840037401883e+01,6.433391704733821825e-01,1.260000000000000009e-01,1.058764865121970766e+00,8.893971232306099317e-01,1.000000000000000000e+00,1.035839187644368664e+00,1.014164623759034711e+00,9.846600667382185978e-01
6.600000000000000000e+02,4.583333333333333148e-01,1.901958067366768091e+03,1.342779744150675469e+01,2.635551519025061395e+01,4.754663551363259903e+05,1.152647963395416930e+01,6.082029616869429667e+00,1.967548296047415946e+01,1.718342318483604414e+00,2.070785295789980651e+01,6.844120892865189099e+00,1.034396682325176675e+00,2.144463910818953101e-01,0.000000000000000000e+00,0.000000000000000000e+00,1.000000000000000000e+00,7.500000000000000000e-01,2.500000000000000000e-01,1.050000000000000044e+00,1.000000000000000000e+00,2.166414160749562257e+01,0.000000000000000000e+00,1.075000000000000178e+00,8.577855643275812403e-01,8.792371799764001139e+01,1.021838151365224157e+00,1.416433391739744820e+02,0.000000000000000000e+00,1.000000000000000056e-01,1.000000000000000000e+00,1.000000000000000000e+00,8.058411655014425801e-01,4.251910419468963309e-01,5.595319842034076618e-01,1.004148696388429185e+00,8.816598726699538258e-01,9.250624375631799623e-01,9.250624375631799623e-01,9.250624375631799623e-01,8.540135855238784046e-01,8.275577680068965658e-02,8.275577680068965947e+01,5.659613019204461182e+01,9.680060740048810342e-01,1.017716184863477480e+00,9.508033215724062126e-01,6.101342825724193064e-01,1.007959424967926676e+00,2.144463913248273457e-01,1.034396684052665716e+00,1.059613019214976504e+01,0.000000000000000000e+00,1.800000000000000000e+01,5.659613019214976504e+01,1.051532194651372265e-10,1.000000000000000000e+02,1.000000000000000056e-01,0.000000000000000000e+00,2.391563027940408759e+00,2.195295363568270819e+00,2.967784633405064820e+00,1.172180456198581311e+01,5.163079996973335639e+00,6.558724565012477470e+00,8.951597621751883338e-02,2.999999999999999737e-04,5.762216054646560615e-01,-2.878558266434267255e-03,2.679477377675478778e+01,9.192699318046985146e-01,1.982988331675326288e+00,2.000360012021923595e+00,1.982988331675326288e+00,5.379873326152162605e+01,1.075974665230432451e+08,1.000180006010961762e+02,2.000360012021923661e+08,2.290559726092448400e+01,1.767223311235422614e+02,1.058764865953846002e+00,9.121133965333408256e+00,1.086616004830798232e+00,5.658594438191992815e-01,1.522354254113547967e+00,1.050000000000000044e+00,7.163441826791469014e-01,1.174357792304741688e+00,4.137788840034482973e+01,6.433391739744820370e-01,1.260000000000000009e-01,1.058764865174258940e+00,8.893971231940055455e-01,1.000000000000000000e+00,1.035839187624583602e+00,1.014164623511504715e+00,9.846600667382185978e-01
6.750000000000000000e+02,4.687500000000000000e-01,1.895204743282056370e+03,1.338011906740142187e+01,2.635551519303484369e+01,4.754801097594691091e+05,1.152647963520853835e+01,6.082029617557441981e+00,1.967548064120587625e+01,1.718342318687388071e+00,2.070785295795915459e+01,6.844120892884805407e+00,1.034396683540898199e+00,2.144463919660596907e-01,0.000000000000000000e+00,0.000000000000000000e+00,1.000000000000000000e+00,7.500000000000000000e-01,2.500000000000000000e-01,1.050000000000000044e+00,1.000000000000000000e+00,2.166414160755770979e+01,0.000000000000000000e+00,1.075000000000000178e+00,8.577855678642387627e-01,8.792371810097634466e+01,1.021838151365224157e+00,1.416433391762131464e+02,0.000000000000000000e+00,1.000000000000000056e-01,1.000000000000000000e+00,1.000000000000000000e+00,8.058411655852211197e-01,4.251910420968137982e-01,5.595319842033990021e-01,1.004148696388495798e+00,8.816598726698817723e-01,9.250624375631799623e-01,9.250624375631799623e-01,9.250624375631799623e-01,8.540135855238784046e-01,8.275577680056279972e-02,8.275577680056279917e+01,5.659613019202839723e+01,9.680060740731427638e-01,1.017716184863477480e+00,9.508033216042071079e-01,6.101342836858120178e-01,1.007959425031240697e+00,2.144463920710487914e-01,1.034396683892325974e+00,1.059613019213352203e+01,0.000000000000000000e+00,1.800000000000000000e+01,5.659613019213352203e+01,1.051247977557068225e-10,1.000000000000000000e+02,1.000000000000000056e-01,0.000000000000000000e+00,2.391563027599475255e+00,2.195295364373681668e+00,2.967784632673443834e+00,1.172180456215310862e+01,5.163079997047125502e+00,6.558724565105983118e+00,8.951597622079367211e-02,2.999999999999999737e-04,5.762216050739685791e-01,-2.878558255160174051e-03,2.679477377958542306e+01,9.192699321288225756e-01,1.982988331678765537e+00,2.000360012025050427e+00,1.982988331678765537e+00,5.379873326169575876e+01,1.075974665233915150e+08,1.000180006012525240e+02,2.000360012025050521e+08,2.290559726092093484e+01,1.767223311238692247e+02,1.058764865950963419e+00,9.121133965124769816e+00,1.086616004830798232e+00,5.658594438181523412e-01,1.522354254074580693e+00,1.050000000000000044e+00,7.163441826777935395e-01,1.174357792308724724e+00,4.137788840028139958e+01,6.433391762131464020e-01,1.260000000000000009e-01,1.058764865171376357e+00,8.893971231736612637e-01,1.000000000000000000e+00,1.035839187625674285e+00,1.014164623353233097e+00,9.846600667382185978e-01
6.900000000000000000e+02,4.791666666666666852e-01,1.888451419200611554e+03,1.333244069338249638e+01,2.635551519376651441e+01,4.754936281987957773e+05,1.152647963556525212e+01,6.082029617772845675e+00,1.967547863407017417e+01,1.718342318758534493e+00,2.070785296009997367e+01,6.844120893592364752e+00,1.034396684360231244e+00,2.144463924928561305e-01,0.000000000000000000e+00,0.000000000000000000e+00,1.000000000000000000e+00,7.500000000000000000e-01,2.500000000000000000e-01,1.050000000000000044e+00,1.000000000000000000e+00,2.166414160979739378e+01,0.000000000000000000e+00,1.075000000000000178e+00,8.577855699714245219e-01,8.792371817061965089e+01,1.021838151365224157e+00,1.416433391777948714e+02,0.000000000000000000e+00,1.000000000000000056e-01,1.000000000000000000e+00,1.000000000000000000e+00,8.058411656422924674e-01,4.251910421978504218e-01,5.595319842047146164e-01,1.004148696390897211e+00,8.816598726698462452e-01,9.250624375631799623e-01,9.250624375631799623e-01,9.250624375631799623e-01,8.540135855238784046e-01,8.275577680022203064e-02,8.275577680022203708e+01,5.659613019198471306e+01,9.680060741191474083e-01,1.017716184863477480e+00,9.508033216263578336e-01,6.101342843491855961e-01,1.007959425073910786e+00,2.144463925982904584e-01,1.034396683817559559e+00,1.059613019208988760e+01,0.000000000000000000e+00,1.800000000000000000e+01,5.659613019208988760e+01,1.051745357472100295e-10,1.000000000000000000e+02,1.000000000000000056e-01,0.000000000000000000e+00,2.391563027358190485e+00,2.195295364904259472e+00,2.967784632163839476e+00,1.172180456223573763e+01,5.163079997068098947e+00,6.558724565167638687e+00,8.951597622254148234e-02,2.999999999999999737e-04,5.762216048056489903e-01,-2.878558248442925332e-03,2.679477378032929025e+01,9.192699323472653949e-01,1.982988331802830961e+00,2.000360012137845978e+00,1.982988331802830961e+00,5.379873326484047169e+01,1.075974665296809375e+08,1.000180006068923007e+02,2.000360012137846053e+08,2.290559726223775883e+01,1.767223311339705276e+02,1.058764865846979042e+00,9.121133965065469695e+00,1.086616004830798232e+00,5.658594437858083248e-01,1.522354253915168210e+00,1.050000000000000044e+00,7.163441826741575591e-01,1.174357792309856929e+00,4.137788840011101144e+01,6.433391777948713752e-01,1.260000000000000009e-01,1.058764865067391980e+00,8.893971231678788891e-01,1.000000000000000000e+00,1.035839187665020589e+00,1.014164623241406105e+00,9.846600667382185978e-01
7.050000000000000000e+02,4.895833333333333148e-01,1.881698095122982977e+03,1.328476231947847452e+01,2.635551519298846657e+01,4.755069144057534868e+05,1.152647963524503005e+01,6.082029617619236106e+00,1.967547710391841420e+01,1.718342318721190809e+00,2.070785296229605521e+01,6.844120894318187709e+00,1.034396684742420192e+00,2.144463927365584111e-01,0.000000000000000000e+00,0.000000000000000000e+00,1.000000000000000000e+00,7.500000000000000000e-01,2.500000000000000000e-01,1.050000000000000044e+00,1.000000000000000000e+00,2.166414161209488753e+01,0.000000000000000000e+00,1.075000000000000178e+00,8.577855709462336442e-01,8.792371820310572161e+01,1.021838151365224157e+00,1.416433391784501055e+02,0.000000000000000000e+00,1.000000000000000056e-01,1.000000000000000000e+00,1.000000000000000000e+00,8.058411656693491576e-01,4.251910422449802773e-01,5.595319842060839655e-01,1.004148696393360574e+00,8.816598726698410271e-01,9.250624375631799623e-01,9.250624375631799623e-01,9.250624375631799623e-01,8.540135855238784046e-01,8.275577679992414393e-02,8.275577679992414915e+01,5.659613019194656403e+01,9.680060741406070202e-01,1.017716184863477480e+00,9.508033216372033802e-01,6.101342846560701139e-01,1.007959425093814865e+00,2.144463928167018307e-01,1.034396683810615336e+00,1.059613019205174567e+01,0.000000000000000000e+00,1.800000000000000000e+01,5.659613019205174567e+01,1.051816411745676305e-10,1.000000000000000000e+02,1.000000000000000056e-01,0.000000000000000000e+00,2.391563027237418648e+00,2.195295365143023147e+00,2.967784631914323512e+00,1.172180456224776712e+01,5.163079997057346660e+00,6.558724565190420464e+00,8.951597622323814729e-02,2.999999999999999737e-04,5.762216046769048639e-01,-2.878558245335446214e-03,2.679477377953827499e+01,9.192699324491608870e-01,1.982988331930098713e+00,2.000360012253553421e+00,1.982988331930098713e+00,5.379873326802795219e+01,1.075974665360559076e+08,1.000180006126776817e+02,2.000360012253553569e+08,2.290559726360619663e+01,1.767223311443117950e+02,1.058764865740310590e+00,9.121133965095872043e+00,1.086616004830798232e+00,5.658594437526959231e-01,1.522354253766868393e+00,1.050000000000000044e+00,7.163441826709789906e-01,1.174357792309276505e+00,4.137788839996206747e+01,6.433391784501054644e-01,1.260000000000000009e-01,1.058764864960723528e+00,8.893971231708434066e-01,1.000000000000000000e+00,1.035839187705382525e+00,1.014164623195080495e+00,9.846600667382185978e-01
7.200000000000000000e+02,5.000000000000000000e-01,1.874944771049917335e+03,1.323708394572081914e+01,2.635551519073760218e+01,4.755199724153692368e+05,1.152647963424931454e+01,6.082029617086268658e+00,1.967547603376840470e+01,1.718342318568121474e+00,2.070785296321358260e+01,6.844120894621438467e+00,1.034396684618046347e+00,2.144463927029290617e-01,0.000000000000000000e+00,0.000000000000000000e+00,1.000000000000000000e+00,7.500000000000000000e-01,2.500000000000000000e-01,1.050000000000000044e+00,1.000000000000000000e+00,2.166414161305478814e+01,0.000000000000000000e+00,1.075000000000000178e+00,8.577855708117162470e-01,8.792371819253393994e+01,1.021838151365224157e+00,1.416433391778885493e+02,0.000000000000000000e+00,1.000000000000000056e-01,1.000000000000000000e+00,1.000000000000000000e+00,8.058411656613035934e-01,4.251910422296430458e-01,5.595319842066733829e-01,1.004148696394389972e+00,8.816598726698658961e-01,9.250624375631799623e-01,9.250624375631799623e-01,9.250624375631799623e-01,8.540135855238784046e-01,8.275577679984426338e-02,8.275577679984426993e+01,5.659613019193639616e+01,9.680060741336236063e-01,1.017716184863477480e+00,9.508033216345699312e-01,6.101342846137219889e-01,1.007959425087337380e+00,2.144463926295164524e-01,1.034396683867949474e+00,1.059613019204152096e+01,0.000000000000000000e+00,1.800000000000000000e+01,5.659613019204152096e+01,1.051247977557068225e-10,1.000000000000000000e+02,1.000000000000000056e-01,0.000000000000000000e+00,2.391563027262363583e+00,2.195295365050075276e+00,2.967784631974908827e+00,1.172180456218998046e+01,5.163079997024984102e+00,6.558724565164996356e+00,8.951597622303861246e-02,2.999999999999999737e-04,5.762216047125452434e-01,-2.878558245764258582e-03,2.679477377724989395e+01,9.192699324160015228e-01,1.982988331983271735e+00,2.000360012301895640e+00,1.982988331983271735e+00,5.379873326932650457e+01,1.075974665386530161e+08,1.000180006150947776e+02,2.000360012301895618e+08,2.290559726419315467e+01,1.767223311486144439e+02,1.058764865695744017e+00,9.121133965187373960e+00,1.086616004830798232e+00,5.658594437389189435e-01,1.522354253718059880e+00,1.050000000000000044e+00,7.163441826701268944e-01,1.174357792307529458e+00,4.137788839992213497e+01,6.433391778885493295e-01,1.260000000000000009e-01,1.058764864916156956e+00,8.893971231797657140e-01,1.000000000000000000e+00,1.035839187722246368e+00,1.014164623234782070e+00,9.846600667382185978e-01
