time_min,time_days,m_sodium_mEq,v_ecf_L,prc_pg_per_mL,agt_fmol_per_mL,angi_fmol_per_mL,angii_fmol_per_mL,ang17_fmol_per_mL,angiv_fmol_per_mL,at1_bound_fmol_per_mL,at2_bound_fmol_per_mL,n_aldo,n_adh,baro_integral_min,ra_integral_min,a_auto,a_baro,a_chemo,alpha_map,alpha_rap,at1_bound_pg_per_mL,autonomic_adh_stimulus,beta_rsna,c_adh_mU_per_L,c_aldo_ng_per_L,c_anp_hat,c_sodium_mEq_per_L,delta_ra,delta_rihp_mmHg,epsilon_aum,epsilon_aum_adh,eta_cd,eta_dt,eta_pt,gamma_at1_tubule,gamma_filtered_sodium,gamma_rihp_cd,gamma_rihp_dt,gamma_rihp_pt,gamma_rsna_tubule,gfr_L_per_min,gfr_mL_per_min,implied_p_gh_mmHg,lambda_aldo_cd,lambda_anp,lambda_dt,mu_adh,mu_aldo,n_adh_stimulus,n_aldo_stimulus,net_filtration_pressure_mmHg,p_b_cvp_mmHg,p_b_total_mmHg,p_gh_mmHg,p_gh_residual_mmHg,p_ma_mmHg,p_peritubular_mmHg,p_ra_mmHg,phi_cd_reab_mEq_per_min,phi_dt_reab_mEq_per_min,phi_dt_sodium_mEq_per_min,phi_filtered_sodium_mEq_per_min,phi_md_sodium_mEq_per_min,phi_pt_reab_mEq_per_min,phi_tubular_water_reab_L_per_min,phi_urine_L_per_min,phi_urine_sodium_mEq_per_min,phi_water_in_L_per_min,pra_fmol_per_mL_per_min,psi_aldo_dt,psi_at1_aa,psi_at1_ea,psi_at1_preglom,r_aa_equivalent_mmHg_min_per_L,r_aa_single_mmHg_min_per_L,r_ea_equivalent_mmHg_min_per_L,r_ea_single_mmHg_min_per_L,r_preglom_mmHg_min_per_L,r_renal_mmHg_min_per_L,raw_v_at1,raw_v_md,raw_v_rsna,renal_blood_flow_L_per_min,renin_secretion_pg_per_mL_per_min,rsna,sigma_myo,sigma_tgf,sngfr_nL_per_min,sodium_adh_stimulus,sodium_intake_mEq_per_min,v_at1,v_md,v_rsna,xi_at1,xi_k_sodium,xi_map
0.000000000000000000e+00,0.000000000000000000e+00,2.160000000000000000e+03,1.500000000000000000e+01,2.798828379324600135e+01,4.748301026345390128e+05,1.224056448165699962e+01,6.458821606363000178e+00,2.089440280323600163e+01,1.824796522373999919e+00,2.199073936750799874e+01,7.268125723159999829e+00,1.000000000000000000e+00,1.000000000000000000e+00,0.000000000000000000e+00,0.000000000000000000e+00,1.000000000000000000e+00,7.500000000000000000e-01,2.500000000000000000e-01,1.050000000000000044e+00,1.000000000000000000e+00,2.300627171149952233e+01,0.000000000000000000e+00,1.075000000000000178e+00,4.000000000000000000e+00,8.500000000000000000e+01,1.021838151365224157e+00,1.440000000000000000e+02,0.000000000000000000e+00,0.000000000000000000e+00,1.000000000000000000e+00,1.000000000000000000e+00,8.851439886075846974e-01,4.549953138782084072e-01,6.056155915450194271e-01,1.005547895256870605e+00,8.815349184285560247e-01,1.000000000000000000e+00,1.000000000000000000e+00,1.000000000000000000e+00,8.540135855238784046e-01,8.341725475626929343e-02,8.341725475626928699e+01,5.668082647296063925e+01,9.660438838411188334e-01,1.017716184863477480e+00,9.680715100162806674e-01,1.038674889394732848e+00,1.006123280684836585e+00,1.000000000000000000e+00,8.866105935543027172e-01,1.068082647327391754e+01,0.000000000000000000e+00,1.800000000000000000e+01,5.668082647327391754e+01,3.132782921966281720e-10,1.000000000000000000e+02,0.000000000000000000e+00,0.000000000000000000e+00,2.285347694322051648e+00,2.155485205374205737e+00,2.581893707392307835e+00,1.201208468490277781e+01,4.737378912766513572e+00,7.274705772136264237e+00,9.078120746768120197e-02,2.999999999999999737e-04,2.965460130702561869e-01,1.460575822931698027e-03,2.845475518980009966e+01,9.099906277564168144e-01,2.057303658594342721e+00,2.067924296161558484e+00,2.057303658594342721e+00,5.502395084504028233e+01,1.100479016900805682e+08,1.033962148080779286e+02,2.067924296161558628e+08,2.399816033477592114e+01,1.824183259878941499e+02,1.000000000736317451e+00,1.025541203976190729e+01,1.086616004830798232e+00,5.481905365507866446e-01,1.616666666666666696e+00,1.050000000000000044e+00,7.234022061061597952e-01,1.146420185494482435e+00,4.170862737813464349e+01,3.000000000000000000e+00,1.260000000000000009e-01,1.000000000000000000e+00,1.000000000000000000e+00,1.000000000000000000e+00,1.058977586391052217e+00,8.502758077226175715e-01,9.846600667382185978e-01
1.500000000000000000e+01,1.041666666666666609e-02,2.157354976153967527e+03,1.501662709282681973e+01,2.800958819737507355e+01,4.748299854712261586e+05,1.224944294101987730e+01,6.463203636828072973e+00,2.089600691287745349e+01,1.825929935367030410e+00,2.199431095096204203e+01,7.269306161758883000e+00,9.605260750385559154e-01,9.289185195383188320e-01,0.000000000000000000e+00,0.000000000000000000e+00,1.000000000000000000e+00,7.500000000000000000e-01,2.500000000000000000e-01,1.050000000000000044e+00,1.000000000000000000e+00,2.301000823067747092e+01,0.000000000000000000e+00,1.075000000000000178e+00,3.715674078153275328e+00,8.164471637827725203e+01,1.021838151365224157e+00,1.436644169704725584e+02,0.000000000000000000e+00,0.000000000000000000e+00,1.000000000000000000e+00,1.000000000000000000e+00,8.821513226989954326e-01,4.495310259574525347e-01,6.056251650917631180e-01,1.005551682891105303e+00,8.815455331468670108e-01,1.000000000000000000e+00,1.000000000000000000e+00,1.000000000000000000e+00,8.540135855238784046e-01,8.344038941066590775e-02,8.344038941066590098e+01,5.668378865661593835e+01,9.637123062803143458e-01,1.017716184863477480e+00,9.671326720979549485e-01,1.025146877110404642e+00,1.003898933570209095e+00,8.881389901575195145e-01,9.106572757302462406e-01,1.068378865693545521e+01,0.000000000000000000e+00,1.800000000000000000e+01,5.668378865693545521e+01,3.195168574166018516e-10,1.000000000000000000e+02,0.000000000000000000e+00,0.000000000000000000e+00,2.295676387968534904e+00,2.125173555755065724e+00,2.602361215017820140e+00,1.198741489647250980e+01,4.727534770772885864e+00,7.259880125699623932e+00,9.078346192810432536e-02,2.999999999999999737e-04,3.066848270492852357e-01,1.323614496632530106e-03,2.847641466733132276e+01,8.990620519149050693e-01,2.057510472946908031e+00,2.068112322042738427e+00,2.057510472946908031e+00,5.501099998866693142e+01,1.100219999773338586e+08,1.034056161021369178e+02,2.068112322042738497e+08,2.400876258061242297e+01,1.824253786714162970e+02,9.998457327500798186e-01,1.027980446499544875e+01,1.086616004830798232e+00,5.481693431489020885e-01,1.620261903828628114e+00,1.050000000000000044e+00,7.236490547446213784e-01,1.145644216438906682e+00,4.172019470533295049e+01,2.664416970472558432e+00,1.260000000000000009e-01,9.998457320138759430e-01,1.002378492949768107e+00,1.000000000000000000e+00,1.059040805445987665e+00,8.732848830868800150e-01,9.846600667382185978e-01
3.000000000000000000e+01,2.083333333333333218e-02,2.154614087151647709e+03,1.503022465423470777e+01,2.804848568027928124e+01,4.748293743967751507e+05,1.226640343587184923e+01,6.472109528969250292e+00,2.090422192084211517e+01,1.828427181013480229e+00,2.201076954005521813e+01,7.274745864933604977e+00,9.458049039096663169e-01,8.248390539129986099e-01,0.000000000000000000e+00,0.000000000000000000e+00,1.000000000000000000e+00,7.500000000000000000e-01,2.500000000000000000e-01,1.050000000000000044e+00,1.000000000000000000e+00,2.302722687741497154e+01,0.000000000000000000e+00,1.075000000000000178e+00,3.299356215651994439e+00,8.039341683232163405e+01,1.021838151365224157e+00,1.433520879905539971e+02,0.000000000000000000e+00,0.000000000000000000e+00,1.000000000000000000e+00,1.000000000000000000e+00,8.811394440636780567e-01,4.474529670259284053e-01,6.056425138532355312e-01,1.005569129602321032e+00,8.815554906044308359e-01,1.000000000000000000e+00,1.000000000000000000e+00,1.000000000000000000e+00,8.540135855238784046e-01,8.346076190724513455e-02,8.346076190724512855e+01,5.668639717089644137e+01,9.628196585043141686e-01,1.017716184863477480e+00,9.669189328799381311e-01,1.001104071843504473e+00,1.003034944229432401e+00,7.840293301846656959e-01,9.333459298960974371e-01,1.068639717122216837e+01,0.000000000000000000e+00,1.800000000000000000e+01,5.668639717122216837e+01,3.257270009271451272e-10,1.000000000000000000e+02,0.000000000000000000e+00,0.000000000000000000e+00,2.297155272365914769e+00,2.111173130149284649e+00,2.607028079201394011e+00,1.196427448468608112e+01,4.718201209350678660e+00,7.246073275335402464e+00,9.077314733209398967e-02,2.999999999999999737e-04,3.098728068354792420e-01,1.080194485417102813e-03,2.851596044161727050e+01,8.949059340518568106e-01,2.058463510425533549e+00,2.068978778835671051e+00,2.058463510425533549e+00,5.501737186551022774e+01,1.100347437310204506e+08,1.034489389417835525e+02,2.068978778835670948e+08,2.402709873134530838e+01,1.824934095386390993e+02,9.991354649940600297e-01,1.030284817740297676e+01,1.086616004830798232e+00,5.479649936554400469e-01,1.622740384669053126e+00,1.050000000000000044e+00,7.238664309351807713e-01,1.144902521954004992e+00,4.173038095362256428e+01,2.352087990553997088e+00,1.260000000000000009e-01,9.991354642583791801e-01,1.004625473599417784e+00,1.000000000000000000e+00,1.059332047882498351e+00,8.947963451046696548e-01,9.846600667382185978e-01
4.500000000000000000e+01,3.125000000000000000e-02,2.151859078166680774e+03,1.503982894750381227e+01,2.808389332906274660e+01,4.748281983827876975e+05,1.228198397639694051e+01,6.480396053964675218e+00,2.091836567480753573e+01,1.830790775983865526e+00,2.203500955428308927e+01,7.282757395059708649e+00,9.453016971523775513e-01,7.284468266838582950e-01,0.000000000000000000e+00,0.000000000000000000e+00,1.000000000000000000e+00,7.500000000000000000e-01,2.500000000000000000e-01,1.050000000000000044e+00,1.000000000000000000e+00,2.305258629549988569e+01,0.000000000000000000e+00,1.075000000000000178e+00,2.913787306735433180e+00,8.035064425795209786e+01,1.021838151365224157e+00,1.430773638235977785e+02,0.000000000000000000e+00,0.000000000000000000e+00,1.000000000000000000e+00,1.000000000000000000e+00,8.812894872407115443e-01,4.473815347580640256e-01,6.056640330172909925e-01,1.005594802538886778e+00,8.815643062687485987e-01,1.000000000000000000e+00,1.000000000000000000e+00,1.000000000000000000e+00,8.540135855238784046e-01,8.347783797709151798e-02,8.347783797709152509e+01,5.668858360749074876e+01,9.627889152579486298e-01,1.017716184863477480e+00,9.671144632376150740e-01,9.729674147264759654e-01,1.003005064717785055e+00,6.924546078659261639e-01,9.535492612730039896e-01,1.068858360782221695e+01,0.000000000000000000e+00,1.800000000000000000e+01,5.668858360782221695e+01,3.314681862320867367e-10,1.000000000000000000e+02,0.000000000000000000e+00,0.000000000000000000e+00,2.293783871278593622e+00,2.107106893009030646e+00,2.602758689951420568e+00,1.194378899545567130e+01,4.709865582960451214e+00,7.233923412495220084e+00,9.075509560078616478e-02,2.999999999999999737e-04,3.089748186728269452e-01,7.953206545410511016e-04,2.855195821788045762e+01,8.947630695161280512e-01,2.059867116333074843e+00,2.070254871065258406e+00,2.059867116333074843e+00,5.503664614638550034e+01,1.100732922927709967e+08,1.035127435532629221e+02,2.070254871065258384e+08,2.404953404482292356e+01,1.825989237444713353e+02,9.980912749317911725e-01,1.032335904812858018e+01,1.086616004830798232e+00,5.476483538311531785e-01,1.624271638233207415e+00,1.050000000000000044e+00,7.240486339851844866e-01,1.144235186507347013e+00,4.173891898854575544e+01,2.077363823597778492e+00,1.260000000000000009e-01,9.980912741968791524e-01,1.006625478147853192e+00,1.000000000000000000e+00,1.059760735307186064e+00,9.137954349010257715e-01,9.846600667382185978e-01
6.000000000000000000e+01,4.166666666666666435e-02,2.149134982501187096e+03,1.504498274751612819e+01,2.811085676508350417e+01,4.748265707279864000e+05,1.229388072974213664e+01,6.486747362552568674e+00,2.093523042510473431e+01,1.832611639699193162e+00,2.205939859439563477e+01,7.290818179503658847e+00,9.522905632260307840e-01,6.457918971973547473e-01,0.000000000000000000e+00,0.000000000000000000e+00,1.000000000000000000e+00,7.500000000000000000e-01,2.500000000000000000e-01,1.050000000000000044e+00,1.000000000000000000e+00,2.307810162148483002e+01,0.000000000000000000e+00,1.075000000000000178e+00,2.583167588789418989e+00,8.094469787421262197e+01,1.021838151365224157e+00,1.428472879343116233e+02,0.000000000000000000e+00,0.000000000000000000e+00,1.000000000000000000e+00,1.000000000000000000e+00,8.820359218317215255e-01,4.483712608778427366e-01,6.056846622727763974e-01,1.005620606457815258e+00,8.815717113992816989e-01,1.000000000000000000e+00,1.000000000000000000e+00,1.000000000000000000e+00,8.540135855238784046e-01,8.349183588282863000e-02,8.349183588282862445e+01,5.669037591295786171e+01,9.632145274732903939e-01,1.017716184863477480e+00,9.675058924580063335e-01,9.428420700093307349e-01,1.003417988574903497e+00,6.157626447705411010e-01,9.706060951549935201e-01,1.069037591329431791e+01,0.000000000000000000e+00,1.800000000000000000e+01,5.669037591329431791e+01,3.364561962371226400e-10,1.000000000000000000e+02,0.000000000000000000e+00,0.000000000000000000e+00,2.288193972121320474e+00,2.108615760773598691e+00,2.594218574873270899e+00,1.192658232051871181e+01,4.702834335646869590e+00,7.223747984871842220e+00,9.073075752209544542e-02,2.999999999999999737e-04,3.060246027519504253e-01,4.903059032973179285e-04,2.857937104450156340e+01,8.967425217556854733e-01,2.061279331907376999e+00,2.071538790605976121e+00,2.061279331907376999e+00,5.505846439205981113e+01,1.101169287841196209e+08,1.035769395302988016e+02,2.071538790605975986e+08,2.407098646977840062e+01,1.827063903921369956e+02,9.970429234515237882e-01,1.034060951144852858e+01,1.086616004830798232e+00,5.473262308196945591e-01,1.625276901812125807e+00,1.050000000000000044e+00,7.241979927745264556e-01,1.143668633215070063e+00,4.174591794141431222e+01,1.847287934311623303e+00,1.260000000000000009e-01,9.970429227173837061e-01,1.008307562032251470e+00,1.000000000000000000e+00,1.060191756914237837e+00,9.297630135220131820e-01,9.846600667382185978e-01
7.500000000000000000e+01,5.208333333333333565e-02,2.146461946820737467e+03,1.504555371749344417e+01,2.813044716023581415e+01,4.748246216872229706e+05,1.230252962534567374e+01,6.491368715047356019e+00,2.095224358094535688e+01,1.833938091131994241e+00,2.208016472647975093e+01,7.297681562141620226e+00,9.625158020191652009e-01,5.785259255335738482e-01,0.000000000000000000e+00,0.000000000000000000e+00,1.000000000000000000e+00,7.500000000000000000e-01,2.500000000000000000e-01,1.050000000000000044e+00,1.000000000000000000e+00,2.309982673354858917e+01,0.000000000000000000e+00,1.075000000000000178e+00,2.314103702134295393e+00,8.181384317162904551e+01,1.021838151365224157e+00,1.426642041312875904e+02,0.000000000000000000e+00,0.000000000000000000e+00,1.000000000000000000e+00,1.000000000000000000e+00,8.830137904523718273e-01,4.498101843169196035e-01,6.057019354026157432e-01,1.005642556098625517e+00,8.815776102144700088e-01,1.000000000000000000e+00,1.000000000000000000e+00,1.000000000000000000e+00,8.540135855238784046e-01,8.350291172114264471e-02,8.350291172114263816e+01,5.669179407406962667e+01,9.638319694533697968e-01,1.017716184863477480e+00,9.679580346388497736e-01,9.130319540983280469e-01,1.004014230316054412e+00,5.547347104291967534e-01,9.842493084266065173e-01,1.069179407441006902e+01,0.000000000000000000e+00,1.800000000000000000e+01,5.669179407441006902e+01,3.404423409847368021e-10,1.000000000000000000e+02,0.000000000000000000e+00,0.000000000000000000e+00,2.282029824869681534e+00,2.112859249622936808e+00,2.584364875774576298e+00,1.191287644334198070e+01,4.697224125397513106e+00,7.215652317944467597e+00,9.070236918240559554e-02,2.999999999999999737e-04,3.023350509048947643e-01,1.884772910442167673e-04,2.859928794623974468e+01,8.996203686338392069e-01,2.062481752265425072e+00,2.072631974117661979e+00,2.062481752265425072e+00,5.507767750901771819e+01,1.101553550180354416e+08,1.036315987058831070e+02,2.072631974117662013e+08,2.408895834173561212e+01,1.827982345566364302e+02,9.961520808487260847e-01,1.035434015143386155e+01,1.086616004830798232e+00,5.470512351639641446e-01,1.625980915715234287e+00,1.050000000000000044e+00,7.243161728675059363e-01,1.143214179867467317e+00,4.175145586057131908e+01,1.664204131287590371e+00,1.260000000000000009e-01,9.961520801152419224e-01,1.009646429737624862e+00,1.000000000000000000e+00,1.060558513785953227e+00,9.425060753623188958e-01,9.846600667382185978e-01
9.000000000000000000e+01,6.250000000000000000e-02,2.143844701118366629e+03,1.504177721162583303e+01,2.814445352471855344e+01,4.748224542426146800e+05,1.230871659943050389e+01,6.494676915360883207e+00,2.096794367072369880e+01,1.834888443012532955e+00,2.209647516066050699e+01,7.303072298862374190e+00,9.733723126342732623e-01,5.265575453684790963e-01,0.000000000000000000e+00,0.000000000000000000e+00,1.000000000000000000e+00,7.500000000000000000e-01,2.500000000000000000e-01,1.050000000000000044e+00,1.000000000000000000e+00,2.311689038357981119e+01,0.000000000000000000e+00,1.075000000000000178e+00,2.106230181473916385e+00,8.273664657391323374e+01,1.021838151365224157e+00,1.425260240832035947e+02,0.000000000000000000e+00,0.000000000000000000e+00,1.000000000000000000e+00,1.000000000000000000e+00,8.840044533841791008e-01,4.513262777559507999e-01,6.057153715680300143e-01,1.005659782453041773e+00,8.815820648395139569e-01,1.000000000000000000e+00,1.000000000000000000e+00,1.000000000000000000e+00,8.540135855238784046e-01,8.351125084101666818e-02,8.351125084101666118e+01,5.669286182309013356e+01,9.644808179100484713e-01,1.017716184863477480e+00,9.683920791498645819e-01,8.859705165195604915e-01,1.004637252229428013e+00,5.086746944011982796e-01,9.945854921408155969e-01,1.069286182343363123e+01,0.000000000000000000e+00,1.800000000000000000e+01,5.669286182343363123e+01,3.434976747485052329e-10,1.000000000000000000e+02,0.000000000000000000e+00,0.000000000000000000e+00,2.276237734758676634e+00,2.118066665228376166e+00,2.574916592382196612e+00,1.190252654858519854e+01,4.692983257610572778e+00,7.209543290974625762e+00,9.067315529481777270e-02,2.999999999999999737e-04,2.986788576235199777e-01,-8.552503683735817458e-05,2.861352775013052963e+01,9.026525555119015998e-01,2.063426164623774817e+00,2.073490588906398369e+00,2.063426164623774817e+00,5.509303814923095644e+01,1.101860762984619141e+08,1.036745294453199193e+02,2.073490588906398416e+08,2.410294927728374503e+01,1.828705168718346386e+02,9.954535271608530023e-01,1.036469966187030245e+01,1.086616004830798232e+00,5.468350049564594251e-01,1.626466345299535377e+00,1.050000000000000044e+00,7.244051519528024174e-01,1.142869229724396973e+00,4.175562542050833059e+01,1.526024083203594728e+00,1.260000000000000009e-01,9.954535264278832063e-01,1.010656580319217790e+00,1.000000000000000000e+00,1.060846423954652007e+00,9.521454094867785045e-01,9.846600667382185978e-01
1.050000000000000000e+02,7.291666666666667129e-02,2.141279383570831214e+03,1.503422159541094238e+01,2.815417872701453561e+01,4.748201461025871686e+05,1.231301733655841701e+01,6.496979951060490421e+00,2.098163931747252420e+01,1.835551247175151612e+00,2.210868607304029609e+01,7.307108108886201769e+00,9.833881623592093391e-01,4.884429759786915182e-01,0.000000000000000000e+00,0.000000000000000000e+00,1.000000000000000000e+00,7.500000000000000000e-01,2.500000000000000000e-01,1.050000000000000044e+00,1.000000000000000000e+00,2.312966519589329906e+01,0.000000000000000000e+00,1.075000000000000178e+00,1.953771903914766073e+00,8.358799380053280004e+01,1.021838151365224157e+00,1.424270202472229698e+02,0.000000000000000000e+00,0.000000000000000000e+00,1.000000000000000000e+00,1.000000000000000000e+00,8.848912636627165318e-01,4.527145123574682906e-01,6.057253292319415561e-01,1.005672671224406844e+00,8.815852590134836131e-01,1.000000000000000000e+00,1.000000000000000000e+00,1.000000000000000000e+00,8.540135855238784046e-01,8.351719630527734695e-02,8.351719630527735205e+01,5.669362308611745505e+01,9.650734185995684111e-01,1.017716184863477480e+00,9.687683098701914686e-01,8.634864204171018853e-01,1.005203103511939977e+00,4.756734157409899244e-01,1.002015246543100258e+00,1.069362308646316961e+01,0.000000000000000000e+00,1.800000000000000000e+01,5.669362308646316961e+01,3.457145680840767454e-10,1.000000000000000000e+02,0.000000000000000000e+00,0.000000000000000000e+00,2.271281754758446070e+00,2.123203342771179170e+00,2.566735426177925827e+00,1.189510540916303150e+01,4.689938768949104997e+00,7.205166640213926499e+00,9.064644561275875256e-02,2.999999999999999737e-04,2.954536714194797575e-01,-3.131836024271123994e-04,2.862341503913144436e+01,9.054290247149365811e-01,2.064133199354217130e+00,2.074133391192581666e+00,2.064133199354217130e+00,5.510476299622788332e+01,1.102095259924557656e+08,1.037066695596290771e+02,2.074133391192581654e+08,2.411331967262372444e+01,1.829247522284807133e+02,9.949312082202951268e-01,1.037212617731508679e+01,1.086616004830798232e+00,5.466728738552331102e-01,1.626777715406328095e+00,1.050000000000000044e+00,7.244685905385974678e-01,1.142620836623944758e+00,4.175859815263867603e+01,1.427020247222969829e+00,1.260000000000000009e-01,9.949312074877099121e-01,1.011380736054354523e+00,1.000000000000000000e+00,1.061061881569915322e+00,9.590633424047450006e-01,9.846600667382185978e-01
1.200000000000000000e+02,8.333333333333332871e-02,2.138758143163211571e+03,1.502365167477622521e+01,2.816061880448994970e+01,4.748177566587302135e+05,1.231586967775144359e+01,6.498510494962890682e+00,2.099308878966415648e+01,1.835992859323905879e+00,2.211745860132263530e+01,7.310007503826972730e+00,9.918680251540750170e-01,4.618344138049925718e-01,0.000000000000000000e+00,0.000000000000000000e+00,1.000000000000000000e+00,7.500000000000000000e-01,2.500000000000000000e-01,1.050000000000000044e+00,1.000000000000000000e+00,2.313884283953171561e+01,0.000000000000000000e+00,1.075000000000000178e+00,1.847337655219970287e+00,8.430878213809637600e+01,1.021838151365224157e+00,1.423594069845251511e+02,0.000000000000000000e+00,0.000000000000000000e+00,1.000000000000000000e+00,1.000000000000000000e+00,8.856254811667642057e-01,4.538821368240790743e-01,6.057324042449130364e-01,1.005681926592528974e+00,8.815874427429960525e-01,1.000000000000000000e+00,1.000000000000000000e+00,1.000000000000000000e+00,8.540135855238784046e-01,8.352122440203878229e-02,8.352122440203878284e+01,5.669413884754506938e+01,9.655707221211771163e-01,1.017716184863477480e+00,9.690727579745833653e-01,8.462981690097175491e-01,1.005675640222333911e+00,4.531356615083836914e-01,1.007103967236430808e+00,1.069413884789229030e+01,0.000000000000000000e+00,1.800000000000000000e+01,5.669413884789229030e+01,3.472209186838881578e-10,1.000000000000000000e+02,0.000000000000000000e+00,0.000000000000000000e+00,2.267308378803558622e+00,2.127733336255616781e+00,2.560120984568444502e+00,1.189003197649569188e+01,4.687854320824061283e+00,7.202177655671630596e+00,9.062453665691376503e-02,2.999999999999999737e-04,2.928126057648858804e-01,-4.872215764872324384e-04,2.862996245123144945e+01,9.077642736481581487e-01,2.064641142183511135e+00,2.074595188579695826e+00,2.064641142183511135e+00,5.511337137089510918e+01,1.102267427417902201e+08,1.037297594289847922e+02,2.074595188579695821e+08,2.412068439788181351e+01,1.829638151977617042e+02,9.945563124678221678e-01,1.037720576744275647e+01,1.086616004830798232e+00,5.465561586148174333e-01,1.626961125590414170e+00,1.050000000000000044e+00,7.245115706576906733e-01,1.142450406086631620e+00,4.176061220101939142e+01,1.359406984525151074e+00,1.260000000000000009e-01,9.945563117355129545e-01,1.011876044298233523e+00,1.000000000000000000e+00,1.061216623419180660e+00,9.637933759182129023e-01,9.846600667382185978e-01
1.350000000000000000e+02,9.375000000000000000e-02,2.136272033747065507e+03,1.501085753170037940e+01,2.816465871745002403e+01,4.748153301564071444e+05,1.231766175468483837e+01,6.499474117711071308e+00,2.100232602821514760e+01,1.836271632757972672e+00,2.212349612578053382e+01,7.312002956825769395e+00,9.986225952309014664e-01,4.440615691107031027e-01,0.000000000000000000e+00,0.000000000000000000e+00,1.000000000000000000e+00,7.500000000000000000e-01,2.500000000000000000e-01,1.050000000000000044e+00,1.000000000000000000e+00,2.314515917686908253e+01,0.000000000000000000e+00,1.075000000000000178e+00,1.776246276442812411e+00,8.488292059462662564e+01,1.021838151365224157e+00,1.423151228526166676e+02,0.000000000000000000e+00,0.000000000000000000e+00,1.000000000000000000e+00,1.000000000000000000e+00,8.862002354936640014e-01,4.548072093529257898e-01,6.057372234988699367e-01,1.005688294409828210e+00,8.815888746411014720e-01,1.000000000000000000e+00,1.000000000000000000e+00,1.000000000000000000e+00,8.540135855238784046e-01,8.352383831502611933e-02,8.352383831502612566e+01,5.669447353550658875e+01,9.659639941023205889e-01,1.017716184863477480e+00,9.693068743223444139e-01,8.340756842977777863e-01,1.006047833593181284e+00,4.383742842055558531e-01,1.010445093458271160e+00,1.069447353585481864e+01,0.000000000000000000e+00,1.800000000000000000e+01,5.669447353585481864e+01,3.482298893686675001e-10,1.000000000000000000e+02,0.000000000000000000e+00,0.000000000000000000e+00,2.264275343758940462e+00,2.131447364337541117e+00,2.555038074998490671e+00,1.188670531092503246e+01,4.686485439336031789e+00,7.200219871589000675e+00,9.060817357674764982e-02,2.999999999999999737e-04,2.907627312395502095e-01,-6.109798955526062406e-04,2.863406969607418873e+01,9.096144187058515795e-01,2.064990722639047149e+00,2.074913010437573480e+00,2.064990722639047149e+00,5.511941676396022416e+01,1.102388335279204547e+08,1.037456505218786731e+02,2.074913010437573493e+08,2.412569716125467068e+01,1.829907644470935679e+02,9.942984660565638011e-01,1.038053935065393141e+01,1.086616004830798232e+00,5.464756666936165796e-01,1.627061834345011171e+00,1.050000000000000044e+00,7.245394613212349233e-01,1.142338320744587410e+00,4.176191915751306283e+01,1.315122852616667615e+00,1.260000000000000009e-01,9.942984653244444360e-01,1.012201100297763334e+00,1.000000000000000000e+00,1.061323098913068419e+00,9.668938049613373664e-01,9.846600667382185978e-01
1.500000000000000000e+02,1.041666666666666713e-01,2.134569775126713921e+03,1.499662412091901942e+01,2.816558650896559257e+01,4.748129005996845663e+05,1.231816537779781484e+01,6.499804009569785102e+00,2.100952125195304276e+01,1.836385379629501990e+00,2.212739377842799016e+01,7.313291164056709093e+00,1.003414187831710214e+00,4.387689839151712179e-01,0.000000000000000000e+00,0.000000000000000000e+00,1.000000000000000000e+00,7.500000000000000000e-01,2.500000000000000000e-01,1.050000000000000044e+00,1.000000000000000000e+00,2.314923682311579611e+01,0.000000000000000000e+00,1.075000000000000178e+00,1.755075935660684872e+00,8.529020596569536394e+01,1.021838151365224157e+00,1.423366857711109787e+02,0.000000000000000000e+00,0.000000000000000000e+00,1.000000000000000000e+00,1.000000000000000000e+00,8.865706567410036598e-01,4.554607899003106364e-01,6.057392489400124092e-01,1.005692404418929486e+00,8.815882196229448686e-01,1.000000000000000000e+00,1.000000000000000000e+00,1.000000000000000000e+00,8.540135855238784046e-01,8.352187643480284140e-02,8.352187643480283441e+01,5.669422233445396131e+01,9.662414623005274317e-01,1.017716184863477480e+00,9.694335683490280520e-01,8.303154988932067715e-01,1.006309639182676019e+00,4.455619237036596014e-01,1.008932506196839274e+00,1.069422233480189988e+01,0.000000000000000000e+00,1.800000000000000000e+01,5.669422233480189988e+01,3.479385668470058590e-10,1.000000000000000000e+02,0.000000000000000000e+00,0.000000000000000000e+00,2.262784249942688675e+00,2.134772659212716750e+00,2.552288678559008428e+00,1.188822708111409021e+01,4.687061337771725178e+00,7.201165743342365033e+00,9.060101010741994365e-02,2.999999999999999737e-04,2.895044286163197533e-01,-6.490536310628583494e-04,2.863501295078168596e+01,9.109215798006212728e-01,2.065216401123515233e+00,2.075118186533437825e+00,2.065216401123515233e+00,5.512612419970980682e+01,1.102522483994196206e+08,1.037559093266718975e+02,2.075118186533437967e+08,2.412763669113851961e+01,1.830096702175202097e+02,9.941320806793810805e-01,1.037913710463747563e+01,1.086616004830798232e+00,5.464192131549265863e-01,1.626569809246449116e+00,1.050000000000000044e+00,7.245185279001583600e-01,1.142385491488195903e+00,4.176093821740141721e+01,1.336685771110978749e+00,2.520000000000000018e-01,9.941320799473842840e-01,1.012064368003534831e+00,1.000000000000000000e+00,1.061391826646460368e+00,9.653838968333428028e-01,9.846600667382185978e-01
1.650000000000000000e+02,1.145833333333333287e-01,2.134007673832525597e+03,1.498364472328596619e+01,2.815632358119933443e+01,4.748105785980916698e+05,1.231419378058975589e+01,6.497769504935047458e+00,2.101370158366832896e+01,1.835834714933451961e+00,2.212701364593896614e+01,7.313165527047623904e+00,1.004189561730194580e+00,4.636956563864899072e-01,0.000000000000000000e+00,0.000000000000000000e+00,1.000000000000000000e+00,7.500000000000000000e-01,2.500000000000000000e-01,1.050000000000000044e+00,1.000000000000000000e+00,2.314883913610842825e+01,0.000000000000000000e+00,1.075000000000000178e+00,1.854782625545959629e+00,8.535611274706653262e+01,1.021838151365224157e+00,1.424224688480554164e+02,0.000000000000000000e+00,0.000000000000000000e+00,1.000000000000000000e+00,1.000000000000000000e+00,8.865751912435994031e-01,4.555663465911509724e-01,6.057371495984581466e-01,1.005692003605691998e+00,8.815855156085901090e-01,1.000000000000000000e+00,1.000000000000000000e+00,1.000000000000000000e+00,8.540135855238784046e-01,8.351567948944176034e-02,8.351567948944176578e+01,5.669342887154126487e+01,9.662862449908434792e-01,1.017716184863477480e+00,9.693935978834736789e-01,8.475429530807609968e-01,1.006351832754929454e+00,4.741562826851388190e-01,1.002653117878780531e+00,1.069342887188754787e+01,0.000000000000000000e+00,1.800000000000000000e+01,5.669342887188754787e+01,3.462830022726848256e-10,1.000000000000000000e+02,0.000000000000000000e+00,0.000000000000000000e+00,2.263564755773165071e+00,2.136407140027000384e+00,2.553155985109465842e+00,1.189450926040919931e+01,4.689563125136466226e+00,7.204946135272733088e+00,9.062286608289579770e-02,2.999999999999999737e-04,2.895912293363007706e-01,-4.746175946093045966e-04,2.862559564088599018e+01,9.111326931823019448e-01,2.065194391045475975e+00,2.075098176022271090e+00,2.065194391045475975e+00,5.513038035317251939e+01,1.102607607063450366e+08,1.037549088011135581e+02,2.075098176022271216e+08,2.412517760757885910e+01,1.830104667618649330e+02,9.941483054921231854e-01,1.037304188791741133e+01,1.086616004830798232e+00,5.464168348913125417e-01,1.625641126371980327e+00,1.050000000000000044e+00,7.244524059906289892e-01,1.142590144825575527e+00,4.175783974472087579e+01,1.422468848055416402e+00,2.520000000000000018e-01,9.941483047601143985e-01,1.011470026528376920e+00,1.000000000000000000e+00,1.061385124066959174e+00,9.593816044947995891e-01,9.846600667382185978e-01
1.800000000000000000e+02,1.250000000000000000e-01,2.133439177379651483e+03,1.497322104553875910e+01,2.814653342464489327e+01,4.748084516032551765e+05,1.230987636170172728e+01,6.495467667921995591e+00,2.101441970403233128e+01,1.835176654182301803e+00,2.212218568390125739e+01,7.311569844679230101e+00,1.002564485810862438e+00,4.867081222699858878e-01,0.000000000000000000e+00,0.000000000000000000e+00,1.000000000000000000e+00,7.500000000000000000e-01,2.500000000000000000e-01,1.050000000000000044e+00,1.000000000000000000e+00,2.314378821878381842e+01,0.000000000000000000e+00,1.075000000000000178e+00,1.946832489079943551e+00,8.521798129392330168e+01,1.021838151365224157e+00,1.424836493691719852e+02,0.000000000000000000e+00,0.000000000000000000e+00,1.000000000000000000e+00,1.000000000000000000e+00,8.864029693073326444e-01,4.553450488487120751e-01,6.057327385839785805e-01,1.005686912417411927e+00,8.815835587546725360e-01,1.000000000000000000e+00,1.000000000000000000e+00,1.000000000000000000e+00,8.540135855238784046e-01,8.351172721724380021e-02,8.351172721724380210e+01,5.669292281876431616e+01,9.661923493253701256e-01,1.017716184863477480e+00,9.692994764984357303e-01,8.624046590812897151e-01,1.006263346133213998e+00,4.945497897239950480e-01,9.981037498438459776e-01,1.069292281910932019e+01,0.000000000000000000e+00,1.800000000000000000e+01,5.669292281910932019e+01,3.450040253483166452e-10,1.000000000000000000e+02,0.000000000000000000e+00,0.000000000000000000e+00,2.264935664385879566e+00,2.136209445056438394e+00,2.555198643068380182e+00,1.189905565903570306e+01,4.691408088124818576e+00,7.207647570910884482e+00,9.064181765340079133e-02,2.999999999999999737e-04,2.902629786825006164e-01,-3.241368348500840713e-04,2.861564231505564138e+01,9.106900976974241502e-01,2.064914846464741327e+00,2.074844027443932593e+00,2.064914846464741327e+00,5.512697662447781966e+01,1.102539532489556372e+08,1.037422013721966323e+02,2.074844027443932593e+08,2.412050786559661475e+01,1.829896858622710454e+02,9.943544198405848134e-01,1.036854311834975917e+01,1.086616004830798232e+00,5.464788877514439314e-01,1.625272982790213927e+00,1.050000000000000044e+00,7.244102349257766083e-01,1.142740794092194978e+00,4.175586360862189395e+01,1.483649369171985200e+00,2.520000000000000018e-01,9.943544191084242589e-01,1.011031353801214783e+00,1.000000000000000000e+00,1.061299990023126361e+00,9.551051828895182894e-01,9.846600667382185978e-01
1.950000000000000000e+02,1.354166666666666574e-01,2.132858952688746740e+03,1.496467681458860888e+01,2.814044610276009806e+01,4.748064818267009687e+05,1.230716786082262715e+01,6.494005635434128898e+00,2.101316522433778999e+01,1.834751770714194707e+00,2.211652852159584626e+01,7.309700104595238557e+00,1.000090282404551667e+00,5.032388830033840410e-01,0.000000000000000000e+00,0.000000000000000000e+00,1.000000000000000000e+00,7.500000000000000000e-01,2.500000000000000000e-01,1.050000000000000044e+00,1.000000000000000000e+00,2.313786980872314203e+01,0.000000000000000000e+00,1.075000000000000178e+00,2.012955532013536164e+00,8.500767400438688526e+01,1.021838151365224157e+00,1.425262288731479430e+02,0.000000000000000000e+00,0.000000000000000000e+00,1.000000000000000000e+00,1.000000000000000000e+00,8.861747122818878220e-01,4.550076369101214713e-01,6.057281990580606346e-01,1.005680945485417643e+00,8.815821825226645148e-01,1.000000000000000000e+00,1.000000000000000000e+00,1.000000000000000000e+00,8.540135855238784046e-01,8.350921245833765882e-02,8.350921245833765738e+01,5.669260082658777122e+01,9.660491166249650652e-01,1.017716184863477480e+00,9.691935504617964492e-01,8.725009445954112763e-01,1.006128220583527577e+00,5.087429577159809924e-01,9.949022470356947423e-01,1.069260082693183733e+01,0.000000000000000000e+00,1.800000000000000000e+01,5.669260082693183733e+01,3.440661089371133130e-10,1.000000000000000000e+02,0.000000000000000000e+00,0.000000000000000000e+00,2.266390120783535966e+00,2.135224700975503875e+00,2.557498075010075755e+00,1.190225312785337053e+01,4.692722775985579631e+00,7.209530351867790898e+00,9.065430540197455533e-02,2.999999999999999737e-04,2.911079542265397890e-01,-2.219084228257551389e-04,2.860945353780609679e+01,9.100152738202429425e-01,2.064587289261478720e+00,2.074546228073400389e+00,2.064587289261478720e+00,5.512136104201046294e+01,1.102427220840209275e+08,1.037273114036700150e+02,2.074546228073400259e+08,2.411578833281292589e+01,1.829644607784933896e+02,9.945960458692683082e-01,1.036533540636160566e+01,1.086616004830798232e+00,5.465542301193966335e-01,1.625164988473516869e+00,1.050000000000000044e+00,7.243834022443198517e-01,1.142848002339821534e+00,4.175460622916882159e+01,1.526228873147942977e+00,2.520000000000000018e-01,9.945960451369298960e-01,1.010718571440475388e+00,1.000000000000000000e+00,1.061200219246488885e+00,9.521311096675759700e-01,9.846600667382185978e-01
2.100000000000000000e+02,1.458333333333333426e-01,2.132266082368737443e+03,1.495739730340676843e+01,2.813725726324376097e+01,4.748046139240395860e+05,1.230574647393705234e+01,6.493236267773498938e+00,2.101128013686758322e+01,1.834527279686685830e+00,2.211210518214701892e+01,7.308238153421472205e+00,9.975453038495956104e-01,5.148041162070032817e-01,0.000000000000000000e+00,0.000000000000000000e+00,1.000000000000000000e+00,7.500000000000000000e-01,2.500000000000000000e-01,1.050000000000000044e+00,1.000000000000000000e+00,2.313324219945857152e+01,0.000000000000000000e+00,1.075000000000000178e+00,2.059216464828013127e+00,8.479135082721562355e+01,1.021838151365224157e+00,1.425559567026465402e+02,0.000000000000000000e+00,0.000000000000000000e+00,1.000000000000000000e+00,1.000000000000000000e+00,8.859493307428646380e-01,4.546599630366104372e-01,6.057247261122128412e-01,1.005676278933301582e+00,8.815812186721625476e-01,1.000000000000000000e+00,1.000000000000000000e+00,1.000000000000000000e+00,8.540135855238784046e-01,8.350750670486939420e-02,8.350750670486939953e+01,5.669238242025454610e+01,9.659014387777018484e-01,1.017716184863477480e+00,9.690951981689776007e-01,8.792911132643405070e-01,1.005988719101289952e+00,5.186522342155134302e-01,9.926606681135823340e-01,1.069238242059787325e+01,0.000000000000000000e+00,1.800000000000000000e+01,5.669238242059787325e+01,3.433271444919228088e-10,1.000000000000000000e+02,0.000000000000000000e+00,0.000000000000000000e+00,2.267705721805413965e+00,2.134013391959563855e+00,2.559633652980981111e+00,1.190449251016532628e+01,4.693647044940544966e+00,7.210845465224781314e+00,9.066244494474669235e-02,2.999999999999999737e-04,2.919279311755671458e-01,-1.531558571038361266e-04,2.860621155096448831e+01,9.093199260732208744e-01,2.064331171309793600e+00,2.074313377852535112e+00,2.064331171309793600e+00,5.511676961158320154e+01,1.102335392231664062e+08,1.037156688926267663e+02,2.074313377852535248e+08,2.411219085321172528e+01,1.829446293574216895e+02,9.947850574172164562e-01,1.036307929873876077e+01,1.086616004830798232e+00,5.466134772649077211e-01,1.625120033536898934e+00,1.050000000000000044e+00,7.243652017164894374e-01,1.142923302720990630e+00,4.175375335243469266e+01,1.555956702646540180e+00,2.520000000000000018e-01,9.947850566847388221e-01,1.010498579536288632e+00,1.000000000000000000e+00,1.061122197122589927e+00,9.500557473774335904e-01,9.846600667382185978e-01
2.250000000000000000e+02,1.562500000000000000e-01,2.131661658676707248e+03,1.495097305195308479e+01,2.813549633426475083e+01,4.748028139704483328e+05,1.230496481586238033e+01,6.492815425166176269e+00,2.100942163269028029e+01,1.834405262239943379e+00,2.210916760107154744e+01,7.307267257981273190e+00,9.952714266504946172e-01,5.228984615261401681e-01,0.000000000000000000e+00,0.000000000000000000e+00,1.000000000000000000e+00,7.500000000000000000e-01,2.500000000000000000e-01,1.050000000000000044e+00,1.000000000000000000e+00,2.313016896088903351e+01,0.000000000000000000e+00,1.075000000000000178e+00,2.091593846104560672e+00,8.459807126529204879e+01,1.021838151365224157e+00,1.425767842179504612e+02,0.000000000000000000e+00,0.000000000000000000e+00,1.000000000000000000e+00,1.000000000000000000e+00,8.857517398183238910e-01,4.543487991825237993e-01,6.057223958977736578e-01,1.005673179345619062e+00,8.815805443548095921e-01,1.000000000000000000e+00,1.000000000000000000e+00,1.000000000000000000e+00,8.540135855238784046e-01,8.350629644730563073e-02,8.350629644730562973e+01,5.669222745769880589e+01,9.657691922854990674e-01,1.017716184863477480e+00,9.690117357814400645e-01,8.839145042046893108e-01,1.005863637266117827e+00,5.255947393168204362e-01,9.910935863123030432e-01,1.069222745804169250e+01,0.000000000000000000e+00,1.800000000000000000e+01,5.669222745804169250e+01,3.428866079957515467e-10,1.000000000000000000e+02,0.000000000000000000e+00,0.000000000000000000e+00,2.268805551466439141e+00,2.132846160106882216e+00,2.561446339277631878e+00,1.190605920940769735e+01,4.694292499384514095e+00,7.211766710023183258e+00,9.066782745736029492e-02,2.999999999999999737e-04,2.926407878111927374e-01,-1.063427120802963588e-04,2.860442127316916583e+01,9.086975983650475985e-01,2.064161080630352085e+00,2.074158739519301964e+00,2.064161080630352085e+00,5.511377972973452444e+01,1.102275594594690502e+08,1.037079369759650973e+02,2.074158739519301951e+08,2.410977430573984392e+01,1.829314910114394763e+02,9.949106224995362124e-01,1.036150328767025819e+01,1.086616004830798232e+00,5.466527356612786992e-01,1.625077983094107781e+00,1.050000000000000044e+00,7.243522881701410787e-01,1.142975853502981920e+00,4.175314822365280776e+01,1.576784217950461198e+00,2.520000000000000018e-01,9.949106217669662078e-01,1.010344903500416835e+00,1.000000000000000000e+00,1.061070376429909423e+00,9.486022503057327526e-01,9.846600667382185978e-01
2.400000000000000000e+02,1.666666666666666574e-01,2.131047508007143733e+03,1.494513420902565493e+01,2.813433300734154585e+01,4.748010664158692816e+05,1.230445102811519043e+01,6.492540696595576755e+00,2.100779368044842599e+01,1.834326308530396243e+00,2.210728547952959744e+01,7.306645200861476397e+00,9.933814438648399525e-01,5.285733381314382529e-01,0.000000000000000000e+00,0.000000000000000000e+00,1.000000000000000000e+00,7.500000000000000000e-01,2.500000000000000000e-01,1.050000000000000044e+00,1.000000000000000000e+00,2.312819992297427518e+01,0.000000000000000000e+00,1.075000000000000178e+00,2.114293352525753011e+00,8.443742272851139319e+01,1.021838151365224157e+00,1.425913931719772165e+02,0.000000000000000000e+00,0.000000000000000000e+00,1.000000000000000000e+00,1.000000000000000000e+00,8.855892272850680591e-01,4.540897896101891984e-01,6.057208754113617699e-01,1.005671193221441939e+00,8.815800724585440840e-01,1.000000000000000000e+00,1.000000000000000000e+00,1.000000000000000000e+00,8.540135855238784046e-01,8.350543007087528335e-02,8.350543007087527769e+01,5.669211652601790519e+01,9.656590564053475489e-01,1.017716184863477480e+00,9.689444451770913291e-01,8.870942587311915206e-01,1.005759354597683286e+00,5.304643906590721381e-01,9.899976819134712613e-01,1.069211652636047205e+01,0.000000000000000000e+00,1.800000000000000000e+01,5.669211652636047205e+01,3.425668637646595016e-10,1.000000000000000000e+02,0.000000000000000000e+00,0.000000000000000000e+00,2.269683785468711079e+00,2.131834811528668716e+00,2.562908079208271239e+00,1.190715561123122690e+01,4.694742890736939955e+00,7.212412720494286944e+00,9.067144126489373734e-02,2.999999999999999737e-04,2.932242937395601601e-01,-7.414685465573743473e-05,2.860323855746390365e+01,9.081795792203783968e-01,2.064052102610805406e+00,2.074059661900213403e+00,2.064052102610805406e+00,5.511193390123444402e+01,1.102238678024688810e+08,1.037029830950106657e+02,2.074059661900213361e+08,2.410819374600049869e+01,1.829231107422455977e+02,9.949910897190283876e-01,1.036040333001034952e+01,1.086616004830798232e+00,5.466777795010746566e-01,1.625036888351668152e+00,1.050000000000000044e+00,7.243430438633726709e-01,1.143012506077469848e+00,4.175271503543763885e+01,1.591393171977216525e+00,2.520000000000000018e-01,9.949910889863990970e-01,1.010237647189734966e+00,1.000000000000000000e+00,1.061037172381163796e+00,9.475829835065781026e-01,9.846600667382185978e-01
2.550000000000000000e+02,1.770833333333333426e-01,2.130425549385934119e+03,1.493969926492949440e+01,2.813347173058692263e+01,4.747993640181379742e+05,1.230407128034835651e+01,6.492338133198421346e+00,2.100642209629875623e+01,1.834268289409184627e+00,2.210603887030395853e+01,7.306233185947917264e+00,9.918777053412282108e-01,5.325528193694499812e-01,0.000000000000000000e+00,0.000000000000000000e+00,1.000000000000000000e+00,7.500000000000000000e-01,2.500000000000000000e-01,1.050000000000000044e+00,1.000000000000000000e+00,2.312689574533459691e+01,0.000000000000000000e+00,1.075000000000000178e+00,2.130211277477799925e+00,8.430960495400439925e+01,1.021838151365224157e+00,1.426016355220111791e+02,0.000000000000000000e+00,0.000000000000000000e+00,1.000000000000000000e+00,1.000000000000000000e+00,8.854607592921689418e-01,4.538834657253775218e-01,6.057198560143963739e-01,1.005669877639003840e+00,8.815797420553102004e-01,1.000000000000000000e+00,1.000000000000000000e+00,1.000000000000000000e+00,8.540135855238784046e-01,8.350481554792212047e-02,8.350481554792212080e+01,5.669203784190124651e+01,9.655712875308196663e-01,1.017716184863477480e+00,9.688919479727491346e-01,8.892942871276940942e-01,1.005676176272297218e+00,5.338785073370596601e-01,9.892307112052629581e-01,1.069203784224355047e+01,0.000000000000000000e+00,1.800000000000000000e+01,5.669203784224355047e+01,3.423039629524282645e-10,1.000000000000000000e+02,0.000000000000000000e+00,0.000000000000000000e+00,2.270364455972783801e+00,2.131009061518030379e+00,2.564048640379836819e+00,1.190792327109756243e+01,4.695057701897867197e+00,7.212865569199695237e+00,9.067389800955705237e-02,2.999999999999999737e-04,2.936841844070530172e-01,-5.187101269278193011e-05,2.860236292609670627e+01,9.077669314507550435e-01,2.063979921765057401e+00,2.073994038516357552e+00,2.063979921765057401e+00,5.511074254897353342e+01,1.102214850979470611e+08,1.036997019258178767e+02,2.073994038516357541e+08,2.410713244316715276e+01,1.829175769179585700e+02,9.950443939389287396e-01,1.035963437586379854e+01,1.086616004830798232e+00,5.466943182002218515e-01,1.625003328252611734e+00,1.050000000000000044e+00,7.243364868536291690e-01,1.143038117015737098e+00,4.175240777396106040e+01,1.601635522011179091e+00,2.520000000000000018e-01,9.950443932062601471e-01,1.010162666862901570e+00,1.000000000000000000e+00,1.061015178938980785e+00,9.468684992263955991e-01,9.846600667382185978e-01
2.700000000000000000e+02,1.875000000000000000e-01,2.129797516851765067e+03,1.493454418679558948e+01,2.813282766202488716e+01,4.747977021799555514e+05,1.230378711030505201e+01,6.492186425774931102e+00,2.100528759776000243e+01,1.834224796026239002e+00,2.210517432360010659e+01,7.305947445935627726e+00,9.907155835392104093e-01,5.353407671092893505e-01,0.000000000000000000e+00,0.000000000000000000e+00,1.000000000000000000e+00,7.500000000000000000e-01,2.500000000000000000e-01,1.050000000000000044e+00,1.000000000000000000e+00,2.312599127386396347e+01,0.000000000000000000e+00,1.075000000000000178e+00,2.141363068437157402e+00,8.421082460083287913e+01,1.021838151365224157e+00,1.426088061485552601e+02,0.000000000000000000e+00,0.000000000000000000e+00,1.000000000000000000e+00,1.000000000000000000e+00,8.853619032103617892e-01,4.537238640993400685e-01,6.057191475582602846e-01,1.005668965216983457e+00,8.815795107882082871e-01,1.000000000000000000e+00,1.000000000000000000e+00,1.000000000000000000e+00,8.540135855238784046e-01,8.350438462075669699e-02,8.350438462075669577e+01,5.669198266556777810e+01,9.655033721122017187e-01,1.017716184863477480e+00,9.688519234963200999e-01,8.908211601173633420e-01,1.005611767961880565e+00,5.362687161850866469e-01,9.886939748028374941e-01,1.069198266590994706e+01,0.000000000000000000e+00,1.800000000000000000e+01,5.669198266590994706e+01,3.421689598326338455e-10,1.000000000000000000e+02,0.000000000000000000e+00,0.000000000000000000e+00,2.270880966040989879e+00,2.130359675464325697e+00,2.564918320752987313e+00,1.190846059893589093e+01,4.695277996217313010e+00,7.213182602718577918e+00,9.067558277515617993e-02,2.999999999999999737e-04,2.940373547119974340e-01,-3.641105280884852219e-05,2.860170812305863564e+01,9.074477281986801369e-01,2.063929862974993590e+00,2.073948527450608204e+00,2.063929862974993590e+00,5.510991994983368869e+01,1.102198398996673822e+08,1.036974263725304155e+02,2.073948527450608313e+08,2.410639473384997800e+01,1.829137410562140644e+02,9.950813648500097530e-01,1.035909623169064453e+01,1.086616004830798232e+00,5.467057828600609959e-01,1.624979289343079003e+00,1.050000000000000044e+00,7.243318888258289956e-01,1.143056034680475452e+00,4.175219231037834078e+01,1.608806148555260052e+00,2.520000000000000018e-01,9.950813641173139601e-01,1.010110192698912224e+00,1.000000000000000000e+00,1.060999925615461636e+00,9.463683528384034815e-01,9.846600667382185978e-01
2.850000000000000000e+02,1.979166666666666574e-01,2.129164864057031537e+03,1.492958347323181734e+01,2.813236315674460997e+01,4.747960772226939443e+05,1.230358193641816023e+01,6.492076726896296002e+00,2.100436402563312299e+01,1.834193286392391764e+00,2.210456025212375408e+01,7.305744490108697420e+00,9.898358016139795490e-01,5.372903472163126359e-01,0.000000000000000000e+00,0.000000000000000000e+00,1.000000000000000000e+00,7.500000000000000000e-01,2.500000000000000000e-01,1.050000000000000044e+00,1.000000000000000000e+00,2.312534884456682960e+01,0.000000000000000000e+00,1.075000000000000178e+00,2.149161388865250544e+00,8.413604313718826688e+01,1.021838151365224157e+00,1.426138155745968561e+02,0.000000000000000000e+00,0.000000000000000000e+00,1.000000000000000000e+00,1.000000000000000000e+00,8.852872981351452841e-01,4.536029508346069439e-01,6.057186461541477218e-01,1.005668317120106181e+00,8.815793491596559672e-01,1.000000000000000000e+00,1.000000000000000000e+00,1.000000000000000000e+00,8.540135855238784046e-01,8.350408465403875991e-02,8.350408465403876335e+01,5.669194425753742195e+01,9.654519070602838315e-01,1.017716184863477480e+00,9.688219250729944720e-01,8.918818883830714750e-01,1.005562934339543579e+00,5.379385248656186613e-01,9.883188827315473324e-01,1.069194425787948433e+01,0.000000000000000000e+00,1.800000000000000000e+01,5.669194425787948433e+01,3.420623784222698305e-10,1.000000000000000000e+02,0.000000000000000000e+00,0.000000000000000000e+00,2.271266716350580861e+00,2.129861824933358516e+00,2.565570206570224610e+00,1.190883612857660800e+01,4.695432031503583126e+00,7.213404097073024879e+00,9.067674362960630174e-02,2.999999999999999737e-04,2.943034902196437486e-01,-2.567092824565155723e-05,2.860123587602368644e+01,9.072059016692138878e-01,2.063894307130718975e+00,2.073916201771705659e+00,2.063894307130718975e+00,5.510933096755829297e+01,1.102186619351165891e+08,1.036958100885852900e+02,2.073916201771705747e+08,2.410587292764392942e+01,1.829110139837875124e+02,9.951076263145622880e-01,1.035871992057002267e+01,1.086616004830798232e+00,5.467139338523572256e-01,1.624963143026670442e+00,1.050000000000000044e+00,7.243286881566237678e-01,1.143068561196149080e+00,4.175204232701938167e+01,1.613815574596856095e+00,2.520000000000000018e-01,9.951076255818471772e-01,1.010073498793375935e+00,1.000000000000000000e+00,1.060989091233073500e+00,9.460189785758519321e-01,9.846600667382185978e-01
3.000000000000000000e+02,2.083333333333333426e-01,2.128528754636179201e+03,1.492475777142353266e+01,2.813203854406536308e+01,4.747944860879310872e+05,1.230343844719923219e+01,6.491999930349662939e+00,2.100362487371972620e+01,1.834171198286012716e+00,2.210412435559041455e+01,7.305600422610392108e+00,9.891801104092660113e-01,5.386505587548048313e-01,0.000000000000000000e+00,0.000000000000000000e+00,1.000000000000000000e+00,7.500000000000000000e-01,2.500000000000000000e-01,1.050000000000000044e+00,1.000000000000000000e+00,2.312489281833158117e+01,0.000000000000000000e+00,1.075000000000000178e+00,2.154602235019219325e+00,8.408030938478761129e+01,1.021838151365224157e+00,1.426173065744274879e+02,0.000000000000000000e+00,0.000000000000000000e+00,1.000000000000000000e+00,1.000000000000000000e+00,8.852318316357049577e-01,4.535127866534722774e-01,6.057182916327710220e-01,1.005667857060449144e+00,8.815792364726754426e-01,1.000000000000000000e+00,1.000000000000000000e+00,1.000000000000000000e+00,8.540135855238784046e-01,8.350387644480036786e-02,8.350387644480036897e+01,5.669191759822399490e+01,9.654135227849993672e-01,1.017716184863477480e+00,9.687997422004439585e-01,8.926185642963648803e-01,1.005526497959603915e+00,5.391021914758292732e-01,9.880573749406568185e-01,1.069191759856598622e+01,0.000000000000000000e+00,1.800000000000000000e+01,5.669191759856598622e+01,3.419913241486938205e-10,1.000000000000000000e+02,0.000000000000000000e+00,0.000000000000000000e+00,2.271551166624395268e+00,2.129487196088677425e+00,2.566052287599160042e+00,1.190909794708120728e+01,4.695539483687837468e+00,7.213558463393369813e+00,9.067754490174817494e-02,2.999999999999999737e-04,2.945011209747647740e-01,-1.821191367289923951e-05,2.860090585313311706e+01,9.070255733069445547e-01,2.063869067929001488e+00,2.073893255492416987e+00,2.063869067929001488e+00,5.510890924907637611e+01,1.102178184981527478e+08,1.036946627746208520e+02,2.073893255492416918e+08,2.410550420389772341e+01,1.829090762275949373e+02,9.951262687885457092e-01,1.035845739955518141e+01,1.086616004830798232e+00,5.467197257918976483e-01,1.624952403086089125e+00,1.050000000000000044e+00,7.243264665471657038e-01,1.143077298506902206e+00,4.175193822240017738e+01,1.617306574427487931e+00,2.520000000000000018e-01,9.951262680558168316e-01,1.010047900503046714e+00,1.000000000000000000e+00,1.060981400368012917e+00,9.457755189887677716e-01,9.846600667382185978e-01
3.150000000000000000e+02,2.187500000000000000e-01,2.127890093041291038e+03,1.492002577646546690e+01,2.813181549638932566e+01,4.747929263804053189e+05,1.230333982374811441e+01,6.491947124169986871e+00,2.100304252601043586e+01,1.834156001645379508e+00,2.210381779253306789e+01,7.305499100921945654e+00,9.886974456855971427e-01,5.395971597826080268e-01,0.000000000000000000e+00,0.000000000000000000e+00,1.000000000000000000e+00,7.500000000000000000e-01,2.500000000000000000e-01,1.050000000000000044e+00,1.000000000000000000e+00,2.312457209819224602e+01,0.000000000000000000e+00,1.075000000000000178e+00,2.158388639130432107e+00,8.403928288327576013e+01,1.021838151365224157e+00,1.426197330300715578e+02,0.000000000000000000e+00,0.000000000000000000e+00,1.000000000000000000e+00,1.000000000000000000e+00,8.851910840743422160e-01,4.534463886290431844e-01,6.057180429190869297e-01,1.005667533498504351e+00,8.815791581257150789e-01,1.000000000000000000e+00,1.000000000000000000e+00,1.000000000000000000e+00,8.540135855238784046e-01,8.350373210364733789e-02,8.350373210364733723e+01,5.669189911664236092e+01,9.653852522237780232e-01,1.017716184863477480e+00,9.687835172220613522e-01,8.931295970635897419e-01,1.005499654011807964e+00,5.399110100238525556e-01,9.878755617366247188e-01,1.069189911698429540e+01,0.000000000000000000e+00,1.800000000000000000e+01,5.669189911698429540e+01,3.419344807298330124e-10,1.000000000000000000e+02,0.000000000000000000e+00,0.000000000000000000e+00,2.271758742988143176e+00,2.129209309454664911e+00,2.566404908341068491e+00,1.190927997963679807e+01,4.695614217795733403e+00,7.213665761841064672e+00,9.067809797007048145e-02,2.999999999999999737e-04,2.946461653529253155e-01,-1.303758990107897059e-05,2.860067908799581105e+01,9.068927772580863689e-01,2.063851317366939053e+00,2.073877117527353597e+00,2.063851317366939053e+00,5.510861104878906502e+01,1.102172220975781232e+08,1.036938558763676781e+02,2.073877117527353466e+08,2.410524562654277503e+01,1.829077125516995181e+02,9.951393803426704654e-01,1.035827480702636905e+01,1.086616004830798232e+00,5.467238018830651303e-01,1.624945169043112037e+00,1.050000000000000044e+00,7.243249264153580613e-01,1.143083374933708374e+00,4.175186605182366861e+01,1.619733030071557778e+00,2.520000000000000018e-01,9.951393796099319289e-01,1.010030095998644128e+00,1.000000000000000000e+00,1.060975991377483663e+00,9.456063068984779107e-01,9.846600667382185978e-01
3.300000000000000000e+02,2.291666666666666574e-01,2.127249567262673281e+03,1.491535874732189271e+01,2.813166301561561511e+01,4.747913962730424246e+05,1.230327240564147395e+01,6.491911028325422883e+00,2.100258982444921685e+01,1.834145614476136554e+00,2.210360452963566757e+01,7.305428615727042718e+00,9.883456871624181073e-01,5.402541049298780207e-01,0.000000000000000000e+00,0.000000000000000000e+00,1.000000000000000000e+00,7.500000000000000000e-01,2.500000000000000000e-01,1.050000000000000044e+00,1.000000000000000000e+00,2.312434898681424400e+01,0.000000000000000000e+00,1.075000000000000178e+00,2.161016419719512083e+00,8.400938340880553312e+01,1.021838151365224157e+00,1.426214148315157786e+02,0.000000000000000000e+00,0.000000000000000000e+00,1.000000000000000000e+00,1.000000000000000000e+00,8.851614392623444738e-01,4.533979844892642719e-01,6.057178700316959707e-01,1.005667308407705463e+00,8.815791038175642136e-01,1.000000000000000000e+00,1.000000000000000000e+00,1.000000000000000000e+00,8.540135855238784046e-01,8.350363214513731314e-02,8.350363214513731691e+01,5.669188631785753074e+01,9.653646409059903899e-01,1.017716184863477480e+00,9.687717565427539368e-01,8.934834691302945275e-01,1.005480078500894159e+00,5.404716105052594921e-01,9.877495368627782213e-01,1.069188631819940127e+01,0.000000000000000000e+00,1.800000000000000000e+01,5.669188631819940127e+01,3.418705318836146034e-10,1.000000000000000000e+02,0.000000000000000000e+00,0.000000000000000000e+00,2.271908915358800574e+00,2.129005512687695667e+00,2.566660514778086100e+00,1.190940616010992414e+01,4.695666027465781767e+00,7.213740132644142378e+00,9.067847929325062450e-02,2.999999999999999737e-04,2.947515994192855260e-01,-9.454554967333259063e-06,2.860052406587587726e+01,9.067959689785285438e-01,2.063838969053070738e+00,2.073865891028868091e+00,2.063838969053070738e+00,5.510840325405216333e+01,1.102168065081043243e+08,1.036932945514434010e+02,2.073865891028867960e+08,2.410506590679384331e+01,1.829067637122894041e+02,9.951485017030932134e-01,1.035814822104372368e+01,1.086616004830798232e+00,5.467266380443921436e-01,1.624940204902526331e+00,1.050000000000000044e+00,7.243238598499498471e-01,1.143087587213778233e+00,4.175181607256865846e+01,1.621414831515778587e+00,2.520000000000000018e-01,9.951485009703480156e-01,1.010017752664007284e+00,1.000000000000000000e+00,1.060972228544462936e+00,9.454890276310514707e-01,9.846600667382185978e-01
3.450000000000000000e+02,2.395833333333333426e-01,2.126607691677283128e+03,1.491073666271054066e+01,2.813155828725971119e+01,4.747898943710411550e+05,1.230322610524609850e+01,6.491886242174503607e+00,2.100224173407550765e+01,1.834138483054615909e+00,2.210345713245922994e+01,7.305379899711102354e+00,9.880915019669636035e-01,5.407087629436343468e-01,0.000000000000000000e+00,0.000000000000000000e+00,1.000000000000000000e+00,7.500000000000000000e-01,2.500000000000000000e-01,1.050000000000000044e+00,1.000000000000000000e+00,2.312419478283619867e+01,0.000000000000000000e+00,1.075000000000000178e+00,2.162835051774537387e+00,8.398777766719190652e+01,1.021838151365224157e+00,1.426225772597541663e+02,0.000000000000000000e+00,0.000000000000000000e+00,1.000000000000000000e+00,1.000000000000000000e+00,8.851400499031929492e-01,4.533629995344610197e-01,6.057177505383470884e-01,1.005667152834448519e+00,8.815790662807628797e-01,1.000000000000000000e+00,1.000000000000000000e+00,1.000000000000000000e+00,8.540135855238784046e-01,8.350356305851404370e-02,8.350356305851404670e+01,5.669187747193907256e+01,9.653497426126876890e-01,1.017716184863477480e+00,9.687632975379850686e-01,8.937279999172077494e-01,1.005465926652733266e+00,5.408590865847221485e-01,9.876624332189684052e-01,1.069187747228092888e+01,0.000000000000000000e+00,1.800000000000000000e+01,5.669187747228092888e+01,3.418563210288994014e-10,1.000000000000000000e+02,0.000000000000000000e+00,0.000000000000000000e+00,2.272016751503667997e+00,2.128857469905785393e+00,2.566844367455925813e+00,1.190949337377767314e+01,4.695701837361711206e+00,7.213791536415961936e+00,9.067874180736244794e-02,2.999999999999999737e-04,2.948276159522578155e-01,-6.978625655269278527e-06,2.860041759204737488e+01,9.067259990689220395e-01,2.063830434484677845e+00,2.073858131806008753e+00,2.063830434484677845e+00,5.510825963573019237e+01,1.102165192714603841e+08,1.036929065903004386e+02,2.073858131806008816e+08,2.410494169326626945e+01,1.829061079192969146e+02,9.951548060540938989e-01,1.035806072564433400e+01,1.086616004830798232e+00,5.467285982823639756e-01,1.624936773062008344e+00,1.050000000000000044e+00,7.243231226900772590e-01,1.143090498557910006e+00,4.175178152925702335e+01,1.622577259754166334e+00,2.520000000000000018e-01,9.951548053213440381e-01,1.010009221032216020e+00,1.000000000000000000e+00,1.060969627839703389e+00,9.454079681136011715e-01,9.846600667382185978e-01
3.600000000000000000e+02,2.500000000000000000e-01,2.125964846232866421e+03,1.490614559102947112e+01,2.813148629678234158e+01,4.747884195911348797e+05,1.230319427801311605e+01,6.491869203866129645e+00,2.100197634326059770e+01,1.834133580805433983e+00,2.210335538877821904e+01,7.305346272562292853e+00,9.879091560005358597e-01,5.410225957257615015e-01,0.000000000000000000e+00,0.000000000000000000e+00,1.000000000000000000e+00,7.500000000000000000e-01,2.500000000000000000e-01,1.050000000000000044e+00,1.000000000000000000e+00,2.312408834063199947e+01,0.000000000000000000e+00,1.075000000000000178e+00,2.164090382903046006e+00,8.397227826004554174e+01,1.021838151365224157e+00,1.426233786091740399e+02,0.000000000000000000e+00,0.000000000000000000e+00,1.000000000000000000e+00,1.000000000000000000e+00,8.851247261068294625e-01,4.533378983406060048e-01,6.057176680779171596e-01,1.005667045446502428e+00,8.815790404029483218e-01,1.000000000000000000e+00,1.000000000000000000e+00,1.000000000000000000e+00,8.540135855238784046e-01,8.350351544678587257e-02,8.350351544678586890e+01,5.669187137568707868e+01,9.653390527382536002e-01,1.017716184863477480e+00,9.687572536399368106e-01,8.938966105486602087e-01,1.005455771202639959e+00,5.411262030580132887e-01,9.876023849871736759e-01,1.069187137602892079e+01,0.000000000000000000e+00,1.800000000000000000e+01,5.669187137602892079e+01,3.418421101741841994e-10,1.000000000000000000e+02,0.000000000000000000e+00,0.000000000000000000e+00,2.272093691112816227e+00,2.128750794317438189e+00,2.566975731326013754e+00,1.190955349876395353e+01,4.695726525643451943e+00,7.213826973120501584e+00,9.067892225304013953e-02,2.999999999999999737e-04,2.948820402131975271e-01,-5.271405196624785738e-06,2.860034440172871228e+01,9.066757966812120095e-01,2.063824543337463790e+00,2.073852775855705932e+00,2.063824543337463790e+00,5.510816044137102665e+01,1.102163208827420473e+08,1.036926387927853028e+02,2.073852775855706036e+08,2.410485597985554662e+01,1.829056552140118583e+02,9.951591577990992477e-01,1.035800040331389482e+01,1.086616004830798232e+00,5.467299514768600988e-01,1.624934415601049231e+00,1.050000000000000044e+00,7.243226146690769918e-01,1.143092505664107250e+00,4.175175772339293445e+01,1.623378609174039866e+00,2.520000000000000018e-01,9.951591570663461672e-01,1.010003339032526037e+00,1.000000000000000000e+00,1.060967832647775388e+00,9.453520884465831386e-01,9.846600667382185978e-01
3.750000000000000000e+02,2.604166666666666852e-01,2.125321308475446585e+03,1.490157588391619825e+01,2.813143691381872102e+01,4.747869710540320957e+05,1.230317244520471398e+01,6.491857515677438961e+00,2.100177545945370028e+01,1.834130217809611496e+00,2.210328534909534071e+01,7.305323123853544764e+00,9.877791517299356894e-01,5.412386213590348882e-01,0.000000000000000000e+00,0.000000000000000000e+00,1.000000000000000000e+00,7.500000000000000000e-01,2.500000000000000000e-01,1.050000000000000044e+00,1.000000000000000000e+00,2.312401506651656291e+01,0.000000000000000000e+00,1.075000000000000178e+00,2.164954485436139553e+00,8.396122789704453737e+01,1.021838151365224157e+00,1.426239295113331877e+02,0.000000000000000000e+00,0.000000000000000000e+00,1.000000000000000000e+00,1.000000000000000000e+00,8.851138140417881273e-01,4.533200003657332777e-01,6.057176113285721586e-01,1.005666971521073538e+00,8.815790226121686946e-01,1.000000000000000000e+00,1.000000000000000000e+00,1.000000000000000000e+00,8.540135855238784046e-01,8.350348272550216222e-02,8.350348272550216677e+01,5.669186718602210107e+01,9.653314302178200856e-01,1.017716184863477480e+00,9.687529600070825531e-01,8.940125879594347236e-01,1.005448529162902727e+00,5.413098371110626195e-01,9.875611026896643496e-01,1.069186718636391475e+01,0.000000000000000000e+00,1.800000000000000000e+01,5.669186718636391475e+01,3.418136884647537954e-10,1.000000000000000000e+02,0.000000000000000000e+00,0.000000000000000000e+00,2.272148281736052766e+00,2.128674444835684465e+00,2.567069054498769543e+00,1.190959483419284837e+01,4.695743499334454008e+00,7.213851334858394360e+00,9.067904603309936973e-02,2.999999999999999737e-04,2.949207727627167763e-01,-4.097107984183008533e-06,2.860029419571570131e+01,9.066400007314665555e-01,2.063820487910152490e+00,2.073849088854455402e+00,2.063820487910152490e+00,5.510809211478088088e+01,1.102161842295617610e+08,1.036924544427227630e+02,2.073849088854455352e+08,2.410479699464714187e+01,1.829053435521507822e+02,9.951621535345270830e-01,1.035795893016207003e+01,1.086616004830798232e+00,5.467308830782604545e-01,1.624932800941101929e+00,1.050000000000000044e+00,7.243222655303263036e-01,1.143093885565983570e+00,4.175174136275108339e+01,1.623929511333187747e+00,2.520000000000000018e-01,9.951621528017717822e-01,1.009999295006633657e+00,1.000000000000000000e+00,1.060966596846377952e+00,9.453136733225733224e-01,9.846600667382185978e-01
3.900000000000000000e+02,2.708333333333333148e-01,2.124677279181387348e+03,1.489702086251134538e+01,2.813140304422811511e+01,4.747855480232087430e+05,1.230315746980646274e+01,6.491849497747513631e+00,2.100162435893151169e+01,1.834127910549073093e+00,2.210323724276506852e+01,7.305307224303708935e+00,9.876869802769122630e-01,5.413868934188561521e-01,0.000000000000000000e+00,0.000000000000000000e+00,1.000000000000000000e+00,7.500000000000000000e-01,2.500000000000000000e-01,1.050000000000000044e+00,1.000000000000000000e+00,2.312396473863596214e+01,0.000000000000000000e+00,1.075000000000000178e+00,2.165547573675424609e+00,8.395339332353754003e+01,1.021838151365224157e+00,1.426243071544714383e+02,0.000000000000000000e+00,0.000000000000000000e+00,1.000000000000000000e+00,1.000000000000000000e+00,8.851060859799649849e-01,4.533073099193762334e-01,6.057175723665789713e-01,1.005666920745714288e+00,8.815790104160036167e-01,1.000000000000000000e+00,1.000000000000000000e+00,1.000000000000000000e+00,8.540135855238784046e-01,8.350346030494282257e-02,8.350346030494281990e+01,5.669186431527185732e+01,9.653260253718380923e-01,1.017716184863477480e+00,9.687499256652771784e-01,8.940921504676255793e-01,1.005443393801062735e+00,5.414357181571460842e-01,9.875328023818915613e-01,1.069186431561367812e+01,0.000000000000000000e+00,1.800000000000000000e+01,5.669186431561367812e+01,3.418207938921113964e-10,1.000000000000000000e+02,0.000000000000000000e+00,0.000000000000000000e+00,2.272186818486134019e+00,2.128620128766777864e+00,2.567135007291732496e+00,1.190962317099337753e+01,4.695755136058510359e+00,7.213868034934867168e+00,9.067913074375127946e-02,2.999999999999999737e-04,2.949481888055984768e-01,-3.291519840368552219e-06,2.860025976163191430e+01,9.066146198387524668e-01,2.063817702464471715e+00,2.073846556459981727e+00,2.063817702464471715e+00,5.510804514365160145e+01,1.102160902873032093e+08,1.036923278229990899e+02,2.073846556459981799e+08,2.410475650016432425e+01,1.829051294668149978e+02,9.951642111479117592e-01,1.035793049708308011e+01,1.086616004830798232e+00,5.467315230114597746e-01,1.624931700153142922e+00,1.050000000000000044e+00,7.243220263011398430e-01,1.143094831579732684e+00,4.175173015247140995e+01,1.624307154471438253e+00,2.520000000000000018e-01,9.951642104151550150e-01,1.009996522511596106e+00,1.000000000000000000e+00,1.060965748042264289e+00,9.452873399468586513e-01,9.846600667382185978e-01
4.050000000000000000e+02,2.812500000000000000e-01,2.124032902775292769e+03,1.489247590041073366e+01,2.813137989322598287e+01,4.747841498649380519e+05,1.230314723163609969e+01,6.491844014728498813e+00,2.100151130651200049e+01,1.834126332215306521e+00,2.210320418538467635e+01,7.305296298559342816e+00,9.876219606257237160e-01,5.414884050712723829e-01,0.000000000000000000e+00,0.000000000000000000e+00,1.000000000000000000e+00,7.500000000000000000e-01,2.500000000000000000e-01,1.050000000000000044e+00,1.000000000000000000e+00,2.312393015466573942e+01,0.000000000000000000e+00,1.075000000000000178e+00,2.165953620285089531e+00,8.394786665318650876e+01,1.021838151365224157e+00,1.426245653831618370e+02,0.000000000000000000e+00,0.000000000000000000e+00,1.000000000000000000e+00,1.000000000000000000e+00,8.851006398439451583e-01,4.532983573171202041e-01,6.057175456205574626e-01,1.005666885854188175e+00,8.815790020753708767e-01,1.000000000000000000e+00,1.000000000000000000e+00,1.000000000000000000e+00,8.540135855238784046e-01,8.350344499058247327e-02,8.350344499058248005e+01,5.669186235440626831e+01,9.653222123963861590e-01,1.017716184863477480e+00,9.687477913525215367e-01,8.941466026021747115e-01,1.005439770789474663e+00,5.415217943872789874e-01,9.875134483436789345e-01,1.069186235474807489e+01,0.000000000000000000e+00,1.800000000000000000e+01,5.669186235474807489e+01,3.418065830373961944e-10,1.000000000000000000e+02,0.000000000000000000e+00,0.000000000000000000e+00,2.272213897836779406e+00,2.128581697453718391e+00,2.567181397854825242e+00,1.190964254977858694e+01,4.695763095308543633e+00,7.213879454470043306e+00,9.067918860088078348e-02,2.999999999999999737e-04,2.949675000180458362e-01,-2.740179849422888503e-06,2.860023622477974925e+01,9.065967146342404082e-01,2.063815788380836569e+00,2.073844816266354307e+00,2.063815788380836569e+00,5.510801279530808472e+01,1.102160255906161666e+08,1.036922408133177100e+02,2.073844816266354322e+08,2.410472870628034414e+01,1.829049823149061638e+02,9.951656250897257250e-01,1.035791104944107666e+01,1.086616004830798232e+00,5.467319628714691904e-01,1.624930957964475287e+00,1.050000000000000044e+00,7.243218628956729077e-01,1.143095478625943073e+00,4.175172249529123292e+01,1.624565383161836962e+00,2.520000000000000018e-01,9.951656243569678706e-01,1.009994626181938360e+00,1.000000000000000000e+00,1.060965164766154878e+00,9.452693335219564119e-01,9.846600667382185978e-01
4.200000000000000000e+02,2.916666666666666852e-01,2.123388282495848216e+03,1.488793780867631611e+01,2.813136419158018242e+01,4.747827760164451902e+05,1.230314028718910713e+01,6.491840295174033493e+00,2.100142712999164729e+01,1.834125261326180922e+00,2.210318153403930808e+01,7.305288812097738393e+00,9.875762934203975441e-01,5.415577494119374613e-01,0.000000000000000000e+00,0.000000000000000000e+00,1.000000000000000000e+00,7.500000000000000000e-01,2.500000000000000000e-01,1.050000000000000044e+00,1.000000000000000000e+00,2.312390645728124738e+01,0.000000000000000000e+00,1.075000000000000178e+00,2.166230997647749845e+00,8.394398494073378458e+01,1.021838151365224157e+00,1.426247415715553757e+02,0.000000000000000000e+00,0.000000000000000000e+00,1.000000000000000000e+00,1.000000000000000000e+00,8.850968181699386816e-01,4.532920691203167207e-01,6.057175273101241819e-01,1.005666861946034052e+00,8.815789963839906207e-01,1.000000000000000000e+00,1.000000000000000000e+00,1.000000000000000000e+00,8.540135855238784046e-01,8.350343455147075933e-02,8.350343455147076099e+01,5.669186101777225417e+01,9.653195341736946489e-01,1.017716184863477480e+00,9.687462962307091807e-01,8.941837909895534731e-01,1.005437225922619415e+00,5.415805238517918951e-01,9.875002416285659779e-01,1.069186101811405365e+01,0.000000000000000000e+00,1.800000000000000000e+01,5.669186101811405365e+01,3.417994776100385934e-10,1.000000000000000000e+02,0.000000000000000000e+00,0.000000000000000000e+00,2.272232850356152856e+00,2.128554631785801732e+00,2.567213895372837840e+00,1.190965577324080549e+01,4.695768527158639571e+00,7.213887246082165916e+00,9.067922803993047620e-02,2.999999999999999737e-04,2.949810450166849840e-01,-2.363639152422845890e-06,2.860022026143985130e+01,9.065841382406334414e-01,2.063814476825907906e+00,2.073843623863115049e+00,2.063814476825907906e+00,5.510799058793599414e+01,1.102159811758719832e+08,1.036921811931557471e+02,2.073843623863115013e+08,2.410470968090406174e+01,1.829048814619958137e+02,9.951665939433576025e-01,1.035789777721699245e+01,1.086616004830798232e+00,5.467322643369587620e-01,1.624930457807248541e+00,1.050000000000000044e+00,7.243217515095042858e-01,1.143095920205024818e+00,4.175171727573538050e+01,1.624741571555375685e+00,2.520000000000000018e-01,9.951665932105990819e-01,1.009993332014133660e+00,1.000000000000000000e+00,1.060964765097488272e+00,9.452570478483224292e-01,9.846600667382185978e-01
4.350000000000000000e+02,3.020833333333333148e-01,2.122743491480970533e+03,1.488340440561256450e+01,2.813135355552357098e+01,4.747814259661887772e+05,1.230313558334419710e+01,6.491837775884511608e+00,2.100136474485787730e+01,1.834124536065297573e+00,2.210316611308653378e+01,7.305283715342160811e+00,9.875443467122817509e-01,5.416049934996414184e-01,0.000000000000000000e+00,0.000000000000000000e+00,1.000000000000000000e+00,7.500000000000000000e-01,2.500000000000000000e-01,1.050000000000000044e+00,1.000000000000000000e+00,2.312389032418887425e+01,0.000000000000000000e+00,1.075000000000000178e+00,2.166419973998565673e+00,8.394126947054394350e+01,1.021838151365224157e+00,1.426248614651953801e+02,0.000000000000000000e+00,0.000000000000000000e+00,1.000000000000000000e+00,1.000000000000000000e+00,8.850941469966974173e-01,4.532876700616884080e-01,6.057175148456253044e-01,1.005666845669437315e+00,8.815789925110442127e-01,1.000000000000000000e+00,1.000000000000000000e+00,1.000000000000000000e+00,8.540135855238784046e-01,8.350342744855410171e-02,8.350342744855410615e+01,5.669186010830784994e+01,9.653176605412179256e-01,1.017716184863477480e+00,9.687452528895795778e-01,8.942091232368980513e-01,1.005435445546879469e+00,5.416204883984599983e-01,9.874912545588394597e-01,1.069186010864969205e+01,0.000000000000000000e+00,1.800000000000000000e+01,5.669186010864969205e+01,3.418421101741841994e-10,1.000000000000000000e+02,0.000000000000000000e+00,0.000000000000000000e+00,2.272246064891653372e+00,2.128535650352867847e+00,2.567236573196017169e+00,1.190966477171902227e+01,4.695772223548885016e+00,7.213892548170137253e+00,9.067925485246652872e-02,2.999999999999999737e-04,2.949905083043637966e-01,-2.107144515344459845e-06,2.860020944811562771e+01,9.065753401233768161e-01,2.063813583924117623e+00,2.073842812079357945e+00,2.063813583924117623e+00,5.510797546616625198e+01,1.102159509323325008e+08,1.036921406039678857e+02,2.073842812079357803e+08,2.410469672991794354e+01,1.829048128000520705e+02,9.951672535364614047e-01,1.035788874541282567e+01,1.086616004830798232e+00,5.467324695786874855e-01,1.624930117909794136e+00,1.050000000000000044e+00,7.243216757208078560e-01,1.143096220699762799e+00,4.175171372427704597e+01,1.624861465195380106e+00,2.520000000000000018e-01,9.951672528037024401e-01,1.009992451327513585e+00,1.000000000000000000e+00,1.060964493004378451e+00,9.452486876434047502e-01,9.846600667382185978e-01
4.500000000000000000e+02,3.125000000000000000e-01,2.122098581320506582e+03,1.487887419620664886e+01,2.813134632137392188e+01,4.747800992419656832e+05,1.230313238370803397e+01,6.491836062015937436e+00,2.100131869528279793e+01,1.834124042602247151e+00,2.210315563402463823e+01,7.305280251923398360e+00,9.875220867457090712e-01,5.416370856684487034e-01,0.000000000000000000e+00,0.000000000000000000e+00,1.000000000000000000e+00,7.500000000000000000e-01,2.500000000000000000e-01,1.050000000000000044e+00,1.000000000000000000e+00,2.312387936120389753e+01,0.000000000000000000e+00,1.075000000000000178e+00,2.166548342673794814e+00,8.393937737338526972e+01,1.021838151365224157e+00,1.426249428106283119e+02,0.000000000000000000e+00,0.000000000000000000e+00,1.000000000000000000e+00,1.000000000000000000e+00,8.850922872752468029e-01,4.532846048075490630e-01,6.057175063783061253e-01,1.005666834608929916e+00,8.815789898832264715e-01,1.000000000000000000e+00,1.000000000000000000e+00,1.000000000000000000e+00,8.540135855238784046e-01,8.350342263102521201e-02,8.350342263102521656e+01,5.669185949146680770e+01,9.653163549897310070e-01,1.017716184863477480e+00,9.687445275902319963e-01,8.942263291466363562e-01,1.005434204959183564e+00,5.416476035427706393e-01,9.874851567559789212e-01,1.069185949180860717e+01,0.000000000000000000e+00,1.800000000000000000e+01,5.669185949180860717e+01,3.417994776100385934e-10,1.000000000000000000e+02,0.000000000000000000e+00,0.000000000000000000e+00,2.272255244005383368e+00,2.128522393520519973e+00,2.567252338172002712e+00,1.190967087724169637e+01,4.695774731692522685e+00,7.213896145549173688e+00,9.067927303008661843e-02,2.999999999999999737e-04,2.949970941666193447e-01,-1.932930855281372873e-06,2.860020209339682040e+01,9.065692096150981261e-01,2.063812977166977980e+00,2.073842260444680452e+00,2.063812977166977980e+00,5.510796518338182892e+01,1.102159303667636514e+08,1.036921130222340253e+02,2.073842260444680452e+08,2.410468793253072661e+01,1.829047661381465844e+02,9.951677017529212410e-01,1.035788261697727819e+01,1.086616004830798232e+00,5.467326090588080501e-01,1.624929888346850371e+00,1.050000000000000044e+00,7.243216243173841162e-01,1.143096424596526717e+00,4.175171131551260828e+01,1.624942810628311918e+00,2.520000000000000018e-01,9.951677010201619433e-01,1.009991853746887491e+00,1.000000000000000000e+00,1.060964308107787524e+00,9.452430154198498968e-01,9.846600667382185978e-01
4.650000000000000000e+02,3.229166666666666852e-01,2.121453588322055111e+03,1.487434615509352653e+01,2.813134143015360422e+01,4.747787954006792861e+05,1.230313021976709464e+01,6.491834902494660220e+00,2.100128481524414781e+01,1.834123708594154634e+00,2.210314849742962195e+01,7.305277893218265817e+00,9.875066361168789442e-01,5.416588235091137626e-01,0.000000000000000000e+00,0.000000000000000000e+00,1.000000000000000000e+00,7.500000000000000000e-01,2.500000000000000000e-01,1.050000000000000044e+00,1.000000000000000000e+00,2.312387189504092433e+01,0.000000000000000000e+00,1.075000000000000178e+00,2.166635294036455051e+00,8.393806406993471114e+01,1.021838151365224157e+00,1.426249978454071936e+02,0.000000000000000000e+00,0.000000000000000000e+00,1.000000000000000000e+00,1.000000000000000000e+00,8.850909974214407061e-01,4.532824771881380221e-01,6.057175006196580114e-01,1.005666827076348246e+00,8.815789881050682952e-01,1.000000000000000000e+00,1.000000000000000000e+00,1.000000000000000000e+00,8.540135855238784046e-01,8.350341937644020773e-02,8.350341937644020618e+01,5.669185907474659558e+01,9.653154487909989534e-01,1.017716184863477480e+00,9.687440252456688272e-01,8.942379828141303610e-01,1.005433343844030381e+00,5.416659484690645732e-01,9.874810304824800378e-01,1.069185907508837374e+01,0.000000000000000000e+00,1.800000000000000000e+01,5.669185907508837374e+01,3.417781613279657904e-10,1.000000000000000000e+02,0.000000000000000000e+00,0.000000000000000000e+00,2.272261596834852959e+00,2.128513172157464162e+00,2.567263257060226955e+00,1.190967500864891804e+01,4.695776429217691117e+00,7.213898579431226921e+00,9.067928532272082065e-02,2.999999999999999737e-04,2.950016602253739961e-01,-1.814934882753832524e-06,2.860019712065616559e+01,9.065649543762760443e-01,2.063812563944874778e+00,2.073841884762835708e+00,2.063812563944874778e+00,5.510795816024253924e+01,1.102159163204850852e+08,1.036920942381417916e+02,2.073841884762835801e+08,2.410468195055760887e+01,1.829047343489419575e+02,9.951680070037033365e-01,1.035787846921560096e+01,1.086616004830798232e+00,5.467327040820169071e-01,1.624929736071331732e+00,1.050000000000000044e+00,7.243215895906975899e-01,1.143096562594715149e+00,4.175170968822009598e+01,1.624997845407193608e+00,2.520000000000000018e-01,9.951680062709438168e-01,1.009991449300760902e+00,1.000000000000000000e+00,1.060964182186933336e+00,9.452391778439785952e-01,9.846600667382185978e-01
4.800000000000000000e+02,3.333333333333333148e-01,2.120808538043420867e+03,1.486981957775738827e+01,2.813133816958886158e+01,4.747775140197885921e+05,1.230312877715939912e+01,6.491834129414663757e+00,2.100125996530426420e+01,1.834123485869953996e+00,2.210314364933288900e+01,7.305276290881209000e+00,9.874959442469710691e-01,5.416735243910142383e-01,0.000000000000000000e+00,0.000000000000000000e+00,1.000000000000000000e+00,7.500000000000000000e-01,2.500000000000000000e-01,1.050000000000000044e+00,1.000000000000000000e+00,2.312386682305908536e+01,0.000000000000000000e+00,1.075000000000000178e+00,2.166694097564056953e+00,8.393715526099254021e+01,1.021838151365224157e+00,1.426250350216605227e+02,0.000000000000000000e+00,0.000000000000000000e+00,1.000000000000000000e+00,1.000000000000000000e+00,8.850901054657640543e-01,4.532810048570773964e-01,6.057174967121959908e-01,1.005666821959244839e+00,8.815789869037446991e-01,1.000000000000000000e+00,1.000000000000000000e+00,1.000000000000000000e+00,8.540135855238784046e-01,8.350341718071208064e-02,8.350341718071207708e+01,5.669185879360342284e+01,9.653148216916351831e-01,1.017716184863477480e+00,9.687436783146095021e-01,8.942458635670446077e-01,1.005432747938887594e+00,5.416783405535076090e-01,9.874782427192856371e-01,1.069185879394520811e+01,0.000000000000000000e+00,1.800000000000000000e+01,5.669185879394520811e+01,3.417852667553233914e-10,1.000000000000000000e+02,0.000000000000000000e+00,0.000000000000000000e+00,2.272265981282606706e+00,2.128506778355695683e+00,2.567270797911433089e+00,1.190967779982738861e+01,4.695777576267128772e+00,7.213900223560259839e+00,9.067929362296756057e-02,2.999999999999999737e-04,2.950048166288263829e-01,-1.735140508978688656e-06,2.860019380574867753e+01,9.065620097141547928e-01,2.063812283231070133e+00,2.073841629551222088e+00,2.063812283231070133e+00,5.510795337753784651e+01,1.102159067550756931e+08,1.036920814775611035e+02,2.073841629551222026e+08,2.410467789222897395e+01,1.829047127473279488e+02,9.951682143695544935e-01,1.035787566649408475e+01,1.086616004830798232e+00,5.467327686528454800e-01,1.624929634975148307e+00,1.050000000000000044e+00,7.243215661621007495e-01,1.143096655842555709e+00,4.175170859035603854e+01,1.625035021660522716e+00,2.520000000000000018e-01,9.951682136367947518e-01,1.009991176008814495e+00,1.000000000000000000e+00,1.060964096645216959e+00,9.452365855450111098e-01,9.846600667382185978e-01
4.950000000000000000e+02,3.437500000000000000e-01,2.120163448301362678e+03,1.486529398640979061e+01,2.813133599551095898e+01,4.747762546927740914e+05,1.230312781560059676e+01,6.491833614373048178e+00,2.100124179979321681e+01,1.834123337578246860e+00,2.210314039292722654e+01,7.305275214611542722e+00,9.874885629462333281e-01,5.416834545895831132e-01,0.000000000000000000e+00,0.000000000000000000e+00,1.000000000000000000e+00,7.500000000000000000e-01,2.500000000000000000e-01,1.050000000000000044e+00,1.000000000000000000e+00,2.312386341627260933e+01,0.000000000000000000e+00,1.075000000000000178e+00,2.166733818358332453e+00,8.393652785042982600e+01,1.021838151365224157e+00,1.426250601057514871e+02,0.000000000000000000e+00,0.000000000000000000e+00,1.000000000000000000e+00,1.000000000000000000e+00,8.850894901023038663e-01,4.532799884036362581e-01,6.057174940851505207e-01,1.005666818522150230e+00,8.815789860932621291e-01,1.000000000000000000e+00,1.000000000000000000e+00,1.000000000000000000e+00,8.540135855238784046e-01,8.350341569768919558e-02,8.350341569768919214e+01,5.669185860371570129e+01,9.653143887599914263e-01,1.017716184863477480e+00,9.687434392599072464e-01,8.942511867017065574e-01,1.005432336540891258e+00,5.416867019171623943e-01,9.874763619636252043e-01,1.069185860405751498e+01,0.000000000000000000e+00,1.800000000000000000e+01,5.669185860405751498e+01,3.418136884647537954e-10,1.000000000000000000e+02,0.000000000000000000e+00,0.000000000000000000e+00,2.272269000462953770e+00,2.128502356045045563e+00,2.567275993979220683e+00,1.190967968291847434e+01,4.695778350024266246e+00,7.213901332894208096e+00,9.067929921862111220e-02,2.999999999999999737e-04,2.950069935162669132e-01,-1.681242588294842855e-06,2.860019159543614009e+01,9.065599768072725162e-01,2.063812094679134290e+00,2.073841458128787174e+00,2.063812094679134290e+00,5.510795017133867901e+01,1.102159003426773548e+08,1.036920729064393640e+02,2.073841458128787279e+08,2.410467516339614136e+01,1.829046982411741737e+02,9.951683536546411801e-01,1.035787377588107816e+01,1.086616004830798232e+00,5.467328120141680126e-01,1.624929565805620646e+00,1.050000000000000044e+00,7.243215503381263964e-01,1.143096718744050388e+00,4.175170784884459607e+01,1.625060105751487072e+00,2.520000000000000018e-01,9.951683529218813273e-01,1.009990991656104065e+00,1.000000000000000000e+00,1.060964039187914043e+00,9.452348364329061781e-01,9.846600667382185978e-01
5.100000000000000000e+02,3.541666666666666852e-01,2.119518331385208057e+03,1.486076906056504221e+01,2.813133451317660416e+01,4.747750170271353563e+05,1.230312716007145468e+01,6.491833263320837766e+00,2.100122856046272446e+01,1.834123236533259371e+00,2.210313821618151664e+01,7.305274495178637473e+00,9.874834808373879058e-01,5.416901459229488403e-01,0.000000000000000000e+00,0.000000000000000000e+00,1.000000000000000000e+00,7.500000000000000000e-01,2.500000000000000000e-01,1.050000000000000044e+00,1.000000000000000000e+00,2.312386113900478080e+01,0.000000000000000000e+00,1.075000000000000178e+00,2.166760583691795361e+00,8.393609587117796877e+01,1.021838151365224157e+00,1.426250769894286350e+02,0.000000000000000000e+00,0.000000000000000000e+00,1.000000000000000000e+00,1.000000000000000000e+00,8.850890666944887242e-01,4.532792885608812328e-01,6.057174923265851163e-01,1.005666816224622728e+00,8.815789855478334269e-01,1.000000000000000000e+00,1.000000000000000000e+00,1.000000000000000000e+00,8.540135855238784046e-01,8.350341469796898619e-02,8.350341469796899219e+01,5.669185847571053927e+01,9.653140906799017040e-01,1.017716184863477480e+00,9.687432749727362680e-01,8.942547735433070688e-01,1.005432053286118288e+00,5.416923298095449590e-01,9.874750963070317855e-01,1.069185847605236717e+01,0.000000000000000000e+00,1.800000000000000000e+01,5.669185847605236717e+01,3.418278993194689974e-10,1.000000000000000000e+02,0.000000000000000000e+00,0.000000000000000000e+00,2.272271074049753814e+00,2.128499305716791579e+00,2.567279564909693779e+00,1.190968095017801254e+01,4.695778870626485357e+00,7.213902079551527180e+00,9.067930298134682654e-02,2.999999999999999737e-04,2.950084908599399647e-01,-1.644925020557845563e-06,2.860019008839621435e+01,9.065585771217624655e-01,2.063811968641514394e+00,2.073841343541389381e+00,2.063811968641514394e+00,5.510794803460076707e+01,1.102158960692015290e+08,1.036920671770694753e+02,2.073841343541389406e+08,2.410467333632651332e+01,1.829046885479967273e+02,9.951684467598373995e-01,1.035787250383132729e+01,1.086616004830798232e+00,5.467328409887022289e-01,1.624929518272028028e+00,1.050000000000000044e+00,7.243215396710308562e-01,1.143096761065650391e+00,4.175170734898448899e+01,1.625076989428634988e+00,2.520000000000000018e-01,9.951684460270775467e-01,1.009990867619181332e+00,1.000000000000000000e+00,1.060964000780553418e+00,9.452336591354946194e-01,9.846600667382185978e-01
5.250000000000000000e+02,3.645833333333333148e-01,2.118873195772021063e+03,1.485624458396356928e+01,2.813133349753324097e+01,4.747738006422761246e+05,1.230312671058912244e+01,6.491833022371070960e+00,2.100121892850750882e+01,1.834123167092522655e+00,2.210313674008876106e+01,7.305274007317471785e+00,9.874799934444236094e-01,5.416946386098019373e-01,0.000000000000000000e+00,0.000000000000000000e+00,1.000000000000000000e+00,7.500000000000000000e-01,2.500000000000000000e-01,1.050000000000000044e+00,1.000000000000000000e+00,2.312385959474606167e+01,0.000000000000000000e+00,1.075000000000000178e+00,2.166778554439207749e+00,8.393579944277600191e+01,1.021838151365224157e+00,1.426250883119693924e+02,0.000000000000000000e+00,0.000000000000000000e+00,1.000000000000000000e+00,1.000000000000000000e+00,8.850887763284294163e-01,4.532788083204560281e-01,6.057174911368089498e-01,1.005666814666625219e+00,8.815789851819566536e-01,1.000000000000000000e+00,1.000000000000000000e+00,1.000000000000000000e+00,8.540135855238784046e-01,8.350341402918454170e-02,8.350341402918454037e+01,5.669185839007876382e+01,9.653138861335844867e-01,1.017716184863477480e+00,9.687431624356481752e-01,8.942571817788307342e-01,1.005431858912681387e+00,5.416961039897975061e-01,9.874742472638768920e-01,1.069185839042055619e+01,0.000000000000000000e+00,1.800000000000000000e+01,5.669185839042055619e+01,3.417923721826809924e-10,1.000000000000000000e+02,0.000000000000000000e+00,0.000000000000000000e+00,2.272272493611388278e+00,2.128497208964023280e+00,2.567282011006111198e+00,1.190968180026338885e+01,4.695779219970134477e+00,7.213902580293254374e+00,9.067930550449755656e-02,2.999999999999999737e-04,2.950095173947229199e-01,-1.620541101118692928e-06,2.860018905582546367e+01,9.065576166409120562e-01,2.063811883173002570e+00,2.073841265837491399e+00,2.063811883173002570e+00,5.510794657861291768e+01,1.102158931572258323e+08,1.036920632918745753e+02,2.073841265837491453e+08,2.410467210060303955e+01,1.829046819710905254e+02,9.951685098962556042e-01,1.035787165023800860e+01,1.086616004830798232e+00,5.467328606481804965e-01,1.624929487451730159e+00,1.050000000000000044e+00,7.243215325350462752e-01,1.143096789465023688e+00,4.175170701459227018e+01,1.625088311969392407e+00,2.520000000000000018e-01,9.951685091634956404e-01,1.009990784385732088e+00,1.000000000000000000e+00,1.060963974735788629e+00,9.452328696158165400e-01,9.846600667382185978e-01
5.400000000000000000e+02,3.750000000000000000e-01,2.118228047279147631e+03,1.485172041115472297e+01,2.813133282324476170e+01,4.747726051669589360e+05,1.230312641183301814e+01,6.491832861965519008e+00,2.100121193499030170e+01,1.834123120768307968e+00,2.210313572838289886e+01,7.305273672940109542e+00,9.874776127287877570e-01,5.416976362135517142e-01,0.000000000000000000e+00,0.000000000000000000e+00,1.000000000000000000e+00,7.500000000000000000e-01,2.500000000000000000e-01,1.050000000000000044e+00,1.000000000000000000e+00,2.312385853631962362e+01,0.000000000000000000e+00,1.075000000000000178e+00,2.166790544854206857e+00,8.393559708194696611e+01,1.021838151365224157e+00,1.426250958567873397e+02,0.000000000000000000e+00,0.000000000000000000e+00,1.000000000000000000e+00,1.000000000000000000e+00,8.850885782280283332e-01,4.532784804771992082e-01,6.057174903260097443e-01,1.005666813598782294e+00,8.815789849379789267e-01,1.000000000000000000e+00,1.000000000000000000e+00,1.000000000000000000e+00,8.540135855238784046e-01,8.350341358637572431e-02,8.350341358637572853e+01,5.669185833338107017e+01,9.653137464969042680e-01,1.017716184863477480e+00,9.687430857444664367e-01,8.942587885814522464e-01,1.005431726220468835e+00,5.416986189291131959e-01,9.874736810392912290e-01,1.069185833372288386e+01,0.000000000000000000e+00,1.800000000000000000e+01,5.669185833372288386e+01,3.418136884647537954e-10,1.000000000000000000e+02,0.000000000000000000e+00,0.000000000000000000e+00,2.272273460433121173e+00,2.128495775171014071e+00,2.567283677959414145e+00,1.190968236712579653e+01,4.695779453130428216e+00,7.213902913995368316e+00,9.067930718703792747e-02,2.999999999999999737e-04,2.950102175262929727e-01,-1.604271867793570505e-06,2.860018837029884153e+01,9.065569609543984164e-01,2.063811824593354327e+00,2.073841212579665694e+00,2.063811824593354327e+00,5.510794556872441774e+01,1.102158911374488324e+08,1.036920606289832847e+02,2.073841212579665780e+08,2.410467125917455888e+01,1.829046774568822684e+02,9.951685531696145004e-01,1.035787108052937810e+01,1.086616004830798232e+00,5.467328741419086313e-01,1.624929468734112259e+00,1.050000000000000044e+00,7.243215278102401733e-01,1.143096808419438837e+00,4.175170679318785716e+01,1.625095856787339699e+00,2.520000000000000018e-01,9.951685524368545366e-01,1.009990728833733975e+00,1.000000000000000000e+00,1.060963956884849235e+00,9.452323435164604604e-01,9.846600667382185978e-01
5.550000000000000000e+02,3.854166666666666852e-01,2.117582890021918047e+03,1.484719644026564644e+01,2.813133240199092100e+01,4.747714302376434789e+05,1.230312622526231436e+01,6.491832761840212740e+00,2.100120686948343618e+01,1.834123091866606936e+00,2.210313504999740886e+01,7.305273448727955810e+00,9.874759916853986796e-01,5.416996329045460357e-01,0.000000000000000000e+00,0.000000000000000000e+00,1.000000000000000000e+00,7.500000000000000000e-01,2.500000000000000000e-01,1.050000000000000044e+00,1.000000000000000000e+00,2.312385782660629019e+01,0.000000000000000000e+00,1.075000000000000178e+00,2.166798531618184143e+00,8.393545929325888721e+01,1.021838151365224157e+00,1.426251008762183687e+02,0.000000000000000000e+00,0.000000000000000000e+00,1.000000000000000000e+00,1.000000000000000000e+00,8.850884434221701902e-01,4.532782572464656434e-01,6.057174897831978377e-01,1.005666812882755057e+00,8.815789847756321240e-01,1.000000000000000000e+00,1.000000000000000000e+00,1.000000000000000000e+00,8.540135855238784046e-01,8.350341329231987519e-02,8.350341329231987686e+01,5.669185829572986535e+01,9.653136514172798721e-01,1.017716184863477480e+00,9.687430336147735410e-01,8.942598588583864361e-01,1.005431635869287632e+00,5.417002920727895798e-01,9.874733042530473570e-01,1.069185829607168614e+01,0.000000000000000000e+00,1.800000000000000000e+01,5.669185829607168614e+01,3.418207938921113964e-10,1.000000000000000000e+02,0.000000000000000000e+00,0.000000000000000000e+00,2.272274117230419055e+00,2.128494797272083350e+00,2.567284811046377957e+00,1.190968274432567675e+01,4.695779608318461307e+00,7.213903136007215444e+00,9.067930830608279813e-02,2.999999999999999737e-04,2.950106938159589021e-01,-1.593435076190606592e-06,2.860018794202410319e+01,9.065565144929312869e-01,2.063811785313574010e+00,2.073841176868362002e+00,2.063811785313574010e+00,5.510794488935782454e+01,1.102158897787156552e+08,1.036920588434181099e+02,2.073841176868362129e+08,2.410467069598304235e+01,1.829046744287589661e+02,9.951685821859739267e-01,1.035787070133973664e+01,1.086616004830798232e+00,5.467328831934791245e-01,1.624929456625771929e+00,1.050000000000000044e+00,7.243215246726405487e-01,1.143096821035214816e+00,4.175170664615993132e+01,1.625100876218368740e+00,2.520000000000000018e-01,9.951685814532139629e-01,1.009990691859145251e+00,1.000000000000000000e+00,1.060963944915146673e+00,9.452319935120936378e-01,9.846600667382185978e-01
5.700000000000000000e+02,3.958333333333333148e-01,2.116937726833444685e+03,1.484267260279281508e+01,2.813133213747070727e+01,4.747702754981643520e+05,1.230312610838515219e+01,6.491832699317001243e+00,2.100120321285083236e+01,1.834123073892319100e+00,2.210313461351383069e+01,7.305273304466434858e+00,9.874748892901467068e-01,5.417009633718241624e-01,0.000000000000000000e+00,0.000000000000000000e+00,1.000000000000000000e+00,7.500000000000000000e-01,2.500000000000000000e-01,1.050000000000000044e+00,1.000000000000000000e+00,2.312385736996590069e+01,0.000000000000000000e+00,1.075000000000000178e+00,2.166803853487296649e+00,8.393536558966246730e+01,1.021838151365224157e+00,1.426251042170881647e+02,0.000000000000000000e+00,0.000000000000000000e+00,1.000000000000000000e+00,1.000000000000000000e+00,8.850883518031441577e-01,4.532781054376120999e-01,6.057174894315350278e-01,1.005666812422052026e+00,8.815789846676692632e-01,1.000000000000000000e+00,1.000000000000000000e+00,1.000000000000000000e+00,8.540135855238784046e-01,8.350341309508121923e-02,8.350341309508121412e+01,5.669185827047525095e+01,9.653135867580221463e-01,1.017716184863477480e+00,9.687429982252925287e-01,8.942605720192549068e-01,1.005431574425581287e+00,5.417014056960548496e-01,9.874730537159206456e-01,1.069185827081705753e+01,0.000000000000000000e+00,1.800000000000000000e+01,5.669185827081705753e+01,3.418065830373961944e-10,1.000000000000000000e+02,0.000000000000000000e+00,0.000000000000000000e+00,2.272274562848692891e+00,2.128494131140120871e+00,2.567285580269480505e+00,1.190968299516852369e+01,4.695779711409601376e+00,7.213903283758922313e+00,9.067930904918941604e-02,2.999999999999999737e-04,2.950110174207876135e-01,-1.586214164050678277e-06,2.860018767309521692e+01,9.065562108752241999e-01,2.063811760040363819e+00,2.073841153891164080e+00,2.063811760040363819e+00,5.510794445841810330e+01,1.102158889168362021e+08,1.036920576945582013e+02,2.073841153891164064e+08,2.410467033076258758e+01,1.829046724837388922e+02,9.951686008555433727e-01,1.035787044944470559e+01,1.086616004830798232e+00,5.467328890074718561e-01,1.624929447592816656e+00,1.050000000000000044e+00,7.243215225680879055e-01,1.143096829415851445e+00,4.175170654754060706e+01,1.625104217088164660e+00,2.520000000000000018e-01,9.951686001227834089e-01,1.009990667296989164e+00,1.000000000000000000e+00,1.060963937213657005e+00,9.452317605536304512e-01,9.846600667382185978e-01
5.850000000000000000e+02,4.062500000000000000e-01,2.116292559645775327e+03,1.483814885311716125e+01,2.813133195873901116e+01,4.747691405996426474e+05,1.230312602966368196e+01,6.491832657391917394e+00,2.100120058172906923e+01,1.834123061910884367e+00,2.210313434289238543e+01,7.305273215023754929e+00,9.874741397384207975e-01,5.417018521231532491e-01,0.000000000000000000e+00,0.000000000000000000e+00,1.000000000000000000e+00,7.500000000000000000e-01,2.500000000000000000e-01,1.050000000000000044e+00,1.000000000000000000e+00,2.312385708684715979e+01,0.000000000000000000e+00,1.075000000000000178e+00,2.166807408492612996e+00,8.393530187776576668e+01,1.021838151365224157e+00,1.426251064465625689e+02,0.000000000000000000e+00,0.000000000000000000e+00,1.000000000000000000e+00,1.000000000000000000e+00,8.850882895447215182e-01,4.532780022181338020e-01,6.057174892100798402e-01,1.005666812136414290e+00,8.815789845957502369e-01,1.000000000000000000e+00,1.000000000000000000e+00,1.000000000000000000e+00,8.540135855238784046e-01,8.350341296137117619e-02,8.350341296137118263e+01,5.669185825335488715e+01,9.653135427942070024e-01,1.017716184863477480e+00,9.687429742024800117e-01,8.942610484088165945e-01,1.005431532648097814e+00,5.417021488541896579e-01,9.874728868633664280e-01,1.069185825369669374e+01,0.000000000000000000e+00,1.800000000000000000e+01,5.669185825369669374e+01,3.418065830373961944e-10,1.000000000000000000e+02,0.000000000000000000e+00,0.000000000000000000e+00,2.272274865169553237e+00,2.128493677503433545e+00,2.567286102427570604e+00,1.190968316226683577e+01,4.695779779931004150e+00,7.213903382335831616e+00,9.067930954312547476e-02,2.999999999999999737e-04,2.950112372580173670e-01,-1.581390613966150716e-06,2.860018749138465921e+01,9.065560044362676040e-01,2.063811744370879886e+00,2.073841139645215659e+00,2.063811744370879886e+00,5.510794420000759430e+01,1.102158884000151902e+08,1.036920569822607803e+02,2.073841139645215571e+08,2.410467010026897228e+01,1.829046712825373504e+02,9.951686124307461689e-01,1.035787028201808191e+01,1.086616004830798232e+00,5.467328925980656784e-01,1.624929440227344202e+00,1.050000000000000044e+00,7.243215211413913668e-01,1.143096834986193855e+00,4.175170648068558421e+01,1.625106446562568863e+00,2.520000000000000018e-01,9.951686116979862051e-01,1.009990650971304360e+00,1.000000000000000000e+00,1.060963932438705015e+00,9.452316050926441449e-01,9.846600667382185978e-01
6.000000000000000000e+02,4.166666666666666852e-01,2.115647389813022073e+03,1.483362516011358778e+01,2.813133181002353922e+01,4.747680251999963075e+05,1.230312596401116743e+01,6.491832622324197999e+00,2.100119868598054396e+01,1.834123051854628983e+00,2.210313416497395522e+01,7.305273156220205344e+00,9.874736258123694155e-01,5.417024536017922554e-01,0.000000000000000000e+00,0.000000000000000000e+00,1.000000000000000000e+00,7.500000000000000000e-01,2.500000000000000000e-01,1.050000000000000044e+00,1.000000000000000000e+00,2.312385690071245392e+01,0.000000000000000000e+00,1.075000000000000178e+00,2.166809814407169021e+00,8.393525819405139998e+01,1.021838151365224157e+00,1.426251079541787306e+02,0.000000000000000000e+00,0.000000000000000000e+00,1.000000000000000000e+00,1.000000000000000000e+00,8.850882468739454945e-01,4.532779314462299092e-01,6.057174890635792508e-01,1.005666811948623618e+00,8.815789845471484476e-01,1.000000000000000000e+00,1.000000000000000000e+00,1.000000000000000000e+00,8.540135855238784046e-01,8.350341287044060756e-02,8.350341287044061289e+01,5.669185824171206889e+01,9.653135126506391384e-01,1.017716184863477480e+00,9.687429577493056332e-01,8.942613708134586892e-01,1.005431504003567511e+00,5.417026513929101839e-01,9.874727741177103946e-01,1.069185824205385416e+01,0.000000000000000000e+00,1.800000000000000000e+01,5.669185824205385416e+01,3.417852667553233914e-10,1.000000000000000000e+02,0.000000000000000000e+00,0.000000000000000000e+00,2.272275072151153097e+00,2.128493366146417376e+00,2.567286460052577102e+00,1.190968327518895009e+01,4.695779826198994478e+00,7.213903448989955614e+00,9.067930987660129116e-02,2.999999999999999737e-04,2.950113879014240048e-01,-1.578126195380877284e-06,2.860018734019059750e+01,9.065558628924598183e-01,2.063811734069072035e+00,2.073841130279302725e+00,2.063811734069072035e+00,5.510794403243989592e+01,1.102158880648797899e+08,1.036920565139651274e+02,2.073841130279302597e+08,2.410466994765863546e+01,1.829046704940636516e+02,9.951686200407936500e-01,1.035787016896590984e+01,1.086616004830798232e+00,5.467328949549464800e-01,1.624929434917688154e+00,1.050000000000000044e+00,7.243215201711546980e-01,1.143096838747479138e+00,4.175170643522029934e+01,1.625107954178730552e+00,2.520000000000000018e-01,9.951686193080335752e-01,1.009990639947644819e+00,1.000000000000000000e+00,1.060963929299441277e+00,9.452314999667521533e-01,9.846600667382185978e-01
6.150000000000000000e+02,4.270833333333333148e-01,2.115002218148140400e+03,1.482910150626678814e+01,2.813133169698345171e+01,4.747669289640279021e+05,1.230312591375953701e+01,6.491832595227915448e+00,2.100119731459369987e+01,1.834123043989440704e+00,2.210313402586224285e+01,7.305273110242604950e+00,9.874732753472534874e-01,5.417028564090814458e-01,0.000000000000000000e+00,0.000000000000000000e+00,1.000000000000000000e+00,7.500000000000000000e-01,2.500000000000000000e-01,1.050000000000000044e+00,1.000000000000000000e+00,2.312385675517656480e+01,0.000000000000000000e+00,1.075000000000000178e+00,2.166811425636325783e+00,8.393522840451655043e+01,1.021838151365224157e+00,1.426251089625584711e+02,0.000000000000000000e+00,0.000000000000000000e+00,1.000000000000000000e+00,1.000000000000000000e+00,8.850882177829214603e-01,4.532778831842455003e-01,6.057174889527214834e-01,1.005666811801793070e+00,8.815789845145162174e-01,1.000000000000000000e+00,1.000000000000000000e+00,1.000000000000000000e+00,8.540135855238784046e-01,8.350341281165173102e-02,8.350341281165172802e+01,5.669185823418466441e+01,9.653134920946205844e-01,1.017716184863477480e+00,9.687429465377710436e-01,8.942615867259635642e-01,1.005431484469794245e+00,5.417029875194904198e-01,9.874726983767333488e-01,1.069185823452647099e+01,0.000000000000000000e+00,1.800000000000000000e+01,5.669185823452647099e+01,3.418065830373961944e-10,1.000000000000000000e+02,0.000000000000000000e+00,0.000000000000000000e+00,2.272275213156065288e+00,2.128493153667444293e+00,2.567286703745691678e+00,1.190968335100732922e+01,4.695779857413135971e+00,7.213903493594193250e+00,9.067931010118662760e-02,2.999999999999999737e-04,2.950114905896263906e-01,-1.575940033332612344e-06,2.860018722526650947e+01,9.065557663684910006e-01,2.063811726014245895e+00,2.073841122956238348e+00,2.063811726014245895e+00,5.510794389196625076e+01,1.102158877839325070e+08,1.036920561478119254e+02,2.073841122956238389e+08,2.410466983270551111e+01,1.829046698724836801e+02,9.951686259909735544e-01,1.035787009269662207e+01,1.086616004830798232e+00,5.467328968129537836e-01,1.624929432668221763e+00,1.050000000000000044e+00,7.243215195438725829e-01,1.143096841284984677e+00,4.175170640582586401e+01,1.625108962558471148e+00,2.520000000000000018e-01,9.951686252582134795e-01,1.009990632510665343e+00,1.000000000000000000e+00,1.060963926844899152e+00,9.452314296525532455e-01,9.846600667382185978e-01
6.300000000000000000e+02,4.375000000000000000e-01,2.114357045215884682e+03,1.482457787923325654e+01,2.813133163346168431e+01,4.747658515621343395e+05,1.230312588535237417e+01,6.491832579783315182e+00,2.100119632176913953e+01,1.834123039457316029e+00,2.210313391764675117e+01,7.305273074476467343e+00,9.874730381789753597e-01,5.417031226527344590e-01,0.000000000000000000e+00,0.000000000000000000e+00,1.000000000000000000e+00,7.500000000000000000e-01,2.500000000000000000e-01,1.050000000000000044e+00,1.000000000000000000e+00,2.312385664196368040e+01,0.000000000000000000e+00,1.075000000000000178e+00,2.166812490610937836e+00,8.393520824521290535e+01,1.021838151365224157e+00,1.426251096280956290e+02,0.000000000000000000e+00,0.000000000000000000e+00,1.000000000000000000e+00,1.000000000000000000e+00,8.850881981032918677e-01,4.532778505241786271e-01,6.057174888690582959e-01,1.005666811687572881e+00,8.815789844928770824e-01,1.000000000000000000e+00,1.000000000000000000e+00,1.000000000000000000e+00,8.540135855238784046e-01,8.350341277450677724e-02,8.350341277450677069e+01,5.669185822942858977e+01,9.653134781838583756e-01,1.017716184863477480e+00,9.687429389582901118e-01,8.942617294375834192e-01,1.005431471250808340e+00,5.417032093652096592e-01,9.874726481178633941e-01,1.069185822977039635e+01,0.000000000000000000e+00,1.800000000000000000e+01,5.669185822977039635e+01,3.418065830373961944e-10,1.000000000000000000e+02,0.000000000000000000e+00,0.000000000000000000e+00,2.272275308448493014e+00,2.128493009740057396e+00,2.567286868492752561e+00,1.190968340128415015e+01,4.695779878232809956e+00,7.213903523051340194e+00,9.067931025062633821e-02,2.999999999999999737e-04,2.950115600442595465e-01,-1.574495046494095440e-06,2.860018716068604760e+01,9.065557010483572542e-01,2.063811719748367857e+00,2.073841117259600519e+00,2.063811719748367857e+00,5.510794377609474282e+01,1.102158875521894842e+08,1.036920558629800269e+02,2.073841117259600461e+08,2.410466974633225590e+01,1.829046693854070327e+02,9.951686306196398935e-01,1.035787004182539484e+01,1.086616004830798232e+00,5.467328982689080297e-01,1.624929432245379113e+00,1.050000000000000044e+00,7.243215191475329551e-01,1.143096842977488148e+00,4.175170638725339245e+01,1.625109628095628977e+00,2.520000000000000018e-01,9.951686298868798186e-01,1.009990627550237940e+00,1.000000000000000000e+00,1.060963924935502067e+00,9.452313832447298836e-01,9.846600667382185978e-01
6.450000000000000000e+02,4.479166666666666852e-01,2.113711871410795084e+03,1.482005427038464873e+01,2.813133161137523430e+01,4.747647926702314289e+05,1.230312587545715708e+01,6.491832574384711840e+00,2.100119560657651974e+01,1.834123037863616190e+00,2.210313384445435858e+01,7.305273050285761904e+00,9.874728793061403609e-01,5.417032957991574360e-01,0.000000000000000000e+00,0.000000000000000000e+00,1.000000000000000000e+00,7.500000000000000000e-01,2.500000000000000000e-01,1.050000000000000044e+00,1.000000000000000000e+00,2.312385656539126444e+01,0.000000000000000000e+00,1.075000000000000178e+00,2.166813183196629744e+00,8.393519474102193101e+01,1.021838151365224157e+00,1.426251100601357393e+02,0.000000000000000000e+00,0.000000000000000000e+00,1.000000000000000000e+00,1.000000000000000000e+00,8.850881849294307546e-01,4.532778286460497630e-01,6.057174888128638024e-01,1.005666811610319122e+00,8.815789844788115559e-01,1.000000000000000000e+00,1.000000000000000000e+00,1.000000000000000000e+00,8.540135855238784046e-01,8.350341275069096680e-02,8.350341275069096980e+01,5.669185822637921035e+01,9.653134688654003703e-01,1.017716184863477480e+00,9.687429338908557508e-01,8.942618222472755729e-01,1.005431462395752318e+00,5.417033533785797772e-01,9.874726154434810832e-01,1.069185822672099562e+01,0.000000000000000000e+00,1.800000000000000000e+01,5.669185822672099562e+01,3.417852667553233914e-10,1.000000000000000000e+02,0.000000000000000000e+00,0.000000000000000000e+00,2.272275372115799108e+00,2.128492913149110155e+00,2.567286978638146255e+00,1.190968343396424167e+01,4.695779891787256410e+00,7.213903542176985262e+00,9.067931034776965937e-02,2.999999999999999737e-04,2.950116065223471473e-01,-1.573555327754640187e-06,2.860018713823148673e+01,9.065556572920995260e-01,2.063811715510392109e+00,2.073841113406635461e+00,2.063811715510392109e+00,5.510794369671975090e+01,1.102158873934395015e+08,1.036920556703317828e+02,2.073841113406635523e+08,2.410466968837729596e+01,1.829046690554288546e+02,9.951686337502744228e-01,1.035787000870617547e+01,1.086616004830798232e+00,5.467328992552684674e-01,1.624929432161435150e+00,1.050000000000000044e+00,7.243215188934162274e-01,1.143096844079375840e+00,4.175170637534548490e+01,1.625110060135739332e+00,2.520000000000000018e-01,9.951686330175143480e-01,1.009990624320799668e+00,1.000000000000000000e+00,1.060963923644066220e+00,9.452313531186273821e-01,9.846600667382185978e-01
6.600000000000000000e+02,4.583333333333333148e-01,2.113066696947690161e+03,1.481553067547737790e+01,2.813133163034624928e+01,4.747637519702003920e+05,1.230312588394185447e+01,6.491832578985965441e+00,2.100119509807583995e+01,1.834123039203707783e+00,2.210313379980908977e+01,7.305273035530121639e+00,9.874727790735842170e-01,5.417033979194523230e-01,0.000000000000000000e+00,0.000000000000000000e+00,1.000000000000000000e+00,7.500000000000000000e-01,2.500000000000000000e-01,1.050000000000000044e+00,1.000000000000000000e+00,2.312385651868427416e+01,0.000000000000000000e+00,1.075000000000000178e+00,2.166813591677809292e+00,8.393518622125465356e+01,1.021838151365224157e+00,1.426251103138162932e+02,0.000000000000000000e+00,0.000000000000000000e+00,1.000000000000000000e+00,1.000000000000000000e+00,8.850881766311785581e-01,4.532778148431804710e-01,6.057174887788002726e-01,1.005666811563196816e+00,8.815789844705423928e-01,1.000000000000000000e+00,1.000000000000000000e+00,1.000000000000000000e+00,8.540135855238784046e-01,8.350341273687557353e-02,8.350341273687557475e+01,5.669185822461027158e+01,9.653134629864030813e-01,1.017716184863477480e+00,9.687429307081717456e-01,8.942618769856257588e-01,1.005431456809114055e+00,5.417034379387644094e-01,9.874725962306879490e-01,1.069185822495205684e+01,0.000000000000000000e+00,1.800000000000000000e+01,5.669185822495205684e+01,3.417852667553233914e-10,1.000000000000000000e+02,0.000000000000000000e+00,0.000000000000000000e+00,2.272275412040961839e+00,2.128492851951459652e+00,2.567287047816742440e+00,1.190968345317701171e+01,4.695779899768202093e+00,7.213903553408809621e+00,9.067931040480578520e-02,2.999999999999999737e-04,2.950116357757806007e-01,-1.573001089805702024e-06,2.860018715751868612e+01,9.065556296863609420e-01,2.063811712925348374e+00,2.073841111056436759e+00,2.063811712925348374e+00,5.510794364775663468e+01,1.102158872955132723e+08,1.036920555528218415e+02,2.073841111056436896e+08,2.410466965327909961e+01,1.829046688538575722e+02,9.951686356598721250e-01,1.035786998920536561e+01,1.086616004830798232e+00,5.467328998577990484e-01,1.624929432220199033e+00,1.050000000000000044e+00,7.243215187460047000e-01,1.143096844728174633e+00,4.175170636843778027e+01,1.625110313816293228e+00,2.520000000000000018e-01,9.951686349271120502e-01,1.009990622419285833e+00,1.000000000000000000e+00,1.060963922856327235e+00,9.452313354295132086e-01,9.846600667382185978e-01
6.750000000000000000e+02,4.687500000000000000e-01,2.112421522120749160e+03,1.481100708735356619e+01,2.813133163644865675e+01,4.747627291485933820e+05,1.230312588693746001e+01,6.491832580803940544e+00,2.100119474262725561e+01,1.834123039804935296e+00,2.210313379227821429e+01,7.305273033041102870e+00,9.874727126317940362e-01,5.417034640156751513e-01,0.000000000000000000e+00,0.000000000000000000e+00,1.000000000000000000e+00,7.500000000000000000e-01,2.500000000000000000e-01,1.050000000000000044e+00,1.000000000000000000e+00,2.312385651080562354e+01,0.000000000000000000e+00,1.075000000000000178e+00,2.166813856062700605e+00,8.393518057370249608e+01,1.021838151365224157e+00,1.426251104777640819e+02,0.000000000000000000e+00,0.000000000000000000e+00,1.000000000000000000e+00,1.000000000000000000e+00,8.850881711400246932e-01,4.532778056935843902e-01,6.057174887704316335e-01,1.005666811555248064e+00,8.815789844653303398e-01,1.000000000000000000e+00,1.000000000000000000e+00,1.000000000000000000e+00,8.540135855238784046e-01,8.350341272579397955e-02,8.350341272579397867e+01,5.669185822319136037e+01,9.653134590893545086e-01,1.017716184863477480e+00,9.687429286089112024e-01,8.942619124144045584e-01,1.005431453105863238e+00,5.417034925880273022e-01,9.874725841640703550e-01,1.069185822353315984e+01,0.000000000000000000e+00,1.800000000000000000e+01,5.669185822353315984e+01,3.417994776100385934e-10,1.000000000000000000e+02,0.000000000000000000e+00,0.000000000000000000e+00,2.272275438329617980e+00,2.128492811196384338e+00,2.567287093446122270e+00,1.190968346528669741e+01,4.695779904642506608e+00,7.213903560644190804e+00,9.067931043990368201e-02,2.999999999999999737e-04,2.950116551165042900e-01,-1.572642365554009769e-06,2.860018716372280068e+01,9.065556113871687804e-01,2.063811712489296291e+00,2.073841110659998765e+00,2.063811712489296291e+00,5.510794364622000074e+01,1.102158872924399972e+08,1.036920555329999303e+02,2.073841110659998655e+08,2.410466964425119585e+01,1.829046688234711269e+02,9.951686359819877925e-01,1.035786997729538861e+01,1.086616004830798232e+00,5.467328999486291696e-01,1.624929430877733116e+00,1.050000000000000044e+00,7.243215186277631723e-01,1.143096845124423666e+00,4.175170636289698933e+01,1.625110477764081907e+00,2.520000000000000018e-01,9.951686352492277177e-01,1.009990621257949917e+00,1.000000000000000000e+00,1.060963922723449304e+00,9.452313239974543535e-01,9.846600667382185978e-01
6.900000000000000000e+02,4.791666666666666852e-01,2.111776347002270086e+03,1.480648350485127551e+01,2.813133163693996508e+01,4.747617238984215655e+05,1.230312588756144976e+01,6.491832581437087413e+00,2.100119450256550024e+01,1.834123040099187252e+00,2.210313380850634601e+01,7.305273038404637376e+00,9.874726730138452258e-01,5.417035005853371166e-01,0.000000000000000000e+00,0.000000000000000000e+00,1.000000000000000000e+00,7.500000000000000000e-01,2.500000000000000000e-01,1.050000000000000044e+00,1.000000000000000000e+00,2.312385652778316825e+01,0.000000000000000000e+00,1.075000000000000178e+00,2.166814002341348466e+00,8.393517720617684574e+01,1.021838151365224157e+00,1.426251105679722286e+02,0.000000000000000000e+00,0.000000000000000000e+00,1.000000000000000000e+00,1.000000000000000000e+00,8.850881678771417294e-01,4.532778002378577975e-01,6.057174887788645545e-01,1.005666811572376584e+00,8.815789844625888660e-01,1.000000000000000000e+00,1.000000000000000000e+00,1.000000000000000000e+00,8.540135855238784046e-01,8.350341271763955797e-02,8.350341271763956286e+01,5.669185822214723203e+01,9.653134567656198595e-01,1.017716184863477480e+00,9.687429273696246401e-01,8.942619320164064689e-01,1.005431450897686485e+00,5.417035226574095086e-01,9.874725778592664538e-01,1.069185822248905993e+01,0.000000000000000000e+00,1.800000000000000000e+01,5.669185822248905993e+01,3.418278993194689974e-10,1.000000000000000000e+02,0.000000000000000000e+00,0.000000000000000000e+00,2.272275453794521560e+00,2.128492786670352022e+00,2.567287120383168197e+00,1.190968347165635954e+01,4.695779907053520219e+00,7.213903564602839324e+00,9.067931045751026486e-02,2.999999999999999737e-04,2.950116665886466372e-01,-1.572443890933590549e-06,2.860018716422229801e+01,9.065556004757155950e-01,2.063811713428934880e+00,2.073841111514274083e+00,2.063811713428934880e+00,5.510794367413949146e+01,1.102158873482789844e+08,1.036920555757137095e+02,2.073841111514274180e+08,2.410466965233033321e+01,1.829046689021835164e+02,9.951686352878673647e-01,1.035786997140426813e+01,1.086616004830798232e+00,5.467328997133446000e-01,1.624929428820169441e+00,1.050000000000000044e+00,7.243215185407549939e-01,1.143096845320423327e+00,4.175170635881977432e+01,1.625110567972228637e+00,2.520000000000000018e-01,9.951686345551072899e-01,1.009990620683509865e+00,1.000000000000000000e+00,1.060963923009785148e+00,9.452313177072504402e-01,9.846600667382185978e-01
7.050000000000000000e+02,4.895833333333333148e-01,2.111131171784829803e+03,1.480195992349321088e+01,2.813133160648158793e+01,4.747607359176939935e+05,1.230312587418293369e+01,6.491832574348086027e+00,2.100119433172667982e+01,1.834123038091054259e+00,2.210313381755070239e+01,7.305273041393875566e+00,9.874726438446536081e-01,5.417035298121970488e-01,0.000000000000000000e+00,0.000000000000000000e+00,1.000000000000000000e+00,7.500000000000000000e-01,2.500000000000000000e-01,1.050000000000000044e+00,1.000000000000000000e+00,2.312385653724519585e+01,0.000000000000000000e+00,1.075000000000000178e+00,2.166814119248788195e+00,8.393517472679555169e+01,1.021838151365224157e+00,1.426251106405245821e+02,0.000000000000000000e+00,0.000000000000000000e+00,1.000000000000000000e+00,1.000000000000000000e+00,8.850881654698117273e-01,4.532777962210132738e-01,6.057174887830821808e-01,1.005666811581922726e+00,8.815789844603590941e-01,1.000000000000000000e+00,1.000000000000000000e+00,1.000000000000000000e+00,8.540135855238784046e-01,8.350341271148573052e-02,8.350341271148573696e+01,5.669185822135931119e+01,9.653134550547424197e-01,1.017716184863477480e+00,9.687429264517196659e-01,8.942619476825318658e-01,1.005431449271889877e+00,5.417035468415273280e-01,9.874725727226449923e-01,1.069185822170111777e+01,0.000000000000000000e+00,1.800000000000000000e+01,5.669185822170111777e+01,3.418065830373961944e-10,1.000000000000000000e+02,0.000000000000000000e+00,0.000000000000000000e+00,2.272275465273066786e+00,2.128492768711254257e+00,2.567287140334686413e+00,1.190968347683703854e+01,4.695779909045940670e+00,7.213903567791097871e+00,9.067931047204139117e-02,2.999999999999999737e-04,2.950116750616196271e-01,-1.572285267936041064e-06,2.860018713325628070e+01,9.065555924420265477e-01,2.063811713952620419e+00,2.073841111990383901e+00,2.063811713952620419e+00,5.510794369093576961e+01,1.102158873818715364e+08,1.036920555995191933e+02,2.073841111990383863e+08,2.410466965626165603e+01,1.829046689467166118e+02,9.951686349010158139e-01,1.035786996653594549e+01,1.086616004830798232e+00,5.467328995802276381e-01,1.624929427424774975e+00,1.050000000000000044e+00,7.243215184750930735e-01,1.143096845482394208e+00,4.175170635574286138e+01,1.625110640524582095e+00,2.520000000000000018e-01,9.951686341682557391e-01,1.009990620208802259e+00,1.000000000000000000e+00,1.060963923169367273e+00,9.452313126481843852e-01,9.846600667382185978e-01
7.200000000000000000e+02,5.000000000000000000e-01,2.110485996591226922e+03,1.479743634064221069e+01,2.813133155465729374e+01,4.747597649099430419e+05,1.230312585085229315e+01,6.491832561562713266e+00,2.100119419150589195e+01,1.834123034307488354e+00,2.210313379449943483e+01,7.305273033775237401e+00,9.874726142670201545e-01,5.417035651040733590e-01,0.000000000000000000e+00,0.000000000000000000e+00,1.000000000000000000e+00,7.500000000000000000e-01,2.500000000000000000e-01,1.050000000000000044e+00,1.000000000000000000e+00,2.312385651312942159e+01,0.000000000000000000e+00,1.075000000000000178e+00,2.166814260416293436e+00,8.393517221269671325e+01,1.021838151365224157e+00,1.426251107291218432e+02,0.000000000000000000e+00,0.000000000000000000e+00,1.000000000000000000e+00,1.000000000000000000e+00,8.850881630088665020e-01,4.532777921479228533e-01,6.057174887664119600e-01,1.005666811557592411e+00,8.815789844574248857e-01,1.000000000000000000e+00,1.000000000000000000e+00,1.000000000000000000e+00,8.540135855238784046e-01,8.350341270741395983e-02,8.350341270741395761e+01,5.669185822083793624e+01,9.653134533199082545e-01,1.017716184863477480e+00,9.687429254991739569e-01,8.942619665996140998e-01,1.005431447623327701e+00,5.417035763739477261e-01,9.874725658901346570e-01,1.069185822117976414e+01,0.000000000000000000e+00,1.800000000000000000e+01,5.669185822117976414e+01,3.418278993194689974e-10,1.000000000000000000e+02,0.000000000000000000e+00,0.000000000000000000e+00,2.272275477280393030e+00,2.128492750893319130e+00,2.567287161039154331e+00,1.190968348365447582e+01,4.695779911932473460e+00,7.213903571722002361e+00,9.067931049265803845e-02,2.999999999999999737e-04,2.950116837587613006e-01,-1.572093728277774993e-06,2.860018708056825076e+01,9.065555842958457067e-01,2.063811712617908967e+00,2.073841110776927454e+00,2.063811712617908967e+00,5.510794366330340921e+01,1.102158873266068250e+08,1.036920555388463754e+02,2.073841110776927471e+08,2.410466963922681316e+01,1.829046688413766049e+02,9.951686358869802351e-01,1.035786995948292954e+01,1.086616004830798232e+00,5.467328998951067609e-01,1.624929427928207382e+00,1.050000000000000044e+00,7.243215184316472710e-01,1.143096845717050059e+00,4.175170635370697880e+01,1.625110729121843178e+00,2.520000000000000018e-01,9.951686351542201603e-01,1.009990619521066169e+00,1.000000000000000000e+00,1.060963922762641509e+00,9.452313064703083967e-01,9.846600667382185978e-01
