time_min,time_days,m_sodium_mEq,v_ecf_L,prc_pg_per_mL,agt_fmol_per_mL,angi_fmol_per_mL,angii_fmol_per_mL,ang17_fmol_per_mL,angiv_fmol_per_mL,at1_bound_fmol_per_mL,at2_bound_fmol_per_mL,n_aldo,n_adh,baro_integral_min,ra_integral_min,a_auto,a_baro,a_chemo,alpha_map,alpha_rap,at1_bound_pg_per_mL,autonomic_adh_stimulus,beta_rsna,c_adh_mU_per_L,c_aldo_ng_per_L,c_anp_hat,c_sodium_mEq_per_L,delta_ra,delta_rihp_mmHg,epsilon_aum,epsilon_aum_adh,eta_cd,eta_dt,eta_pt,gamma_at1_tubule,gamma_filtered_sodium,gamma_rihp_cd,gamma_rihp_dt,gamma_rihp_pt,gamma_rsna_tubule,gfr_L_per_min,gfr_mL_per_min,implied_p_gh_mmHg,lambda_aldo_cd,lambda_anp,lambda_dt,mu_adh,mu_aldo,n_adh_stimulus,n_aldo_stimulus,net_filtration_pressure_mmHg,p_b_cvp_mmHg,p_b_total_mmHg,p_gh_mmHg,p_gh_residual_mmHg,p_ma_mmHg,p_peritubular_mmHg,p_ra_mmHg,phi_cd_reab_mEq_per_min,phi_dt_reab_mEq_per_min,phi_dt_sodium_mEq_per_min,phi_filtered_sodium_mEq_per_min,phi_md_sodium_mEq_per_min,phi_pt_reab_mEq_per_min,phi_tubular_water_reab_L_per_min,phi_urine_L_per_min,phi_urine_sodium_mEq_per_min,phi_water_in_L_per_min,pra_fmol_per_mL_per_min,psi_aldo_dt,psi_at1_aa,psi_at1_ea,psi_at1_preglom,r_aa_equivalent_mmHg_min_per_L,r_aa_single_mmHg_min_per_L,r_ea_equivalent_mmHg_min_per_L,r_ea_single_mmHg_min_per_L,r_preglom_mmHg_min_per_L,r_renal_mmHg_min_per_L,raw_v_at1,raw_v_md,raw_v_rsna,renal_blood_flow_L_per_min,renin_secretion_pg_per_mL_per_min,rsna,sigma_myo,sigma_tgf,sngfr_nL_per_min,sodium_adh_stimulus,sodium_intake_mEq_per_min,v_at1,v_md,v_rsna,xi_at1,xi_k_sodium,xi_map
0.000000000000000000e+00,0.000000000000000000e+00,2.160000000000000000e+03,1.500000000000000000e+01,2.798828379324600135e+01,4.748301026345390128e+05,1.224056448165699962e+01,6.458821606363000178e+00,2.089440280323600163e+01,1.824796522373999919e+00,2.199073936750799874e+01,7.268125723159999829e+00,1.000000000000000000e+00,1.000000000000000000e+00,0.000000000000000000e+00,0.000000000000000000e+00,1.000000000000000000e+00,7.500000000000000000e-01,2.500000000000000000e-01,1.050000000000000044e+00,1.000000000000000000e+00,2.300627171149952233e+01,0.000000000000000000e+00,1.075000000000000178e+00,4.000000000000000000e+00,8.500000000000000000e+01,1.021838151365224157e+00,1.440000000000000000e+02,0.000000000000000000e+00,0.000000000000000000e+00,1.000000000000000000e+00,1.000000000000000000e+00,8.851439886075846974e-01,4.549953138782084072e-01,6.056155915450194271e-01,1.005547895256870605e+00,8.815349184285560247e-01,1.000000000000000000e+00,1.000000000000000000e+00,1.000000000000000000e+00,8.540135855238784046e-01,8.341725475626929343e-02,8.341725475626928699e+01,5.668082647296063925e+01,9.660438838411188334e-01,1.017716184863477480e+00,9.680715100162806674e-01,1.038674889394732848e+00,1.006123280684836585e+00,1.000000000000000000e+00,8.866105935543027172e-01,1.068082647327391754e+01,0.000000000000000000e+00,1.800000000000000000e+01,5.668082647327391754e+01,3.132782921966281720e-10,1.000000000000000000e+02,0.000000000000000000e+00,0.000000000000000000e+00,2.285347694322051648e+00,2.155485205374205737e+00,2.581893707392307835e+00,1.201208468490277781e+01,4.737378912766513572e+00,7.274705772136264237e+00,9.078120746768120197e-02,2.999999999999999737e-04,2.965460130702561869e-01,1.460575822931698027e-03,2.845475518980009966e+01,9.099906277564168144e-01,2.057303658594342721e+00,2.067924296161558484e+00,2.057303658594342721e+00,5.502395084504028233e+01,1.100479016900805682e+08,1.033962148080779286e+02,2.067924296161558628e+08,2.399816033477592114e+01,1.824183259878941499e+02,1.000000000736317451e+00,1.025541203976190729e+01,1.086616004830798232e+00,5.481905365507866446e-01,1.616666666666666696e+00,1.050000000000000044e+00,7.234022061061597952e-01,1.146420185494482435e+00,4.170862737813464349e+01,3.000000000000000000e+00,1.260000000000000009e-01,1.000000000000000000e+00,1.000000000000000000e+00,1.000000000000000000e+00,1.058977586391052217e+00,8.502758077226175715e-01,9.846600667382185978e-01
1.500000000000000000e+01,1.041666666666666609e-02,2.157354976153967527e+03,1.501662709282681973e+01,2.800958819737507355e+01,4.748299854712261586e+05,1.224944294101987730e+01,6.463203636828072973e+00,2.089600691287745349e+01,1.825929935367030410e+00,2.199431095096204203e+01,7.269306161758883000e+00,9.605260750385559154e-01,9.289185195383188320e-01,0.000000000000000000e+00,0.000000000000000000e+00,1.000000000000000000e+00,7.500000000000000000e-01,2.500000000000000000e-01,1.050000000000000044e+00,1.000000000000000000e+00,2.301000823067747092e+01,0.000000000000000000e+00,1.075000000000000178e+00,3.715674078153275328e+00,8.164471637827725203e+01,1.021838151365224157e+00,1.436644169704725584e+02,0.000000000000000000e+00,0.000000000000000000e+00,1.000000000000000000e+00,1.000000000000000000e+00,8.821513226989954326e-01,4.495310259574525347e-01,6.056251650917631180e-01,1.005551682891105303e+00,8.815455331468670108e-01,1.000000000000000000e+00,1.000000000000000000e+00,1.000000000000000000e+00,8.540135855238784046e-01,8.344038941066590775e-02,8.344038941066590098e+01,5.668378865661593835e+01,9.637123062803143458e-01,1.017716184863477480e+00,9.671326720979549485e-01,1.025146877110404642e+00,1.003898933570209095e+00,8.881389901575195145e-01,9.106572757302462406e-01,1.068378865693545521e+01,0.000000000000000000e+00,1.800000000000000000e+01,5.668378865693545521e+01,3.195168574166018516e-10,1.000000000000000000e+02,0.000000000000000000e+00,0.000000000000000000e+00,2.295676387968534904e+00,2.125173555755065724e+00,2.602361215017820140e+00,1.198741489647250980e+01,4.727534770772885864e+00,7.259880125699623932e+00,9.078346192810432536e-02,2.999999999999999737e-04,3.066848270492852357e-01,1.323614496632530106e-03,2.847641466733132276e+01,8.990620519149050693e-01,2.057510472946908031e+00,2.068112322042738427e+00,2.057510472946908031e+00,5.501099998866693142e+01,1.100219999773338586e+08,1.034056161021369178e+02,2.068112322042738497e+08,2.400876258061242297e+01,1.824253786714162970e+02,9.998457327500798186e-01,1.027980446499544875e+01,1.086616004830798232e+00,5.481693431489020885e-01,1.620261903828628114e+00,1.050000000000000044e+00,7.236490547446213784e-01,1.145644216438906682e+00,4.172019470533295049e+01,2.664416970472558432e+00,1.260000000000000009e-01,9.998457320138759430e-01,1.002378492949768107e+00,1.000000000000000000e+00,1.059040805445987665e+00,8.732848830868800150e-01,9.846600667382185978e-01
3.000000000000000000e+01,2.083333333333333218e-02,2.154614087151647709e+03,1.503022465423470777e+01,2.804848568027928124e+01,4.748293743967751507e+05,1.226640343587184923e+01,6.472109528969250292e+00,2.090422192084211517e+01,1.828427181013480229e+00,2.201076954005521813e+01,7.274745864933604977e+00,9.458049039096663169e-01,8.248390539129986099e-01,0.000000000000000000e+00,0.000000000000000000e+00,1.000000000000000000e+00,7.500000000000000000e-01,2.500000000000000000e-01,1.050000000000000044e+00,1.000000000000000000e+00,2.302722687741497154e+01,0.000000000000000000e+00,1.075000000000000178e+00,3.299356215651994439e+00,8.039341683232163405e+01,1.021838151365224157e+00,1.433520879905539971e+02,0.000000000000000000e+00,0.000000000000000000e+00,1.000000000000000000e+00,1.000000000000000000e+00,8.811394440636780567e-01,4.474529670259284053e-01,6.056425138532355312e-01,1.005569129602321032e+00,8.815554906044308359e-01,1.000000000000000000e+00,1.000000000000000000e+00,1.000000000000000000e+00,8.540135855238784046e-01,8.346076190724513455e-02,8.346076190724512855e+01,5.668639717089644137e+01,9.628196585043141686e-01,1.017716184863477480e+00,9.669189328799381311e-01,1.001104071843504473e+00,1.003034944229432401e+00,7.840293301846656959e-01,9.333459298960974371e-01,1.068639717122216837e+01,0.000000000000000000e+00,1.800000000000000000e+01,5.668639717122216837e+01,3.257270009271451272e-10,1.000000000000000000e+02,0.000000000000000000e+00,0.000000000000000000e+00,2.297155272365914769e+00,2.111173130149284649e+00,2.607028079201394011e+00,1.196427448468608112e+01,4.718201209350678660e+00,7.246073275335402464e+00,9.077314733209398967e-02,2.999999999999999737e-04,3.098728068354792420e-01,1.080194485417102813e-03,2.851596044161727050e+01,8.949059340518568106e-01,2.058463510425533549e+00,2.068978778835671051e+00,2.058463510425533549e+00,5.501737186551022774e+01,1.100347437310204506e+08,1.034489389417835525e+02,2.068978778835670948e+08,2.402709873134530838e+01,1.824934095386390993e+02,9.991354649940600297e-01,1.030284817740297676e+01,1.086616004830798232e+00,5.479649936554400469e-01,1.622740384669053126e+00,1.050000000000000044e+00,7.238664309351807713e-01,1.144902521954004992e+00,4.173038095362256428e+01,2.352087990553997088e+00,1.260000000000000009e-01,9.991354642583791801e-01,1.004625473599417784e+00,1.000000000000000000e+00,1.059332047882498351e+00,8.947963451046696548e-01,9.846600667382185978e-01
4.500000000000000000e+01,3.125000000000000000e-02,2.151859078166680774e+03,1.503982894750381227e+01,2.808389332906274660e+01,4.748281983827876975e+05,1.228198397639694051e+01,6.480396053964675218e+00,2.091836567480753573e+01,1.830790775983865526e+00,2.203500955428308927e+01,7.282757395059708649e+00,9.453016971523775513e-01,7.284468266838582950e-01,0.000000000000000000e+00,0.000000000000000000e+00,1.000000000000000000e+00,7.500000000000000000e-01,2.500000000000000000e-01,1.050000000000000044e+00,1.000000000000000000e+00,2.305258629549988569e+01,0.000000000000000000e+00,1.075000000000000178e+00,2.913787306735433180e+00,8.035064425795209786e+01,1.021838151365224157e+00,1.430773638235977785e+02,0.000000000000000000e+00,0.000000000000000000e+00,1.000000000000000000e+00,1.000000000000000000e+00,8.812894872407115443e-01,4.473815347580640256e-01,6.056640330172909925e-01,1.005594802538886778e+00,8.815643062687485987e-01,1.000000000000000000e+00,1.000000000000000000e+00,1.000000000000000000e+00,8.540135855238784046e-01,8.347783797709151798e-02,8.347783797709152509e+01,5.668858360749074876e+01,9.627889152579486298e-01,1.017716184863477480e+00,9.671144632376150740e-01,9.729674147264759654e-01,1.003005064717785055e+00,6.924546078659261639e-01,9.535492612730039896e-01,1.068858360782221695e+01,0.000000000000000000e+00,1.800000000000000000e+01,5.668858360782221695e+01,3.314681862320867367e-10,1.000000000000000000e+02,0.000000000000000000e+00,0.000000000000000000e+00,2.293783871278593622e+00,2.107106893009030646e+00,2.602758689951420568e+00,1.194378899545567130e+01,4.709865582960451214e+00,7.233923412495220084e+00,9.075509560078616478e-02,2.999999999999999737e-04,3.089748186728269452e-01,7.953206545410511016e-04,2.855195821788045762e+01,8.947630695161280512e-01,2.059867116333074843e+00,2.070254871065258406e+00,2.059867116333074843e+00,5.503664614638550034e+01,1.100732922927709967e+08,1.035127435532629221e+02,2.070254871065258384e+08,2.404953404482292356e+01,1.825989237444713353e+02,9.980912749317911725e-01,1.032335904812858018e+01,1.086616004830798232e+00,5.476483538311531785e-01,1.624271638233207415e+00,1.050000000000000044e+00,7.240486339851844866e-01,1.144235186507347013e+00,4.173891898854575544e+01,2.077363823597778492e+00,1.260000000000000009e-01,9.980912741968791524e-01,1.006625478147853192e+00,1.000000000000000000e+00,1.059760735307186064e+00,9.137954349010257715e-01,9.846600667382185978e-01
6.000000000000000000e+01,4.166666666666666435e-02,2.149134982501187096e+03,1.504498274751612819e+01,2.811085676508350417e+01,4.748265707279864000e+05,1.229388072974213664e+01,6.486747362552568674e+00,2.093523042510473431e+01,1.832611639699193162e+00,2.205939859439563477e+01,7.290818179503658847e+00,9.522905632260307840e-01,6.457918971973547473e-01,0.000000000000000000e+00,0.000000000000000000e+00,1.000000000000000000e+00,7.500000000000000000e-01,2.500000000000000000e-01,1.050000000000000044e+00,1.000000000000000000e+00,2.307810162148483002e+01,0.000000000000000000e+00,1.075000000000000178e+00,2.583167588789418989e+00,8.094469787421262197e+01,1.021838151365224157e+00,1.428472879343116233e+02,0.000000000000000000e+00,0.000000000000000000e+00,1.000000000000000000e+00,1.000000000000000000e+00,8.820359218317215255e-01,4.483712608778427366e-01,6.056846622727763974e-01,1.005620606457815258e+00,8.815717113992816989e-01,1.000000000000000000e+00,1.000000000000000000e+00,1.000000000000000000e+00,8.540135855238784046e-01,8.349183588282863000e-02,8.349183588282862445e+01,5.669037591295786171e+01,9.632145274732903939e-01,1.017716184863477480e+00,9.675058924580063335e-01,9.428420700093307349e-01,1.003417988574903497e+00,6.157626447705411010e-01,9.706060951549935201e-01,1.069037591329431791e+01,0.000000000000000000e+00,1.800000000000000000e+01,5.669037591329431791e+01,3.364561962371226400e-10,1.000000000000000000e+02,0.000000000000000000e+00,0.000000000000000000e+00,2.288193972121320474e+00,2.108615760773598691e+00,2.594218574873270899e+00,1.192658232051871181e+01,4.702834335646869590e+00,7.223747984871842220e+00,9.073075752209544542e-02,2.999999999999999737e-04,3.060246027519504253e-01,4.903059032973179285e-04,2.857937104450156340e+01,8.967425217556854733e-01,2.061279331907376999e+00,2.071538790605976121e+00,2.061279331907376999e+00,5.505846439205981113e+01,1.101169287841196209e+08,1.035769395302988016e+02,2.071538790605975986e+08,2.407098646977840062e+01,1.827063903921369956e+02,9.970429234515237882e-01,1.034060951144852858e+01,1.086616004830798232e+00,5.473262308196945591e-01,1.625276901812125807e+00,1.050000000000000044e+00,7.241979927745264556e-01,1.143668633215070063e+00,4.174591794141431222e+01,1.847287934311623303e+00,1.260000000000000009e-01,9.970429227173837061e-01,1.008307562032251470e+00,1.000000000000000000e+00,1.060191756914237837e+00,9.297630135220131820e-01,9.846600667382185978e-01
7.500000000000000000e+01,5.208333333333333565e-02,2.146461946820737467e+03,1.504555371749344417e+01,2.813044716023581415e+01,4.748246216872229706e+05,1.230252962534567374e+01,6.491368715047356019e+00,2.095224358094535688e+01,1.833938091131994241e+00,2.208016472647975093e+01,7.297681562141620226e+00,9.625158020191652009e-01,5.785259255335738482e-01,0.000000000000000000e+00,0.000000000000000000e+00,1.000000000000000000e+00,7.500000000000000000e-01,2.500000000000000000e-01,1.050000000000000044e+00,1.000000000000000000e+00,2.309982673354858917e+01,0.000000000000000000e+00,1.075000000000000178e+00,2.314103702134295393e+00,8.181384317162904551e+01,1.021838151365224157e+00,1.426642041312875904e+02,0.000000000000000000e+00,0.000000000000000000e+00,1.000000000000000000e+00,1.000000000000000000e+00,8.830137904523718273e-01,4.498101843169196035e-01,6.057019354026157432e-01,1.005642556098625517e+00,8.815776102144700088e-01,1.000000000000000000e+00,1.000000000000000000e+00,1.000000000000000000e+00,8.540135855238784046e-01,8.350291172114264471e-02,8.350291172114263816e+01,5.669179407406962667e+01,9.638319694533697968e-01,1.017716184863477480e+00,9.679580346388497736e-01,9.130319540983280469e-01,1.004014230316054412e+00,5.547347104291967534e-01,9.842493084266065173e-01,1.069179407441006902e+01,0.000000000000000000e+00,1.800000000000000000e+01,5.669179407441006902e+01,3.404423409847368021e-10,1.000000000000000000e+02,0.000000000000000000e+00,0.000000000000000000e+00,2.282029824869681534e+00,2.112859249622936808e+00,2.584364875774576298e+00,1.191287644334198070e+01,4.697224125397513106e+00,7.215652317944467597e+00,9.070236918240559554e-02,2.999999999999999737e-04,3.023350509048947643e-01,1.884772910442167673e-04,2.859928794623974468e+01,8.996203686338392069e-01,2.062481752265425072e+00,2.072631974117661979e+00,2.062481752265425072e+00,5.507767750901771819e+01,1.101553550180354416e+08,1.036315987058831070e+02,2.072631974117662013e+08,2.408895834173561212e+01,1.827982345566364302e+02,9.961520808487260847e-01,1.035434015143386155e+01,1.086616004830798232e+00,5.470512351639641446e-01,1.625980915715234287e+00,1.050000000000000044e+00,7.243161728675059363e-01,1.143214179867467317e+00,4.175145586057131908e+01,1.664204131287590371e+00,1.260000000000000009e-01,9.961520801152419224e-01,1.009646429737624862e+00,1.000000000000000000e+00,1.060558513785953227e+00,9.425060753623188958e-01,9.846600667382185978e-01
9.000000000000000000e+01,6.250000000000000000e-02,2.143844701118366629e+03,1.504177721162583303e+01,2.814445352471855344e+01,4.748224542426146800e+05,1.230871659943050389e+01,6.494676915360883207e+00,2.096794367072369880e+01,1.834888443012532955e+00,2.209647516066050699e+01,7.303072298862374190e+00,9.733723126342732623e-01,5.265575453684790963e-01,0.000000000000000000e+00,0.000000000000000000e+00,1.000000000000000000e+00,7.500000000000000000e-01,2.500000000000000000e-01,1.050000000000000044e+00,1.000000000000000000e+00,2.311689038357981119e+01,0.000000000000000000e+00,1.075000000000000178e+00,2.106230181473916385e+00,8.273664657391323374e+01,1.021838151365224157e+00,1.425260240832035947e+02,0.000000000000000000e+00,0.000000000000000000e+00,1.000000000000000000e+00,1.000000000000000000e+00,8.840044533841791008e-01,4.513262777559507999e-01,6.057153715680300143e-01,1.005659782453041773e+00,8.815820648395139569e-01,1.000000000000000000e+00,1.000000000000000000e+00,1.000000000000000000e+00,8.540135855238784046e-01,8.351125084101666818e-02,8.351125084101666118e+01,5.669286182309013356e+01,9.644808179100484713e-01,1.017716184863477480e+00,9.683920791498645819e-01,8.859705165195604915e-01,1.004637252229428013e+00,5.086746944011982796e-01,9.945854921408155969e-01,1.069286182343363123e+01,0.000000000000000000e+00,1.800000000000000000e+01,5.669286182343363123e+01,3.434976747485052329e-10,1.000000000000000000e+02,0.000000000000000000e+00,0.000000000000000000e+00,2.276237734758676634e+00,2.118066665228376166e+00,2.574916592382196612e+00,1.190252654858519854e+01,4.692983257610572778e+00,7.209543290974625762e+00,9.067315529481777270e-02,2.999999999999999737e-04,2.986788576235199777e-01,-8.552503683735817458e-05,2.861352775013052963e+01,9.026525555119015998e-01,2.063426164623774817e+00,2.073490588906398369e+00,2.063426164623774817e+00,5.509303814923095644e+01,1.101860762984619141e+08,1.036745294453199193e+02,2.073490588906398416e+08,2.410294927728374503e+01,1.828705168718346386e+02,9.954535271608530023e-01,1.036469966187030245e+01,1.086616004830798232e+00,5.468350049564594251e-01,1.626466345299535377e+00,1.050000000000000044e+00,7.244051519528024174e-01,1.142869229724396973e+00,4.175562542050833059e+01,1.526024083203594728e+00,1.260000000000000009e-01,9.954535264278832063e-01,1.010656580319217790e+00,1.000000000000000000e+00,1.060846423954652007e+00,9.521454094867785045e-01,9.846600667382185978e-01
1.050000000000000000e+02,7.291666666666667129e-02,2.141279383570831214e+03,1.503422159541094238e+01,2.815417872701453561e+01,4.748201461025871686e+05,1.231301733655841701e+01,6.496979951060490421e+00,2.098163931747252420e+01,1.835551247175151612e+00,2.210868607304029609e+01,7.307108108886201769e+00,9.833881623592093391e-01,4.884429759786915182e-01,0.000000000000000000e+00,0.000000000000000000e+00,1.000000000000000000e+00,7.500000000000000000e-01,2.500000000000000000e-01,1.050000000000000044e+00,1.000000000000000000e+00,2.312966519589329906e+01,0.000000000000000000e+00,1.075000000000000178e+00,1.953771903914766073e+00,8.358799380053280004e+01,1.021838151365224157e+00,1.424270202472229698e+02,0.000000000000000000e+00,0.000000000000000000e+00,1.000000000000000000e+00,1.000000000000000000e+00,8.848912636627165318e-01,4.527145123574682906e-01,6.057253292319415561e-01,1.005672671224406844e+00,8.815852590134836131e-01,1.000000000000000000e+00,1.000000000000000000e+00,1.000000000000000000e+00,8.540135855238784046e-01,8.351719630527734695e-02,8.351719630527735205e+01,5.669362308611745505e+01,9.650734185995684111e-01,1.017716184863477480e+00,9.687683098701914686e-01,8.634864204171018853e-01,1.005203103511939977e+00,4.756734157409899244e-01,1.002015246543100258e+00,1.069362308646316961e+01,0.000000000000000000e+00,1.800000000000000000e+01,5.669362308646316961e+01,3.457145680840767454e-10,1.000000000000000000e+02,0.000000000000000000e+00,0.000000000000000000e+00,2.271281754758446070e+00,2.123203342771179170e+00,2.566735426177925827e+00,1.189510540916303150e+01,4.689938768949104997e+00,7.205166640213926499e+00,9.064644561275875256e-02,2.999999999999999737e-04,2.954536714194797575e-01,-3.131836024271123994e-04,2.862341503913144436e+01,9.054290247149365811e-01,2.064133199354217130e+00,2.074133391192581666e+00,2.064133199354217130e+00,5.510476299622788332e+01,1.102095259924557656e+08,1.037066695596290771e+02,2.074133391192581654e+08,2.411331967262372444e+01,1.829247522284807133e+02,9.949312082202951268e-01,1.037212617731508679e+01,1.086616004830798232e+00,5.466728738552331102e-01,1.626777715406328095e+00,1.050000000000000044e+00,7.244685905385974678e-01,1.142620836623944758e+00,4.175859815263867603e+01,1.427020247222969829e+00,1.260000000000000009e-01,9.949312074877099121e-01,1.011380736054354523e+00,1.000000000000000000e+00,1.061061881569915322e+00,9.590633424047450006e-01,9.846600667382185978e-01
1.200000000000000000e+02,8.333333333333332871e-02,2.138758143163211571e+03,1.502365167477622521e+01,2.816061880448994970e+01,4.748177566587302135e+05,1.231586967775144359e+01,6.498510494962890682e+00,2.099308878966415648e+01,1.835992859323905879e+00,2.211745860132263530e+01,7.310007503826972730e+00,9.918680251540750170e-01,4.618344138049925718e-01,0.000000000000000000e+00,0.000000000000000000e+00,1.000000000000000000e+00,7.500000000000000000e-01,2.500000000000000000e-01,1.050000000000000044e+00,1.000000000000000000e+00,2.313884283953171561e+01,0.000000000000000000e+00,1.075000000000000178e+00,1.847337655219970287e+00,8.430878213809637600e+01,1.021838151365224157e+00,1.423594069845251511e+02,0.000000000000000000e+00,0.000000000000000000e+00,1.000000000000000000e+00,1.000000000000000000e+00,8.856254811667642057e-01,4.538821368240790743e-01,6.057324042449130364e-01,1.005681926592528974e+00,8.815874427429960525e-01,1.000000000000000000e+00,1.000000000000000000e+00,1.000000000000000000e+00,8.540135855238784046e-01,8.352122440203878229e-02,8.352122440203878284e+01,5.669413884754506938e+01,9.655707221211771163e-01,1.017716184863477480e+00,9.690727579745833653e-01,8.462981690097175491e-01,1.005675640222333911e+00,4.531356615083836914e-01,1.007103967236430808e+00,1.069413884789229030e+01,0.000000000000000000e+00,1.800000000000000000e+01,5.669413884789229030e+01,3.472209186838881578e-10,1.000000000000000000e+02,0.000000000000000000e+00,0.000000000000000000e+00,2.267308378803558622e+00,2.127733336255616781e+00,2.560120984568444502e+00,1.189003197649569188e+01,4.687854320824061283e+00,7.202177655671630596e+00,9.062453665691376503e-02,2.999999999999999737e-04,2.928126057648858804e-01,-4.872215764872324384e-04,2.862996245123144945e+01,9.077642736481581487e-01,2.064641142183511135e+00,2.074595188579695826e+00,2.064641142183511135e+00,5.511337137089510918e+01,1.102267427417902201e+08,1.037297594289847922e+02,2.074595188579695821e+08,2.412068439788181351e+01,1.829638151977617042e+02,9.945563124678221678e-01,1.037720576744275647e+01,1.086616004830798232e+00,5.465561586148174333e-01,1.626961125590414170e+00,1.050000000000000044e+00,7.245115706576906733e-01,1.142450406086631620e+00,4.176061220101939142e+01,1.359406984525151074e+00,1.260000000000000009e-01,9.945563117355129545e-01,1.011876044298233523e+00,1.000000000000000000e+00,1.061216623419180660e+00,9.637933759182129023e-01,9.846600667382185978e-01
1.350000000000000000e+02,9.375000000000000000e-02,2.136272033747065507e+03,1.501085753170037940e+01,2.816465871745002403e+01,4.748153301564071444e+05,1.231766175468483837e+01,6.499474117711071308e+00,2.100232602821514760e+01,1.836271632757972672e+00,2.212349612578053382e+01,7.312002956825769395e+00,9.986225952309014664e-01,4.440615691107031027e-01,0.000000000000000000e+00,0.000000000000000000e+00,1.000000000000000000e+00,7.500000000000000000e-01,2.500000000000000000e-01,1.050000000000000044e+00,1.000000000000000000e+00,2.314515917686908253e+01,0.000000000000000000e+00,1.075000000000000178e+00,1.776246276442812411e+00,8.488292059462662564e+01,1.021838151365224157e+00,1.423151228526166676e+02,0.000000000000000000e+00,0.000000000000000000e+00,1.000000000000000000e+00,1.000000000000000000e+00,8.862002354936640014e-01,4.548072093529257898e-01,6.057372234988699367e-01,1.005688294409828210e+00,8.815888746411014720e-01,1.000000000000000000e+00,1.000000000000000000e+00,1.000000000000000000e+00,8.540135855238784046e-01,8.352383831502611933e-02,8.352383831502612566e+01,5.669447353550658875e+01,9.659639941023205889e-01,1.017716184863477480e+00,9.693068743223444139e-01,8.340756842977777863e-01,1.006047833593181284e+00,4.383742842055558531e-01,1.010445093458271160e+00,1.069447353585481864e+01,0.000000000000000000e+00,1.800000000000000000e+01,5.669447353585481864e+01,3.482298893686675001e-10,1.000000000000000000e+02,0.000000000000000000e+00,0.000000000000000000e+00,2.264275343758940462e+00,2.131447364337541117e+00,2.555038074998490671e+00,1.188670531092503246e+01,4.686485439336031789e+00,7.200219871589000675e+00,9.060817357674764982e-02,2.999999999999999737e-04,2.907627312395502095e-01,-6.109798955526062406e-04,2.863406969607418873e+01,9.096144187058515795e-01,2.064990722639047149e+00,2.074913010437573480e+00,2.064990722639047149e+00,5.511941676396022416e+01,1.102388335279204547e+08,1.037456505218786731e+02,2.074913010437573493e+08,2.412569716125467068e+01,1.829907644470935679e+02,9.942984660565638011e-01,1.038053935065393141e+01,1.086616004830798232e+00,5.464756666936165796e-01,1.627061834345011171e+00,1.050000000000000044e+00,7.245394613212349233e-01,1.142338320744587410e+00,4.176191915751306283e+01,1.315122852616667615e+00,1.260000000000000009e-01,9.942984653244444360e-01,1.012201100297763334e+00,1.000000000000000000e+00,1.061323098913068419e+00,9.668938049613373664e-01,9.846600667382185978e-01
1.500000000000000000e+02,1.041666666666666713e-01,2.133812640182435644e+03,1.499652671312692043e+01,2.816707145473732155e+01,4.748128974739093101e+05,1.231873341014711976e+01,6.500051368354220926e+00,2.100955788830698978e+01,1.836439003796406899e+00,2.212747404038067600e+01,7.313317691312257729e+00,1.003757832112176285e+00,4.326326654437623320e-01,0.000000000000000000e+00,0.000000000000000000e+00,1.000000000000000000e+00,7.500000000000000000e-01,2.500000000000000000e-01,1.050000000000000044e+00,1.000000000000000000e+00,2.314932079156545797e+01,0.000000000000000000e+00,1.075000000000000178e+00,1.730530661775049328e+00,8.531941572953498110e+01,1.021838151365224157e+00,1.422871229452512978e+02,0.000000000000000000e+00,0.000000000000000000e+00,1.000000000000000000e+00,1.000000000000000000e+00,8.866312448621661568e-01,4.555075794733258743e-01,6.057403726802927935e-01,1.005692489046626559e+00,8.815897809212369651e-01,1.000000000000000000e+00,1.000000000000000000e+00,1.000000000000000000e+00,8.540135855238784046e-01,8.352547695986055343e-02,8.352547695986055487e+01,5.669468334918514785e+01,9.662613139184027533e-01,1.017716184863477480e+00,9.694799011583575821e-01,8.258847497570656060e-01,1.006328345173874483e+00,4.290409817504325929e-01,1.012561683202586327e+00,1.069468334953400301e+01,0.000000000000000000e+00,1.800000000000000000e+01,5.669468334953400301e+01,3.488551669761363883e-10,1.000000000000000000e+02,0.000000000000000000e+00,0.000000000000000000e+00,2.262047601303824429e+00,2.134334464157002564e+00,2.551283427481148003e+00,1.188459980924843329e+01,4.685617891638150567e+00,7.198981917610282721e+00,9.059685235106938739e-02,2.999999999999999737e-04,2.892358261773235739e-01,-6.939172238993700226e-04,2.863652264564960959e+01,9.110151589466517486e-01,2.065221048375891044e+00,2.075122411593216309e+00,2.065221048375891044e+00,5.512346373858773774e+01,1.102469274771754742e+08,1.037561205796608164e+02,2.075122411593216360e+08,2.412897036512825011e+01,1.830085546833768149e+02,9.941286550086668727e-01,1.038265113426048636e+01,1.086616004830798232e+00,5.464225438696570514e-01,1.627114904649115124e+00,1.050000000000000044e+00,7.245569457945002512e-01,1.142267218709287713e+00,4.176273847993027744e+01,1.287122945251297779e+00,1.260000000000000009e-01,9.941286542766726297e-01,1.012407019240694872e+00,1.000000000000000000e+00,1.061393241833489487e+00,9.688551356670451753e-01,9.846600667382185978e-01
1.650000000000000000e+02,1.145833333333333287e-01,2.131372827737288844e+03,1.498118937615993573e+01,2.816845936850856091e+01,4.748104785207817331e+05,1.231935043538519281e+01,6.500384143185716113e+00,2.101508243145358534e+01,1.836535644636187126e+00,2.212999054392254195e+01,7.314149417059145009e+00,1.007520084202326416e+00,4.255142763026439900e-01,0.000000000000000000e+00,0.000000000000000000e+00,1.000000000000000000e+00,7.500000000000000000e-01,2.500000000000000000e-01,1.050000000000000044e+00,1.000000000000000000e+00,2.315195350724088641e+01,0.000000000000000000e+00,1.075000000000000178e+00,1.702057105210575960e+00,8.563920715719774535e+01,1.021838151365224157e+00,1.422699342636315123e+02,0.000000000000000000e+00,0.000000000000000000e+00,1.000000000000000000e+00,1.000000000000000000e+00,8.869436028412305273e-01,4.560191045267547594e-01,6.057423533236764301e-01,1.005695142285160326e+00,8.815903377043663447e-01,1.000000000000000000e+00,1.000000000000000000e+00,1.000000000000000000e+00,8.540135855238784046e-01,8.352647620173336840e-02,8.352647620173337373e+01,5.669481129308650935e+01,9.664782345676357078e-01,1.017716184863477480e+00,9.696037754981609025e-01,8.206475537488255867e-01,1.006532529868707782e+00,4.233114212105040797e-01,1.013862807965653534e+00,1.069481129343576953e+01,0.000000000000000000e+00,1.800000000000000000e+01,5.669481129343576953e+01,3.492601763355196454e-10,1.000000000000000000e+02,0.000000000000000000e+00,0.000000000000000000e+00,2.260461264266295789e+00,2.136487978169967938e+00,2.548596389922815675e+00,1.188330627849338761e+01,4.685084368092783613e+00,7.198221910400603996e+00,9.058947546998824540e-02,2.999999999999999737e-04,2.881351256565198860e-01,-7.469465952920171375e-04,2.863793369131703415e+01,9.120382090535095188e-01,2.065366756499274370e+00,2.075254882454878658e+00,2.065366756499274370e+00,5.512605253527188154e+01,1.102521050705437660e+08,1.037627441227439391e+02,2.075254882454878688e+08,2.413102783057368939e+01,1.830198244885895065e+02,9.940212600859553715e-01,1.038394948163977460e+01,1.086616004830798232e+00,5.463888968281387370e-01,1.627142576973841903e+00,1.050000000000000044e+00,7.245676077863141273e-01,1.142223466864265013e+00,4.176323810086667976e+01,1.269934263631512295e+00,1.260000000000000009e-01,9.940212593540401764e-01,1.012533620431778525e+00,1.000000000000000000e+00,1.061437611431594874e+00,9.700595466898498387e-01,9.846600667382185978e-01
1.800000000000000000e+02,1.250000000000000000e-01,2.128946947032874959e+03,1.496521994959099011e+01,2.816923790520478121e+01,4.748080851774363546e+05,1.231969675945345521e+01,6.500571077158633138e+00,2.101922252886070552e+01,1.836589989690861291e+00,2.213152826462494716e+01,7.314657646782821487e+00,1.010194922775032422e+00,4.212000583138993393e-01,0.000000000000000000e+00,0.000000000000000000e+00,1.000000000000000000e+00,7.500000000000000000e-01,2.500000000000000000e-01,1.050000000000000044e+00,1.000000000000000000e+00,2.315356223988533202e+01,0.000000000000000000e+00,1.075000000000000178e+00,1.684800233255597357e+00,8.586656843587775256e+01,1.021838151365224157e+00,1.422596496546020148e+02,0.000000000000000000e+00,0.000000000000000000e+00,1.000000000000000000e+00,1.000000000000000000e+00,8.871637635458584636e-01,4.563819694822769391e-01,6.057435587843310598e-01,1.005696763418213457e+00,8.815906710351979481e-01,1.000000000000000000e+00,1.000000000000000000e+00,1.000000000000000000e+00,8.540135855238784046e-01,8.352707115829938189e-02,8.352707115829937834e+01,5.669488747190391109e+01,9.666319954548423521e-01,1.017716184863477480e+00,9.696901825540986675e-01,8.174217604559832484e-01,1.006677021864682109e+00,4.198832182006715930e-01,1.014642051595135985e+00,1.069488747225344127e+01,0.000000000000000000e+00,1.800000000000000000e+01,5.669488747225344127e+01,3.495301825751084834e-10,1.000000000000000000e+02,0.000000000000000000e+00,0.000000000000000000e+00,2.259359985922734904e+00,2.138042154725082966e+00,2.546722576779305136e+00,1.188253187965468172e+01,4.684764731504388102e+00,7.197767148150293615e+00,9.058488802175103383e-02,2.999999999999999737e-04,2.873625908565702325e-01,-7.796095025863463562e-04,2.863872520362486185e+01,9.127639389645538781e-01,2.065455791995595813e+00,2.075335829271690802e+00,2.065455791995595813e+00,5.512764639765336483e+01,1.102552927953067273e+08,1.037667914635845392e+02,2.075335829271690845e+08,2.413227952136188748e+01,1.830267173825997986e+02,9.939556476609213709e-01,1.038472719841538350e+01,1.086616004830798232e+00,5.463683195003689042e-01,1.627157032573453010e+00,1.050000000000000044e+00,7.245739560211202912e-01,1.142197245578362885e+00,4.176353557914968917e+01,1.259649654602014834e+00,1.260000000000000009e-01,9.939556469290544705e-01,1.012609455198104191e+00,1.000000000000000000e+00,1.061464722096379099e+00,9.707803284764455753e-01,9.846600667382185978e-01
1.950000000000000000e+02,1.354166666666666574e-01,2.126530740385192985e+03,1.494886669826656878e+01,2.816966650461911570e+01,4.748057240716159577e+05,1.231988751459086373e+01,6.500674110577204345e+00,2.102228012379536537e+01,1.836619969235659067e+00,2.213244146448581162e+01,7.314959467075818900e+00,1.012049880313537153e+00,4.186494518282307120e-01,0.000000000000000000e+00,0.000000000000000000e+00,1.000000000000000000e+00,7.500000000000000000e-01,2.500000000000000000e-01,1.050000000000000044e+00,1.000000000000000000e+00,2.315451761131576802e+01,0.000000000000000000e+00,1.075000000000000178e+00,1.674597807312922848e+00,8.602423982665065694e+01,1.021838151365224157e+00,1.422536425876203623e+02,0.000000000000000000e+00,0.000000000000000000e+00,1.000000000000000000e+00,1.000000000000000000e+00,8.873153789741753394e-01,4.566332157453804608e-01,6.057442724570784032e-01,1.005697726103504941e+00,8.815908658173603474e-01,1.000000000000000000e+00,1.000000000000000000e+00,1.000000000000000000e+00,8.540135855238784046e-01,8.352741725130841122e-02,8.352741725130840678e+01,5.669493178598943928e+01,9.667384015928964791e-01,1.017716184863477480e+00,9.697491523951353720e-01,8.154960550009575648e-01,1.006776896703185598e+00,4.178808625401207455e-01,1.015097515962258168e+00,1.069493178633910446e+01,0.000000000000000000e+00,1.800000000000000000e+01,5.669493178633910446e+01,3.496651856949029025e-10,1.000000000000000000e+02,0.000000000000000000e+00,0.000000000000000000e+00,2.258611605759261121e+00,2.139133844755344960e+00,2.545443998018427578e+00,1.188207935993466258e+01,4.684577842773772538e+00,7.197501517160890039e+00,9.058214118545918070e-02,2.999999999999999737e-04,2.868323922591664576e-01,-7.991083326730650735e-04,2.863916094636276810e+01,9.132664314907609215e-01,2.065508667102616158e+00,2.075383900790881420e+00,2.065508667102616158e+00,5.512859847896950072e+01,1.102571969579389989e+08,1.037691950395440728e+02,2.075383900790881515e+08,2.413302029611333310e+01,1.830308138146268959e+02,9.939166868873411387e-01,1.038518187766807088e+01,1.086616004830798232e+00,5.463560911731493164e-01,1.627164491529824009e+00,1.050000000000000044e+00,7.245776488615920385e-01,1.142181910977965620e+00,4.176370862565420339e+01,1.253642587620362292e+00,1.260000000000000009e-01,9.939166861555028820e-01,1.012653790740247750e+00,1.000000000000000000e+00,1.061480821629530835e+00,9.712013731977133801e-01,9.846600667382185978e-01
2.100000000000000000e+02,1.458333333333333426e-01,2.124121111284692233e+03,1.493228732053166929e+01,2.816989803434177375e+01,4.748033986861012527e+05,1.231999062790278110e+01,6.500729853564586769e+00,2.102451317148603138e+01,1.836636206030118679e+00,2.213297103157792023e+01,7.315134493487617462e+00,1.013309237624998582e+00,4.171768371503973838e-01,0.000000000000000000e+00,0.000000000000000000e+00,1.000000000000000000e+00,7.500000000000000000e-01,2.500000000000000000e-01,1.050000000000000044e+00,1.000000000000000000e+00,2.315507163381619193e+01,0.000000000000000000e+00,1.075000000000000178e+00,1.668707348601589535e+00,8.613128519812488548e+01,1.021838151365224157e+00,1.422502169754032195e+02,0.000000000000000000e+00,0.000000000000000000e+00,1.000000000000000000e+00,1.000000000000000000e+00,8.874177268149028297e-01,4.568036067835520297e-01,6.057446850540503247e-01,1.005698284350157401e+00,8.815909769476362179e-01,1.000000000000000000e+00,1.000000000000000000e+00,1.000000000000000000e+00,8.540135855238784046e-01,8.352761376390833992e-02,8.352761376390833448e+01,5.669495694765389970e+01,9.668105378165925412e-01,1.017716184863477480e+00,9.697886447739337834e-01,8.143778968426476084e-01,1.006844550753386525e+00,4.167389918010731553e-01,1.015357421628634960e+00,1.069495694800362884e+01,0.000000000000000000e+00,1.800000000000000000e+01,5.669495694800362884e+01,3.497291345411213115e-10,1.000000000000000000e+02,0.000000000000000000e+00,0.000000000000000000e+00,2.258112351227361980e+00,2.139883318100721521e+00,2.544587833885313177e+00,1.188182118135363829e+01,4.684471151986034698e+00,7.197350029367603597e+00,9.058054898162246071e-02,2.999999999999999737e-04,2.864754826579511970e-01,-8.104303068324466078e-04,2.863939633491413517e+01,9.136072135671040595e-01,2.065539329509050059e+00,2.075411777584631690e+00,2.065539329509050059e+00,5.512915380670228416e+01,1.102583076134045720e+08,1.037705888792315818e+02,2.075411777584631741e+08,2.413344838790773750e+01,1.830331910738416354e+02,9.938940948643553153e-01,1.038544142946708959e+01,1.086616004830798232e+00,5.463489950282115482e-01,1.627168171601474533e+00,1.050000000000000044e+00,7.245797456669691439e-01,1.142173155708763321e+00,4.176380688195416724e+01,1.250216975403219521e+00,1.260000000000000009e-01,9.938940941325337119e-01,1.012679099503855928e+00,1.000000000000000000e+00,1.061490157599652928e+00,9.714414956380839072e-01,9.846600667382185978e-01
2.250000000000000000e+02,1.562500000000000000e-01,2.121715874678635828e+03,1.491557824156060263e+01,2.817001948538151979e+01,4.748011106634684838e+05,1.232004477459747882e+01,6.500759166290689173e+00,2.102613009898947993e+01,1.836644759020352513e+00,2.213327138010448891e+01,7.315233761220972575e+00,1.014148717852410897e+00,4.163478682992445279e-01,0.000000000000000000e+00,0.000000000000000000e+00,1.000000000000000000e+00,7.500000000000000000e-01,2.500000000000000000e-01,1.050000000000000044e+00,1.000000000000000000e+00,2.315538585243771763e+01,0.000000000000000000e+00,1.075000000000000178e+00,1.665391473196978112e+00,8.620264101745492269e+01,1.021838151365224157e+00,1.422483151720333581e+02,0.000000000000000000e+00,0.000000000000000000e+00,1.000000000000000000e+00,1.000000000000000000e+00,8.874856255544439909e-01,4.569171061303107240e-01,6.057449181699635643e-01,1.005698600958939704e+00,8.815910386827754408e-01,1.000000000000000000e+00,1.000000000000000000e+00,1.000000000000000000e+00,8.540135855238784046e-01,8.352772223419110964e-02,8.352772223419110276e+01,5.669497083629444489e+01,9.668585766055388664e-01,1.017716184863477480e+00,9.698146578786631666e-01,8.137464108001370988e-01,1.006889580293596209e+00,4.161050573444526890e-01,1.015501828053712252e+00,1.069497083664418824e+01,0.000000000000000000e+00,1.800000000000000000e+01,5.669497083664418824e+01,3.497433453958365135e-10,1.000000000000000000e+02,0.000000000000000000e+00,0.000000000000000000e+00,2.257784674601940100e+00,2.140387900369053575e+00,2.544023936378035700e+00,1.188167775797127490e+01,4.684411836747089275e+00,7.197265921224185625e+00,9.057965473242816923e-02,2.999999999999999737e-04,2.862392617760955993e-01,-8.168244566663391409e-04,2.863951981013787673e+01,9.138342122606214479e-01,2.065556719952258202e+00,2.075427588144000524e+00,2.065556719952258202e+00,5.512947105725336883e+01,1.102589421145067364e+08,1.037713794072000297e+02,2.075427588144000471e+08,2.413369012440720240e+01,1.830345405888606081e+02,9.938812820728366582e-01,1.038558572381637468e+01,1.086616004830798232e+00,5.463449667930379006e-01,1.627169802384037745e+00,1.050000000000000044e+00,7.245809030536822792e-01,1.142168287838814855e+00,4.176386111709555138e+01,1.248315172033358067e+00,1.260000000000000009e-01,9.938812813410244917e-01,1.012693169572296270e+00,1.000000000000000000e+00,1.061495452512331461e+00,9.715748098430072588e-01,9.846600667382185978e-01
2.400000000000000000e+02,1.666666666666666574e-01,2.119313524239461458e+03,1.489879688895338461e+01,2.817008019846866773e+01,4.747988606173421140e+05,1.232007189058712449e+01,6.500773880123250414e+00,2.102729297562014210e+01,1.836649064701853185e+00,2.213343763077999782e+01,7.315288708478133728e+00,1.014699292720817381e+00,4.158946187495299318e-01,0.000000000000000000e+00,0.000000000000000000e+00,1.000000000000000000e+00,7.500000000000000000e-01,2.500000000000000000e-01,1.050000000000000044e+00,1.000000000000000000e+00,2.315555978056941910e+01,0.000000000000000000e+00,1.075000000000000178e+00,1.663578474998119727e+00,8.624943988126948113e+01,1.021838151365224157e+00,1.422472928542849502e+02,0.000000000000000000e+00,0.000000000000000000e+00,1.000000000000000000e+00,1.000000000000000000e+00,8.875299738011616091e-01,4.569915092089411046e-01,6.057450465472467016e-01,1.005698776208343581e+00,8.815910718980553007e-01,1.000000000000000000e+00,1.000000000000000000e+00,1.000000000000000000e+00,8.540135855238784046e-01,8.352778006304352465e-02,8.352778006304352232e+01,5.669497824075691739e+01,9.668900626534759901e-01,1.017716184863477480e+00,9.698315372985395477e-01,8.134005119294509534e-01,1.006919083426714989e+00,4.157642847616500603e-01,1.015579536999712040e+00,1.069497824110672468e+01,0.000000000000000000e+00,1.800000000000000000e+01,5.669497824110672468e+01,3.498072942420549225e-10,1.000000000000000000e+02,0.000000000000000000e+00,0.000000000000000000e+00,2.257572765565794004e+00,2.140721834899261378e+00,2.543658053481775649e+00,1.188160059209605635e+01,4.684379888381037027e+00,7.197220703715019319e+00,9.057916944027288864e-02,2.999999999999999737e-04,2.860852879159816453e-01,-8.203268770324637083e-04,2.863958153510981219e+01,9.139830184178822092e-01,2.065566346010970555e+00,2.075436339696259402e+00,2.065566346010970555e+00,5.512964836373890165e+01,1.102592967274778038e+08,1.037718169848129719e+02,2.075436339696259499e+08,2.413382314585911814e+01,1.830352884944109917e+02,9.938741900072077806e-01,1.038566344223396065e+01,1.086616004830798232e+00,5.463427343577712536e-01,1.627170367851576538e+00,1.050000000000000044e+00,7.245815200922269828e-01,1.142165665807451269e+00,4.176389003152176116e+01,1.247292854284950181e+00,1.260000000000000009e-01,9.938741892754008322e-01,1.012700747855575845e+00,1.000000000000000000e+00,1.061498383363804088e+00,9.716464746016342247e-01,9.846600667382185978e-01
2.550000000000000000e+02,1.770833333333333426e-01,2.116913042881076308e+03,1.488197656072884811e+01,2.817010813324304053e+01,4.747966485813109903e+05,1.232008440586825948e+01,6.500780699020475950e+00,2.102812471601791344e+01,1.836651070149901477e+00,2.213352683402503729e+01,7.315318190906579865e+00,1.015055074368918842e+00,4.156558223037289945e-01,0.000000000000000000e+00,0.000000000000000000e+00,1.000000000000000000e+00,7.500000000000000000e-01,2.500000000000000000e-01,1.050000000000000044e+00,1.000000000000000000e+00,2.315565310322031678e+01,0.000000000000000000e+00,1.075000000000000178e+00,1.662623289214915978e+00,8.627968132135809753e+01,1.021838151365224157e+00,1.422467663648436655e+02,0.000000000000000000e+00,0.000000000000000000e+00,1.000000000000000000e+00,1.000000000000000000e+00,8.875585266084946579e-01,4.570395734712945357e-01,6.057451149519273992e-01,1.005698870239422282e+00,8.815910890258410459e-01,1.000000000000000000e+00,1.000000000000000000e+00,1.000000000000000000e+00,8.540135855238784046e-01,8.352780948486741852e-02,8.352780948486741863e+01,5.669498200795588616e+01,9.669104004066746416e-01,1.017716184863477480e+00,9.698423379850100723e-01,8.132180955062735528e-01,1.006938135912097243e+00,4.155887882812218659e-01,1.015619617829421895e+00,1.069498200830568635e+01,0.000000000000000000e+00,1.800000000000000000e+01,5.669498200830568635e+01,3.498001888146973215e-10,1.000000000000000000e+02,0.000000000000000000e+00,0.000000000000000000e+00,2.257437607388729006e+00,2.140939444697016469e+00,2.543423942998739307e+00,1.188156080076110754e+01,4.684363387695755776e+00,7.197197413065351768e+00,9.057891712933324735e-02,2.999999999999999737e-04,2.859863356100103005e-01,-8.221739459517481835e-04,2.863960993546375633e+01,9.140791469425890714e-01,2.065571510956072832e+00,2.075441035417353586e+00,2.065571510956072832e+00,5.512974473411647125e+01,1.102594894682329446e+08,1.037720517708676766e+02,2.075441035417353511e+08,2.413389394872404026e+01,1.830356904537081846e+02,9.938703847405694347e-01,1.038570358184581011e+01,1.086616004830798232e+00,5.463415345505587828e-01,1.627170426707049256e+00,1.050000000000000044e+00,7.245818340254736034e-01,1.142164311553859335e+00,4.176390474243370221e+01,1.246766364843665542e+00,1.260000000000000009e-01,9.938703840087653729e-01,1.012704661848665033e+00,1.000000000000000000e+00,1.061499955931878736e+00,9.716833820598154148e-01,9.846600667382185978e-01
2.700000000000000000e+02,1.875000000000000000e-01,2.114513754638129740e+03,1.486513616664145054e+01,2.817011917918495101e+01,4.747944742689900449e+05,1.232008938720881197e+01,6.500783436276590166e+00,2.102871696743439145e+01,1.836651883538145347e+00,2.213357278755982449e+01,7.315333378939263831e+00,1.015281832214508739e+00,4.155360162710488026e-01,0.000000000000000000e+00,0.000000000000000000e+00,1.000000000000000000e+00,7.500000000000000000e-01,2.500000000000000000e-01,1.050000000000000044e+00,1.000000000000000000e+00,2.315570117888934121e+01,0.000000000000000000e+00,1.075000000000000178e+00,1.662144065084195210e+00,8.629895573823324639e+01,1.021838151365224157e+00,1.422465109591977352e+02,0.000000000000000000e+00,0.000000000000000000e+00,1.000000000000000000e+00,1.000000000000000000e+00,8.875766638953968002e-01,4.570702011316449820e-01,6.057451498486405850e-01,1.005698918679902132e+00,8.815910973512148807e-01,1.000000000000000000e+00,1.000000000000000000e+00,1.000000000000000000e+00,8.540135855238784046e-01,8.352782348828240166e-02,8.352782348828240799e+01,5.669498380096672463e+01,9.669233592011717837e-01,1.017716184863477480e+00,9.698491585637033507e-01,8.131265294252800757e-01,1.006950273940977469e+00,4.155036530659117489e-01,1.015639106816242032e+00,1.069498380131656745e+01,0.000000000000000000e+00,1.800000000000000000e+01,5.669498380131656745e+01,3.498428213788429275e-10,1.000000000000000000e+02,0.000000000000000000e+00,0.000000000000000000e+00,2.257352522137209938e+00,2.141079240887508117e+00,2.543276106685973925e+00,1.188154145922389660e+01,4.684355347573482042e+00,7.197186111650414553e+00,9.057879325444603835e-02,2.999999999999999737e-04,2.859235845487639871e-01,-8.231011040837725445e-04,2.863962116550469972e+01,9.141404022632899640e-01,2.065574171705413686e+00,2.075443454443413049e+00,2.065574171705413686e+00,5.512979526648495465e+01,1.102595905329699069e+08,1.037721727221706516e+02,2.075443454443413019e+08,2.413393001331400001e+01,1.830358980019695991e+02,9.938684244485233021e-01,1.038572314017533849e+01,1.086616004830798232e+00,5.463409150423810257e-01,1.627170281582408728e+00,1.050000000000000044e+00,7.245819834430474726e-01,1.142163651673627545e+00,4.176391174414119689e+01,1.246510959197735247e+00,1.260000000000000009e-01,9.938684237167206836e-01,1.012706568971406984e+00,1.000000000000000000e+00,1.061500766047269728e+00,9.717012863600196226e-01,9.846600667382185978e-01
2.850000000000000000e+02,1.979166666666666574e-01,2.112115218844138781e+03,1.484828597957397456e+01,2.817012194542739323e+01,4.747923372132059303e+05,1.232009066680625331e+01,6.500784162156213242e+00,2.102913719082361155e+01,1.836652107365907671e+00,2.213359499347852122e+01,7.315340718183578339e+00,1.015424475713851082e+00,4.154805406888238406e-01,0.000000000000000000e+00,0.000000000000000000e+00,1.000000000000000000e+00,7.500000000000000000e-01,2.500000000000000000e-01,1.050000000000000044e+00,1.000000000000000000e+00,2.315572441027736161e+01,0.000000000000000000e+00,1.075000000000000178e+00,1.661922162755295362e+00,8.631108043567734001e+01,1.021838151365224157e+00,1.422463994665557721e+02,0.000000000000000000e+00,0.000000000000000000e+00,1.000000000000000000e+00,1.000000000000000000e+00,8.875880368059245740e-01,4.570894652074175557e-01,6.057451664535746794e-01,1.005698942087541958e+00,8.815911009987202895e-01,1.000000000000000000e+00,1.000000000000000000e+00,1.000000000000000000e+00,8.540135855238784046e-01,8.352782938537967050e-02,8.352782938537967539e+01,5.669498455603685017e+01,9.669315096213014771e-01,1.017716184863477480e+00,9.698534105497151891e-01,8.130841197180884716e-01,1.006957907415962472e+00,4.154664888519239985e-01,1.015647650598395124e+00,1.069498455638664325e+01,0.000000000000000000e+00,1.800000000000000000e+01,5.669498455638664325e+01,3.497930833873397205e-10,1.000000000000000000e+02,0.000000000000000000e+00,0.000000000000000000e+00,2.257299645867787863e+00,2.141167863405002869e+00,2.543183946001468243e+00,1.188153298532703239e+01,4.684351809406471112e+00,7.197181175920561280e+00,9.057873808319738540e-02,2.999999999999999737e-04,2.858843001336803802e-01,-8.235305262603081697e-04,2.863962397785117986e+01,9.141789304148351114e-01,2.065575457447254237e+00,2.075444623378407627e+00,2.065575457447254237e+00,5.512982035360450794e+01,1.102596407072090209e+08,1.037722311689203849e+02,2.075444623378407657e+08,2.413394713155848947e+01,1.830359986540833859e+02,9.938674771883115877e-01,1.038573174706929514e+01,1.086616004830798232e+00,5.463406146076668080e-01,1.627170079192652219e+00,1.050000000000000044e+00,7.245820463655535670e-01,1.142163361282801048e+00,4.176391469268983769e+01,1.246399466555772051e+00,1.260000000000000009e-01,9.938674764565096353e-01,1.012707408225248962e+00,1.000000000000000000e+00,1.061501157515281513e+00,9.717091021734649559e-01,9.846600667382185978e-01
3.000000000000000000e+02,2.083333333333333426e-01,2.109717151042989371e+03,1.483143151519192493e+01,2.817012111990077017e+01,4.747902368608256220e+05,1.232009033369566531e+01,6.500784006838717488e+00,2.102943451829374411e+01,1.836652071122226504e+00,2.213360465624921147e+01,7.315343911811178934e+00,1.015513066886577498e+00,4.154582688114983324e-01,0.000000000000000000e+00,0.000000000000000000e+00,1.000000000000000000e+00,7.500000000000000000e-01,2.500000000000000000e-01,1.050000000000000044e+00,1.000000000000000000e+00,2.315573451927480164e+01,0.000000000000000000e+00,1.075000000000000178e+00,1.661833075245993330e+00,8.631861068535908998e+01,1.021838151365224157e+00,1.422463602978575068e+02,0.000000000000000000e+00,0.000000000000000000e+00,1.000000000000000000e+00,1.000000000000000000e+00,8.875950781965791236e-01,4.571014285359375484e-01,6.057451734768850571e-01,1.005698952273227587e+00,8.815911022915998707e-01,1.000000000000000000e+00,1.000000000000000000e+00,1.000000000000000000e+00,8.540135855238784046e-01,8.352783126981759565e-02,8.352783126981759665e+01,5.669498479732209972e+01,9.669365710366630839e-01,1.017716184863477480e+00,9.698560278421335390e-01,8.130670915512158148e-01,1.006962647526153276e+00,4.154534326191689497e-01,1.015650683535630039e+00,1.069498479767190702e+01,0.000000000000000000e+00,1.800000000000000000e+01,5.669498479767190702e+01,3.498072942420549225e-10,1.000000000000000000e+02,0.000000000000000000e+00,0.000000000000000000e+00,2.257267201358144071e+00,2.141223324404487816e+00,2.543127217361854431e+00,1.188152998170512298e+01,4.684350541766342246e+00,7.197179439938780732e+00,9.057871777768120025e-02,2.999999999999999737e-04,2.858600160037103599e-01,-8.237029460443426321e-04,2.863962313856578490e+01,9.142028570718750968e-01,2.065576016930004144e+00,2.075445132033368889e+00,2.065576016930004144e+00,5.512983179413765100e+01,1.102596635882752985e+08,1.037722566016684453e+02,2.075445132033368945e+08,2.413395433820654645e+01,1.830360427340126535e+02,9.938670649943606161e-01,1.038573483070946502e+01,1.086616004830798232e+00,5.463404830343696617e-01,1.627169887469301912e+00,1.050000000000000044e+00,7.245820664726589921e-01,1.142163257242544638e+00,4.176391563490879832e+01,1.246360297857506794e+00,1.260000000000000009e-01,9.938670642625589968e-01,1.012707708909430071e+00,1.000000000000000000e+00,1.061501327860132626e+00,9.717118479650910245e-01,9.846600667382185978e-01
3.150000000000000000e+02,2.187500000000000000e-01,2.107319370704770336e+03,1.481457553333091681e+01,2.817011903645776982e+01,4.747881726154095959e+05,1.232008943010056790e+01,6.500783535765828347e+00,2.102964445004215222e+01,1.836651940236716740e+00,2.213360800860873212e+01,7.315345019794410319e+00,1.015567399786869496e+00,4.154522018350173540e-01,0.000000000000000000e+00,0.000000000000000000e+00,1.000000000000000000e+00,7.500000000000000000e-01,2.500000000000000000e-01,1.050000000000000044e+00,1.000000000000000000e+00,2.315573802644628643e+01,0.000000000000000000e+00,1.075000000000000178e+00,1.661808807340069416e+00,8.632322898188390070e+01,1.021838151365224157e+00,1.422463550145982083e+02,0.000000000000000000e+00,0.000000000000000000e+00,1.000000000000000000e+00,1.000000000000000000e+00,8.875993831555770708e-01,4.571087652749981634e-01,6.057451757338195852e-01,1.005698955807003747e+00,8.815911024786116101e-01,1.000000000000000000e+00,1.000000000000000000e+00,1.000000000000000000e+00,8.540135855238784046e-01,8.352783131785282422e-02,8.352783131785282933e+01,5.669498480347256475e+01,9.669396749936062241e-01,1.017716184863477480e+00,9.698576184443457038e-01,8.130624528034574583e-01,1.006965554333049129e+00,4.154516715327360998e-01,1.015651127194274084e+00,1.069498480382238625e+01,0.000000000000000000e+00,1.800000000000000000e+01,5.669498480382238625e+01,3.498215050967701245e-10,1.000000000000000000e+02,0.000000000000000000e+00,0.000000000000000000e+00,2.257247549065876324e+00,2.141257601705958802e+00,2.543092741954091185e+00,1.188152954723876675e+01,4.684350343660049987e+00,7.197179203578716766e+00,9.057871402923735327e-02,2.999999999999999737e-04,2.858451928882148607e-01,-8.237499159792520051e-04,2.863962102039873514e+01,9.142175305499963267e-01,2.065576211034509058e+00,2.075445308503901742e+00,2.065576211034509058e+00,5.512983622894032720e+01,1.102596724578806609e+08,1.037722654251950871e+02,2.075445308503901660e+08,2.413395662317280355e+01,1.830360582773082001e+02,9.938669219896709706e-01,1.038573531261937966e+01,1.086616004830798232e+00,5.463404366395134826e-01,1.627169728843003593e+00,1.050000000000000044e+00,7.245820669851990026e-01,1.142163240983165018e+00,4.176391565892641466e+01,1.246355014598208300e+00,1.260000000000000009e-01,9.938669212578694623e-01,1.012707755900219997e+00,1.000000000000000000e+00,1.061501386958821236e+00,9.717122183305679783e-01,9.846600667382185978e-01
3.300000000000000000e+02,2.291666666666666574e-01,2.104921765201733251e+03,1.479771931573400856e+01,2.817011677128714098e+01,4.747861438658922561e+05,1.232008843791123098e+01,6.500783011308719495e+00,2.102979238552910957e+01,1.836651791807091483e+00,2.213360838622371674e+01,7.315345144599361582e+00,1.015600243638066891e+00,4.154533931882965492e-01,0.000000000000000000e+00,0.000000000000000000e+00,1.000000000000000000e+00,7.500000000000000000e-01,2.500000000000000000e-01,1.050000000000000044e+00,1.000000000000000000e+00,2.315573842149952810e+01,0.000000000000000000e+00,1.075000000000000178e+00,1.661813572753186197e+00,8.632602070923569215e+01,1.021838151365224157e+00,1.422463638003748088e+02,0.000000000000000000e+00,0.000000000000000000e+00,1.000000000000000000e+00,1.000000000000000000e+00,8.876019768932088549e-01,4.571132001482535179e-01,6.057451757850816909e-01,1.005698956205053785e+00,8.815911022042886014e-01,1.000000000000000000e+00,1.000000000000000000e+00,1.000000000000000000e+00,8.540135855238784046e-01,8.352783063910938777e-02,8.352783063910938210e+01,5.669498471656557825e+01,9.669415512377688149e-01,1.017716184863477480e+00,9.698585706485319813e-01,8.130633637061794872e-01,1.006967311366824935e+00,4.154546001249362353e-01,1.015650489816118496e+00,1.069498471691541397e+01,0.000000000000000000e+00,1.800000000000000000e+01,5.669498471691541397e+01,3.498357159514853265e-10,1.000000000000000000e+02,0.000000000000000000e+00,0.000000000000000000e+00,2.257235826475272322e+00,2.141278490782680066e+00,2.543072103530082728e+00,1.188153018454684684e+01,4.684350594312762794e+00,7.197179590234084046e+00,9.057871733579703211e-02,2.999999999999999737e-04,2.858362770548104059e-01,-8.237406925759071033e-04,2.863961871747526189e+01,9.142264002965070357e-01,2.065576232898741260e+00,2.075445328381817056e+00,2.065576232898741260e+00,5.512983725443714178e+01,1.102596745088742822e+08,1.037722664190908546e+02,2.075445328381817043e+08,2.413395663741142982e+01,1.830360603109394333e+02,9.938669058814032509e-01,1.038573470288595324e+01,1.086616004830798232e+00,5.463404305693709828e-01,1.627169606941290869e+00,1.050000000000000044e+00,7.245820597429510901e-01,1.142163261555240172e+00,4.176391531955469105e+01,1.246363800374808761e+00,1.260000000000000009e-01,9.938669051496017426e-01,1.012707696445424466e+00,1.000000000000000000e+00,1.061501393615789102e+00,9.717116024326752921e-01,9.846600667382185978e-01
3.450000000000000000e+02,2.395833333333333426e-01,2.102524263933162274e+03,1.478086341895005340e+01,2.817011479197895341e+01,4.747841500015428173e+05,1.232008756753024947e+01,6.500782548755425161e+00,2.102989653273557380e+01,1.836651659974521289e+00,2.213360757277622426e+01,7.315344875748074571e+00,1.015619837712142370e+00,4.154571600187051406e-01,0.000000000000000000e+00,0.000000000000000000e+00,1.000000000000000000e+00,7.500000000000000000e-01,2.500000000000000000e-01,1.050000000000000044e+00,1.000000000000000000e+00,2.315573757048703385e+01,0.000000000000000000e+00,1.075000000000000178e+00,1.661828640074820562e+00,8.632768620553210326e+01,1.021838151365224157e+00,1.422463765707749985e+02,0.000000000000000000e+00,0.000000000000000000e+00,1.000000000000000000e+00,1.000000000000000000e+00,8.876035189033787409e-01,4.571158458691895743e-01,6.057451749888774772e-01,1.005698955347585688e+00,8.815911017971594932e-01,1.000000000000000000e+00,1.000000000000000000e+00,1.000000000000000000e+00,8.540135855238784046e-01,8.352782978959606697e-02,8.352782978959606908e+01,5.669498460779309568e+01,9.669426705454511328e-01,1.017716184863477480e+00,9.698591328761568819e-01,8.130662437855949998e-01,1.006968359543240155e+00,4.154588569249995089e-01,1.015649540388255945e+00,1.069498460814290297e+01,0.000000000000000000e+00,1.800000000000000000e+01,5.669498460814290297e+01,3.498072942420549225e-10,1.000000000000000000e+02,0.000000000000000000e+00,0.000000000000000000e+00,2.257228931665865357e+00,2.141291059051552814e+00,2.543059917624750810e+00,1.188153113039047959e+01,4.684350976676303624e+00,7.197180153714175965e+00,9.057872281388300306e-02,2.999999999999999737e-04,2.858309859588854529e-01,-8.237115301489494543e-04,2.863961670517860014e+01,9.142316917383791486e-01,2.065576185799430586e+00,2.075445285561375641e+00,2.065576185799430586e+00,5.512983682245090478e+01,1.102596736449018121e+08,1.037722642780687750e+02,2.075445285561375618e+08,2.413395578519752505e+01,1.830360568857172154e+02,9.938669405813774782e-01,1.038573377275494103e+01,1.086616004830798232e+00,5.463404407932438422e-01,1.627169518025558093e+00,1.050000000000000044e+00,7.245820506785751736e-01,1.142163292937343533e+00,4.176391489479803454e+01,1.246376570774998527e+00,1.260000000000000009e-01,9.938669398495758589e-01,1.012707605748823569e+00,1.000000000000000000e+00,1.061501379275537671e+00,9.717107072060215955e-01,9.846600667382185978e-01
3.600000000000000000e+02,2.500000000000000000e-01,2.100126824028662213e+03,1.476400799953318987e+01,2.817011322494192171e+01,4.747821904174655210e+05,1.232008687696710503e+01,6.500782180693772894e+00,2.102996980304110153e+01,1.836651554677411813e+00,2.213360642666317446e+01,7.315344496947997932e+00,1.015631358021208852e+00,4.154613432236849424e-01,0.000000000000000000e+00,0.000000000000000000e+00,1.000000000000000000e+00,7.500000000000000000e-01,2.500000000000000000e-01,1.050000000000000044e+00,1.000000000000000000e+00,2.315573637144647989e+01,0.000000000000000000e+00,1.075000000000000178e+00,1.661845372894739770e+00,8.632866543180274732e+01,1.021838151365224157e+00,1.422463889273877555e+02,0.000000000000000000e+00,0.000000000000000000e+00,1.000000000000000000e+00,1.000000000000000000e+00,8.876044220785578309e-01,4.571174014005177089e-01,6.057451739890060693e-01,1.005698954139449430e+00,8.815911014010106017e-01,1.000000000000000000e+00,1.000000000000000000e+00,1.000000000000000000e+00,8.540135855238784046e-01,8.352782900372995867e-02,8.352782900372996266e+01,5.669498450717000537e+01,9.669433286313970921e-01,1.017716184863477480e+00,9.698594596789334998e-01,8.130694421847877162e-01,1.006968975803325783e+00,4.154629757959185099e-01,1.015648615668194976e+00,1.069498450751984109e+01,0.000000000000000000e+00,1.800000000000000000e+01,5.669498450751984109e+01,3.498357159514853265e-10,1.000000000000000000e+02,0.000000000000000000e+00,0.000000000000000000e+00,2.257224941395014728e+00,2.141298517000158608e+00,2.543052834402438567e+00,1.188153205072491048e+01,4.684351351402597174e+00,7.197180699322313302e+00,9.057872829256086167e-02,2.999999999999999737e-04,2.858278930074238389e-01,-8.236791445549122154e-04,2.863961511202428767e+01,9.142348028010354177e-01,2.065576119438497837e+00,2.075445225229189283e+00,2.065576119438497837e+00,5.512983589779073412e+01,1.102596717955814749e+08,1.037722612614594766e+02,2.075445225229189396e+08,2.413395473055280505e+01,1.830360518898029909e+02,9.938669894721754439e-01,1.038573286120203321e+01,1.086616004830798232e+00,5.463404557054425403e-01,1.627169455253878017e+00,1.050000000000000044e+00,7.245820422933199056e-01,1.142163323692618082e+00,4.176391450186497423e+01,1.246388927387755530e+00,1.260000000000000009e-01,9.938669887403738246e-01,1.012707516863764257e+00,1.000000000000000000e+00,1.061501359070730732e+00,9.717098409867190867e-01,9.846600667382185978e-01
3.750000000000000000e+02,2.604166666666666852e-01,2.097729419983239950e+03,1.474715303829505153e+01,2.817011204898587451e+01,4.747802645183923305e+05,1.232008635799842722e+01,6.500781903548878304e+00,2.103002128665940518e+01,1.836651475191118266e+00,2.213360531450060975e+01,7.315344129368843262e+00,1.015637990564893123e+00,4.154650855235304530e-01,0.000000000000000000e+00,0.000000000000000000e+00,1.000000000000000000e+00,7.500000000000000000e-01,2.500000000000000000e-01,1.050000000000000044e+00,1.000000000000000000e+00,2.315573520792424844e+01,0.000000000000000000e+00,1.075000000000000178e+00,1.661860342094121812e+00,8.632922919801590922e+01,1.021838151365224157e+00,1.422463993243920868e+02,0.000000000000000000e+00,0.000000000000000000e+00,1.000000000000000000e+00,1.000000000000000000e+00,8.876049397294046850e-01,4.571182969550454112e-01,6.057451730532315004e-01,1.005698952967100990e+00,8.815911010667756287e-01,1.000000000000000000e+00,1.000000000000000000e+00,1.000000000000000000e+00,8.540135855238784046e-01,8.352782835736367872e-02,8.352782835736367417e+01,5.669498442440864494e+01,9.669437075055308251e-01,1.017716184863477480e+00,9.698596452840891891e-01,8.130723034442632891e-01,1.006969330595762102e+00,4.154664414640289460e-01,1.015647835104466212e+00,1.069498442475847355e+01,0.000000000000000000e+00,1.800000000000000000e+01,5.669498442475847355e+01,3.498286105241277255e-10,1.000000000000000000e+02,0.000000000000000000e+00,0.000000000000000000e+00,2.257222687098285885e+00,2.141302857115606972e+00,2.543048811542692800e+00,1.188153282722083581e+01,4.684351668658299772e+00,7.197181158562536041e+00,9.057873297683832758e-02,2.999999999999999737e-04,2.858261244444069149e-01,-8.236501726905116200e-04,2.863961391646897425e+01,9.142365939100908223e-01,2.065576055043326864e+00,2.075445166684179110e+00,2.065576055043326864e+00,5.512983491117459778e+01,1.102596698223491907e+08,1.037722583342089564e+02,2.075445166684179008e+08,2.413395374845308439e+01,1.830360469938366350e+02,9.938670369147206696e-01,1.038573208945101811e+01,1.086616004830798232e+00,5.463404703193097678e-01,1.627169412014346950e+00,1.050000000000000044e+00,7.245820353965395366e-01,1.142163349731045496e+00,4.176391417868183709e+01,1.246399324392086783e+00,1.260000000000000009e-01,9.938670361829190503e-01,1.012707441610716241e+00,1.000000000000000000e+00,1.061501339464435700e+00,9.717091121393739428e-01,9.846600667382185978e-01
3.900000000000000000e+02,2.708333333333333148e-01,2.095332036340206741e+03,1.473029846681128063e+01,2.817011120485225106e+01,4.747783717205211869e+05,1.232008598507186115e+01,6.500781704108085535e+00,2.103005741828208741e+01,1.836651417885242887e+00,2.213360438543799802e+01,7.315343822305778509e+00,1.015641719943968457e+00,4.154680828909991241e-01,0.000000000000000000e+00,0.000000000000000000e+00,1.000000000000000000e+00,7.500000000000000000e-01,2.500000000000000000e-01,1.050000000000000044e+00,1.000000000000000000e+00,2.315573423595752800e+01,0.000000000000000000e+00,1.075000000000000178e+00,1.661872331563996497e+00,8.632954619523731310e+01,1.021838151365224157e+00,1.422464073665026376e+02,0.000000000000000000e+00,0.000000000000000000e+00,1.000000000000000000e+00,1.000000000000000000e+00,8.876052292385173681e-01,4.571188005100235707e-01,6.057451722854332310e-01,1.005698951987761047e+00,8.815911008078201050e-01,1.000000000000000000e+00,1.000000000000000000e+00,1.000000000000000000e+00,8.540135855238784046e-01,8.352782786431985074e-02,8.352782786431984619e+01,5.669498436127884844e+01,9.669439205397086790e-01,1.017716184863477480e+00,9.698597479454962311e-01,8.130745951271395322e-01,1.006969530088698717e+00,4.154691221675458901e-01,1.015647230175925841e+00,1.069498436162866284e+01,0.000000000000000000e+00,1.800000000000000000e+01,5.669498436162866284e+01,3.498143996694125235e-10,1.000000000000000000e+02,0.000000000000000000e+00,0.000000000000000000e+00,2.257221448312886292e+00,2.141305328536599273e+00,2.543046586430514733e+00,1.188153342882715080e+01,4.684351914967114006e+00,7.197181513860036794e+00,9.057873663536369913e-02,2.999999999999999737e-04,2.858251381176284411e-01,-8.236269681101346385e-04,2.863961305826645543e+01,9.142376010200471415e-01,2.065576001249801674e+00,2.075445117777678039e+00,2.065576001249801674e+00,5.512983405092753486e+01,1.102596681018550694e+08,1.037722558888839046e+02,2.075445117777678072e+08,2.413395294471147068e+01,1.830360428845229137e+02,9.938670765466058876e-01,1.038573149028417397e+01,1.086616004830798232e+00,5.463404825851146951e-01,1.627169383026486171e+00,1.050000000000000044e+00,7.245820301357216442e-01,1.142163369946576967e+00,4.176391393215992309e+01,1.246407366502637615e+00,1.260000000000000009e-01,9.938670758148042683e-01,1.012707383186262744e+00,1.000000000000000000e+00,1.061501323086005755e+00,9.717085483740852681e-01,9.846600667382185978e-01
4.050000000000000000e+02,2.812500000000000000e-01,2.092934664109282039e+03,1.471344419997556052e+01,2.817011062017378720e+01,4.747765114514490706e+05,1.232008572655372625e+01,6.500781565697201003e+00,2.103008270621548093e+01,1.836651378058076212e+00,2.213360366987738814e+01,7.315343585806934001e+00,1.015643743467001370e+00,4.154703305768185917e-01,0.000000000000000000e+00,0.000000000000000000e+00,1.000000000000000000e+00,7.500000000000000000e-01,2.500000000000000000e-01,1.050000000000000044e+00,1.000000000000000000e+00,2.315573348735232884e+01,0.000000000000000000e+00,1.075000000000000178e+00,1.661881322307274367e+00,8.632971819469511843e+01,1.021838151365224157e+00,1.422464132573907136e+02,0.000000000000000000e+00,0.000000000000000000e+00,1.000000000000000000e+00,1.000000000000000000e+00,8.876053852399379274e-01,4.571190737332750387e-01,6.057451717006357983e-01,1.005698951233476857e+00,8.815911006179181220e-01,1.000000000000000000e+00,1.000000000000000000e+00,1.000000000000000000e+00,8.540135855238784046e-01,8.352782750668578948e-02,8.352782750668579581e+01,5.669498431548704076e+01,9.669440361295722486e-01,1.017716184863477480e+00,9.698598024651611249e-01,8.130763136167865612e-01,1.006969638331082217e+00,4.154710857969045601e-01,1.015646786472001573e+00,1.069498431583684805e+01,0.000000000000000000e+00,1.800000000000000000e+01,5.669498431583684805e+01,3.498072942420549225e-10,1.000000000000000000e+02,0.000000000000000000e+00,0.000000000000000000e+00,2.257220796171292232e+00,2.141306691096900749e+00,2.543045404756212768e+00,1.188153387000807371e+01,4.684352095853113518e+00,7.197181774154960188e+00,9.057873933330481964e-02,2.999999999999999737e-04,2.858246085849205365e-01,-8.236095674341815595e-04,2.863961246384335269e+01,9.142381474665500773e-01,2.065575959818225726e+00,2.075445080110070784e+00,2.065575959818225726e+00,5.512983337137373496e+01,1.102596667427474707e+08,1.037722540055035410e+02,2.075445080110070705e+08,2.413395233352913039e+01,1.830360397104064134e+02,9.938671070709403921e-01,1.038573105026377519e+01,1.086616004830798232e+00,5.463404920594693293e-01,1.627169364061681334e+00,1.050000000000000044e+00,7.245820263197374489e-01,1.142163384792598713e+00,4.176391375334289080e+01,1.246413257390713625e+00,1.260000000000000009e-01,9.938671063391386618e-01,1.012707340280097901e+00,1.000000000000000000e+00,1.061501310471399506e+00,9.717081354130989723e-01,9.846600667382185978e-01
4.200000000000000000e+02,2.916666666666666852e-01,2.090537297673147805e+03,1.469659015698127646e+01,2.817011022590214608e+01,4.747746831482253037e+05,1.232008555212067868e+01,6.500781472230358737e+00,2.103010049439633278e+01,1.836651351135769827e+00,2.213360315170947956e+01,7.315343414548047818e+00,1.015644835401529500e+00,4.154719314942666997e-01,0.000000000000000000e+00,0.000000000000000000e+00,1.000000000000000000e+00,7.500000000000000000e-01,2.500000000000000000e-01,1.050000000000000044e+00,1.000000000000000000e+00,2.315573294525542636e+01,0.000000000000000000e+00,1.075000000000000178e+00,1.661887725977066799e+00,8.632981100913001171e+01,1.021838151365224157e+00,1.422464173895525050e+02,0.000000000000000000e+00,0.000000000000000000e+00,1.000000000000000000e+00,1.000000000000000000e+00,8.876054687454565384e-01,4.571192211699866004e-01,6.057451712800515642e-01,1.005698950687267779e+00,8.815911004846113119e-01,1.000000000000000000e+00,1.000000000000000000e+00,1.000000000000000000e+00,8.540135855238784046e-01,8.352782725745726278e-02,8.352782725745726111e+01,5.669498428357556463e+01,9.669440985041432013e-01,1.017716184863477480e+00,9.698598311464787791e-01,8.130775376068519744e-01,1.006969696740761533e+00,4.154724631841683613e-01,1.015646474962141221e+00,1.069498428392538614e+01,0.000000000000000000e+00,1.800000000000000000e+01,5.669498428392538614e+01,3.498215050967701245e-10,1.000000000000000000e+02,0.000000000000000000e+00,0.000000000000000000e+00,2.257220456752561777e+00,2.141307439841019011e+00,2.543044783109461804e+00,1.188153417970670667e+01,4.684352222950480815e+00,7.197181956756225851e+00,9.057874123436462921e-02,2.999999999999999737e-04,2.858243263569000270e-01,-8.235971738451237575e-04,2.863961206300051643e+01,9.142384423399732007e-01,2.065575929815857137e+00,2.075445052833352566e+00,2.065575929815857137e+00,5.512983287178485625e+01,1.102596657435697168e+08,1.037722526416676345e+02,2.075445052833352685e+08,2.413395189441089173e+01,1.830360374078634038e+02,9.938671291749122672e-01,1.038573074108872518e+01,1.086616004830798232e+00,5.463404989322824257e-01,1.627169351810975773e+00,1.050000000000000044e+00,7.245820236604491038e-01,1.142163395223975364e+00,4.176391362872863056e+01,1.246417389552505028e+00,1.260000000000000009e-01,9.938671284431105368e-01,1.012707310132596517e+00,1.000000000000000000e+00,1.061501301336625680e+00,9.717078457417525073e-01,9.846600667382185978e-01
4.350000000000000000e+02,3.020833333333333148e-01,2.088139934128411369e+03,1.467973627038679751e+01,2.817010996435764625e+01,4.747728862588739139e+05,1.232008543635606834e+01,6.500781410162084661e+00,2.103011305811796561e+01,1.836651333243670692e+00,2.213360278975562068e+01,7.315343294919229855e+00,1.015645420243030062e+00,4.154730373023446388e-01,0.000000000000000000e+00,0.000000000000000000e+00,1.000000000000000000e+00,7.500000000000000000e-01,2.500000000000000000e-01,1.050000000000000044e+00,1.000000000000000000e+00,2.315573256658653634e+01,0.000000000000000000e+00,1.075000000000000178e+00,1.661892149209378555e+00,8.632986072065754968e+01,1.021838151365224157e+00,1.422464202126562327e+02,0.000000000000000000e+00,0.000000000000000000e+00,1.000000000000000000e+00,1.000000000000000000e+00,8.876055130386488745e-01,4.571193001372282905e-01,6.057451709876323642e-01,1.005698950305726314e+00,8.815911003934869816e-01,1.000000000000000000e+00,1.000000000000000000e+00,1.000000000000000000e+00,8.540135855238784046e-01,8.352782708798252298e-02,8.352782708798252997e+01,5.669498426187586659e+01,9.669441319120156697e-01,1.017716184863477480e+00,9.698598460357079620e-01,8.130783830551486790e-01,1.006969728025020716e+00,4.154734042187442355e-01,1.015646262003873757e+00,1.069498426222567389e+01,0.000000000000000000e+00,1.800000000000000000e+01,5.669498426222567389e+01,3.498072942420549225e-10,1.000000000000000000e+02,0.000000000000000000e+00,0.000000000000000000e+00,2.257220282950098689e+00,2.141307849492591231e+00,2.543044460396240325e+00,1.188153439140725176e+01,4.684352309888831556e+00,7.197182081518420205e+00,9.057874253753313287e-02,2.999999999999999737e-04,2.858241774461416362e-01,-8.235886132047613717e-04,2.863961179709693994e+01,9.142386002744565809e-01,2.065575908858416909e+00,2.075445033779849791e+00,2.065575908858416909e+00,5.512983251925878392e+01,1.102596650385175645e+08,1.037722516889924833e+02,2.075445033779849708e+08,2.413395158931645668e+01,1.830360357975677346e+02,9.938671446151162714e-01,1.038573052960385645e+01,1.086616004830798232e+00,5.463405037388208152e-01,1.627169343955747749e+00,1.050000000000000044e+00,7.245820218521394906e-01,1.142163402359344548e+00,4.176391354399125788e+01,1.246420212656232707e+00,1.260000000000000009e-01,9.938671438833145411e-01,1.012707289510814679e+00,1.000000000000000000e+00,1.061501294955746522e+00,9.717076478375421544e-01,9.846600667382185978e-01
4.500000000000000000e+02,3.125000000000000000e-01,2.085742572071666018e+03,1.466288248988718479e+01,2.817010979264950521e+01,4.747711202420399641e+05,1.232008536032246049e+01,6.500781369372708340e+00,2.103012193422782872e+01,1.836651321477027921e+00,2.213360254126020266e+01,7.315343212789387373e+00,1.015645719929022306e+00,4.154737893433239071e-01,0.000000000000000000e+00,0.000000000000000000e+00,1.000000000000000000e+00,7.500000000000000000e-01,2.500000000000000000e-01,1.050000000000000044e+00,1.000000000000000000e+00,2.315573230661560089e+01,0.000000000000000000e+00,1.075000000000000178e+00,1.661895157373295628e+00,8.632988619396689955e+01,1.021838151365224157e+00,1.422464221144906276e+02,0.000000000000000000e+00,0.000000000000000000e+00,1.000000000000000000e+00,1.000000000000000000e+00,8.876055354127156960e-01,4.571193406018139171e-01,6.057451707876612135e-01,1.005698950043783180e+00,8.815911003320706651e-01,1.000000000000000000e+00,1.000000000000000000e+00,1.000000000000000000e+00,8.540135855238784046e-01,8.352782697428155767e-02,8.352782697428155245e+01,5.669498424731747832e+01,9.669441490309569343e-01,1.017716184863477480e+00,9.698598533126161492e-01,8.130789580284284446e-01,1.006969744055771665e+00,4.154740381635425028e-01,1.015646118462146585e+00,1.069498424766729272e+01,0.000000000000000000e+00,1.800000000000000000e+01,5.669498424766729272e+01,3.498143996694125235e-10,1.000000000000000000e+02,0.000000000000000000e+00,0.000000000000000000e+00,2.257220199853698261e+00,2.141308065843528396e+00,2.543044302674547730e+00,1.188153453408979132e+01,4.684352368518076126e+00,7.197182165571715196e+00,9.057874341803788532e-02,2.999999999999999737e-04,2.858241028208494683e-01,-8.235827912763428460e-04,2.863961162252699921e+01,9.142386812036278343e-01,2.065575894470318197e+00,2.075445020698878373e+00,2.065575894470318197e+00,5.512983227519867313e+01,1.102596645503973514e+08,1.037722510349439204e+02,2.075445020698878467e+08,2.413395138079906488e+01,1.830360346909416762e+02,9.938671552154176858e-01,1.038573038698327444e+01,1.086616004830798232e+00,5.463405070419662390e-01,1.627169338965793965e+00,1.050000000000000044e+00,7.245820206389410600e-01,1.142163407171274514e+00,4.176391348714077623e+01,1.246422114490627564e+00,1.260000000000000009e-01,9.938671544836159555e-01,1.012707275603954349e+00,1.000000000000000000e+00,1.061501290575024736e+00,9.717075145158293736e-01,9.846600667382185978e-01
4.650000000000000000e+02,3.229166666666666852e-01,2.083345210998279526e+03,1.464602878741448144e+01,2.817010968707750251e+01,4.747693845718785306e+05,1.232008531354260228e+01,6.500781344254045635e+00,2.103012799869434346e+01,1.836651314222595976e+00,2.213360237794682206e+01,7.315343158812930291e+00,1.015645823698687833e+00,4.154742768392553076e-01,0.000000000000000000e+00,0.000000000000000000e+00,1.000000000000000000e+00,7.500000000000000000e-01,2.500000000000000000e-01,1.050000000000000044e+00,1.000000000000000000e+00,2.315573213576040956e+01,0.000000000000000000e+00,1.075000000000000178e+00,1.661897107357021230e+00,8.632989501438846958e+01,1.021838151365224157e+00,1.422464233300240721e+02,0.000000000000000000e+00,0.000000000000000000e+00,1.000000000000000000e+00,1.000000000000000000e+00,8.876055427650131335e-01,4.571193546131325780e-01,6.057451706569820793e-01,1.005698949871631775e+00,8.815911002927895312e-01,1.000000000000000000e+00,1.000000000000000000e+00,1.000000000000000000e+00,8.540135855238784046e-01,8.352782690206279892e-02,8.352782690206279881e+01,5.669498423807053911e+01,9.669441549585828799e-01,1.017716184863477480e+00,9.698598554007502592e-01,8.130793307430168593e-01,1.006969749606599018e+00,4.154744433413573579e-01,1.015646026643518773e+00,1.069498423842033219e+01,0.000000000000000000e+00,1.800000000000000000e+01,5.669498423842033219e+01,3.497930833873397205e-10,1.000000000000000000e+02,0.000000000000000000e+00,0.000000000000000000e+00,2.257220178378966935e+00,2.141308148633893182e+00,2.543044257415761678e+00,1.188153462534779869e+01,4.684352406049654860e+00,7.197182219298143835e+00,9.057874398353600587e-02,2.999999999999999737e-04,2.858240790367947426e-01,-8.235790173311352894e-04,2.863961151519545822e+01,9.142387092262651560e-01,2.065575885014332425e+00,2.075445012101948539e+00,2.065575885014332425e+00,5.512983211287323115e+01,1.102596642257464677e+08,1.037722506050974260e+02,2.075445012101948559e+08,2.413395124465037611e+01,1.830360339626210475e+02,9.938671621820294177e-01,1.038573029568453876e+01,1.086616004830798232e+00,5.463405092159155929e-01,1.627169336067503247e+00,1.050000000000000044e+00,7.245820198683607938e-01,1.142163410251637146e+00,4.176391345103139230e+01,1.246423330024072129e+00,1.260000000000000009e-01,9.938671614502276874e-01,1.012707266701461162e+00,1.000000000000000000e+00,1.061501287695975515e+00,9.717074293049403622e-01,9.846600667382185978e-01
4.800000000000000000e+02,3.333333333333333148e-01,2.080947850033260238e+03,1.462917512711403845e+01,2.817010961716220052e+01,4.747676787183824927e+05,1.232008528255377122e+01,6.500781327608156523e+00,2.103013236585758960e+01,1.836651309412865141e+00,2.213360226737116676e+01,7.315343122266740217e+00,1.015645874168229712e+00,4.154746052450160043e-01,0.000000000000000000e+00,0.000000000000000000e+00,1.000000000000000000e+00,7.500000000000000000e-01,2.500000000000000000e-01,1.050000000000000044e+00,1.000000000000000000e+00,2.315573202007836784e+01,0.000000000000000000e+00,1.075000000000000178e+00,1.661898420980064017e+00,8.632989930429953063e+01,1.021838151365224157e+00,1.422464241457049354e+02,0.000000000000000000e+00,0.000000000000000000e+00,1.000000000000000000e+00,1.000000000000000000e+00,8.876055461816941827e-01,4.571193614276943262e-01,6.057451705686607291e-01,1.005698949755072125e+00,8.815911002664239549e-01,1.000000000000000000e+00,1.000000000000000000e+00,1.000000000000000000e+00,8.540135855238784046e-01,8.352782685369963822e-02,8.352782685369963644e+01,5.669498423187805258e+01,9.669441578415500782e-01,1.017716184863477480e+00,9.698598562423943470e-01,8.130795818250651230e-01,1.006969752306305699e+00,4.154747152349784756e-01,1.015645965012239804e+00,1.069498423222786698e+01,0.000000000000000000e+00,1.800000000000000000e+01,5.669498423222786698e+01,3.498143996694125235e-10,1.000000000000000000e+02,0.000000000000000000e+00,0.000000000000000000e+00,2.257220170876016230e+00,2.141308192074429240e+00,2.543044239173737342e+00,1.188153468660036083e+01,4.684352431248166582e+00,7.197182255352194247e+00,9.057874436333075707e-02,2.999999999999999737e-04,2.858240682977211122e-01,-8.235764749839292673e-04,2.863961144411490523e+01,9.142387228553886525e-01,2.065575878611906724e+00,2.075445006281169125e+00,2.065575878611906724e+00,5.512983200255566629e+01,1.102596640051113367e+08,1.037722503140584536e+02,2.075445006281169057e+08,2.413395115265727497e+01,1.830360334692713877e+02,9.938671668989587094e-01,1.038573023438703125e+01,1.086616004830798232e+00,5.463405106885048657e-01,1.627169334186408634e+00,1.050000000000000044e+00,7.245820193523224706e-01,1.142163412319776583e+00,4.176391342684981822e+01,1.246424145704935427e+00,1.260000000000000009e-01,9.938671661671569790e-01,1.012707260724372560e+00,1.000000000000000000e+00,1.061501285746639045e+00,9.717073721243760787e-01,9.846600667382185978e-01
4.950000000000000000e+02,3.437500000000000000e-01,2.078550489177126565e+03,1.461232149869197272e+01,2.817010957428169604e+01,4.747660021735159680e+05,1.232008526353815370e+01,6.500781317386850056e+00,2.103013540682465532e+01,1.836651306456924537e+00,2.213360219627848124e+01,7.315343098770006769e+00,1.015645880993915062e+00,4.154748144298258117e-01,0.000000000000000000e+00,0.000000000000000000e+00,1.000000000000000000e+00,7.500000000000000000e-01,2.500000000000000000e-01,1.050000000000000044e+00,1.000000000000000000e+00,2.315573194570262316e+01,0.000000000000000000e+00,1.075000000000000178e+00,1.661899257719303247e+00,8.632989988448278496e+01,1.021838151365224157e+00,1.422464246603928473e+02,0.000000000000000000e+00,0.000000000000000000e+00,1.000000000000000000e+00,1.000000000000000000e+00,8.876055463570218240e-01,4.571193623493206015e-01,6.057451705120870944e-01,1.005698949680132293e+00,8.815911002497793802e-01,1.000000000000000000e+00,1.000000000000000000e+00,1.000000000000000000e+00,8.540135855238784046e-01,8.352782682331574837e-02,8.352782682331574904e+01,5.669498422798767479e+01,9.669441582314531880e-01,1.017716184863477480e+00,9.698598560428908222e-01,8.130797417568231822e-01,1.006969752671424079e+00,4.154748867976157389e-01,1.015645926101138130e+00,1.069498422833748208e+01,0.000000000000000000e+00,1.800000000000000000e+01,5.669498422833748208e+01,3.498072942420549225e-10,1.000000000000000000e+02,0.000000000000000000e+00,0.000000000000000000e+00,2.257220175159973419e+00,2.141308203667862120e+00,2.543044243497833090e+00,1.188153472526912502e+01,4.684352447165695210e+00,7.197182278103429809e+00,9.057874460377891845e-02,2.999999999999999737e-04,2.858240683378596714e-01,-8.235748555847684921e-04,2.863961140051972265e+01,9.142387246986412030e-01,2.065575874495579445e+00,2.075445002538800932e+00,2.065575874495579445e+00,5.512983193108281910e+01,1.102596638621656448e+08,1.037722501269400368e+02,2.075445002538800836e+08,2.413395109376435244e+01,1.830360331517872226e+02,9.938671699316260488e-01,1.038573019566629974e+01,1.086616004830798232e+00,5.463405116361568226e-01,1.627169333085007663e+00,1.050000000000000044e+00,7.245820190281234696e-01,1.142163413626190227e+00,4.176391341165786741e+01,1.246424660392847272e+00,1.260000000000000009e-01,9.938671691998243185e-01,1.012707256948733869e+00,1.000000000000000000e+00,1.061501284493347352e+00,9.717073360439094643e-01,9.846600667382185978e-01
5.100000000000000000e+02,3.541666666666666852e-01,2.076153128194921464e+03,1.459546788680763640e+01,2.817010954540826617e+01,4.747643544298257912e+05,1.232008525073492855e+01,6.500781310505432842e+00,2.103013763140036474e+01,1.836651304467061818e+00,2.213360214859487840e+01,7.315343083010172442e+00,1.015645887867415276e+00,4.154749548179516583e-01,0.000000000000000000e+00,0.000000000000000000e+00,1.000000000000000000e+00,7.500000000000000000e-01,2.500000000000000000e-01,1.050000000000000044e+00,1.000000000000000000e+00,2.315573189581699154e+01,0.000000000000000000e+00,1.075000000000000178e+00,1.661899819271806633e+00,8.632990046873030110e+01,1.021838151365224157e+00,1.422464250064561497e+02,0.000000000000000000e+00,0.000000000000000000e+00,1.000000000000000000e+00,1.000000000000000000e+00,8.876055466557120077e-01,4.571193632774028792e-01,6.057451704741232401e-01,1.005698949629868277e+00,8.815911002385887763e-01,1.000000000000000000e+00,1.000000000000000000e+00,1.000000000000000000e+00,8.540135855238784046e-01,8.352782680287457184e-02,8.352782680287457140e+01,5.669498422537036220e+01,9.669441586240874464e-01,1.017716184863477480e+00,9.698598559754422199e-01,8.130798490901840481e-01,1.006969753039099968e+00,4.154750021520499104e-01,1.015645899940264663e+00,1.069498422572017660e+01,0.000000000000000000e+00,1.800000000000000000e+01,5.669498422572017660e+01,3.498143996694125235e-10,1.000000000000000000e+02,0.000000000000000000e+00,0.000000000000000000e+00,2.257220177217145629e+00,2.141308212906959163e+00,2.543044244959732580e+00,1.188153475126735614e+01,4.684352457866691744e+00,7.197182293400664399e+00,9.057874476527202900e-02,2.999999999999999737e-04,2.858240677425869514e-01,-8.235737687740151206e-04,2.863961137116507061e+01,9.142387265548057584e-01,2.065575871734657287e+00,2.075445000028703468e+00,2.065575871734657287e+00,5.512983188319186212e+01,1.102596637663837224e+08,1.037722500014351823e+02,2.075445000028703511e+08,2.413395105424141107e+01,1.830360329388684590e+02,9.938671719657101722e-01,1.038573016963522200e+01,1.086616004830798232e+00,5.463405122716937790e-01,1.627169332336849017e+00,1.050000000000000044e+00,7.245820188100146053e-01,1.142163414504462349e+00,4.176391340143728570e+01,1.246425006456149731e+00,1.260000000000000009e-01,9.938671712339084419e-01,1.012707254410456725e+00,1.000000000000000000e+00,1.061501283652733552e+00,9.717073117843053609e-01,9.846600667382185978e-01
5.250000000000000000e+02,3.645833333333333148e-01,2.073755767147622464e+03,1.457861428587910169e+01,2.817010952580859140e+01,4.747627349857167574e+05,1.232008524204444910e+01,6.500781305834927082e+00,2.103013926451149374e+01,1.836651303116678235e+00,2.213360211617389695e+01,7.315343072294763438e+00,1.015645892481085610e+00,4.154750503532365635e-01,0.000000000000000000e+00,0.000000000000000000e+00,1.000000000000000000e+00,7.500000000000000000e-01,2.500000000000000000e-01,1.050000000000000044e+00,1.000000000000000000e+00,2.315573186189881127e+01,0.000000000000000000e+00,1.075000000000000178e+00,1.661900201412946254e+00,8.632990086089228043e+01,1.021838151365224157e+00,1.422464252419566151e+02,0.000000000000000000e+00,0.000000000000000000e+00,1.000000000000000000e+00,1.000000000000000000e+00,8.876055468539308935e-01,4.571193639003556797e-01,6.057451704483063359e-01,1.005698949595692726e+00,8.815911002309735345e-01,1.000000000000000000e+00,1.000000000000000000e+00,1.000000000000000000e+00,8.540135855238784046e-01,8.352782678896121527e-02,8.352782678896122093e+01,5.669498422358888945e+01,9.669441588876337423e-01,1.017716184863477480e+00,9.698598559276891962e-01,8.130799221314026770e-01,1.006969753285893443e+00,4.154750806522050088e-01,1.015645882137938161e+00,1.069498422393869674e+01,0.000000000000000000e+00,1.800000000000000000e+01,5.669498422393869674e+01,3.498072942420549225e-10,1.000000000000000000e+02,0.000000000000000000e+00,0.000000000000000000e+00,2.257220178639907093e+00,2.141308219153736925e+00,2.543044245994744212e+00,1.188153476895907268e+01,4.684352465148481137e+00,7.197182303810591542e+00,9.057874487516243134e-02,2.999999999999999737e-04,2.858240673548371191e-01,-8.235730291905217146e-04,2.863961135123873447e+01,9.142387278007113594e-01,2.065575869857454894e+00,2.075444998322040213e+00,2.065575869857454894e+00,5.512983185064142333e+01,1.102596637012828439e+08,1.037722499161020124e+02,2.075444998322040141e+08,2.413395102736368258e+01,1.830360327941071148e+02,9.938671733487223214e-01,1.038573015192165450e+01,1.086616004830798232e+00,5.463405127037889164e-01,1.627169331825882637e+00,1.050000000000000044e+00,7.245820186615578029e-01,1.142163415102107393e+00,4.176391339448061046e+01,1.246425241956615082e+00,1.260000000000000009e-01,9.938671726169205911e-01,1.012707252683215708e+00,1.000000000000000000e+00,1.061501283081184965e+00,9.717072952753387227e-01,9.846600667382185978e-01
5.400000000000000000e+02,3.750000000000000000e-01,2.071358406092482255e+03,1.456176069320715705e+01,2.817010951317027434e+01,4.747611432349956594e+05,1.232008523643860975e+01,6.500781302820747065e+00,2.103014044717917486e+01,1.836651302244664663e+00,2.213360209459239414e+01,7.315343065161893144e+00,1.015645890272089957e+00,4.154751136032424630e-01,0.000000000000000000e+00,0.000000000000000000e+00,1.000000000000000000e+00,7.500000000000000000e-01,2.500000000000000000e-01,1.050000000000000044e+00,1.000000000000000000e+00,2.315573183932067280e+01,0.000000000000000000e+00,1.075000000000000178e+00,1.661900454412969852e+00,8.632990067312763927e+01,1.021838151365224157e+00,1.422464253968093146e+02,0.000000000000000000e+00,0.000000000000000000e+00,1.000000000000000000e+00,1.000000000000000000e+00,8.876055465692670454e-01,4.571193636020898787e-01,6.057451704311624940e-01,1.005698949572943368e+00,8.815911002259645413e-01,1.000000000000000000e+00,1.000000000000000000e+00,1.000000000000000000e+00,8.540135855238784046e-01,8.352782677983904003e-02,8.352782677983904591e+01,5.669498422242084246e+01,9.669441587614495681e-01,1.017716184863477480e+00,9.698598557432100975e-01,8.130799704889961621e-01,1.006969753167730186e+00,4.154751322697715632e-01,1.015645870427624997e+00,1.069498422277068528e+01,0.000000000000000000e+00,1.800000000000000000e+01,5.669498422277068528e+01,3.498428213788429275e-10,1.000000000000000000e+02,0.000000000000000000e+00,0.000000000000000000e+00,2.257220181465041886e+00,2.141308219946889579e+00,2.543044249993195116e+00,1.188153478059598456e+01,4.684352469940084696e+00,7.197182310655899862e+00,9.057874494761214423e-02,2.999999999999999737e-04,2.858240685281532301e-01,-8.235725395426404458e-04,2.863961133838978057e+01,9.142387272041797575e-01,2.065575868607866905e+00,2.075444997185975193e+00,2.065575868607866905e+00,5.512983182886661382e+01,1.102596636577332318e+08,1.037722498592987677e+02,2.075444997185975313e+08,2.413395100952170225e+01,1.830360326976870624e+02,9.938671742693447886e-01,1.038573014026567165e+01,1.086616004830798232e+00,5.463405129915911429e-01,1.627169331506950645e+00,1.050000000000000044e+00,7.245820185642239952e-01,1.142163415495372814e+00,4.176391338991952296e+01,1.246425396809314634e+00,1.260000000000000009e-01,9.938671735375430583e-01,1.012707251546646869e+00,1.000000000000000000e+00,1.061501282700724857e+00,9.717072844199101667e-01,9.846600667382185978e-01
5.550000000000000000e+02,3.854166666666666852e-01,2.068961045007396478e+03,1.454490710634670414e+01,2.817010950543464887e+01,4.747595787397799431e+05,1.232008523300645031e+01,6.500781300974644239e+00,2.103014128313288822e+01,1.836651301710336748e+00,2.213360208103337357e+01,7.315343060680522314e+00,1.015645886297280365e+00,4.154751531880568338e-01,0.000000000000000000e+00,0.000000000000000000e+00,1.000000000000000000e+00,7.500000000000000000e-01,2.500000000000000000e-01,1.050000000000000044e+00,1.000000000000000000e+00,2.315573182513549710e+01,0.000000000000000000e+00,1.075000000000000178e+00,1.661900612752227335e+00,8.632990033526883167e+01,1.021838151365224157e+00,1.422464254931267646e+02,0.000000000000000000e+00,0.000000000000000000e+00,1.000000000000000000e+00,1.000000000000000000e+00,8.876055461863292528e-01,4.571193630653981876e-01,6.057451704204124265e-01,1.005698949558650579e+00,8.815911002228480342e-01,1.000000000000000000e+00,1.000000000000000000e+00,1.000000000000000000e+00,8.540135855238784046e-01,8.352782677417867896e-02,8.352782677417867774e+01,5.669498422169611018e+01,9.669441585343967471e-01,1.017716184863477480e+00,9.698598555525230758e-01,8.130800007534375595e-01,1.006969752955110486e+00,4.154751643755882351e-01,1.015645863141594551e+00,1.069498422204592458e+01,0.000000000000000000e+00,1.800000000000000000e+01,5.669498422204592458e+01,3.498143996694125235e-10,1.000000000000000000e+02,0.000000000000000000e+00,0.000000000000000000e+00,2.257220184159687726e+00,2.141308218796031060e+00,2.543044254126195280e+00,1.188153478783600647e+01,4.684352472922226340e+00,7.197182314913780132e+00,9.057874499280849090e-02,2.999999999999999737e-04,2.858240699665075546e-01,-8.235722330981213798e-04,2.863961133052522712e+01,9.142387261307963753e-01,2.065575867822788236e+00,2.075444996472218140e+00,2.065575867822788236e+00,5.512983181513156694e+01,1.102596636302631348e+08,1.037722498236109061e+02,2.075444996472218037e+08,2.413395099833727642e+01,1.830360326370797566e+02,9.938671748477445611e-01,1.038573013301136250e+01,1.086616004830798232e+00,5.463405131724966557e-01,1.627169331317353640e+00,1.050000000000000044e+00,7.245820185038273076e-01,1.142163415740128585e+00,4.176391338708933176e+01,1.246425493126764650e+00,1.260000000000000009e-01,9.938671741159428308e-01,1.012707250839282702e+00,1.000000000000000000e+00,1.061501282461692952e+00,9.717072776678978840e-01,9.846600667382185978e-01
5.700000000000000000e+02,3.958333333333333148e-01,2.066563683917980143e+03,1.452805352120619453e+01,2.817010949914653395e+01,4.747580404086642666e+05,1.232008523021561608e+01,6.500781299472838448e+00,2.103014197923274509e+01,1.836651301275415316e+00,2.213360206977416311e+01,7.315343056959257240e+00,1.015645881239332970e+00,4.154751858897675065e-01,0.000000000000000000e+00,0.000000000000000000e+00,1.000000000000000000e+00,7.500000000000000000e-01,2.500000000000000000e-01,1.050000000000000044e+00,1.000000000000000000e+00,2.315573181335633635e+01,0.000000000000000000e+00,1.075000000000000178e+00,1.661900743559070026e+00,8.632989990534329650e+01,1.021838151365224157e+00,1.422464255725293754e+02,0.000000000000000000e+00,0.000000000000000000e+00,1.000000000000000000e+00,1.000000000000000000e+00,8.876055457296496698e-01,4.571193623824577057e-01,6.057451704114983349e-01,1.005698949546782073e+00,8.815911002202785340e-01,1.000000000000000000e+00,1.000000000000000000e+00,1.000000000000000000e+00,8.540135855238784046e-01,8.352782676952059948e-02,8.352782676952060115e+01,5.669498422109966640e+01,9.669441582454721962e-01,1.017716184863477480e+00,9.698598553433187552e-01,8.130800257554215982e-01,1.006969752684551800e+00,4.154751908431251195e-01,1.015645857133734786e+00,1.069498422144950212e+01,0.000000000000000000e+00,1.800000000000000000e+01,5.669498422144950212e+01,3.498357159514853265e-10,1.000000000000000000e+02,0.000000000000000000e+00,0.000000000000000000e+00,2.257220187023048830e+00,2.141308216721185875e+00,2.543044258660548618e+00,1.188153479380573785e+01,4.684352475381734493e+00,7.197182318424003356e+00,9.057874503003381095e-02,2.999999999999999737e-04,2.858240716374997881e-01,-8.235719799389454657e-04,2.863961132413231070e+01,9.142387247649154114e-01,2.065575867170870161e+00,2.075444995879526022e+00,2.065575867170870161e+00,5.512983180369384684e+01,1.102596636073876917e+08,1.037722497939763002e+02,2.075444995879526138e+08,2.413395098906489977e+01,1.830360325867350184e+02,9.938671753280391430e-01,1.038573012702839904e+01,1.086616004830798232e+00,5.463405133227696719e-01,1.627169331166325117e+00,1.050000000000000044e+00,7.245820184541253983e-01,1.142163415941989779e+00,4.176391338476030057e+01,1.246425572529375358e+00,1.260000000000000009e-01,9.938671745962374127e-01,1.012707250255887148e+00,1.000000000000000000e+00,1.061501282263204393e+00,9.717072721016464243e-01,9.846600667382185978e-01
5.850000000000000000e+02,4.062500000000000000e-01,2.064166322807700453e+03,1.451119994042651129e+01,2.817010949653607454e+01,4.747565289460946806e+05,1.232008522905516301e+01,6.500781298847037704e+00,2.103014240196116802e+01,1.836651301093697120e+00,2.213360206450845169e+01,7.315343055218894719e+00,1.015645874657615355e+00,4.154752008763989424e-01,0.000000000000000000e+00,0.000000000000000000e+00,1.000000000000000000e+00,7.500000000000000000e-01,2.500000000000000000e-01,1.050000000000000044e+00,1.000000000000000000e+00,2.315573180784745233e+01,0.000000000000000000e+00,1.075000000000000178e+00,1.661900803505595769e+00,8.632989934589730296e+01,1.021838151365224157e+00,1.422464256079315419e+02,0.000000000000000000e+00,0.000000000000000000e+00,1.000000000000000000e+00,1.000000000000000000e+00,8.876055451835416221e-01,4.571193614937728023e-01,6.057451704073667509e-01,1.005698949541231402e+00,8.815911002191313406e-01,1.000000000000000000e+00,1.000000000000000000e+00,1.000000000000000000e+00,8.540135855238784046e-01,8.352782676746851875e-02,8.352782676746852530e+01,5.669498422083692191e+01,9.669441578695052719e-01,1.017716184863477480e+00,9.698598551237036514e-01,8.130800372133999421e-01,1.006969752332483869e+00,4.154752026438472967e-01,1.015645854450946350e+00,1.069498422118675052e+01,0.000000000000000000e+00,1.800000000000000000e+01,5.669498422118675052e+01,3.498286105241277255e-10,1.000000000000000000e+02,0.000000000000000000e+00,0.000000000000000000e+00,2.257220189859271642e+00,2.141308213061032362e+00,2.543044263420545903e+00,1.188153479647090371e+01,4.684352476481578265e+00,7.197182319989325450e+00,9.057874504685534123e-02,2.999999999999999737e-04,2.858240735612742611e-01,-8.235718639204581137e-04,2.863961132147834476e+01,9.142387229875456045e-01,2.065575866865980714e+00,2.075444995602335307e+00,2.065575866865980714e+00,5.512983179824750124e+01,1.102596635964950025e+08,1.037722497801167663e+02,2.075444995602335334e+08,2.413395098477329270e+01,1.830360325631375531e+02,9.938671755526637952e-01,1.038573012435293563e+01,1.086616004830798232e+00,5.463405133932052182e-01,1.627169331114908246e+00,1.050000000000000044e+00,7.245820184322290247e-01,1.142163416032258461e+00,4.176391338373425555e+01,1.246425607931541890e+00,1.260000000000000009e-01,9.938671748208620649e-01,1.012707249995004055e+00,1.000000000000000000e+00,1.061501282170375315e+00,9.717072696198965076e-01,9.846600667382185978e-01
6.000000000000000000e+02,4.166666666666666852e-01,2.061768961679655149e+03,1.449434636196873782e+01,2.817010949588993185e+01,4.747550434995166142e+05,1.232008522876583356e+01,6.500781298689510379e+00,2.103014265881716227e+01,1.836651301047409923e+00,2.213360206254670359e+01,7.315343054570520920e+00,1.015645868093170368e+00,4.154752061505445071e-01,0.000000000000000000e+00,0.000000000000000000e+00,1.000000000000000000e+00,7.500000000000000000e-01,2.500000000000000000e-01,1.050000000000000044e+00,1.000000000000000000e+00,2.315573180579511359e+01,0.000000000000000000e+00,1.075000000000000178e+00,1.661900824602178028e+00,8.632989878791947547e+01,1.021838151365224157e+00,1.422464256194033112e+02,0.000000000000000000e+00,0.000000000000000000e+00,1.000000000000000000e+00,1.000000000000000000e+00,8.876055446557654660e-01,4.571193606074200333e-01,6.057451704058648412e-01,1.005698949539163500e+00,8.815911002187579726e-01,1.000000000000000000e+00,1.000000000000000000e+00,1.000000000000000000e+00,8.540135855238784046e-01,8.352782676682923846e-02,8.352782676682923579e+01,5.669498422075507449e+01,9.669441574945251139e-01,1.017716184863477480e+00,9.698598549231293164e-01,8.130800412457299675e-01,1.006969751981339867e+00,4.154752064677704193e-01,1.015645853577302082e+00,1.069498422110489599e+01,0.000000000000000000e+00,1.800000000000000000e+01,5.669498422110489599e+01,3.498215050967701245e-10,1.000000000000000000e+02,0.000000000000000000e+00,0.000000000000000000e+00,2.257220192375803514e+00,2.141308209073502500e+00,2.543044267767848421e+00,1.188153479733817974e+01,4.684352476841350921e+00,7.197182320496828822e+00,9.057874505253835085e-02,2.999999999999999737e-04,2.858240753920449073e-01,-8.235718230908441184e-04,2.863961132082143024e+01,9.142387212148400666e-01,2.065575866752394241e+00,2.075444995499067691e+00,2.065575866752394241e+00,5.512983179612215423e+01,1.102596635922443122e+08,1.037722497749533801e+02,2.075444995499067605e+08,2.413395098321896626e+01,1.830360325542945077e+02,9.938671756363477439e-01,1.038573012347776015e+01,1.086616004830798232e+00,5.463405134196006596e-01,1.627169331114799666e+00,1.050000000000000044e+00,7.245820184254078145e-01,1.142163416061786396e+00,4.176391338341461790e+01,1.246425619403311202e+00,1.260000000000000009e-01,9.938671749045460135e-01,1.012707249909666096e+00,1.000000000000000000e+00,1.061501282135791424e+00,9.717072688157060156e-01,9.846600667382185978e-01
6.150000000000000000e+02,4.270833333333333148e-01,2.059371600537884206e+03,1.447749278317520805e+01,2.817010949497481676e+01,4.747535829576512915e+05,1.232008522835796249e+01,6.500781298468792713e+00,2.103014288992237013e+01,1.836651300983041413e+00,2.213360206038319333e+01,7.315343053855462685e+00,1.015645863554700323e+00,4.154752121433395451e-01,0.000000000000000000e+00,0.000000000000000000e+00,1.000000000000000000e+00,7.500000000000000000e-01,2.500000000000000000e-01,1.050000000000000044e+00,1.000000000000000000e+00,2.315573180353169036e+01,0.000000000000000000e+00,1.075000000000000178e+00,1.661900848573358180e+00,8.632989840214952437e+01,1.021838151365224157e+00,1.422464256332526418e+02,0.000000000000000000e+00,0.000000000000000000e+00,1.000000000000000000e+00,1.000000000000000000e+00,8.876055442866834788e-01,4.571193599946210551e-01,6.057451704041822982e-01,1.005698949536882880e+00,8.815911002183085543e-01,1.000000000000000000e+00,1.000000000000000000e+00,1.000000000000000000e+00,8.540135855238784046e-01,8.352782676603684453e-02,8.352782676603683854e+01,5.669498422065363030e+01,9.669441572352743819e-01,1.017716184863477480e+00,9.698598547798770175e-01,8.130800458275010412e-01,1.006969751738568952e+00,4.154752110842139246e-01,1.015645852526048332e+00,1.069498422100343760e+01,0.000000000000000000e+00,1.800000000000000000e+01,5.669498422100343760e+01,3.498072942420549225e-10,1.000000000000000000e+02,0.000000000000000000e+00,0.000000000000000000e+00,2.257220194193128471e+00,2.141308206400242220e+00,2.543044270872737656e+00,1.188153479838226900e+01,4.684352477272979876e+00,7.197182321109289127e+00,9.057874505915133878e-02,2.999999999999999737e-04,2.858240766796091847e-01,-8.235717766978314230e-04,2.863961131989106335e+01,9.142387199892421101e-01,2.065575866627125112e+00,2.075444995385178792e+00,2.065575866627125112e+00,5.512983179384536925e+01,1.102596635876907408e+08,1.037722497692589485e+02,2.075444995385178924e+08,2.413395098147372408e+01,1.830360325445780632e+02,9.938671757286388075e-01,1.038573012242778582e+01,1.086616004830798232e+00,5.463405134486030157e-01,1.627169331101396166e+00,1.050000000000000044e+00,7.245820184169529110e-01,1.142163416097211837e+00,4.176391338301841927e+01,1.246425633252641774e+00,1.260000000000000009e-01,9.938671749968370772e-01,1.012707249807283549e+00,1.000000000000000000e+00,1.061501282097651044e+00,9.717072678448452905e-01,9.846600667382185978e-01
6.300000000000000000e+02,4.375000000000000000e-01,2.056974239379519076e+03,1.446063920593307195e+01,2.817010949537654341e+01,4.747521481095943018e+05,1.232008522853429078e+01,6.500781298562267274e+00,2.103014299577936796e+01,1.836651301009597725e+00,2.213360206050726475e+01,7.315343053896468106e+00,1.015645859615867730e+00,4.154752114478548197e-01,0.000000000000000000e+00,0.000000000000000000e+00,1.000000000000000000e+00,7.500000000000000000e-01,2.500000000000000000e-01,1.050000000000000044e+00,1.000000000000000000e+00,2.315573180366149231e+01,0.000000000000000000e+00,1.075000000000000178e+00,1.661900845791419279e+00,8.632989806734875060e+01,1.021838151365224157e+00,1.422464256307259802e+02,0.000000000000000000e+00,0.000000000000000000e+00,1.000000000000000000e+00,1.000000000000000000e+00,8.876055439766760147e-01,4.571193594627870893e-01,6.057451704043164131e-01,1.005698949537013664e+00,8.815911002183889345e-01,1.000000000000000000e+00,1.000000000000000000e+00,1.000000000000000000e+00,8.540135855238784046e-01,8.352782676620859603e-02,8.352782676620859093e+01,5.669498422067560739e+01,9.669441570102768058e-01,1.017716184863477480e+00,9.698598546668171227e-01,8.130800452957706037e-01,1.006969751527873713e+00,4.154752102419934090e-01,1.015645852713274566e+00,1.069498422102542889e+01,0.000000000000000000e+00,1.800000000000000000e+01,5.669498422102542889e+01,3.498215050967701245e-10,1.000000000000000000e+02,0.000000000000000000e+00,0.000000000000000000e+00,2.257220195579835220e+00,2.141308203874583871e+00,2.543044273323228577e+00,1.188153479819565383e+01,4.684352477197812448e+00,7.197182320997841387e+00,9.057874505812900379e-02,2.999999999999999737e-04,2.858240777433933566e-01,-8.235717820819030838e-04,2.863961132029948686e+01,9.142387189255741786e-01,2.065575866634308699e+00,2.075444995391709568e+00,2.065575866634308699e+00,5.512983179387878607e+01,1.102596635877575725e+08,1.037722497695854713e+02,2.075444995391709507e+08,2.413395098161871033e+01,1.830360325450829748e+02,9.938671757233460413e-01,1.038573012261063688e+01,1.086616004830798232e+00,5.463405134470959990e-01,1.627169331121378626e+00,1.050000000000000044e+00,7.245820184187858892e-01,1.142163416091042549e+00,4.176391338310429546e+01,1.246425630725980227e+00,1.260000000000000009e-01,9.938671749915443110e-01,1.012707249825113287e+00,1.000000000000000000e+00,1.061501282099838406e+00,9.717072680219693837e-01,9.846600667382185978e-01
6.450000000000000000e+02,4.479166666666666852e-01,2.054576878210614723e+03,1.444378562911779618e+01,2.817010949614126147e+01,4.747507378951246501e+05,1.232008522887202595e+01,6.500781298742811742e+00,2.103014304683188129e+01,1.836651301061447139e+00,2.213360206136374231e+01,7.315343054179541227e+00,1.015645856584976858e+00,4.154752086729703309e-01,0.000000000000000000e+00,0.000000000000000000e+00,1.000000000000000000e+00,7.500000000000000000e-01,2.500000000000000000e-01,1.050000000000000044e+00,1.000000000000000000e+00,2.315573180455752222e+01,0.000000000000000000e+00,1.075000000000000178e+00,1.661900834691881323e+00,8.632989780972303606e+01,1.021838151365224157e+00,1.422464256232598814e+02,0.000000000000000000e+00,0.000000000000000000e+00,1.000000000000000000e+00,1.000000000000000000e+00,8.876055437420422578e-01,4.571193590535463924e-01,6.057451704050252905e-01,1.005698949537916498e+00,8.815911002186292977e-01,1.000000000000000000e+00,1.000000000000000000e+00,1.000000000000000000e+00,8.540135855238784046e-01,8.352782676666697936e-02,8.352782676666697625e+01,5.669498422073430532e+01,9.669441568371434093e-01,1.017716184863477480e+00,9.698598545840952934e-01,8.130800431742420953e-01,1.006969751365745847e+00,4.154752077532937737e-01,1.015645853274773192e+00,1.069498422108411972e+01,0.000000000000000000e+00,1.800000000000000000e+01,5.669498422108411972e+01,3.498143996694125235e-10,1.000000000000000000e+02,0.000000000000000000e+00,0.000000000000000000e+00,2.257220196574569293e+00,2.141308201853066251e+00,2.543044275116162822e+00,1.188153479763723119e+01,4.684352476969229073e+00,7.197182320668002120e+00,9.057874505477382654e-02,2.999999999999999737e-04,2.858240785415935292e-01,-8.235718035635728254e-04,2.863961132107694851e+01,9.142387181070927848e-01,2.065575866683899697e+00,2.075444995436795281e+00,2.065575866683899697e+00,5.512983179466890959e+01,1.102596635893378258e+08,1.037722497718397676e+02,2.075444995436795354e+08,2.413395098236101433e+01,1.830360325488696844e+02,9.938671756868104890e-01,1.038573012316668454e+01,1.086616004830798232e+00,5.463405134357930404e-01,1.627169331148680342e+00,1.050000000000000044e+00,7.245820184236764216e-01,1.142163416072281779e+00,4.176391338333348813e+01,1.246425623259881377e+00,1.260000000000000009e-01,9.938671749550087586e-01,1.012707249879333249e+00,1.000000000000000000e+00,1.061501282114937217e+00,9.717072685453551628e-01,9.846600667382185978e-01
6.600000000000000000e+02,4.583333333333333148e-01,2.052179517036473499e+03,1.442693205174478521e+01,2.817010949643382389e+01,4.747493513859630912e+05,1.232008522900099123e+01,6.500781298811571851e+00,2.103014310475710147e+01,1.836651301081125842e+00,2.213360206159098098e+01,7.315343054254646482e+00,1.015645854731963560e+00,4.154752078540033255e-01,0.000000000000000000e+00,0.000000000000000000e+00,1.000000000000000000e+00,7.500000000000000000e-01,2.500000000000000000e-01,1.050000000000000044e+00,1.000000000000000000e+00,2.315573180479525561e+01,0.000000000000000000e+00,1.075000000000000178e+00,1.661900831416013302e+00,8.632989765221689993e+01,1.021838151365224157e+00,1.422464256209125324e+02,0.000000000000000000e+00,0.000000000000000000e+00,1.000000000000000000e+00,1.000000000000000000e+00,8.876055435970241492e-01,4.571193588033464761e-01,6.057451704052213559e-01,1.005698949538156084e+00,8.815911002187045709e-01,1.000000000000000000e+00,1.000000000000000000e+00,1.000000000000000000e+00,8.540135855238784046e-01,8.352782676681530516e-02,8.352782676681530916e+01,5.669498422075328392e+01,9.669441567312939689e-01,1.017716184863477480e+00,9.698598545318071196e-01,8.130800425481037319e-01,1.006969751266624913e+00,4.154752069708441131e-01,1.015645853450599656e+00,1.069498422110311253e+01,0.000000000000000000e+00,1.800000000000000000e+01,5.669498422110311253e+01,3.498286105241277255e-10,1.000000000000000000e+02,0.000000000000000000e+00,0.000000000000000000e+00,2.257220197211714297e+00,2.141308200648443183e+00,2.543044276249473157e+00,1.188153479746226004e+01,4.684352476897916340e+00,7.197182320564343705e+00,9.057874505372562335e-02,2.999999999999999737e-04,2.858240790377588603e-01,-8.235718099035777354e-04,2.863961132137438881e+01,9.142387176066929522e-01,2.065575866697056728e+00,2.075444995448757712e+00,2.065575866697056728e+00,5.512983179485801344e+01,1.102596635897160321e+08,1.037722497724378883e+02,2.075444995448757708e+08,2.413395098256746962e+01,1.830360325498633642e+02,9.938671756771170207e-01,1.038573012334015999e+01,1.086616004830798232e+00,5.463405134328270796e-01,1.627169331159989296e+00,1.050000000000000044e+00,7.245820184252595997e-01,1.142163416066428905e+00,4.176391338340765458e+01,1.246425620912532395e+00,1.260000000000000009e-01,9.938671749453152904e-01,1.012707249896248829e+00,1.000000000000000000e+00,1.061501282118943124e+00,9.717072687099079786e-01,9.846600667382185978e-01
6.750000000000000000e+02,4.687500000000000000e-01,2.049782155852799406e+03,1.441007847461168545e+01,2.817010949693080946e+01,4.747479893341326388e+05,1.232008522922107652e+01,6.500781298929645402e+00,2.103014311958874671e+01,1.836651301115187040e+00,2.213360206229208771e+01,7.315343054486367791e+00,1.015645853838145651e+00,4.154752057218391581e-01,0.000000000000000000e+00,0.000000000000000000e+00,1.000000000000000000e+00,7.500000000000000000e-01,2.500000000000000000e-01,1.050000000000000044e+00,1.000000000000000000e+00,2.315573180552873822e+01,0.000000000000000000e+00,1.075000000000000178e+00,1.661900822887356632e+00,8.632989757624237370e+01,1.021838151365224157e+00,1.422464256155298870e+02,0.000000000000000000e+00,0.000000000000000000e+00,1.000000000000000000e+00,1.000000000000000000e+00,8.876055435300878038e-01,4.571193586826602928e-01,6.057451704057857933e-01,1.005698949538895048e+00,8.815911002188784318e-01,1.000000000000000000e+00,1.000000000000000000e+00,1.000000000000000000e+00,8.540135855238784046e-01,8.352782676713733923e-02,8.352782676713734134e+01,5.669498422079451672e+01,9.669441566802364774e-01,1.017716184863477480e+00,9.698598545098792156e-01,8.130800409179648192e-01,1.006969751218812936e+00,4.154752051766290033e-01,1.015645853856819603e+00,1.069498422114434533e+01,0.000000000000000000e+00,1.800000000000000000e+01,5.669498422114434533e+01,3.498286105241277255e-10,1.000000000000000000e+02,0.000000000000000000e+00,0.000000000000000000e+00,2.257220197463345013e+00,2.141308200007268958e+00,2.543044276724743646e+00,1.188153479705846749e+01,4.684352476732012605e+00,7.197182320326454885e+00,9.057874505122585906e-02,2.999999999999999737e-04,2.858240792613986336e-01,-8.235718264096520205e-04,2.863961132187965575e+01,9.142387173653205856e-01,2.065575866737651811e+00,2.075444995485664190e+00,2.065575866737651811e+00,5.512983179554566249e+01,1.102596635910913199e+08,1.037722497742832104e+02,2.075444995485664308e+08,2.413395098315621112e+01,1.830360325529850911e+02,9.938671756472092778e-01,1.038573012374373405e+01,1.086616004830798232e+00,5.463405134235090888e-01,1.627169331174253442e+00,1.050000000000000044e+00,7.245820184286951848e-01,1.142163416052812686e+00,4.176391338356866356e+01,1.246425615529886954e+00,1.260000000000000009e-01,9.938671749154075474e-01,1.012707249935601128e+00,1.000000000000000000e+00,1.061501282131303014e+00,9.717072690872399221e-01,9.846600667382185978e-01
6.900000000000000000e+02,4.791666666666666852e-01,2.047384794665437312e+03,1.439322489740509603e+01,2.817010949736190994e+01,4.747466506836221670e+05,1.232008522941219475e+01,6.500781299032328597e+00,2.103014312153437970e+01,1.836651301144863746e+00,2.213360206295998367e+01,7.315343054707112991e+00,1.015645853472066040e+00,4.154752037349894178e-01,0.000000000000000000e+00,0.000000000000000000e+00,1.000000000000000000e+00,7.500000000000000000e-01,2.500000000000000000e-01,1.050000000000000044e+00,1.000000000000000000e+00,2.315573180622747529e+01,0.000000000000000000e+00,1.075000000000000178e+00,1.661900814939957671e+00,8.632989754512561831e+01,1.021838151365224157e+00,1.422464256106046889e+02,0.000000000000000000e+00,0.000000000000000000e+00,1.000000000000000000e+00,1.000000000000000000e+00,8.876055435046030784e-01,4.571193586332309988e-01,6.057451704063192555e-01,1.005698949539599152e+00,8.815911002190375267e-01,1.000000000000000000e+00,1.000000000000000000e+00,1.000000000000000000e+00,8.540135855238784046e-01,8.352782676742935564e-02,8.352782676742936019e+01,5.669498422083189837e+01,9.669441566593250936e-01,1.017716184863477480e+00,9.698598545030072682e-01,8.130800393989257024e-01,1.006969751199230600e+00,4.154752035348963091e-01,1.015645854228962364e+00,1.069498422118173409e+01,0.000000000000000000e+00,1.800000000000000000e+01,5.669498422118173409e+01,3.498357159514853265e-10,1.000000000000000000e+02,0.000000000000000000e+00,0.000000000000000000e+00,2.257220197530738659e+00,2.141308199706172477e+00,2.543044276873686282e+00,1.188153479668861578e+01,4.684352476579858759e+00,7.197182320108757025e+00,9.057874504892331202e-02,2.999999999999999737e-04,2.858240793429476234e-01,-8.235718417907798156e-04,2.863961132231793982e+01,9.142387172664619976e-01,2.065575866776323544e+00,2.075444995520822289e+00,2.065575866776323544e+00,5.512983179621210894e+01,1.102596635924242139e+08,1.037722497760411215e+02,2.075444995520822406e+08,2.413395098371182712e+01,1.830360325559650505e+02,9.938671756187181794e-01,1.038573012411386109e+01,1.086616004830798232e+00,5.463405134146143149e-01,1.627169331185596812e+00,1.050000000000000044e+00,7.245820184318110257e-01,1.142163416040324675e+00,4.176391338371467299e+01,1.246425610604688927e+00,1.260000000000000009e-01,9.938671748869164491e-01,1.012707249971692036e+00,1.000000000000000000e+00,1.061501282143077152e+00,9.717072694325050719e-01,9.846600667382185978e-01
7.050000000000000000e+02,4.895833333333333148e-01,2.044987433478134108e+03,1.437637131992408790e+01,2.817010949755382754e+01,4.747453347573762876e+05,1.232008522949735330e+01,6.500781299078139064e+00,2.103014312996140589e+01,1.836651301158124250e+00,2.213360206326956003e+01,7.315343054809431145e+00,1.015645853357098671e+00,4.154752028285702004e-01,0.000000000000000000e+00,0.000000000000000000e+00,1.000000000000000000e+00,7.500000000000000000e-01,2.500000000000000000e-01,1.050000000000000044e+00,1.000000000000000000e+00,2.315573180655135133e+01,0.000000000000000000e+00,1.075000000000000178e+00,1.661900811314280801e+00,8.632989753535338195e+01,1.021838151365224157e+00,1.422464256083872840e+02,0.000000000000000000e+00,0.000000000000000000e+00,1.000000000000000000e+00,1.000000000000000000e+00,8.876055434970769875e-01,4.571193586177077495e-01,6.057451704065650588e-01,1.005698949539925335e+00,8.815911002191092471e-01,1.000000000000000000e+00,1.000000000000000000e+00,1.000000000000000000e+00,8.540135855238784046e-01,8.352782676755991786e-02,8.352782676755991531e+01,5.669498422084861744e+01,9.669441566527575693e-01,1.017716184863477480e+00,9.698598545013711325e-01,8.130800387059259338e-01,1.006969751193080853e+00,4.154752027957613336e-01,1.015645854396655112e+00,1.069498422119845316e+01,0.000000000000000000e+00,1.800000000000000000e+01,5.669498422119845316e+01,3.498357159514853265e-10,1.000000000000000000e+02,0.000000000000000000e+00,0.000000000000000000e+00,2.257220197543077234e+00,2.141308199602088180e+00,2.543044276909149914e+00,1.188153479652197220e+01,4.684352476511238095e+00,7.197182320010734102e+00,9.057874504787447045e-02,2.999999999999999737e-04,2.858240793660726808e-01,-8.235718488077926544e-04,2.863961132251305841e+01,9.142387172354154989e-01,2.065575866794247872e+00,2.075444995537119031e+00,2.065575866794247872e+00,5.512983179652466958e+01,1.102596635930493325e+08,1.037722497768559435e+02,2.075444995537118912e+08,2.413395098396765803e+01,1.830360325573482783e+02,9.938671756055121875e-01,1.038573012428078712e+01,1.086616004830798232e+00,5.463405134104855065e-01,1.627169331190128299e+00,1.050000000000000044e+00,7.245820184332043556e-01,1.142163416034692736e+00,4.176391338377995766e+01,1.246425608387284001e+00,1.260000000000000009e-01,9.938671748737104572e-01,1.012707249987968794e+00,1.000000000000000000e+00,1.061501282148534786e+00,9.717072695879469535e-01,9.846600667382185978e-01
7.200000000000000000e+02,5.000000000000000000e-01,2.042590072287861631e+03,1.435951774233105205e+01,2.817010949764661731e+01,4.747440421025805408e+05,1.232008522953877439e+01,6.500781299100602872e+00,2.103014312921739659e+01,1.836651301164692551e+00,2.213360206348356485e+01,7.315343054880161233e+00,1.015645853716808267e+00,4.154752022468353179e-01,0.000000000000000000e+00,0.000000000000000000e+00,1.000000000000000000e+00,7.500000000000000000e-01,2.500000000000000000e-01,1.050000000000000044e+00,1.000000000000000000e+00,2.315573180677523979e+01,0.000000000000000000e+00,1.075000000000000178e+00,1.661900808987341271e+00,8.632989756592870378e+01,1.021838151365224157e+00,1.422464256070676356e+02,0.000000000000000000e+00,0.000000000000000000e+00,1.000000000000000000e+00,1.000000000000000000e+00,8.876055435264906812e-01,4.571193586662768982e-01,6.057451704067304821e-01,1.005698949540150933e+00,8.815911002191522128e-01,1.000000000000000000e+00,1.000000000000000000e+00,1.000000000000000000e+00,8.540135855238784046e-01,8.352782676763460812e-02,8.352782676763460756e+01,5.669498422085819556e+01,9.669441566733052440e-01,1.017716184863477480e+00,9.698598545129009096e-01,8.130800382611624855e-01,1.006969751212322350e+00,4.154752023558785368e-01,1.015645854496958878e+00,1.069498422120801706e+01,0.000000000000000000e+00,1.800000000000000000e+01,5.669498422120801706e+01,3.498215050967701245e-10,1.000000000000000000e+02,0.000000000000000000e+00,0.000000000000000000e+00,2.257220197396064165e+00,2.141308199810753710e+00,2.543044276659248926e+00,1.188153479642236832e+01,4.684352476470002635e+00,7.197182319952365681e+00,9.057874504722496223e-02,2.999999999999999737e-04,2.858240792631847604e-01,-8.235718533112727086e-04,2.863961132260739362e+01,9.142387173325537963e-01,2.065575866806639294e+00,2.075444995548384686e+00,2.065575866806639294e+00,5.512983179675268275e+01,1.102596635935053676e+08,1.037722497774192334e+02,2.075444995548384786e+08,2.413395098413898765e+01,1.830360325583109216e+02,9.938671755963832677e-01,1.038573012438109622e+01,1.086616004830798232e+00,5.463405134076121383e-01,1.627169331190898127e+00,1.050000000000000044e+00,7.245820184340014958e-01,1.142163416031308332e+00,4.176391338381730378e+01,1.246425607067635610e+00,1.260000000000000009e-01,9.938671748645815374e-01,1.012707249997749859e+00,1.000000000000000000e+00,1.061501282152307546e+00,9.717072696804578413e-01,9.846600667382185978e-01
