time_min,time_days,m_sodium_mEq,v_ecf_L,prc_pg_per_mL,agt_fmol_per_mL,angi_fmol_per_mL,angii_fmol_per_mL,ang17_fmol_per_mL,angiv_fmol_per_mL,at1_bound_fmol_per_mL,at2_bound_fmol_per_mL,n_aldo,n_adh,baro_integral_min,ra_integral_min,a_auto,a_baro,a_chemo,alpha_map,alpha_rap,at1_bound_pg_per_mL,autonomic_adh_stimulus,beta_rsna,c_adh_mU_per_L,c_aldo_ng_per_L,c_anp_hat,c_sodium_mEq_per_L,delta_ra,delta_rihp_mmHg,epsilon_aum,epsilon_aum_adh,eta_cd,eta_dt,eta_pt,gamma_at1_tubule,gamma_filtered_sodium,gamma_rihp_cd,gamma_rihp_dt,gamma_rihp_pt,gamma_rsna_tubule,gfr_L_per_min,gfr_mL_per_min,implied_p_gh_mmHg,lambda_aldo_cd,lambda_anp,lambda_dt,mu_adh,mu_aldo,n_adh_stimulus,n_aldo_stimulus,net_filtration_pressure_mmHg,p_b_cvp_mmHg,p_b_total_mmHg,p_gh_mmHg,p_gh_residual_mmHg,p_ma_mmHg,p_peritubular_mmHg,p_ra_mmHg,phi_cd_reab_mEq_per_min,phi_dt_reab_mEq_per_min,phi_dt_sodium_mEq_per_min,phi_filtered_sodium_mEq_per_min,phi_md_sodium_mEq_per_min,phi_pt_reab_mEq_per_min,phi_tubular_water_reab_L_per_min,phi_urine_L_per_min,phi_urine_sodium_mEq_per_min,phi_water_in_L_per_min,pra_fmol_per_mL_per_min,psi_aldo_dt,psi_at1_aa,psi_at1_ea,psi_at1_preglom,r_aa_equivalent_mmHg_min_per_L,r_aa_single_mmHg_min_per_L,r_ea_equivalent_mmHg_min_per_L,r_ea_single_mmHg_min_per_L,r_preglom_mmHg_min_per_L,r_renal_mmHg_min_per_L,raw_v_at1,raw_v_md,raw_v_rsna,renal_blood_flow_L_per_min,renin_secretion_pg_per_mL_per_min,rsna,sigma_myo,sigma_tgf,sngfr_nL_per_min,sodium_adh_stimulus,sodium_intake_mEq_per_min,v_at1,v_md,v_rsna,xi_at1,xi_k_sodium,xi_map
0.000000000000000000e+00,0.000000000000000000e+00,2.160000000000000000e+03,1.500000000000000000e+01,2.798828379324600135e+01,4.748301026345390128e+05,1.224056448165699962e+01,6.458821606363000178e+00,2.089440280323600163e+01,1.824796522373999919e+00,2.199073936750799874e+01,7.268125723159999829e+00,1.000000000000000000e+00,1.000000000000000000e+00,0.000000000000000000e+00,0.000000000000000000e+00,1.000000000000000000e+00,7.500000000000000000e-01,2.500000000000000000e-01,1.050000000000000044e+00,1.000000000000000000e+00,2.300627171149952233e+01,0.000000000000000000e+00,1.075000000000000178e+00,4.000000000000000000e+00,8.500000000000000000e+01,1.021838151365224157e+00,1.440000000000000000e+02,0.000000000000000000e+00,0.000000000000000000e+00,1.000000000000000000e+00,1.000000000000000000e+00,8.851439886075846974e-01,4.549953138782084072e-01,6.056155915450194271e-01,1.005547895256870605e+00,8.815349184285560247e-01,1.000000000000000000e+00,1.000000000000000000e+00,1.000000000000000000e+00,8.540135855238784046e-01,8.341725475626929343e-02,8.341725475626928699e+01,5.668082647296063925e+01,9.660438838411188334e-01,1.017716184863477480e+00,9.680715100162806674e-01,1.038674889394732848e+00,1.006123280684836585e+00,1.000000000000000000e+00,8.866105935543027172e-01,1.068082647327391754e+01,0.000000000000000000e+00,1.800000000000000000e+01,5.668082647327391754e+01,3.132782921966281720e-10,1.000000000000000000e+02,0.000000000000000000e+00,0.000000000000000000e+00,2.285347694322051648e+00,2.155485205374205737e+00,2.581893707392307835e+00,1.201208468490277781e+01,4.737378912766513572e+00,7.274705772136264237e+00,9.078120746768120197e-02,2.999999999999999737e-04,2.965460130702561869e-01,1.460575822931698027e-03,2.845475518980009966e+01,9.099906277564168144e-01,2.057303658594342721e+00,2.067924296161558484e+00,2.057303658594342721e+00,5.502395084504028233e+01,1.100479016900805682e+08,1.033962148080779286e+02,2.067924296161558628e+08,2.399816033477592114e+01,1.824183259878941499e+02,1.000000000736317451e+00,1.025541203976190729e+01,1.086616004830798232e+00,5.481905365507866446e-01,1.616666666666666696e+00,1.050000000000000044e+00,7.234022061061597952e-01,1.146420185494482435e+00,4.170862737813464349e+01,3.000000000000000000e+00,1.260000000000000009e-01,1.000000000000000000e+00,1.000000000000000000e+00,1.000000000000000000e+00,1.058977586391052217e+00,8.502758077226175715e-01,9.846600667382185978e-01
1.500000000000000000e+01,1.041666666666666609e-02,2.157354976153967527e+03,1.501662709282681973e+01,2.800958819737507355e+01,4.748299854712261586e+05,1.224944294101987730e+01,6.463203636828072973e+00,2.089600691287745349e+01,1.825929935367030410e+00,2.199431095096204203e+01,7.269306161758883000e+00,9.605260750385559154e-01,9.289185195383188320e-01,0.000000000000000000e+00,0.000000000000000000e+00,1.000000000000000000e+00,7.500000000000000000e-01,2.500000000000000000e-01,1.050000000000000044e+00,1.000000000000000000e+00,2.301000823067747092e+01,0.000000000000000000e+00,1.075000000000000178e+00,3.715674078153275328e+00,8.164471637827725203e+01,1.021838151365224157e+00,1.436644169704725584e+02,0.000000000000000000e+00,0.000000000000000000e+00,1.000000000000000000e+00,1.000000000000000000e+00,8.821513226989954326e-01,4.495310259574525347e-01,6.056251650917631180e-01,1.005551682891105303e+00,8.815455331468670108e-01,1.000000000000000000e+00,1.000000000000000000e+00,1.000000000000000000e+00,8.540135855238784046e-01,8.344038941066590775e-02,8.344038941066590098e+01,5.668378865661593835e+01,9.637123062803143458e-01,1.017716184863477480e+00,9.671326720979549485e-01,1.025146877110404642e+00,1.003898933570209095e+00,8.881389901575195145e-01,9.106572757302462406e-01,1.068378865693545521e+01,0.000000000000000000e+00,1.800000000000000000e+01,5.668378865693545521e+01,3.195168574166018516e-10,1.000000000000000000e+02,0.000000000000000000e+00,0.000000000000000000e+00,2.295676387968534904e+00,2.125173555755065724e+00,2.602361215017820140e+00,1.198741489647250980e+01,4.727534770772885864e+00,7.259880125699623932e+00,9.078346192810432536e-02,2.999999999999999737e-04,3.066848270492852357e-01,1.323614496632530106e-03,2.847641466733132276e+01,8.990620519149050693e-01,2.057510472946908031e+00,2.068112322042738427e+00,2.057510472946908031e+00,5.501099998866693142e+01,1.100219999773338586e+08,1.034056161021369178e+02,2.068112322042738497e+08,2.400876258061242297e+01,1.824253786714162970e+02,9.998457327500798186e-01,1.027980446499544875e+01,1.086616004830798232e+00,5.481693431489020885e-01,1.620261903828628114e+00,1.050000000000000044e+00,7.236490547446213784e-01,1.145644216438906682e+00,4.172019470533295049e+01,2.664416970472558432e+00,1.260000000000000009e-01,9.998457320138759430e-01,1.002378492949768107e+00,1.000000000000000000e+00,1.059040805445987665e+00,8.732848830868800150e-01,9.846600667382185978e-01
3.000000000000000000e+01,2.083333333333333218e-02,2.154614087151647709e+03,1.503022465423470777e+01,2.804848568027928124e+01,4.748293743967751507e+05,1.226640343587184923e+01,6.472109528969250292e+00,2.090422192084211517e+01,1.828427181013480229e+00,2.201076954005521813e+01,7.274745864933604977e+00,9.458049039096663169e-01,8.248390539129986099e-01,0.000000000000000000e+00,0.000000000000000000e+00,1.000000000000000000e+00,7.500000000000000000e-01,2.500000000000000000e-01,1.050000000000000044e+00,1.000000000000000000e+00,2.302722687741497154e+01,0.000000000000000000e+00,1.075000000000000178e+00,3.299356215651994439e+00,8.039341683232163405e+01,1.021838151365224157e+00,1.433520879905539971e+02,0.000000000000000000e+00,0.000000000000000000e+00,1.000000000000000000e+00,1.000000000000000000e+00,8.811394440636780567e-01,4.474529670259284053e-01,6.056425138532355312e-01,1.005569129602321032e+00,8.815554906044308359e-01,1.000000000000000000e+00,1.000000000000000000e+00,1.000000000000000000e+00,8.540135855238784046e-01,8.346076190724513455e-02,8.346076190724512855e+01,5.668639717089644137e+01,9.628196585043141686e-01,1.017716184863477480e+00,9.669189328799381311e-01,1.001104071843504473e+00,1.003034944229432401e+00,7.840293301846656959e-01,9.333459298960974371e-01,1.068639717122216837e+01,0.000000000000000000e+00,1.800000000000000000e+01,5.668639717122216837e+01,3.257270009271451272e-10,1.000000000000000000e+02,0.000000000000000000e+00,0.000000000000000000e+00,2.297155272365914769e+00,2.111173130149284649e+00,2.607028079201394011e+00,1.196427448468608112e+01,4.718201209350678660e+00,7.246073275335402464e+00,9.077314733209398967e-02,2.999999999999999737e-04,3.098728068354792420e-01,1.080194485417102813e-03,2.851596044161727050e+01,8.949059340518568106e-01,2.058463510425533549e+00,2.068978778835671051e+00,2.058463510425533549e+00,5.501737186551022774e+01,1.100347437310204506e+08,1.034489389417835525e+02,2.068978778835670948e+08,2.402709873134530838e+01,1.824934095386390993e+02,9.991354649940600297e-01,1.030284817740297676e+01,1.086616004830798232e+00,5.479649936554400469e-01,1.622740384669053126e+00,1.050000000000000044e+00,7.238664309351807713e-01,1.144902521954004992e+00,4.173038095362256428e+01,2.352087990553997088e+00,1.260000000000000009e-01,9.991354642583791801e-01,1.004625473599417784e+00,1.000000000000000000e+00,1.059332047882498351e+00,8.947963451046696548e-01,9.846600667382185978e-01
4.500000000000000000e+01,3.125000000000000000e-02,2.151859078166680774e+03,1.503982894750381227e+01,2.808389332906274660e+01,4.748281983827876975e+05,1.228198397639694051e+01,6.480396053964675218e+00,2.091836567480753573e+01,1.830790775983865526e+00,2.203500955428308927e+01,7.282757395059708649e+00,9.453016971523775513e-01,7.284468266838582950e-01,0.000000000000000000e+00,0.000000000000000000e+00,1.000000000000000000e+00,7.500000000000000000e-01,2.500000000000000000e-01,1.050000000000000044e+00,1.000000000000000000e+00,2.305258629549988569e+01,0.000000000000000000e+00,1.075000000000000178e+00,2.913787306735433180e+00,8.035064425795209786e+01,1.021838151365224157e+00,1.430773638235977785e+02,0.000000000000000000e+00,0.000000000000000000e+00,1.000000000000000000e+00,1.000000000000000000e+00,8.812894872407115443e-01,4.473815347580640256e-01,6.056640330172909925e-01,1.005594802538886778e+00,8.815643062687485987e-01,1.000000000000000000e+00,1.000000000000000000e+00,1.000000000000000000e+00,8.540135855238784046e-01,8.347783797709151798e-02,8.347783797709152509e+01,5.668858360749074876e+01,9.627889152579486298e-01,1.017716184863477480e+00,9.671144632376150740e-01,9.729674147264759654e-01,1.003005064717785055e+00,6.924546078659261639e-01,9.535492612730039896e-01,1.068858360782221695e+01,0.000000000000000000e+00,1.800000000000000000e+01,5.668858360782221695e+01,3.314681862320867367e-10,1.000000000000000000e+02,0.000000000000000000e+00,0.000000000000000000e+00,2.293783871278593622e+00,2.107106893009030646e+00,2.602758689951420568e+00,1.194378899545567130e+01,4.709865582960451214e+00,7.233923412495220084e+00,9.075509560078616478e-02,2.999999999999999737e-04,3.089748186728269452e-01,7.953206545410511016e-04,2.855195821788045762e+01,8.947630695161280512e-01,2.059867116333074843e+00,2.070254871065258406e+00,2.059867116333074843e+00,5.503664614638550034e+01,1.100732922927709967e+08,1.035127435532629221e+02,2.070254871065258384e+08,2.404953404482292356e+01,1.825989237444713353e+02,9.980912749317911725e-01,1.032335904812858018e+01,1.086616004830798232e+00,5.476483538311531785e-01,1.624271638233207415e+00,1.050000000000000044e+00,7.240486339851844866e-01,1.144235186507347013e+00,4.173891898854575544e+01,2.077363823597778492e+00,1.260000000000000009e-01,9.980912741968791524e-01,1.006625478147853192e+00,1.000000000000000000e+00,1.059760735307186064e+00,9.137954349010257715e-01,9.846600667382185978e-01
6.000000000000000000e+01,4.166666666666666435e-02,2.149134982501187096e+03,1.504498274751612819e+01,2.811085676508350417e+01,4.748265707279864000e+05,1.229388072974213664e+01,6.486747362552568674e+00,2.093523042510473431e+01,1.832611639699193162e+00,2.205939859439563477e+01,7.290818179503658847e+00,9.522905632260307840e-01,6.457918971973547473e-01,0.000000000000000000e+00,0.000000000000000000e+00,1.000000000000000000e+00,7.500000000000000000e-01,2.500000000000000000e-01,1.050000000000000044e+00,1.000000000000000000e+00,2.307810162148483002e+01,0.000000000000000000e+00,1.075000000000000178e+00,2.583167588789418989e+00,8.094469787421262197e+01,1.021838151365224157e+00,1.428472879343116233e+02,0.000000000000000000e+00,0.000000000000000000e+00,1.000000000000000000e+00,1.000000000000000000e+00,8.820359218317215255e-01,4.483712608778427366e-01,6.056846622727763974e-01,1.005620606457815258e+00,8.815717113992816989e-01,1.000000000000000000e+00,1.000000000000000000e+00,1.000000000000000000e+00,8.540135855238784046e-01,8.349183588282863000e-02,8.349183588282862445e+01,5.669037591295786171e+01,9.632145274732903939e-01,1.017716184863477480e+00,9.675058924580063335e-01,9.428420700093307349e-01,1.003417988574903497e+00,6.157626447705411010e-01,9.706060951549935201e-01,1.069037591329431791e+01,0.000000000000000000e+00,1.800000000000000000e+01,5.669037591329431791e+01,3.364561962371226400e-10,1.000000000000000000e+02,0.000000000000000000e+00,0.000000000000000000e+00,2.288193972121320474e+00,2.108615760773598691e+00,2.594218574873270899e+00,1.192658232051871181e+01,4.702834335646869590e+00,7.223747984871842220e+00,9.073075752209544542e-02,2.999999999999999737e-04,3.060246027519504253e-01,4.903059032973179285e-04,2.857937104450156340e+01,8.967425217556854733e-01,2.061279331907376999e+00,2.071538790605976121e+00,2.061279331907376999e+00,5.505846439205981113e+01,1.101169287841196209e+08,1.035769395302988016e+02,2.071538790605975986e+08,2.407098646977840062e+01,1.827063903921369956e+02,9.970429234515237882e-01,1.034060951144852858e+01,1.086616004830798232e+00,5.473262308196945591e-01,1.625276901812125807e+00,1.050000000000000044e+00,7.241979927745264556e-01,1.143668633215070063e+00,4.174591794141431222e+01,1.847287934311623303e+00,1.260000000000000009e-01,9.970429227173837061e-01,1.008307562032251470e+00,1.000000000000000000e+00,1.060191756914237837e+00,9.297630135220131820e-01,9.846600667382185978e-01
7.500000000000000000e+01,5.208333333333333565e-02,2.146461946820737467e+03,1.504555371749344417e+01,2.813044716023581415e+01,4.748246216872229706e+05,1.230252962534567374e+01,6.491368715047356019e+00,2.095224358094535688e+01,1.833938091131994241e+00,2.208016472647975093e+01,7.297681562141620226e+00,9.625158020191652009e-01,5.785259255335738482e-01,0.000000000000000000e+00,0.000000000000000000e+00,1.000000000000000000e+00,7.500000000000000000e-01,2.500000000000000000e-01,1.050000000000000044e+00,1.000000000000000000e+00,2.309982673354858917e+01,0.000000000000000000e+00,1.075000000000000178e+00,2.314103702134295393e+00,8.181384317162904551e+01,1.021838151365224157e+00,1.426642041312875904e+02,0.000000000000000000e+00,0.000000000000000000e+00,1.000000000000000000e+00,1.000000000000000000e+00,8.830137904523718273e-01,4.498101843169196035e-01,6.057019354026157432e-01,1.005642556098625517e+00,8.815776102144700088e-01,1.000000000000000000e+00,1.000000000000000000e+00,1.000000000000000000e+00,8.540135855238784046e-01,8.350291172114264471e-02,8.350291172114263816e+01,5.669179407406962667e+01,9.638319694533697968e-01,1.017716184863477480e+00,9.679580346388497736e-01,9.130319540983280469e-01,1.004014230316054412e+00,5.547347104291967534e-01,9.842493084266065173e-01,1.069179407441006902e+01,0.000000000000000000e+00,1.800000000000000000e+01,5.669179407441006902e+01,3.404423409847368021e-10,1.000000000000000000e+02,0.000000000000000000e+00,0.000000000000000000e+00,2.282029824869681534e+00,2.112859249622936808e+00,2.584364875774576298e+00,1.191287644334198070e+01,4.697224125397513106e+00,7.215652317944467597e+00,9.070236918240559554e-02,2.999999999999999737e-04,3.023350509048947643e-01,1.884772910442167673e-04,2.859928794623974468e+01,8.996203686338392069e-01,2.062481752265425072e+00,2.072631974117661979e+00,2.062481752265425072e+00,5.507767750901771819e+01,1.101553550180354416e+08,1.036315987058831070e+02,2.072631974117662013e+08,2.408895834173561212e+01,1.827982345566364302e+02,9.961520808487260847e-01,1.035434015143386155e+01,1.086616004830798232e+00,5.470512351639641446e-01,1.625980915715234287e+00,1.050000000000000044e+00,7.243161728675059363e-01,1.143214179867467317e+00,4.175145586057131908e+01,1.664204131287590371e+00,1.260000000000000009e-01,9.961520801152419224e-01,1.009646429737624862e+00,1.000000000000000000e+00,1.060558513785953227e+00,9.425060753623188958e-01,9.846600667382185978e-01
9.000000000000000000e+01,6.250000000000000000e-02,2.143844701118366629e+03,1.504177721162583303e+01,2.814445352471855344e+01,4.748224542426146800e+05,1.230871659943050389e+01,6.494676915360883207e+00,2.096794367072369880e+01,1.834888443012532955e+00,2.209647516066050699e+01,7.303072298862374190e+00,9.733723126342732623e-01,5.265575453684790963e-01,0.000000000000000000e+00,0.000000000000000000e+00,1.000000000000000000e+00,7.500000000000000000e-01,2.500000000000000000e-01,1.050000000000000044e+00,1.000000000000000000e+00,2.311689038357981119e+01,0.000000000000000000e+00,1.075000000000000178e+00,2.106230181473916385e+00,8.273664657391323374e+01,1.021838151365224157e+00,1.425260240832035947e+02,0.000000000000000000e+00,0.000000000000000000e+00,1.000000000000000000e+00,1.000000000000000000e+00,8.840044533841791008e-01,4.513262777559507999e-01,6.057153715680300143e-01,1.005659782453041773e+00,8.815820648395139569e-01,1.000000000000000000e+00,1.000000000000000000e+00,1.000000000000000000e+00,8.540135855238784046e-01,8.351125084101666818e-02,8.351125084101666118e+01,5.669286182309013356e+01,9.644808179100484713e-01,1.017716184863477480e+00,9.683920791498645819e-01,8.859705165195604915e-01,1.004637252229428013e+00,5.086746944011982796e-01,9.945854921408155969e-01,1.069286182343363123e+01,0.000000000000000000e+00,1.800000000000000000e+01,5.669286182343363123e+01,3.434976747485052329e-10,1.000000000000000000e+02,0.000000000000000000e+00,0.000000000000000000e+00,2.276237734758676634e+00,2.118066665228376166e+00,2.574916592382196612e+00,1.190252654858519854e+01,4.692983257610572778e+00,7.209543290974625762e+00,9.067315529481777270e-02,2.999999999999999737e-04,2.986788576235199777e-01,-8.552503683735817458e-05,2.861352775013052963e+01,9.026525555119015998e-01,2.063426164623774817e+00,2.073490588906398369e+00,2.063426164623774817e+00,5.509303814923095644e+01,1.101860762984619141e+08,1.036745294453199193e+02,2.073490588906398416e+08,2.410294927728374503e+01,1.828705168718346386e+02,9.954535271608530023e-01,1.036469966187030245e+01,1.086616004830798232e+00,5.468350049564594251e-01,1.626466345299535377e+00,1.050000000000000044e+00,7.244051519528024174e-01,1.142869229724396973e+00,4.175562542050833059e+01,1.526024083203594728e+00,1.260000000000000009e-01,9.954535264278832063e-01,1.010656580319217790e+00,1.000000000000000000e+00,1.060846423954652007e+00,9.521454094867785045e-01,9.846600667382185978e-01
1.050000000000000000e+02,7.291666666666667129e-02,2.141279383570831214e+03,1.503422159541094238e+01,2.815417872701453561e+01,4.748201461025871686e+05,1.231301733655841701e+01,6.496979951060490421e+00,2.098163931747252420e+01,1.835551247175151612e+00,2.210868607304029609e+01,7.307108108886201769e+00,9.833881623592093391e-01,4.884429759786915182e-01,0.000000000000000000e+00,0.000000000000000000e+00,1.000000000000000000e+00,7.500000000000000000e-01,2.500000000000000000e-01,1.050000000000000044e+00,1.000000000000000000e+00,2.312966519589329906e+01,0.000000000000000000e+00,1.075000000000000178e+00,1.953771903914766073e+00,8.358799380053280004e+01,1.021838151365224157e+00,1.424270202472229698e+02,0.000000000000000000e+00,0.000000000000000000e+00,1.000000000000000000e+00,1.000000000000000000e+00,8.848912636627165318e-01,4.527145123574682906e-01,6.057253292319415561e-01,1.005672671224406844e+00,8.815852590134836131e-01,1.000000000000000000e+00,1.000000000000000000e+00,1.000000000000000000e+00,8.540135855238784046e-01,8.351719630527734695e-02,8.351719630527735205e+01,5.669362308611745505e+01,9.650734185995684111e-01,1.017716184863477480e+00,9.687683098701914686e-01,8.634864204171018853e-01,1.005203103511939977e+00,4.756734157409899244e-01,1.002015246543100258e+00,1.069362308646316961e+01,0.000000000000000000e+00,1.800000000000000000e+01,5.669362308646316961e+01,3.457145680840767454e-10,1.000000000000000000e+02,0.000000000000000000e+00,0.000000000000000000e+00,2.271281754758446070e+00,2.123203342771179170e+00,2.566735426177925827e+00,1.189510540916303150e+01,4.689938768949104997e+00,7.205166640213926499e+00,9.064644561275875256e-02,2.999999999999999737e-04,2.954536714194797575e-01,-3.131836024271123994e-04,2.862341503913144436e+01,9.054290247149365811e-01,2.064133199354217130e+00,2.074133391192581666e+00,2.064133199354217130e+00,5.510476299622788332e+01,1.102095259924557656e+08,1.037066695596290771e+02,2.074133391192581654e+08,2.411331967262372444e+01,1.829247522284807133e+02,9.949312082202951268e-01,1.037212617731508679e+01,1.086616004830798232e+00,5.466728738552331102e-01,1.626777715406328095e+00,1.050000000000000044e+00,7.244685905385974678e-01,1.142620836623944758e+00,4.175859815263867603e+01,1.427020247222969829e+00,1.260000000000000009e-01,9.949312074877099121e-01,1.011380736054354523e+00,1.000000000000000000e+00,1.061061881569915322e+00,9.590633424047450006e-01,9.846600667382185978e-01
1.200000000000000000e+02,8.333333333333332871e-02,2.138758143163211571e+03,1.502365167477622521e+01,2.816061880448994970e+01,4.748177566587302135e+05,1.231586967775144359e+01,6.498510494962890682e+00,2.099308878966415648e+01,1.835992859323905879e+00,2.211745860132263530e+01,7.310007503826972730e+00,9.918680251540750170e-01,4.618344138049925718e-01,0.000000000000000000e+00,0.000000000000000000e+00,1.000000000000000000e+00,7.500000000000000000e-01,2.500000000000000000e-01,1.050000000000000044e+00,1.000000000000000000e+00,2.313884283953171561e+01,0.000000000000000000e+00,1.075000000000000178e+00,1.847337655219970287e+00,8.430878213809637600e+01,1.021838151365224157e+00,1.423594069845251511e+02,0.000000000000000000e+00,0.000000000000000000e+00,1.000000000000000000e+00,1.000000000000000000e+00,8.856254811667642057e-01,4.538821368240790743e-01,6.057324042449130364e-01,1.005681926592528974e+00,8.815874427429960525e-01,1.000000000000000000e+00,1.000000000000000000e+00,1.000000000000000000e+00,8.540135855238784046e-01,8.352122440203878229e-02,8.352122440203878284e+01,5.669413884754506938e+01,9.655707221211771163e-01,1.017716184863477480e+00,9.690727579745833653e-01,8.462981690097175491e-01,1.005675640222333911e+00,4.531356615083836914e-01,1.007103967236430808e+00,1.069413884789229030e+01,0.000000000000000000e+00,1.800000000000000000e+01,5.669413884789229030e+01,3.472209186838881578e-10,1.000000000000000000e+02,0.000000000000000000e+00,0.000000000000000000e+00,2.267308378803558622e+00,2.127733336255616781e+00,2.560120984568444502e+00,1.189003197649569188e+01,4.687854320824061283e+00,7.202177655671630596e+00,9.062453665691376503e-02,2.999999999999999737e-04,2.928126057648858804e-01,-4.872215764872324384e-04,2.862996245123144945e+01,9.077642736481581487e-01,2.064641142183511135e+00,2.074595188579695826e+00,2.064641142183511135e+00,5.511337137089510918e+01,1.102267427417902201e+08,1.037297594289847922e+02,2.074595188579695821e+08,2.412068439788181351e+01,1.829638151977617042e+02,9.945563124678221678e-01,1.037720576744275647e+01,1.086616004830798232e+00,5.465561586148174333e-01,1.626961125590414170e+00,1.050000000000000044e+00,7.245115706576906733e-01,1.142450406086631620e+00,4.176061220101939142e+01,1.359406984525151074e+00,1.260000000000000009e-01,9.945563117355129545e-01,1.011876044298233523e+00,1.000000000000000000e+00,1.061216623419180660e+00,9.637933759182129023e-01,9.846600667382185978e-01
1.350000000000000000e+02,9.375000000000000000e-02,2.136272033747065507e+03,1.501085753170037940e+01,2.816465871745002403e+01,4.748153301564071444e+05,1.231766175468483837e+01,6.499474117711071308e+00,2.100232602821514760e+01,1.836271632757972672e+00,2.212349612578053382e+01,7.312002956825769395e+00,9.986225952309014664e-01,4.440615691107031027e-01,0.000000000000000000e+00,0.000000000000000000e+00,1.000000000000000000e+00,7.500000000000000000e-01,2.500000000000000000e-01,1.050000000000000044e+00,1.000000000000000000e+00,2.314515917686908253e+01,0.000000000000000000e+00,1.075000000000000178e+00,1.776246276442812411e+00,8.488292059462662564e+01,1.021838151365224157e+00,1.423151228526166676e+02,0.000000000000000000e+00,0.000000000000000000e+00,1.000000000000000000e+00,1.000000000000000000e+00,8.862002354936640014e-01,4.548072093529257898e-01,6.057372234988699367e-01,1.005688294409828210e+00,8.815888746411014720e-01,1.000000000000000000e+00,1.000000000000000000e+00,1.000000000000000000e+00,8.540135855238784046e-01,8.352383831502611933e-02,8.352383831502612566e+01,5.669447353550658875e+01,9.659639941023205889e-01,1.017716184863477480e+00,9.693068743223444139e-01,8.340756842977777863e-01,1.006047833593181284e+00,4.383742842055558531e-01,1.010445093458271160e+00,1.069447353585481864e+01,0.000000000000000000e+00,1.800000000000000000e+01,5.669447353585481864e+01,3.482298893686675001e-10,1.000000000000000000e+02,0.000000000000000000e+00,0.000000000000000000e+00,2.264275343758940462e+00,2.131447364337541117e+00,2.555038074998490671e+00,1.188670531092503246e+01,4.686485439336031789e+00,7.200219871589000675e+00,9.060817357674764982e-02,2.999999999999999737e-04,2.907627312395502095e-01,-6.109798955526062406e-04,2.863406969607418873e+01,9.096144187058515795e-01,2.064990722639047149e+00,2.074913010437573480e+00,2.064990722639047149e+00,5.511941676396022416e+01,1.102388335279204547e+08,1.037456505218786731e+02,2.074913010437573493e+08,2.412569716125467068e+01,1.829907644470935679e+02,9.942984660565638011e-01,1.038053935065393141e+01,1.086616004830798232e+00,5.464756666936165796e-01,1.627061834345011171e+00,1.050000000000000044e+00,7.245394613212349233e-01,1.142338320744587410e+00,4.176191915751306283e+01,1.315122852616667615e+00,1.260000000000000009e-01,9.942984653244444360e-01,1.012201100297763334e+00,1.000000000000000000e+00,1.061323098913068419e+00,9.668938049613373664e-01,9.846600667382185978e-01
1.500000000000000000e+02,1.041666666666666713e-01,2.127454422725296808e+03,1.498860143825654134e+01,2.825453568828276829e+01,4.748126249800533406e+05,1.235443221016899606e+01,6.517056838227431648e+00,2.101304780435250308e+01,1.840580113662083850e+00,2.213534507699583287e+01,7.315919135617267699e+00,1.006334458153111955e+00,1.769632088939537828e-01,0.000000000000000000e+00,5.987417607586432489e+00,1.000000000000000000e+00,7.500000000000000000e-01,2.500000000000000000e-01,1.050000000000000044e+00,9.599999999999999645e-01,2.315755531265149969e+01,0.000000000000000000e+00,1.012000000000000011e+00,7.078528355758151314e-01,8.553842894301452304e+01,5.953763654987593412e+00,1.419381542360072217e+02,9.958088076746894890e-01,0.000000000000000000e+00,1.000000000000000000e+00,1.000000000000000000e+00,4.584478277898730303e-01,4.558580483932878624e-01,6.034605448893057833e-01,1.005700786810886482e+00,8.817453520194616923e-01,1.000000000000000000e+00,1.000000000000000000e+00,1.000000000000000000e+00,8.506422011141587802e-01,8.118598158045585433e-02,8.118598158045585933e+01,5.712913208433989354e+01,9.664099570588335908e-01,5.245236345012405099e-01,9.724796296645836780e-01,5.616308498434592344e-01,1.006468304077876352e+00,-1.921819055582259586e-02,1.038312468167516212e+00,1.039513208456541093e+01,7.340000000000000968e-01,1.873400000000000176e+01,5.712913208456541270e+01,2.255191589028981980e-10,1.000000000000000000e+02,0.000000000000000000e+00,5.000000000000000000e+00,1.139905197742830056e+00,2.083033390448395306e+00,2.486444756949091950e+00,1.152338837536838412e+01,4.569478147397487255e+00,6.953910227970896862e+00,8.810279067931700570e-02,2.999999999999999737e-04,1.346539559206261893e+00,-3.369697732925072686e-03,2.872544461642081615e+01,9.117160967865757248e-01,2.065676788741406700e+00,2.075536748944724508e+00,2.065676788741406700e+00,5.402109622029202285e+01,1.080421924405840486e+08,1.037768374472362183e+02,2.075536748944724500e+08,2.385516285427815575e+01,1.816530965218063898e+02,9.937928279431291756e-01,1.065881654045155358e+01,1.070801469537354889e+00,5.504998368579727686e-01,1.645527239788819429e+00,1.008000000000000007e+00,7.607610070471179098e-01,1.132272635284146567e+00,4.059299079022792966e+01,9.381542360072216979e-01,1.260000000000000009e-01,9.937928272113821793e-01,1.039335767214967232e+00,9.854460681389412002e-01,1.061532008943678829e+00,9.933645322282451673e-01,9.846600667382185978e-01
1.650000000000000000e+02,1.145833333333333287e-01,2.109246911162872948e+03,1.490971452307717549e+01,2.839224922406402740e+01,4.748076969851789763e+05,1.241619934623170352e+01,6.550734673750294945e+00,2.105322813256093895e+01,1.850478911521126424e+00,2.220919657432959937e+01,7.340327681346221489e+00,1.027095134299560231e+00,-1.044453389404793597e-01,0.000000000000000000e+00,2.084640352993165635e+01,1.000000000000000000e+00,7.500000000000000000e-01,2.500000000000000000e-01,1.050000000000000044e+00,9.599999999999999645e-01,2.323481727213214398e+01,0.000000000000000000e+00,1.012000000000000011e+00,-4.177813557619174389e-01,8.730308641546261583e+01,5.953763654987593412e+00,1.414679608987946722e+02,9.854075175290478716e-01,0.000000000000000000e+00,1.000000000000000000e+00,1.000000000000000000e+00,4.594579147621069559e-01,4.586592169997572577e-01,6.035171691644105607e-01,1.005778506733700617e+00,8.817599466302098454e-01,1.000000000000000000e+00,1.000000000000000000e+00,1.000000000000000000e+00,8.506422011141587802e-01,8.121643944737877430e-02,8.121643944737877518e+01,5.713303193925292334e+01,9.675947328288930782e-01,5.245236345012405099e-01,9.734288897596764523e-01,3.699999999999999956e-01,1.007577191070621492e+00,-1.724822062447919080e-01,1.074344626500457700e+00,1.039903193948511984e+01,7.340000000000000968e-01,1.873400000000000176e+01,5.713303193948512160e+01,2.321982606190431397e-10,1.000000000000000000e+02,0.000000000000000000e+00,5.000000000000000000e+00,1.133033913516256153e+00,2.089375753241416334e+00,2.466023278982811817e+00,1.148952408008110559e+01,4.555399032224228151e+00,6.934125047856877444e+00,8.712253596306807069e-02,2.999999999999999737e-04,1.332989365466555665e+00,-5.309999999999999616e-03,2.886545337779842768e+01,9.173184339995145153e-01,2.069952761247071393e+00,2.079424257755615901e+00,2.069952761247071393e+00,5.409494463505372863e+01,1.081898892701074630e+08,1.039712128877807942e+02,2.079424257755616009e+08,2.391475502234407102e+01,1.819809125451786258e+02,9.906531719581397333e-01,1.069140014222522339e+01,1.070801469537354889e+00,5.495081797393117640e-01,1.645343004230255257e+00,1.008000000000000007e+00,7.610859949570932814e-01,1.130995165631252686e+00,4.060821972368938759e+01,4.679608987946721754e-01,1.260000000000000009e-01,9.906531712287045544e-01,1.042512977613470726e+00,9.854460681389412002e-01,1.062832494495089986e+00,1.026579214828720055e+00,9.846600667382185978e-01
1.800000000000000000e+02,1.250000000000000000e-01,2.091251522384925920e+03,1.482556452673754066e+01,2.844119659911639175e+01,4.748015400013971375e+05,1.243827193787813457e+01,6.562873355527013786e+00,2.110107213566960382e+01,1.854094067296569115e+00,2.227966432610918801e+01,7.363617870493710527e+00,1.052504525688575443e+00,-2.516253524865135205e-01,0.000000000000000000e+00,3.555018634234584596e+01,1.000000000000000000e+00,7.500000000000000000e-01,2.500000000000000000e-01,1.050000000000000044e+00,9.599999999999999645e-01,2.330853922468891426e+01,0.000000000000000000e+00,1.012000000000000011e+00,-1.006501409946054082e+00,8.946288468352891243e+01,5.953763654987593412e+00,1.410571259268681104e+02,9.751148695603578664e-01,0.000000000000000000e+00,1.000000000000000000e+00,1.000000000000000000e+00,4.606171146996975718e-01,4.620341913900858355e-01,6.035702765757653410e-01,1.005852438308430630e+00,8.817727221335736054e-01,1.000000000000000000e+00,1.000000000000000000e+00,1.000000000000000000e+00,8.506422011141587802e-01,8.124285632143810054e-02,8.124285632143809721e+01,5.713641438150802543e+01,9.690145398448543057e-01,5.245236345012405099e-01,9.744549512106116529e-01,3.699999999999999956e-01,1.008890552441432220e+00,-3.059963142307491890e-01,1.106193603847409612e+00,1.040241438174623312e+01,7.340000000000000968e-01,1.873400000000000176e+01,5.713641438174623488e+01,2.382094521635735873e-10,1.000000000000000000e+02,0.000000000000000000e+00,5.000000000000000000e+00,1.125747960470944387e+00,2.099039152685276299e+00,2.443999418486400010e+00,1.145988381479154761e+01,4.543038571171676310e+00,6.916845243619871297e+00,8.714751053757685550e-02,2.999999999999999737e-04,1.318251458015455624e+00,-5.309999999999999616e-03,2.891521654243500095e+01,9.240683827801716710e-01,2.074032652030501911e+00,2.083133496879548296e+00,2.074032652030501911e+00,5.416729404465801423e+01,1.083345880893160254e+08,1.041566748439774273e+02,2.083133496879548430e+08,2.397076551403178613e+01,1.822947344026672170e+02,9.876762915388249686e-01,1.071984465288378807e+01,1.070801469537354889e+00,5.485621969700561484e-01,1.644763089491886543e+00,1.008000000000000007e+00,7.613678651455193513e-01,1.129861581036076146e+00,4.062142816071904150e+01,5.712592686811035492e-02,1.260000000000000009e-01,9.876762908115817030e-01,1.045286587347363572e+00,9.854460681389412002e-01,1.064070834485312034e+00,1.055782059868814571e+00,9.846600667382185978e-01
1.950000000000000000e+02,1.354166666666666574e-01,2.073481580105693411e+03,1.474141452676409791e+01,2.846523662961918433e+01,4.747949942811112269e+05,1.244886946248641557e+01,6.568533233079891787e+00,2.114218747752140359e+01,1.855721659256575284e+00,2.232416837564995049e+01,7.378326836019899915e+00,1.080227451562049135e+00,-3.165501147289731532e-01,0.000000000000000000e+00,5.010038715177373803e+01,1.000000000000000000e+00,7.500000000000000000e-01,2.500000000000000000e-01,1.050000000000000044e+00,9.599999999999999645e-01,2.335509847123746852e+01,0.000000000000000000e+00,1.012000000000000011e+00,-1.266200458915892613e+00,9.181933338277417533e+01,5.953763654987593412e+00,1.406568939731759542e+02,9.649297289937583955e-01,0.000000000000000000e+00,1.000000000000000000e+00,1.000000000000000000e+00,4.618379875575275295e-01,4.656520150766294552e-01,6.036066377607086642e-01,1.005899016077286712e+00,8.817850105989940568e-01,1.000000000000000000e+00,1.000000000000000000e+00,1.000000000000000000e+00,8.506422011141587802e-01,8.127135420395109611e-02,8.127135420395109122e+01,5.714006327811120656e+01,9.705273260876332575e-01,5.245236345012405099e-01,9.755148250560846668e-01,3.699999999999999956e-01,1.010271523251537129e+00,-3.216432429979194652e-01,1.137006739297582003e+00,1.040606327835481437e+01,7.340000000000000968e-01,1.873400000000000176e+01,5.714006327835481613e+01,2.436095769553503487e-10,1.000000000000000000e+02,0.000000000000000000e+00,5.000000000000000000e+00,1.118249520953629617e+00,2.110019065331068422e+00,2.421302601952677325e+00,1.143137625132157709e+01,4.531321667283745747e+00,6.900054584037831340e+00,8.717433687912209961e-02,2.999999999999999737e-04,1.303053080999047708e+00,-5.309999999999999616e-03,2.893965724011284024e+01,9.313040301532589105e-01,2.076609233302289415e+00,2.085475998996029201e+00,2.076609233302289415e+00,5.420414244175309904e+01,1.084082848835061938e+08,1.042737999498014574e+02,2.085475998996029198e+08,2.401012984295049080e+01,1.824880722345050685e+02,9.858056777371031476e-01,1.074666828647703198e+01,1.070801469537354889e+00,5.479810202142728626e-01,1.645755782001472101e+00,1.008000000000000007e+00,7.616719398629014925e-01,1.128776537159538185e+00,4.063567710197554561e+01,0.000000000000000000e+00,1.260000000000000009e-01,9.858056770112372247e-01,1.047902146184906513e+00,9.854460681389412002e-01,1.064851627216033769e+00,1.084395270256436561e+00,9.846600667382185978e-01
2.100000000000000000e+02,1.458333333333333426e-01,2.055939562791319076e+03,1.465726452676409153e+01,2.849086159608685165e+01,4.747881992174987681e+05,1.246001060568465135e+01,6.574366495370677299e+00,2.117649029940359640e+01,1.857354064328993193e+00,2.235378962003455072e+01,7.388116908316503029e+00,1.108967618518199361e+00,-3.190965799226324062e-01,0.000000000000000000e+00,6.449861013260020570e+01,1.000000000000000000e+00,7.500000000000000000e-01,2.500000000000000000e-01,1.050000000000000044e+00,9.599999999999999645e-01,2.338608762468775026e+01,0.000000000000000000e+00,1.012000000000000011e+00,-1.276386319690529625e+00,9.426224757404695254e+01,5.953763654987593412e+00,1.402676167191486343e+02,9.548509729071799068e-01,0.000000000000000000e+00,1.000000000000000000e+00,1.000000000000000000e+00,4.630685519803025008e-01,4.693346119954606710e-01,6.036333311898031129e-01,1.005929968868541025e+00,8.817968719609089456e-01,1.000000000000000000e+00,1.000000000000000000e+00,1.000000000000000000e+00,8.506422011141587802e-01,8.130074721694403872e-02,8.130074721694403195e+01,5.714382678809251814e+01,9.720575710050104457e-01,5.245236345012405099e-01,9.765742989226662285e-01,3.699999999999999956e-01,1.011649344317126387e+00,-3.182836576357266356e-01,1.166919869387951891e+00,1.040982678834110686e+01,7.340000000000000968e-01,1.873400000000000176e+01,5.714382678834110862e+01,2.485904815330286510e-10,1.000000000000000000e+02,0.000000000000000000e+00,5.000000000000000000e+00,1.110746957067011653e+00,2.121444454207997321e+00,2.398666357965633100e+00,1.140386204960669581e+01,4.520110812173630421e+00,6.883751237433065384e+00,8.720185917833600531e-02,2.999999999999999737e-04,1.287919400898621447e+00,-5.309999999999999616e-03,2.896570928935496525e+01,9.386692239909213420e-01,2.078324133185390110e+00,2.087035102048905522e+00,2.078324133185390110e+00,5.422086522073375647e+01,1.084417304414675087e+08,1.043517551024452814e+02,2.087035102048905492e+08,2.403985239310361521e+01,1.826124727162826389e+02,9.845646500975687720e-01,1.077220562671637971e+01,1.070801469537354889e+00,5.476077209433871662e-01,1.647589836383007267e+00,1.008000000000000007e+00,7.619855656950921263e-01,1.127728746709947494e+00,4.065037360847202308e+01,0.000000000000000000e+00,1.260000000000000009e-01,9.845646493726166737e-01,1.050392279213236746e+00,9.854460681389412002e-01,1.065370762168490915e+00,1.112381955930235478e+00,9.846600667382185978e-01
2.250000000000000000e+02,1.562500000000000000e-01,2.038622419766516259e+03,1.457311452676409047e+01,2.852127682473759762e+01,4.747810945463294047e+05,1.247326831851524176e+01,6.581329699753394102e+00,2.120688955574004098e+01,1.859309358723402639e+00,2.237909454761461703e+01,7.396480401330253862e+00,1.138010744327417001e+00,-3.162440473231957205e-01,0.000000000000000000e+00,7.874644270348950670e+01,1.000000000000000000e+00,7.500000000000000000e-01,2.500000000000000000e-01,1.050000000000000044e+00,9.599999999999999645e-01,2.341256113382346271e+01,0.000000000000000000e+00,1.012000000000000011e+00,-1.264976189292782882e+00,9.673091326783044508e+01,5.953763654987593412e+00,1.398892745968960298e+02,9.448774901075573940e-01,0.000000000000000000e+00,1.000000000000000000e+00,1.000000000000000000e+00,4.642826418843581937e-01,4.729887731749634616e-01,6.036570527469992120e-01,1.005956380566547237e+00,8.818083720159336503e-01,1.000000000000000000e+00,1.000000000000000000e+00,1.000000000000000000e+00,8.506422011141587802e-01,8.132995447495794394e-02,8.132995447495794394e+01,5.714756651382575114e+01,9.735665345731850939e-01,5.245236345012405099e-01,9.776171229142215369e-01,3.699999999999999956e-01,1.012989430526440193e+00,-3.149591633691857795e-01,1.196107863791064263e+00,1.041356651407912182e+01,7.340000000000000968e-01,1.873400000000000176e+01,5.714756651407912358e+01,2.533724341446941253e-10,1.000000000000000000e+02,0.000000000000000000e+00,5.000000000000000000e+00,1.103337542515292924e+00,2.132833307596701644e+00,2.376435048351663859e+00,1.137718833450044542e+01,4.509268355948365503e+00,6.867919978552079918e+00,8.722911264926321018e-02,2.999999999999999737e-04,1.273097505836370935e+00,-5.309999999999999616e-03,2.899663143848322377e+01,9.459775463499269232e-01,2.079789121113676753e+00,2.088366997167257821e+00,2.079789121113676753e+00,5.423206716135361205e+01,1.084641343227072209e+08,1.044183498583629017e+02,2.088366997167257965e+08,2.406663679061658101e+01,1.827170538103330841e+02,9.835069982966478941e-01,1.079678462830519159e+01,1.070801469537354889e+00,5.472942887082867802e-01,1.649575217600119714e+00,1.008000000000000007e+00,7.622972095065935205e-01,1.126706395105824043e+00,4.066497723747897197e+01,0.000000000000000000e+00,1.260000000000000009e-01,9.835069975724745062e-01,1.052788965128294674e+00,9.854460681389412002e-01,1.065813903302766041e+00,1.139731729965880902e+00,9.846600667382185978e-01
2.400000000000000000e+02,1.666666666666666574e-01,2.021524466601088307e+03,1.448896452676409119e+01,2.855344049398105710e+01,4.747736348350945627e+05,1.248733048725589612e+01,6.588745718609964719e+00,2.123527606096448395e+01,1.861402788632346095e+00,2.240410586155530837e+01,7.404746852547940961e+00,1.166971664408325671e+00,-3.129803230876290199e-01,0.000000000000000000e+00,9.284545570241459700e+01,1.000000000000000000e+00,7.500000000000000000e-01,2.500000000000000000e-01,1.050000000000000044e+00,9.599999999999999645e-01,2.343872747024193615e+01,0.000000000000000000e+00,1.012000000000000011e+00,-1.251921292350516079e+00,9.919259147470768312e+01,5.953763654987593412e+00,1.395216658075818827e+02,9.350081810083097356e-01,0.000000000000000000e+00,1.000000000000000000e+00,1.000000000000000000e+00,4.654673363367258232e-01,4.765681531048304720e-01,6.036803479352165214e-01,1.005982458022840031e+00,8.818195416414180698e-01,1.000000000000000000e+00,1.000000000000000000e+00,1.000000000000000000e+00,8.506422011141587802e-01,8.135857043830288515e-02,8.135857043830289115e+01,5.715123052961429551e+01,9.750356027044269069e-01,5.245236345012405099e-01,9.786349595957215541e-01,3.699999999999999956e-01,1.014276579154513414e+00,-3.116693936694365785e-01,1.224648012591680990e+00,1.041723052987232734e+01,7.340000000000000968e-01,1.873400000000000176e+01,5.715123052987232910e+01,2.580335944912803825e-10,1.000000000000000000e+02,0.000000000000000000e+00,5.000000000000000000e+00,1.096074117854248575e+00,2.143954610946265493e+00,2.354782027199718630e+00,1.135128327527550596e+01,4.498736638145984124e+00,6.852546637129521834e+00,8.725572983734826427e-02,2.999999999999999737e-04,1.258707909345470055e+00,-5.309999999999999616e-03,2.902933116888074139e+01,9.531363062096609440e-01,2.081237090898480080e+00,2.089683420030905125e+00,2.081237090898480080e+00,5.424330006777868363e+01,1.084866001355573684e+08,1.044841710015452492e+02,2.089683420030905008e+08,2.409303871375805173e+01,1.828205097830820023e+02,9.824639075886181239e-01,1.082054678846099094e+01,1.070801469537354889e+00,5.469845813177679483e-01,1.651452332186456262e+00,1.008000000000000007e+00,7.626025441560276841e-01,1.125704829353959102e+00,4.067928521915143847e+01,0.000000000000000000e+00,1.260000000000000009e-01,9.824639068652127882e-01,1.055106001251628234e+00,9.854460681389412002e-01,1.066251588868829980e+00,1.166447684679063457e+00,9.846600667382185978e-01
2.550000000000000000e+02,1.770833333333333426e-01,2.004638719002005018e+03,1.440481452676409191e+01,2.858503971447667880e+01,4.747658195117334835e+05,1.250116426218051302e+01,6.596054797991061314e+00,2.126234712042588626e+01,1.863471093592038219e+00,2.242919097519917671e+01,7.413037695192950416e+00,1.195632541257838799e+00,-3.097144644611992681e-01,0.000000000000000000e+00,1.067972035598397156e+02,1.000000000000000000e+00,7.500000000000000000e-01,2.500000000000000000e-01,1.050000000000000044e+00,9.599999999999999645e-01,2.346497101443387479e+01,0.000000000000000000e+00,1.012000000000000011e+00,-1.238857857844797072e+00,1.016287660069162939e+02,5.953763654987593412e+00,1.391644935988168186e+02,9.252419575081122227e-01,0.000000000000000000e+00,1.000000000000000000e+00,1.000000000000000000e+00,4.666162341781597833e-01,4.800497432484024385e-01,6.037034548138066059e-01,1.006008584728827371e+00,8.818303924532232552e-01,1.000000000000000000e+00,1.000000000000000000e+00,1.000000000000000000e+00,8.506422011141587802e-01,8.138656237312229258e-02,8.138656237312228825e+01,5.715481464418337509e+01,9.764560910877564393e-01,5.245236345012405099e-01,9.796233203044296678e-01,3.699999999999999956e-01,1.015504930742050504e+00,-3.084139858360374076e-01,1.252557680955763253e+00,1.042081464444587624e+01,7.340000000000000968e-01,1.873400000000000176e+01,5.715481464444587800e+01,2.625029082992114127e-10,1.000000000000000000e+02,0.000000000000000000e+00,5.000000000000000000e+00,1.088987955292795462e+00,2.154704291569495389e+00,2.333797831125195010e+00,1.132611973840408304e+01,4.488502122694690399e+00,6.837617615709392638e+00,8.728166886666517688e-02,2.999999999999999737e-04,1.244809875832399548e+00,-5.309999999999999616e-03,2.906145704305129129e+01,9.600994864968048770e-01,2.082689313378569107e+00,2.091003709042774883e+00,2.082689313378569107e+00,5.425506817841360885e+01,1.085101363568272144e+08,1.045501854521387344e+02,2.091003709042774737e+08,2.411929280182554791e+01,1.829245464323778947e+02,9.814200173854091824e-01,1.084353203368347529e+01,1.070801469537354889e+00,5.466734888801115799e-01,1.653201950844702450e+00,1.008000000000000007e+00,7.629012203704895745e-01,1.124723444924287552e+00,4.069328118656114412e+01,0.000000000000000000e+00,1.260000000000000009e-01,9.814200166627724542e-01,1.057347280795869704e+00,9.854460681389412002e-01,1.066690252979322739e+00,1.192540350135088190e+00,9.846600667382185978e-01
2.700000000000000000e+02,1.875000000000000000e-01,1.987957588137517405e+03,1.432066452676409085e+01,2.861534207752054826e+01,4.747576703108531074e+05,1.251443368837987791e+01,6.603068353460421314e+00,2.128826588438701251e+01,1.865456834928687302e+00,2.245383590442969890e+01,7.421183053158970644e+00,1.223864184677634359e+00,-3.064797540876804116e-01,0.000000000000000000e+00,1.206032244700980414e+02,1.000000000000000000e+00,7.500000000000000000e-01,2.500000000000000000e-01,1.050000000000000044e+00,9.599999999999999645e-01,2.349075404649626364e+01,0.000000000000000000e+00,1.012000000000000011e+00,-1.225919016350721646e+00,1.040284556975989148e+02,5.953763654987593412e+00,1.388174120287641244e+02,9.155777428709314103e-01,0.000000000000000000e+00,1.000000000000000000e+00,1.000000000000000000e+00,4.677264195557830906e-01,4.834225350721739201e-01,6.037260578799330535e-01,1.006034226010887656e+00,8.818409322999782862e-01,1.000000000000000000e+00,1.000000000000000000e+00,1.000000000000000000e+00,8.506422011141587802e-01,8.141398960764517634e-02,8.141398960764517767e+01,5.715832645397711786e+01,9.778243519284814944e-01,5.245236345012405099e-01,9.805800258592897167e-01,3.699999999999999956e-01,1.016673200288272128e+00,-3.051925809569771553e-01,1.279840882924488055e+00,1.042432645424393911e+01,7.340000000000000968e-01,1.873400000000000176e+01,5.715832645424394087e+01,2.668230081326328218e-10,1.000000000000000000e+02,0.000000000000000000e+00,5.000000000000000000e+00,1.082096157080105980e+00,2.165037324058004309e+00,2.313523700687706075e+00,1.130167934027000065e+01,4.478561024745710384e+00,6.823118315524290267e+00,8.730697476751338171e-02,2.999999999999999737e-04,1.231427543607600095e+00,-5.309999999999999616e-03,2.909226444547922341e+01,9.668450701443478401e-01,2.084116033581014271e+00,2.092300812454717551e+00,2.084116033581014271e+00,5.426665877015695116e+01,1.085333175403138995e+08,1.046150406227358758e+02,2.092300812454717457e+08,2.414507398013458683e+01,1.830267733730274244e+02,9.803966596674900114e-01,1.086575775606497984e+01,1.070801469537354889e+00,5.463681523587246014e-01,1.654863099117309444e+00,1.008000000000000007e+00,7.631938711869953318e-01,1.123762528431367924e+00,4.070699480382258173e+01,0.000000000000000000e+00,1.260000000000000009e-01,9.803966589456067915e-01,1.059514499655076047e+00,9.854460681389412002e-01,1.067120914811598098e+00,1.218024494060905738e+00,9.846600667382185978e-01
2.850000000000000000e+02,1.979166666666666574e-01,1.971473301954824137e+03,1.423651452676409157e+01,2.864438755819815441e+01,4.747492127458599280e+05,1.252715123670610353e+01,6.609789215453832689e+00,2.131308376398331106e+01,1.867359376132929683e+00,2.247770046330323268e+01,7.429070492108695412e+00,1.251590719480077940e+00,-3.032785832409007898e-01,0.000000000000000000e+00,1.342650405609778943e+02,1.000000000000000000e+00,7.500000000000000000e-01,2.500000000000000000e-01,1.050000000000000044e+00,9.599999999999999645e-01,2.351572067069857752e+01,0.000000000000000000e+00,1.012000000000000011e+00,-1.213114332963603159e+00,1.063852111558066298e+02,5.953763654987593412e+00,1.384800541065393134e+02,9.060144716073155191e-01,0.000000000000000000e+00,1.000000000000000000e+00,1.000000000000000000e+00,4.687970480356085101e-01,4.866823809261326961e-01,6.037479524348835502e-01,1.006059029951301032e+00,8.818511707020634249e-01,1.000000000000000000e+00,1.000000000000000000e+00,1.000000000000000000e+00,8.506422011141587802e-01,8.144089706728303846e-02,8.144089706728303213e+01,5.716177171128893519e+01,9.791395547737382632e-01,5.245236345012405099e-01,9.815044265553164449e-01,3.699999999999999956e-01,1.017782520428267778e+00,-3.020048238691051545e-01,1.306506862862757190e+00,1.042777171155992733e+01,7.340000000000000968e-01,1.873400000000000176e+01,5.716177171155992909e+01,2.709938939915446099e-10,1.000000000000000000e+02,0.000000000000000000e+00,5.000000000000000000e+00,1.075405695416628449e+00,2.174938177659919702e+00,2.293968573229888896e+00,1.127793983236245445e+01,4.468906750889808599e+00,6.809033081472645854e+00,8.733168795121178107e-02,2.999999999999999737e-04,1.218562877813260448e+00,-5.309999999999999616e-03,2.912179401750145402e+01,9.733647618522653922e-01,2.085497559260198308e+00,2.093556827065750525e+00,2.085497559260198308e+00,5.427759706622095592e+01,1.085551941324419081e+08,1.046778413532875334e+02,2.093556827065750659e+08,2.417016846684105857e+01,1.831256068863495443e+02,9.794077912854013412e-01,1.088724721429647779e+01,1.070801469537354889e+00,5.460732756072801397e-01,1.656463495702248601e+00,1.008000000000000007e+00,7.634809759633273130e-01,1.122822067638546528e+00,4.072044853364151606e+01,0.000000000000000000e+00,1.260000000000000009e-01,9.794077905642463167e-01,1.061609925772347474e+00,9.854460681389412002e-01,1.067537652451538310e+00,1.242917115130410366e+00,9.846600667382185978e-01
3.000000000000000000e+02,2.083333333333333426e-01,1.955178169972526803e+03,1.415236452676408874e+01,2.867236358264114315e+01,4.747404696605999488e+05,1.253939891664981587e+01,6.616260614397149631e+00,2.133686860956980169e+01,1.869190881978505692e+00,2.250070876590240587e+01,7.436674931103336661e+00,1.278771171460445499e+00,-3.001108259035209502e-01,0.000000000000000000e+00,1.477841580615771591e+02,1.000000000000000000e+00,7.500000000000000000e-01,2.500000000000000000e-01,1.050000000000000044e+00,9.599999999999999645e-01,2.353979149671177851e+01,0.000000000000000000e+00,1.012000000000000011e+00,-1.200443303614083801e+00,1.086955495741378712e+02,5.953763654987593412e+00,1.381520498765427476e+02,8.965510893568959805e-01,0.000000000000000000e+00,1.000000000000000000e+00,1.000000000000000000e+00,4.698285403165569085e-01,4.898293171542840718e-01,6.037691003089019626e-01,1.006082920288302596e+00,8.818611188025147207e-01,1.000000000000000000e+00,1.000000000000000000e+00,1.000000000000000000e+00,8.506422011141587802e-01,8.146730523497963672e-02,8.146730523497963361e+01,5.716515303877488918e+01,9.804025349302071257e-01,5.245236345012405099e-01,9.823968451472481211e-01,3.699999999999999956e-01,1.018835336587613938e+00,-2.988503631189653453e-01,1.332571079995524155e+00,1.043115303904988878e+01,7.340000000000000968e-01,1.873400000000000176e+01,5.716515303904989054e+01,2.750013550212315749e-10,1.000000000000000000e+02,0.000000000000000000e+00,5.000000000000000000e+00,1.068916837147735777e+00,2.184408207914142697e+00,2.275121124884261992e+00,1.125487521613043818e+01,4.459529332798404688e+00,6.795345883332033488e+00,8.735583293905083146e-02,2.999999999999999737e-04,1.206204287736526215e+00,-5.309999999999999616e-03,2.915023630901849572e+01,9.796586343085681436e-01,2.086829499242077723e+00,2.094767760656659483e+00,2.086829499242077723e+00,5.428777097479117941e+01,1.085755419495823532e+08,1.047383880328329866e+02,2.094767760656659603e+08,2.419453133460122629e+01,1.832206903422253959e+02,9.784563398011311142e-01,1.090803065937141980e+01,1.070801469537354889e+00,5.457898876661627652e-01,1.658013384242723820e+00,1.008000000000000007e+00,7.637627532541576558e-01,1.121901685633249546e+00,4.073365261748981681e+01,0.000000000000000000e+00,1.260000000000000009e-01,9.784563390806766403e-01,1.063636508906634193e+00,9.854460681389412002e-01,1.067939170146163796e+00,1.267236118317619287e+00,9.846600667382185978e-01
3.150000000000000000e+02,2.187500000000000000e-01,1.939064738128698991e+03,1.406821452676408768e+01,2.869940011771835486e+01,4.747314610703733051e+05,1.255123454025381236e+01,6.622513738893870183e+00,2.135970376834080753e+01,1.870960406294243317e+00,2.252290161654001466e+01,7.444009856314073303e+00,1.305387361977052407e+00,-2.969761444170279652e-01,0.000000000000000000e+00,1.611620674706977638e+02,1.000000000000000000e+00,7.500000000000000000e-01,2.500000000000000000e-01,1.050000000000000044e+00,9.599999999999999645e-01,2.356300921319183672e+01,0.000000000000000000e+00,1.012000000000000011e+00,-1.187904577668111861e+00,1.109579257680494493e+02,5.953763654987593412e+00,1.378330373367369077e+02,8.871865527705116161e-01,0.000000000000000000e+00,1.000000000000000000e+00,1.000000000000000000e+00,4.708220455585953590e-01,4.928658697134895017e-01,6.037895363433338769e-01,1.006105941958165273e+00,8.818707881494967094e-01,1.000000000000000000e+00,1.000000000000000000e+00,1.000000000000000000e+00,8.506422011141587802e-01,8.149322385554776116e-02,8.149322385554776815e+01,5.716847168417024960e+01,9.816150752741114038e-01,5.245236345012405099e-01,9.832581615457118840e-01,3.699999999999999956e-01,1.019834741936152644e+00,-2.957288509235038720e-01,1.358051618353961487e+00,1.043447168444913586e+01,7.340000000000000968e-01,1.873400000000000176e+01,5.716847168444913763e+01,2.788880237858393230e-10,1.000000000000000000e+02,0.000000000000000000e+00,5.000000000000000000e+00,1.062625896526250946e+00,2.193458949187311990e+00,2.256958667399536100e+00,1.123245856637277384e+01,4.450417616586848091e+00,6.782040949785925754e+00,8.737942739297024919e-02,2.999999999999999737e-04,1.194332770873285154e+00,-5.309999999999999616e-03,2.917772345301365888e+01,9.857317394269790034e-01,2.088114217515154802e+00,2.095935762466254459e+00,2.088114217515154802e+00,5.429722823734683601e+01,1.085944564746936709e+08,1.047967881233127230e+02,2.095935762466254532e+08,2.421819233763695678e+01,1.833122086982965300e+02,9.775404051081466594e-01,1.092814037133127592e+01,1.070801469537354889e+00,5.455174028511352580e-01,1.659515116467237039e+00,1.008000000000000007e+00,7.640393070374281725e-01,1.121000846808965168e+00,4.074661192777387697e+01,0.000000000000000000e+00,1.260000000000000009e-01,9.775404043883666461e-01,1.065597396668324093e+00,9.854460681389412002e-01,1.068326208916904996e+00,1.290999485462236862e+00,9.846600667382185978e-01
3.300000000000000000e+02,2.291666666666666574e-01,1.923125865459755687e+03,1.398406452676408840e+01,2.872556209061978905e+01,4.747222051690581138e+05,1.256268710614454598e+01,6.628564329656600584e+00,2.138166998079965353e+01,1.872672559226169708e+00,2.254434193640182826e+01,7.451096063726026841e+00,1.331435678184632154e+00,-2.938742171887872567e-01,0.000000000000000000e+00,1.744002437144359874e+02,1.000000000000000000e+00,7.500000000000000000e-01,2.500000000000000000e-01,1.050000000000000044e+00,9.599999999999999645e-01,2.358543964702486662e+01,0.000000000000000000e+00,1.012000000000000011e+00,-1.175496868755149027e+00,1.131720326456937329e+02,5.953763654987593412e+00,1.375226681612550408e+02,8.779198293998947689e-01,0.000000000000000000e+00,1.000000000000000000e+00,1.000000000000000000e+00,4.717790976841914063e-01,4.957959569281882306e-01,6.038093087571170248e-01,1.006128162551710448e+00,8.818801899683313961e-01,1.000000000000000000e+00,1.000000000000000000e+00,1.000000000000000000e+00,8.506422011141587802e-01,8.151866065705098974e-02,8.151866065705098663e+01,5.717172863698386465e+01,9.827794498470259210e-01,5.245236345012405099e-01,9.840895460453596977e-01,3.699999999999999956e-01,1.020784073736790587e+00,-2.926399431332982748e-01,1.382966797100467771e+00,1.043772863726645284e+01,7.340000000000000968e-01,1.873400000000000176e+01,5.717172863726645460e+01,2.825899514391494449e-10,1.000000000000000000e+02,0.000000000000000000e+00,5.000000000000000000e+00,1.056527028867912721e+00,2.202107791858189501e+00,2.239452816061705320e+00,1.121066371848957921e+01,4.441560607919894821e+00,6.769103110569684389e+00,8.740248793270541383e-02,2.999999999999999737e-04,1.182925787193792599e+00,-5.309999999999999616e-03,2.920432145879678743e+01,9.915919138563764612e-01,2.089355358178616395e+00,2.097064145544120795e+00,2.089355358178616395e+00,5.430604669979923926e+01,1.086120933995984793e+08,1.048532072772060388e+02,2.097064145544120669e+08,2.424119547062165125e+01,1.834004494476269258e+02,9.766571984204728274e-01,1.094760767810318214e+01,1.070801469537354889e+00,5.452549342228121265e-01,1.660969323109061202e+00,1.008000000000000007e+00,7.643107197722045498e-01,1.120118988471788146e+00,4.075933032852549331e+01,0.000000000000000000e+00,1.260000000000000009e-01,9.766571977013430716e-01,1.067495643827621965e+00,9.854460681389412002e-01,1.068699892258521356e+00,1.314224813096528166e+00,9.846600667382185978e-01
3.450000000000000000e+02,2.395833333333333426e-01,1.907354762135466217e+03,1.389991452676408734e+01,2.875088631193009547e+01,4.747127191194231273e+05,1.257377285497090647e+01,6.634421063044724676e+00,2.140283463026101529e+01,1.874329833435550929e+00,2.256507647905143799e+01,7.457949005788186980e+00,1.356920914742710593e+00,-2.908046788606814537e-01,0.000000000000000000e+00,1.875001462219941857e+02,1.000000000000000000e+00,7.500000000000000000e-01,2.500000000000000000e-01,1.050000000000000044e+00,9.599999999999999645e-01,2.360713171085403417e+01,0.000000000000000000e+00,1.012000000000000011e+00,-1.163218715442725815e+00,1.153382777531303987e+02,5.953763654987593412e+00,1.372206108507272972e+02,8.687498976446040855e-01,0.000000000000000000e+00,1.000000000000000000e+00,1.000000000000000000e+00,4.727013822376129326e-01,4.986241221242143640e-01,6.038284551021401159e-01,1.006149632604673050e+00,8.818893348490720596e-01,1.000000000000000000e+00,1.000000000000000000e+00,1.000000000000000000e+00,8.506422011141587802e-01,8.154362469641700251e-02,8.154362469641699818e+01,5.717492505687349791e+01,9.838981125827507279e-01,5.245236345012405099e-01,9.848922825008756821e-01,3.699999999999999956e-01,1.021686654500507663e+00,-2.895832992148680285e-01,1.407334033712415389e+00,1.044092505715966723e+01,7.340000000000000968e-01,1.873400000000000176e+01,5.717492505715966900e+01,2.861710868273803499e-10,1.000000000000000000e+02,0.000000000000000000e+00,5.000000000000000000e+00,1.050613428207031408e+00,2.210374819164638627e+00,2.222573209398654104e+00,1.118946599182479318e+01,4.432948028563292731e+00,6.756517963261500448e+00,8.742503207913557284e-02,2.999999999999999737e-04,1.171959781191622696e+00,-5.309999999999999616e-03,2.923006775046226124e+01,9.972482442484287279e-01,2.090555629201696686e+00,2.098155371855151774e+00,2.090555629201696686e+00,5.431428202218675949e+01,1.086285640443735123e+08,1.049077685927575772e+02,2.098155371855151653e+08,2.426357440057229553e+01,1.834856250155166322e+02,9.758046218554214946e-01,1.096646177126781829e+01,1.070801469537354889e+00,5.450018223037549348e-01,1.662377416651945827e+00,1.008000000000000007e+00,7.645770880966392680e-01,1.119255578866930279e+00,4.077181234820849909e+01,0.000000000000000000e+00,1.260000000000000009e-01,9.758046211369195699e-01,1.069334096840678372e+00,9.854460681389412002e-01,1.069061058513663731e+00,1.336929033606169881e+00,9.846600667382185978e-01
3.600000000000000000e+02,2.500000000000000000e-01,1.891744997075592664e+03,1.381576452676408806e+01,2.877540664998684150e+01,4.747030192795026232e+05,1.258450660346319339e+01,6.640091761603208909e+00,2.142325248320419817e+01,1.875934441166291045e+00,2.258513977418715157e+01,7.464580094858464854e+00,1.381852552649417420e+00,-2.877672032041182493e-01,0.000000000000000000e+00,2.004632189384758192e+02,1.000000000000000000e+00,7.500000000000000000e-01,2.500000000000000000e-01,1.050000000000000044e+00,9.599999999999999645e-01,2.362812152895911666e+01,0.000000000000000000e+00,1.012000000000000011e+00,-1.151068812816472997e+00,1.174574669752004752e+02,5.953763654987593412e+00,1.369265517960210161e+02,8.596757467430669042e-01,0.000000000000000000e+00,1.000000000000000000e+00,1.000000000000000000e+00,4.735906096275661059e-01,5.013550978885449316e-01,6.038470047626145476e-01,1.006170389768119344e+00,8.818982327425023415e-01,1.000000000000000000e+00,1.000000000000000000e+00,1.000000000000000000e+00,8.506422011141587802e-01,8.156812576825554773e-02,8.156812576825554117e+01,5.717806219795058098e+01,9.849735256419092089e-01,5.245236345012405099e-01,9.856676762062106523e-01,3.699999999999999956e-01,1.022545660944274681e+00,-2.865585822476889866e-01,1.431169764587738813e+00,1.044406219824014670e+01,7.340000000000000968e-01,1.873400000000000176e+01,5.717806219824014846e+01,2.895674811043136287e-10,1.000000000000000000e+02,0.000000000000000000e+00,5.000000000000000000e+00,1.044877951035025232e+00,2.218280870875898980e+00,2.206289419160405441e+00,1.116884219791139898e+01,4.424570290036304421e+00,6.744271907875094563e+00,8.744707741921621535e-02,2.999999999999999737e-04,1.161411468125380209e+00,-5.309999999999999616e-03,2.925499676081995659e+01,1.002710195777089863e+00,2.091717030780140263e+00,2.099211259890421566e+00,2.091717030780140263e+00,5.432197328858187291e+01,1.086439465771637410e+08,1.049605629945210836e+02,2.099211259890421629e+08,2.428535489716718843e+01,1.835678911802701521e+02,9.749810991016683026e-01,1.098472981751831945e+01,1.070801469537354889e+00,5.447575791007832624e-01,1.663741334672149907e+00,1.008000000000000007e+00,7.648385165200124458e-01,1.118410118332640701e+00,4.078406288412777059e+01,0.000000000000000000e+00,1.260000000000000009e-01,9.749810983837726708e-01,1.071115404717892128e+00,9.854460681389412002e-01,1.069410330546475940e+00,1.359128289632979047e+00,9.846600667382185978e-01
3.750000000000000000e+02,2.604166666666666852e-01,1.876290476847078708e+03,1.373161452676409056e+01,2.879915715456823122e+01,4.746931212158579729e+05,1.259490325216747664e+01,6.645584294154824434e+00,2.144297005635595355e+01,1.877488607938668119e+00,2.260456266626629329e+01,7.470999525291401433e+00,1.406242591158656907e+00,-2.847614568627466758e-01,0.000000000000000000e+00,2.132908909259805341e+02,1.000000000000000000e+00,7.500000000000000000e-01,2.500000000000000000e-01,1.050000000000000044e+00,9.599999999999999645e-01,2.364844137019447246e+01,0.000000000000000000e+00,1.012000000000000011e+00,-1.139045827450986703e+00,1.195306202484858318e+02,5.953763654987593412e+00,1.366401942896101787e+02,8.506963763518136101e-01,0.000000000000000000e+00,1.000000000000000000e+00,1.000000000000000000e+00,4.744484499377762954e-01,5.039935726257348536e-01,6.038649843459612532e-01,1.006190467698107049e+00,8.819068930423905606e-01,1.000000000000000000e+00,1.000000000000000000e+00,1.000000000000000000e+00,8.506422011141587802e-01,8.159217356818064537e-02,8.159217356818064104e+01,5.718114130165086095e+01,9.860080715195891354e-01,5.245236345012405099e-01,9.864170074217687434e-01,3.699999999999999956e-01,1.023364066662208804e+00,-2.835654587839378515e-01,1.454489649100667803e+00,1.044714130194374491e+01,7.340000000000000968e-01,1.873400000000000176e+01,5.718114130194374667e+01,2.928857156803132966e-10,1.000000000000000000e+02,0.000000000000000000e+00,5.000000000000000000e+00,1.039313438015756041e+00,2.225846465594219836e+00,2.190571890691310308e+00,1.114877044886779878e+01,4.416418356285530145e+00,6.732352092582268632e+00,8.746864078649373153e-02,2.999999999999999737e-04,1.151258452675554267e+00,-5.309999999999999616e-03,2.927914310714436752e+01,1.007987145251469707e+00,2.092841349650540472e+00,2.100233434073364602e+00,2.092841349650540472e+00,5.432915475330609922e+01,1.086583095066121966e+08,1.050116717036682417e+02,2.100233434073364735e+08,2.430656027442072897e+01,1.836473867313950450e+02,9.741852203286981426e-01,1.100243730639357764e+01,1.070801469537354889e+00,5.445217695706241479e-01,1.665062997267761746e+00,1.008000000000000007e+00,7.650951084953124814e-01,1.117582128855969081e+00,4.079608678409032052e+01,0.000000000000000000e+00,1.260000000000000009e-01,9.741852196113885975e-01,1.072842052931206602e+00,9.854460681389412002e-01,1.069748265015924238e+00,1.380837964161996112e+00,9.846600667382185978e-01
3.900000000000000000e+02,2.708333333333333148e-01,1.860985417439091862e+03,1.364746452676409127e+01,2.882217067416602063e+01,4.746830397551752394e+05,1.260497717739816892e+01,6.650906253424806458e+00,2.146202794230995536e+01,1.878994481299883779e+00,2.262337359243113255e+01,7.477216695803509339e+00,1.430104303863691806e+00,-2.817871048529281275e-01,0.000000000000000000e+00,2.259845770970231342e+02,1.000000000000000000e+00,7.500000000000000000e-01,2.500000000000000000e-01,1.050000000000000044e+00,9.599999999999999645e-01,2.366812098492960459e+01,0.000000000000000000e+00,1.012000000000000011e+00,-1.127148419411712510e+00,1.215588658284138006e+02,5.953763654987593412e+00,1.363612569785037181e+02,8.418107960320837524e-01,0.000000000000000000e+00,1.000000000000000000e+00,1.000000000000000000e+00,4.752765010590201400e-01,5.065440727120129605e-01,6.038824185284906720e-01,1.006209897400873521e+00,8.819153246418899306e-01,1.000000000000000000e+00,1.000000000000000000e+00,1.000000000000000000e+00,8.506422011141587802e-01,8.161577762223307109e-02,8.161577762223306820e+01,5.718416358769798080e+01,9.870040121994295701e-01,5.245236345012405099e-01,9.871415076770030383e-01,3.699999999999999956e-01,1.024144624330659115e+00,-2.806035986773612323e-01,1.477308668109974743e+00,1.045016358799399114e+01,7.340000000000000968e-01,1.873400000000000176e+01,5.718416358799399291e+01,2.960121037176577374e-10,1.000000000000000000e+02,0.000000000000000000e+00,5.000000000000000000e+00,1.033912889717635730e+00,2.233091278500373811e+00,2.175392402977743167e+00,1.112923002584573773e+01,4.408483681478116978e+00,6.720746344367620750e+00,8.748973816680259696e-02,2.999999999999999737e-04,1.141479513260107437e+00,-5.309999999999999616e-03,2.930254018540211902e+01,1.013088145424025921e+00,2.093930233082280878e+00,2.101223392029701209e+00,2.093930233082280878e+00,5.433585756568100322e+01,1.086717151313620061e+08,1.050611696014850622e+02,2.101223392029701173e+08,2.432721222012968809e+01,1.837242393872957393e+02,9.734156877983196621e-01,1.101960822633053638e+01,1.070801469537354889e+00,5.442939937239160697e-01,1.666344246393913986e+00,1.008000000000000007e+00,7.653469656661662235e-01,1.116771150636004517e+00,4.080788881111653410e+01,0.000000000000000000e+00,1.260000000000000009e-01,9.734156870815766638e-01,1.074516380580879282e+00,9.854460681389412002e-01,1.070075374881620522e+00,1.402072756895035965e+00,9.846600667382185978e-01
4.050000000000000000e+02,2.812500000000000000e-01,1.845824383594275105e+03,1.356331452676409199e+01,2.884447869294518796e+01,4.746727888874683413e+05,1.261474216592098330e+01,6.656064925957963396e+00,2.148046123101755001e+01,1.880454123977061798e+00,2.264159882400015888e+01,7.483240289288187519e+00,1.453451548668824644e+00,-2.788438197363233284e-01,0.000000000000000000e+00,2.385456756879434579e+02,1.000000000000000000e+00,7.500000000000000000e-01,2.500000000000000000e-01,1.050000000000000044e+00,9.599999999999999645e-01,2.368718785769248569e+01,0.000000000000000000e+00,1.012000000000000011e+00,-1.115375278945293314e+00,1.235433816368500999e+02,5.953763654987593412e+00,1.360894772403871968e+02,8.330180270184395219e-01,0.000000000000000000e+00,1.000000000000000000e+00,1.000000000000000000e+00,4.760762744303732585e-01,5.090109105534257328e-01,6.038993301496529131e-01,1.006228707500612440e+00,8.819235358367750743e-01,1.000000000000000000e+00,1.000000000000000000e+00,1.000000000000000000e+00,8.506422011141587802e-01,8.163894687373088321e-02,8.163894687373088743e+01,5.718713020120299717e+01,9.879634745251115735e-01,5.245236345012405099e-01,9.878423466021024613e-01,3.699999999999999956e-01,1.024889868555947103e+00,-2.776726756728131740e-01,1.499640808133897218e+00,1.045313020150203442e+01,7.340000000000000968e-01,1.873400000000000176e+01,5.718713020150203619e+01,2.990390157719957642e-10,1.000000000000000000e+02,0.000000000000000000e+00,5.000000000000000000e+00,1.028669579138355550e+00,2.240033987842499741e+00,2.160724309080854333e+00,1.111020160250177824e+01,4.400758296923354074e+00,6.709443305578424166e+00,8.751038438746801262e-02,2.999999999999999737e-04,1.132054729942498783e+00,-5.309999999999999616e-03,2.932522000449427324e+01,1.018021821106851466e+00,2.094985202869792396e+00,2.102182517308624377e+00,2.094985202869792396e+00,5.434211040343168975e+01,1.086842208068633825e+08,1.051091258654312242e+02,2.102182517308624387e+08,2.434733081366594831e+01,1.837985670825288480e+02,9.726713044448894729e-01,1.103626491460589421e+01,1.070801469537354889e+00,5.440738825515337718e-01,1.667586808195495429e+00,1.008000000000000007e+00,7.655941834585030525e-01,1.115976753659787546e+00,4.081947343686544372e+01,0.000000000000000000e+00,1.260000000000000009e-01,9.726713037286945918e-01,1.076140565763373802e+00,9.854460681389412002e-01,1.070392133809120239e+00,1.422846388090224679e+00,9.846600667382185978e-01
4.200000000000000000e+02,2.916666666666666852e-01,1.830802190317439909e+03,1.347916452676409094e+01,2.886611128613045096e+01,4.746623819922643015e+05,1.262421139410200865e+01,6.661067280477193542e+00,2.149830191638996979e+01,1.881869510494334596e+00,2.265926350406020973e+01,7.489078615748712586e+00,1.476298088194518687e+00,-2.759312777232284519e-01,0.000000000000000000e+00,2.509755722328095544e+02,1.000000000000000000e+00,7.500000000000000000e-01,2.500000000000000000e-01,1.050000000000000044e+00,9.599999999999999645e-01,2.370566829267771070e+01,0.000000000000000000e+00,1.012000000000000011e+00,-1.103725110892913808e+00,1.254853374965340862e+02,5.953763654987593412e+00,1.358246044613683523e+02,8.243170994370333515e-01,0.000000000000000000e+00,1.000000000000000000e+00,1.000000000000000000e+00,4.768491851374683232e-01,5.113981362775835704e-01,6.039157410066217091e-01,1.006246925325469554e+00,8.819315345342648715e-01,1.000000000000000000e+00,1.000000000000000000e+00,1.000000000000000000e+00,8.506422011141587802e-01,8.166169012107196701e-02,8.166169012107197034e+01,5.719004226872137764e+01,9.888884369244150818e-01,5.245236345012405099e-01,9.885206264461521286e-01,3.699999999999999956e-01,1.025602118964375364e+00,-2.747723664790110987e-01,1.521499579458745366e+00,1.045604226902329970e+01,7.340000000000000968e-01,1.873400000000000176e+01,5.719004226902330146e+01,3.019238192791817710e-10,1.000000000000000000e+02,0.000000000000000000e+00,5.000000000000000000e+00,1.023577098305783029e+00,2.246691991667230326e+00,2.146542618104089861e+00,1.109166676034143073e+01,4.393234609771320187e+00,6.698432150570110544e+00,8.753059348667158179e-02,2.999999999999999737e-04,1.122965519798306833e+00,-5.309999999999999616e-03,2.934721314089929223e+01,1.022796272555167141e+00,2.096007715404730298e+00,2.103112133997493860e+00,2.096007715404730298e+00,5.434794049883758049e+01,1.086958809976751655e+08,1.051556066998746957e+02,2.103112133997493982e+08,2.436693536847207397e+01,1.838704825671843537e+02,9.719509302264602857e-01,1.105242852741912785e+01,1.070801469537354889e+00,5.438610841925703987e-01,1.668792293244828695e+00,1.008000000000000007e+00,7.658368557519420472e-01,1.115198519571676927e+00,4.083084506053598517e+01,0.000000000000000000e+00,1.260000000000000009e-01,9.719509295107958691e-01,1.077716671408916360e+00,9.854460681389412002e-01,1.070698994373048496e+00,1.443172074287128126e+00,9.846600667382185978e-01
4.350000000000000000e+02,3.020833333333333148e-01,1.815913920697323647e+03,1.339501452676409166e+01,2.888709664110331232e+01,4.746518317825212725e+05,1.263339721508742919e+01,6.665919853191601518e+00,2.151557902876387374e+01,1.883242493918478422e+00,2.267639151528681296e+01,7.494739568611742619e+00,1.498657423475366235e+00,-2.730491575639463764e-01,0.000000000000000000e+00,2.632756378747296253e+02,1.000000000000000000e+00,7.500000000000000000e-01,2.500000000000000000e-01,1.050000000000000044e+00,9.599999999999999645e-01,2.372358727546275858e+01,0.000000000000000000e+00,1.012000000000000011e+00,-1.092196630255785506e+00,1.273858809954061257e+02,5.953763654987593412e+00,1.355664017436496351e+02,8.157070534876892376e-01,0.000000000000000000e+00,1.000000000000000000e+00,1.000000000000000000e+00,4.775965549487826145e-01,5.137095441950576546e-01,6.039316717451644889e-01,1.006264576782639253e+00,8.819393282033229919e-01,1.000000000000000000e+00,1.000000000000000000e+00,1.000000000000000000e+00,8.506422011141587802e-01,8.168401580963122188e-02,8.168401580963121944e+01,5.719290087160709390e+01,9.897807371427916889e-01,5.245236345012405099e-01,9.891773823475926708e-01,3.699999999999999956e-01,1.026283498477997380e+00,-2.719023511625630607e-01,1.542897836606226480e+00,1.045890087191180839e+01,7.340000000000000968e-01,1.873400000000000176e+01,5.719290087191181016e+01,3.047162522307189647e-10,1.000000000000000000e+02,0.000000000000000000e+00,5.000000000000000000e+00,1.018629375616286303e+00,2.253081489199646015e+00,2.132823960016889231e+00,1.107360810328309420e+01,4.385905449216535246e+00,6.687702654066558949e+00,8.755037860781057779e-02,2.999999999999999737e-04,1.114194584400602928e+00,-5.309999999999999616e-03,2.936854825178836492e+01,1.027419088390115309e+00,2.096999154033175827e+00,2.104013499773479179e+00,2.096999154033175827e+00,5.435337362983756293e+01,1.087067472596751302e+08,1.052006749886739527e+02,2.104013499773479104e+08,2.438604426966004013e+01,1.839400928881715629e+02,9.712534865511448512e-01,1.106811896992973665e+01,1.070801469537354889e+00,5.436552653085595654e-01,1.669962196718703051e+00,1.008000000000000007e+00,7.660750726593176241e-01,1.114436048520207390e+00,4.084200790481560972e+01,0.000000000000000000e+00,1.260000000000000009e-01,9.712534858359939127e-01,1.079246638459462337e+00,9.854460681389412002e-01,1.070996385888861369e+00,1.463062366988737040e+00,9.846600667382185978e-01
4.500000000000000000e+02,3.125000000000000000e-01,1.801154921089852678e+03,1.331086452676409237e+01,2.890746099799501323e+01,4.746411503092829371e+05,1.264231112697653359e+01,6.670628726869406222e+00,2.153231890374974000e+01,1.884574798461031708e+00,2.269300527441996707e+01,7.500230556799818871e+00,1.520542664136636635e+00,-2.701971412832388508e-01,0.000000000000000000e+00,2.754472288011227761e+02,1.000000000000000000e+00,7.500000000000000000e-01,2.500000000000000000e-01,1.050000000000000044e+00,9.599999999999999645e-01,2.374096825799268018e+01,0.000000000000000000e+00,1.012000000000000011e+00,-1.080788565132955403e+00,1.292461264516141171e+02,5.953763654987593412e+00,1.353146459772225114e+02,8.071869398392140793e-01,0.000000000000000000e+00,1.000000000000000000e+00,1.000000000000000000e+00,4.783196163124631695e-01,5.159486813749489809e-01,6.039471417381945262e-01,1.006281686157773914e+00,8.819469238733058658e-01,1.000000000000000000e+00,1.000000000000000000e+00,1.000000000000000000e+00,8.506422011141587802e-01,8.170593198064292351e-02,8.170593198064293006e+01,5.719570703946766344e+01,9.906420802492440503e-01,5.245236345012405099e-01,9.898135841619575270e-01,3.699999999999999956e-01,1.026935950308349499e+00,-2.690623132797380079e-01,1.563847728506247092e+00,1.046170703977502114e+01,7.340000000000000968e-01,1.873400000000000176e+01,5.719570703977502291e+01,3.073594712077465374e-10,1.000000000000000000e+02,0.000000000000000000e+00,5.000000000000000000e+00,1.013820678820529730e+00,2.259217547179665164e+00,2.119546521291423513e+00,1.105600926019972086e+01,4.378764068471088677e+00,6.677245191728632179e+00,8.756975201448663482e-02,2.999999999999999737e-04,1.105725842470893783e+00,-5.309999999999999616e-03,2.938925201462826209e+01,1.031897362749897962e+00,2.097960817167248138e+00,2.104887795095313319e+00,2.097960817167248138e+00,5.435843389852552576e+01,1.087168677970510572e+08,1.052443897547656633e+02,2.104887795095313191e+08,2.440467481533023530e+01,1.840074984686214066e+02,9.705779637032713181e-01,1.108335492106440867e+01,1.070801469537354889e+00,5.434561136488298416e-01,1.671097917933429100e+00,1.008000000000000007e+00,7.663089199812519459e-01,1.113688961435767455e+00,4.085296599032145792e+01,0.000000000000000000e+00,1.260000000000000009e-01,9.705779629886178705e-01,1.080732288287631127e+00,9.854460681389412002e-01,1.071284710970233034e+00,1.482529116255621560e+00,9.846600667382185978e-01
4.650000000000000000e+02,3.229166666666666852e-01,1.786520776904575087e+03,1.322671452676409309e+01,2.892722892148587022e+01,4.746303490149940480e+05,1.265096389145943334e+01,6.675199593007699050e+00,2.154854566874133326e+01,1.885868036781399359e+00,2.270912574207718393e+01,7.505558507974662064e+00,1.541966408286805423e+00,-2.673749144632298624e-01,0.000000000000000000e+00,2.874916866071466188e+02,1.000000000000000000e+00,7.500000000000000000e-01,2.500000000000000000e-01,1.050000000000000044e+00,9.599999999999999645e-01,2.375783316884631091e+01,0.000000000000000000e+00,1.012000000000000011e+00,-1.069499657852919450e+00,1.310671447043784497e+02,5.953763654987593412e+00,1.350691264478092819e+02,7.987558193749974000e-01,0.000000000000000000e+00,1.000000000000000000e+00,1.000000000000000000e+00,4.790195165026245316e-01,5.181188555702845866e-01,6.039621691279686289e-01,1.006298276136047276e+00,8.819543281773126742e-01,1.000000000000000000e+00,1.000000000000000000e+00,1.000000000000000000e+00,8.506422011141587802e-01,8.172744633983224094e-02,8.172744633983224105e+01,5.719846175895158780e+01,9.914740458952262525e-01,5.245236345012405099e-01,9.904301391909593466e-01,3.699999999999999956e-01,1.027561253062072133e+00,-2.662519397916657815e-01,1.584360775346093986e+00,1.046446175926148925e+01,7.340000000000000968e-01,1.873400000000000176e+01,5.719846175926149101e+01,3.099032142017676961e-10,1.000000000000000000e+02,0.000000000000000000e+00,5.000000000000000000e+00,1.009145608373271497e+00,2.265114139110616875e+00,2.106689964828901473e+00,1.103885478393134889e+01,4.371804103939518349e+00,6.667050679991830542e+00,8.758872519482324703e-02,2.999999999999999737e-04,1.097544356455629977e+00,-5.309999999999999616e-03,2.940934940351063531e+01,1.036237711140569173e+00,2.098893918861073349e+00,2.105736123727015130e+00,2.098893918861073349e+00,5.436314369886594022e+01,1.087262873977318853e+08,1.052868061863507592e+02,2.105736123727015257e+08,2.442284324347843949e+01,1.840727931286951389e+02,9.699234195276077442e-01,1.109815394774693331e+01,1.070801469537354889e+00,5.432633378365951948e-01,1.672200778171744062e+00,1.008000000000000007e+00,7.665384799384574732e-01,1.112956897706461223e+00,4.086372316991611342e+01,0.000000000000000000e+00,1.260000000000000009e-01,9.699234188134362444e-01,1.082175333835206033e+00,9.854460681389412002e-01,1.071564345822480391e+00,1.501583549221679803e+00,9.846600667382185978e-01
4.800000000000000000e+02,3.333333333333333148e-01,1.772007271067952161e+03,1.314256452676409204e+01,2.894642368757811113e+01,4.746194388300710125e+05,1.265936570494397273e+01,6.679637843617848070e+00,2.156428177794136047e+01,1.887123736478830915e+00,2.272477269464476635e+01,7.510729958399541495e+00,1.562940767464368719e+00,-2.645821657875569999e-01,0.000000000000000000e+00,2.994103399128451315e+02,1.000000000000000000e+00,7.500000000000000000e-01,2.500000000000000000e-01,1.050000000000000044e+00,9.599999999999999645e-01,2.377420269768346373e+01,0.000000000000000000e+00,1.012000000000000011e+00,-1.058328663150228000e+00,1.328499652344713411e+02,5.953763654987593412e+00,1.348296420732315255e+02,7.904127620610084115e-01,0.000000000000000000e+00,1.000000000000000000e+00,1.000000000000000000e+00,4.796973257977623639e-01,5.202231561375002533e-01,6.039767710583571203e-01,1.006314368091862033e+00,8.819615474376225617e-01,1.000000000000000000e+00,1.000000000000000000e+00,1.000000000000000000e+00,8.506422011141587802e-01,8.174856643816817703e-02,8.174856643816818291e+01,5.720116599689229275e+01,9.922781000903297954e-01,5.245236345012405099e-01,9.910278985882400304e-01,3.699999999999999956e-01,1.028161038048326592e+00,-2.634709206870027853e-01,1.604448069370912444e+00,1.046716599720463137e+01,7.340000000000000968e-01,1.873400000000000176e+01,5.720116599720463313e+01,3.123403757854248397e-10,1.000000000000000000e+02,0.000000000000000000e+00,5.000000000000000000e+00,1.004599061540043747e+00,2.270784217637853875e+00,2.094235276107369703e+00,1.102212995285800190e+01,4.365019493745223578e+00,6.657110459112778322e+00,8.760730906069399970e-02,2.999999999999999737e-04,1.089636214567325956e+00,-5.309999999999999616e-03,2.942886408237108142e+01,1.040446312275000507e+00,2.099799604555853794e+00,2.106559527052577430e+00,2.099799604555853794e+00,5.436752393899410407e+01,1.087350478779882044e+08,1.053279763526288662e+02,2.106559527052577436e+08,2.444056497381455983e+01,1.841360652654375372e+02,9.692889675626599200e-01,1.111253270199550869e+01,1.070801469537354889e+00,5.430766637477947301e-01,1.673272032497858275e+00,1.008000000000000007e+00,7.667638331003858720e-01,1.112239508318303205e+00,4.087428321908408435e+01,0.000000000000000000e+00,1.260000000000000009e-01,9.692889668489554911e-01,1.083577398831992777e+00,9.854460681389412002e-01,1.071835645070250864e+00,1.520236459143337271e+00,9.846600667382185978e-01
4.950000000000000000e+02,3.437500000000000000e-01,1.757610403439792663e+03,1.305841452676409098e+01,2.896506713473054972e+01,4.746084301230066922e+05,1.266752613302056929e+01,6.683948536333182311e+00,2.157954783421811840e+01,1.888343330122973951e+00,2.273996461774127553e+01,7.515751017728049099e+00,1.583477327546353841e+00,-2.618185873202652503e-01,0.000000000000000000e+00,3.112045031356248614e+02,1.000000000000000000e+00,7.500000000000000000e-01,2.500000000000000000e-01,1.050000000000000044e+00,9.599999999999999645e-01,2.379009618378857027e+01,0.000000000000000000e+00,1.012000000000000011e+00,-1.047274349281061001e+00,1.345955728414400880e+02,5.953763654987593412e+00,1.345960032006529445e+02,7.821568478050625606e-01,0.000000000000000000e+00,1.000000000000000000e+00,1.000000000000000000e+00,4.803540416320314366e-01,5.222644665146567444e-01,6.039909635781095520e-01,1.006329981987979627e+00,8.819685876129916835e-01,1.000000000000000000e+00,1.000000000000000000e+00,1.000000000000000000e+00,8.506422011141587802e-01,8.176929946548841532e-02,8.176929946548841599e+01,5.720382067388361946e+01,9.930556032808123268e-01,5.245236345012405099e-01,9.916076589803679564e-01,3.699999999999999956e-01,1.028736802686717855e+00,-2.607189492683542054e-01,1.624120095739553848e+00,1.046982067419826024e+01,7.340000000000000968e-01,1.873400000000000176e+01,5.720382067419826200e+01,3.146425342492875643e-10,1.000000000000000000e+02,0.000000000000000000e+00,5.000000000000000000e+00,1.000176234612364823e+00,2.276239814991705579e+00,2.082164711707653382e+00,1.100582089257202867e+01,4.358404526699358961e+00,6.647416365872669708e+00,8.762551382538863454e-02,2.999999999999999737e-04,1.081988477095288559e+00,-5.309999999999999616e-03,2.944781825364272621e+01,1.044528933029313489e+00,2.100678944919566860e+00,2.107358978475391886e+00,2.100678944919566860e+00,5.437159406369736558e+01,1.087431881273947358e+08,1.053679489237695890e+02,2.107358978475391865e+08,2.445785446342617675e+01,1.841973974508931349e+02,9.686737806345555590e-01,1.112650683833014043e+01,1.070801469537354889e+00,5.428958355758523036e-01,1.674312865768942782e+00,1.008000000000000007e+00,7.669850561831883518e-01,1.111536462550377191e+00,4.088464973274420089e+01,0.000000000000000000e+00,1.260000000000000009e-01,9.686737799213041011e-01,1.084940009742256795e+00,9.854460681389412002e-01,1.072098940008100687e+00,1.538498042898613249e+00,9.846600667382185978e-01
5.100000000000000000e+02,3.541666666666666852e-01,1.743326361695603509e+03,1.297426452676409170e+01,2.898318000823862661e+01,4.745973327534865821e+05,1.267545426342372394e+01,6.688136476860492508e+00,2.159436318167173852e+01,1.889528179207460745e+00,2.275471897272450050e+01,7.520627457086910717e+00,1.603587081207122456e+00,-2.590838744934594318e-01,0.000000000000000000e+00,3.228754761010196148e+02,1.000000000000000000e+00,7.500000000000000000e-01,2.500000000000000000e-01,1.050000000000000044e+00,9.599999999999999645e-01,2.380553189488492194e+01,0.000000000000000000e+00,1.012000000000000011e+00,-1.036335497973837727e+00,1.363049019026054225e+02,5.953763654987593412e+00,1.343680297329659936e+02,7.739871667292862467e-01,0.000000000000000000e+00,1.000000000000000000e+00,1.000000000000000000e+00,4.809905925870793797e-01,5.242454724064876670e-01,6.040047618501542814e-01,1.006345136657532890e+00,8.819754543572605465e-01,1.000000000000000000e+00,1.000000000000000000e+00,1.000000000000000000e+00,8.506422011141587802e-01,8.178965235653420929e-02,8.178965235653420507e+01,5.720642667785650559e+01,9.938078164242455381e-01,5.245236345012405099e-01,9.921701656453871809e-01,3.699999999999999956e-01,1.029289921520492923e+00,-2.579957222430954156e-01,1.643386865448644762e+00,1.047242667817339168e+01,7.340000000000000968e-01,1.873400000000000176e+01,5.720642667817339344e+01,3.168878492942894809e-10,1.000000000000000000e+02,0.000000000000000000e+00,5.000000000000000000e+00,9.958726084139620793e-01,2.281492068323812905e+00,2.070461717468346396e+00,1.098991443969174142e+01,4.351953785792159302e+00,6.637960653899582120e+00,8.764334912375972009e-02,2.999999999999999737e-04,1.074589109054384206e+00,-5.309999999999999616e-03,2.946623300837593717e+01,1.048490944812975334e+00,2.101532951278796357e+00,2.108135397448145376e+00,2.101532951278796357e+00,5.437537232483750671e+01,1.087507446496750116e+08,1.054067698724072670e+02,2.108135397448145449e+08,2.447472542005767693e+01,1.842568676173024187e+02,9.680770793901882776e-01,1.114009115386388871e+01,1.070801469537354889e+00,5.427206122254171206e-01,1.675324396022457529e+00,1.008000000000000007e+00,7.672022231811161941e-01,1.110847443466627782e+00,4.089482617826709543e+01,0.000000000000000000e+00,1.260000000000000009e-01,9.680770786773762460e-01,1.086264609424949068e+00,9.854460681389412002e-01,1.072354543310582553e+00,1.556378024824571327e+00,9.846600667382185978e-01
5.250000000000000000e+02,3.645833333333333148e-01,1.729151518338212327e+03,1.289011452676409064e+01,2.900078181009001099e+01,4.745861560892463895e+05,1.268315863879289296e+01,6.692206182304785145e+00,2.160874571384337273e+01,1.890679563326234991e+00,2.276905218308114343e+01,7.525364704577667041e+00,1.623280548168871240e+00,-2.563777258941655757e-01,0.000000000000000000e+00,3.344245452142041017e+02,1.000000000000000000e+00,7.500000000000000000e-01,2.500000000000000000e-01,1.050000000000000044e+00,9.599999999999999645e-01,2.382052701289583396e+01,0.000000000000000000e+00,1.012000000000000011e+00,-1.025510903576662303e+00,1.379788465943540530e+02,5.953763654987593412e+00,1.341455512088685111e+02,7.659028183500571352e-01,0.000000000000000000e+00,1.000000000000000000e+00,1.000000000000000000e+00,4.816078465058447611e-01,5.261686870505707381e-01,6.040181801464608036e-01,1.006359849797036299e+00,8.819821530180985691e-01,1.000000000000000000e+00,1.000000000000000000e+00,1.000000000000000000e+00,8.506422011141587802e-01,8.180963174332557541e-02,8.180963174332558197e+01,5.720898485798132782e+01,9.945359132127290502e-01,5.245236345012405099e-01,9.927161179456897022e-01,3.699999999999999956e-01,1.029821660938228023e+00,-2.553009394500190266e-01,1.662257883084364618e+00,1.047498485830033133e+01,7.340000000000000968e-01,1.873400000000000176e+01,5.720898485830033309e+01,3.190052666468545794e-10,1.000000000000000000e+02,0.000000000000000000e+00,5.000000000000000000e+00,9.916839189255055587e-01,2.286551347314155436e+00,2.059110801703830873e+00,1.097439814440295613e+01,4.345662149017986309e+00,6.628735995384969826e+00,8.766082401923433465e-02,2.999999999999999737e-04,1.067426882778325314e+00,-5.309999999999999616e-03,2.948412817359151106e+01,1.052337374101141476e+00,2.102362574835999975e+00,2.108889648761245628e+00,2.102362574835999975e+00,5.437887580403346277e+01,1.087577516080669314e+08,1.054444824380622805e+02,2.108889648761245608e+08,2.449119077467736005e+01,1.843145490167730998e+02,9.674981322653777305e-01,1.115329960494611683e+01,1.070801469537354889e+00,5.425507673347030879e-01,1.676307678767030351e+00,1.008000000000000007e+00,7.674154048583611276e-01,1.110172149331718927e+00,4.090481587166279098e+01,0.000000000000000000e+00,1.260000000000000009e-01,9.674981315529920245e-01,1.087552558756581744e+00,9.854460681389412002e-01,1.072602748875139733e+00,1.573885630418745407e+00,9.846600667382185978e-01
5.400000000000000000e+02,3.750000000000000000e-01,1.715082401105696590e+03,1.280596452676409136e+01,2.901789109055185989e+01,4.745749090634690365e+05,1.269064738584290453e+01,6.696161950539863739e+00,2.162271239681466639e+01,1.891798700227933061e+00,2.278297987547858483e+01,7.529967924946313396e+00,1.642567744982872391e+00,-2.536998432178195206e-01,0.000000000000000000e+00,3.458529834115320796e+02,1.000000000000000000e+00,7.500000000000000000e-01,2.500000000000000000e-01,1.050000000000000044e+00,9.599999999999999645e-01,2.383509788612818880e+01,0.000000000000000000e+00,1.012000000000000011e+00,-1.014799372871278083e+00,1.396182583235441541e+02,5.953763654987593412e+00,1.339284048086518339e+02,7.579029116119275766e-01,0.000000000000000000e+00,1.000000000000000000e+00,1.000000000000000000e+00,4.822066144635804852e-01,5.280364600249777274e-01,6.040312320425804682e-01,1.006374138220178960e+00,8.819886886987600150e-01,1.000000000000000000e+00,1.000000000000000000e+00,1.000000000000000000e+00,8.506422011141587802e-01,8.182924408551951745e-02,8.182924408551951956e+01,5.721149604135879940e+01,9.952409857046196073e-01,5.245236345012405099e-01,9.932461726807084723e-01,3.699999999999999956e-01,1.030333188268673483e+00,-2.526343038706425070e-01,1.680742295593477431e+00,1.047749604167983506e+01,7.340000000000000968e-01,1.873400000000000176e+01,5.721149604167983682e+01,3.210374188711284660e-10,1.000000000000000000e+02,0.000000000000000000e+00,5.000000000000000000e+00,9.876061391407551238e-01,2.291427276747489028e+00,2.048097453493860964e+00,1.095926012707143649e+01,4.339524730241349992e+00,6.619735396830086493e+00,8.767794713685671260e-02,2.999999999999999737e-04,1.060491314353105841e+00,-5.309999999999999616e-03,2.950152260872772558e+01,1.056072920049955455e+00,2.103168720626463095e+00,2.109622555231815966e+00,2.103168720626463095e+00,5.438212063054203327e+01,1.087642412610840648e+08,1.054811277615907983e+02,2.109622555231815875e+08,2.450726288646992757e+01,1.843705112786027485e+02,9.669362452200560565e-01,1.116614544823171506e+01,1.070801469537354889e+00,5.423860860747397039e-01,1.677263712089750447e+00,1.008000000000000007e+00,7.676246701399865868e-01,1.109510288490142660e+00,4.091462204275975267e+01,0.000000000000000000e+00,1.260000000000000009e-01,9.669362445080840196e-01,1.088805150386814802e+00,9.854460681389412002e-01,1.072843836067866263e+00,1.591029724714715599e+00,9.846600667382185978e-01
5.550000000000000000e+02,3.854166666666666852e-01,1.701115677435223233e+03,1.272181452676409030e+01,2.903452542002420245e+01,4.745636002123077633e+05,1.269792820086824392e+01,6.700007851031403838e+00,2.163627926963507875e+01,1.892886742677422518e+00,2.279651689833329442e+01,7.534442025720327507e+00,1.661458315648025819e+00,-2.510499312054974008e-01,0.000000000000000000e+00,3.571620507821430124e+02,1.000000000000000000e+00,7.500000000000000000e-01,2.500000000000000000e-01,1.050000000000000044e+00,9.599999999999999645e-01,2.384926004869832994e+01,0.000000000000000000e+00,1.012000000000000011e+00,-1.004199724821989603e+00,1.412239568300821873e+02,5.953763654987593412e+00,1.337164343857100448e+02,7.499865644524998931e-01,0.000000000000000000e+00,1.000000000000000000e+00,1.000000000000000000e+00,4.827876583889070261e-01,5.298510004330256873e-01,6.040439304527275288e-01,1.006388017882304364e+00,8.819950662879485481e-01,1.000000000000000000e+00,1.000000000000000000e+00,1.000000000000000000e+00,8.506422011141587802e-01,8.184849572948948992e-02,8.184849572948948548e+01,5.721396104058482024e+01,9.959240551164953992e-01,5.245236345012405099e-01,9.937609497186301599e-01,3.699999999999999956e-01,1.030825583997472927e+00,-2.499955214841666218e-01,1.698848953744625634e+00,1.047996104090774594e+01,7.340000000000000968e-01,1.873400000000000176e+01,5.721396104090774770e+01,3.229274625482503325e-10,1.000000000000000000e+02,0.000000000000000000e+00,5.000000000000000000e+00,9.836354448126495287e-01,2.296128835979521110e+00,2.037408015140866002e+00,1.094448900878134978e+01,4.333536851120387112e+00,6.610952157660962669e+00,8.769472674760248054e-02,2.999999999999999737e-04,1.053772570328216585e+00,-5.309999999999999616e-03,2.951843417702460570e+01,1.059702000866051375e+00,2.103952248596971497e+00,2.110334898684407268e+00,2.103952248596971497e+00,5.438512196424634482e+01,1.087702439284926951e+08,1.055167449342203554e+02,2.110334898684407175e+08,2.452295357388597807e+01,1.844248204723526783e+02,9.663907605372370480e-01,1.117864131399079675e+01,1.070801469537354889e+00,5.422263648888361320e-01,1.678193447033084373e+00,1.008000000000000007e+00,7.678300867423123455e-01,1.108861577386828667e+00,4.092424786474474274e+01,0.000000000000000000e+00,1.260000000000000009e-01,9.663907598256666898e-01,1.090023615886848596e+00,9.854460681389412002e-01,1.073078070106051607e+00,1.607818873037809126e+00,9.846600667382185978e-01
5.700000000000000000e+02,3.958333333333333148e-01,1.687248174555931200e+03,1.263766452676409102e+01,2.905070136463415409e+01,4.745522376302325283e+05,1.270500834020735681e+01,6.703747720562753365e+00,2.164946127748197569e+01,1.893944777505896182e+00,2.280967721427893835e+01,7.538791621668462284e+00,1.679961446086166044e+00,-2.484276977377820883e-01,0.000000000000000000e+00,3.683529939707470362e+02,1.000000000000000000e+00,7.500000000000000000e-01,2.500000000000000000e-01,1.050000000000000044e+00,9.599999999999999645e-01,2.386302810803434227e+01,0.000000000000000000e+00,1.012000000000000011e+00,-9.937107909511283532e-01,1.427967229173241037e+02,5.953763654987593412e+00,1.335094922786303471e+02,7.421529042204770832e-01,0.000000000000000000e+00,1.000000000000000000e+00,1.000000000000000000e+00,4.833516914513153462e-01,5.316143779586769424e-01,6.040562875299336776e-01,1.006401503775307793e+00,8.820012904062310977e-01,1.000000000000000000e+00,1.000000000000000000e+00,1.000000000000000000e+00,8.506422011141587802e-01,8.186739271211579405e-02,8.186739271211578739e+01,5.721638062862729868e+01,9.965860740114713678e-01,5.245236345012405099e-01,9.942610312294899444e-01,3.699999999999999956e-01,1.031299847177131968e+00,-2.473843014068256851e-01,1.716586238659625563e+00,1.048238062895208600e+01,7.340000000000000968e-01,1.873400000000000176e+01,5.721638062895208776e+01,3.247890845159417950e-10,1.000000000000000000e+02,0.000000000000000000e+00,5.000000000000000000e+00,9.797682287251066047e-01,2.300664402213143500e+00,2.027029688844673938e+00,1.093007403516982201e+01,4.327694091057817438e+00,6.602379944112004573e+00,8.771117062899438932e-02,2.999999999999999737e-04,1.047261460119567333e+00,-5.309999999999999616e-03,2.953487972071139112e+01,1.063228755917353885e+00,2.104713967385535955e+00,2.111027414295879368e+00,2.104713967385535955e+00,5.438789400779995731e+01,1.087757880155999213e+08,1.055513707147939613e+02,2.111027414295879304e+08,2.453827397369864727e+01,1.844775386962925836e+02,9.658610607285353922e-01,1.119079911557654405e+01,1.070801469537354889e+00,5.420714126321422022e-01,1.679097782129511440e+00,1.008000000000000007e+00,7.680317190793408688e-01,1.108225746971764014e+00,4.093369635605789369e+01,0.000000000000000000e+00,1.260000000000000009e-01,9.658610600173550553e-01,1.091209116921678879e+00,9.854460681389412002e-01,1.073305700255565043e+00,1.624261182506897327e+00,9.846600667382185978e-01
5.850000000000000000e+02,4.062500000000000000e-01,1.673476832953046141e+03,1.255351452676409174e+01,2.906643474367832880e+01,4.745408290725105908e+05,1.271189473163289207e+01,6.707385221146794585e+00,2.166227267534583234e+01,1.894973841657082270e+00,2.282247412117228436e+01,7.543021107845078177e+00,1.698086028907223266e+00,-2.458328536745378046e-01,0.000000000000000000e+00,3.794270470364821222e+02,1.000000000000000000e+00,7.500000000000000000e-01,2.500000000000000000e-01,1.050000000000000044e+00,9.599999999999999645e-01,2.387641597608802257e+01,0.000000000000000000e+00,1.012000000000000011e+00,-9.833314146981512183e-01,1.443373124571139670e+02,5.953763654987593412e+00,1.333074358885867241e+02,7.344010670744625102e-01,0.000000000000000000e+00,1.000000000000000000e+00,1.000000000000000000e+00,4.838993865617985390e-01,5.333285470106353676e-01,6.040683148759349308e-01,1.006414610158969491e+00,8.820073655098490395e-01,1.000000000000000000e+00,1.000000000000000000e+00,1.000000000000000000e+00,8.506422011141587802e-01,8.188594104281830821e-02,8.188594104281830255e+01,5.721875557493829945e+01,9.972279369745452593e-01,5.245236345012405099e-01,9.947469690865580194e-01,3.699999999999999956e-01,1.031756906489085024e+00,-2.448003556914875034e-01,1.733962336711258434e+00,1.048475557526482760e+01,7.340000000000000968e-01,1.873400000000000176e+01,5.721875557526482936e+01,3.265299142185540404e-10,1.000000000000000000e+02,0.000000000000000000e+00,5.000000000000000000e+00,9.760010491172602665e-01,2.305041814584182003e+00,2.016950374853628158e+00,1.091600483574209335e+01,4.321992189437810161e+00,6.594012646304283187e+00,8.772728632380544234e-02,2.999999999999999737e-04,1.040949325736368003e+00,-5.309999999999999616e-03,2.955087532273963191e+01,1.066657094021270735e+00,2.105454647116700162e+00,2.111700802228271279e+00,2.105454647116700162e+00,5.439045008309616236e+01,1.087809001661923230e+08,1.055850401114135622e+02,2.111700802228271365e+08,2.455323478471651555e+01,1.845287249792262685e+02,9.653465592362300285e-01,1.120263026608438928e+01,1.070801469537354889e+00,5.419210478545154475e-01,1.679977581034049816e+00,1.008000000000000007e+00,7.682296312720690024e-01,1.107602533026569080e+00,4.094297052140915127e+01,0.000000000000000000e+00,1.260000000000000009e-01,9.653465585254284997e-01,1.092362766376422822e+00,9.854460681389412002e-01,1.073526963708324011e+00,1.640364559239850806e+00,9.846600667382185978e-01
6.000000000000000000e+02,4.166666666666666852e-01,1.659798736670955122e+03,1.246936452676409246e+01,2.908174054860837998e+01,4.745293818905053195e+05,1.271859394160543211e+01,6.710923824690270934e+00,2.167472679018901260e+01,1.895974918561068145e+00,2.283492018485483044e+01,7.547134637367274301e+00,1.715840523768991766e+00,-2.432651129459968697e-01,0.000000000000000000e+00,3.903854307709954128e+02,1.000000000000000000e+00,7.500000000000000000e-01,2.500000000000000000e-01,1.050000000000000044e+00,9.599999999999999645e-01,2.388943679899142936e+01,0.000000000000000000e+00,1.012000000000000011e+00,-9.730604517839874790e-01,1.458464445203642867e+02,5.953763654987593412e+00,1.331101302803670023e+02,7.267301984603031784e-01,0.000000000000000000e+00,1.000000000000000000e+00,1.000000000000000000e+00,4.844313744583709780e-01,5.349953409178346275e-01,6.040800234496009891e-01,1.006427350496283735e+00,8.820132958137649748e-01,1.000000000000000000e+00,1.000000000000000000e+00,1.000000000000000000e+00,8.506422011141587802e-01,8.190414643044993670e-02,8.190414643044994136e+01,5.722108661048483924e+01,9.978504798526798281e-01,5.245236345012405099e-01,9.952192821804310974e-01,3.699999999999999956e-01,1.032197622687750282e+00,-2.422433994867677354e-01,1.750985003087864644e+00,1.048708661081305138e+01,7.340000000000000968e-01,1.873400000000000176e+01,5.722108661081305314e+01,3.282139005023054779e-10,1.000000000000000000e+02,0.000000000000000000e+00,5.000000000000000000e+00,9.723306574723030726e-01,2.309268396981937421e+00,2.007158719972335525e+00,1.090227160185944655e+01,4.316427116954272947e+00,6.585844484905173601e+00,8.774308093026016164e-02,2.999999999999999737e-04,1.034828062500032342e+00,-5.309999999999999616e-03,2.956643622441852060e+01,1.069990681835669255e+00,2.106175015512826931e+00,2.112355724093413212e+00,2.106175015512826931e+00,5.439280275303611489e+01,1.087856055060722232e+08,1.056177862046706650e+02,2.112355724093413353e+08,2.456784612800149503e+01,1.845784350857082643e+02,9.648467027891449721e-01,1.121414554157759369e+01,1.070801469537354889e+00,5.417750993151794203e-01,1.680833657203843146e+00,1.008000000000000007e+00,7.684238842344212062e-01,1.106991684774540907e+00,4.095207321522496358e+01,0.000000000000000000e+00,1.260000000000000009e-01,9.648467020787114823e-01,1.093485615019515578e+00,9.854460681389412002e-01,1.073742084466990487e+00,1.656136488818901853e+00,9.846600667382185978e-01
6.150000000000000000e+02,4.270833333333333148e-01,1.646211076920402547e+03,1.238521452676409140e+01,2.909663306112430803e+01,4.745179031098732376e+05,1.272511222380825302e+01,6.714366836339889844e+00,2.168683629251077960e+01,1.896948943903149054e+00,2.284702731402203213e+01,7.551136146159823426e+00,1.733233127858204714e+00,-2.407241924518011555e-01,0.000000000000000000e+00,4.012293534731848581e+02,1.000000000000000000e+00,7.500000000000000000e-01,2.500000000000000000e-01,1.050000000000000044e+00,9.599999999999999645e-01,2.390210303538357195e+01,0.000000000000000000e+00,1.012000000000000011e+00,-9.628967698072046222e-01,1.473248158679473931e+02,5.953763654987593412e+00,1.329174455043138607e+02,7.191394525687706540e-01,0.000000000000000000e+00,1.000000000000000000e+00,1.000000000000000000e+00,4.849482514814930645e-01,5.366164948313709715e-01,6.040914236705755558e-01,1.006439737534107648e+00,8.820190853723824942e-01,1.000000000000000000e+00,1.000000000000000000e+00,1.000000000000000000e+00,8.506422011141587802e-01,8.192201451262043355e-02,8.192201451262043577e+01,5.722337445711198001e+01,9.984544896024839522e-01,5.245236345012405099e-01,9.956784630310053785e-01,3.699999999999999956e-01,1.032622798271734199e+00,-2.397131508562568847e-01,1.767661773903467015e+00,1.048937445744179797e+01,7.340000000000000968e-01,1.873400000000000176e+01,5.722337445744179973e+01,3.298197270851233043e-10,1.000000000000000000e+02,0.000000000000000000e+00,5.000000000000000000e+00,9.687539522615978838e-01,2.313351026263320342e+00,1.997643973974753351e+00,1.088886489958483494e+01,4.310995000238073693e+00,6.577869899346761251e+00,8.775856131414244699e-02,2.999999999999999737e-04,1.028890021713155356e+00,-5.309999999999999616e-03,2.958157694547638172e+01,1.073232989662741943e+00,2.106875762230342453e+00,2.112992806895242826e+00,2.106875762230342453e+00,5.439496374818148183e+01,1.087899274963629693e+08,1.056496403447621475e+02,2.112992806895242929e+08,2.458211767430358208e+01,1.846267217672472327e+02,9.643609680645142124e-01,1.122535524853680045e+01,1.070801469537354889e+00,5.416334051907538694e-01,1.681666794249565777e+00,1.008000000000000007e+00,7.686145381201500149e-01,1.106392957451386660e+00,4.096100725631021788e+01,0.000000000000000000e+00,1.260000000000000009e-01,9.643609673544384364e-01,1.094578667830630847e+00,9.854460681389412002e-01,1.073951274684251000e+00,1.671584237345436819e+00,9.846600667382185978e-01
6.300000000000000000e+02,4.375000000000000000e-01,1.632711161243635843e+03,1.230106452676409212e+01,2.911112588548896341e+01,4.745063994156835251e+05,1.273145553689740161e+01,6.717717406501647837e+00,2.169861317851315263e+01,1.897896810002053902e+00,2.285880689379963826e+01,7.555029397103269595e+00,1.750271678484202065e+00,-2.382098120383679130e-01,0.000000000000000000e+00,4.119600107111957641e+02,1.000000000000000000e+00,7.500000000000000000e-01,2.500000000000000000e-01,1.050000000000000044e+00,9.599999999999999645e-01,2.391442659615530530e+01,0.000000000000000000e+00,1.012000000000000011e+00,-9.528392481534716518e-01,1.487730926711571726e+02,5.953763654987593412e+00,1.327292575119216451e+02,7.116279925021629094e-01,0.000000000000000000e+00,1.000000000000000000e+00,1.000000000000000000e+00,4.854505788682373368e-01,5.381936426343441049e-01,6.041025254856632332e-01,1.006451783443355952e+00,8.820247380536752058e-01,1.000000000000000000e+00,1.000000000000000000e+00,1.000000000000000000e+00,8.506422011141587802e-01,8.193955073109855658e-02,8.193955073109856357e+01,5.722561981158909106e+01,9.990407042681813676e-01,5.245236345012405099e-01,9.961249767577489145e-01,3.699999999999999956e-01,1.033033179821645664e+00,-2.372093308340542939e-01,1.783999878887087220e+00,1.049161981192042958e+01,7.340000000000000968e-01,1.873400000000000176e+01,5.722561981192043135e+01,3.313402885396499187e-10,1.000000000000000000e+02,0.000000000000000000e+00,5.000000000000000000e+00,9.652679917729154457e-01,2.317296139393116849e+00,1.988396005260324895e+00,1.087577572939914816e+01,4.305692144653441744e+00,6.570083584745706418e+00,8.777373401707019851e-02,2.999999999999999737e-04,1.023128013487409449e+00,-5.309999999999999616e-03,2.959631131691378059e+01,1.076387285268688210e+00,2.107557546593514353e+00,2.113612650060983533e+00,2.107557546593514353e+00,5.439694423569832793e+01,1.087938884713966548e+08,1.056806325030491820e+02,2.113612650060983598e+08,2.459605869061866912e+01,1.846736354293661577e+02,9.638888560371762226e-01,1.123626918648898965e+01,1.070801469537354889e+00,5.414958110696203031e-01,1.682477731409586452e+00,1.008000000000000007e+00,7.688016509933695009e-01,1.105806115523016553e+00,4.096977536554927468e+01,0.000000000000000000e+00,1.260000000000000009e-01,9.638888553274480575e-01,1.095642880356648696e+00,9.854460681389412002e-01,1.074154737010617922e+00,1.686714767350022015e+00,9.846600667382185978e-01
6.450000000000000000e+02,4.479166666666666852e-01,1.619296398212012036e+03,1.221691452676409284e+01,2.912523203706032504e+01,4.744948771834618528e+05,1.273762958132246226e+01,6.720978548855423007e+00,2.171006885702857048e+01,1.898819370366299220e+00,2.287026975462766032e+01,7.558817969749817678e+00,1.766963741895487550e+00,-2.357216944904241274e-01,0.000000000000000000e+00,4.225785855391068253e+02,1.000000000000000000e+00,7.500000000000000000e-01,2.500000000000000000e-01,1.050000000000000044e+00,9.599999999999999645e-01,2.392641881189636877e+01,0.000000000000000000e+00,1.012000000000000011e+00,-9.428867779616965095e-01,1.501919180611164393e+02,5.953763654987593412e+00,1.325454471065139614e+02,7.041949901226252084e-01,0.000000000000000000e+00,1.000000000000000000e+00,1.000000000000000000e+00,4.859388873557239918e-01,5.397283307663773844e-01,6.041133383732001372e-01,1.006463499790294369e+00,8.820302575707851256e-01,1.000000000000000000e+00,1.000000000000000000e+00,1.000000000000000000e+00,8.506422011141587802e-01,8.195676041680544088e-02,8.195676041680543733e+01,5.722782335649252161e+01,9.996098191584440462e-01,5.245236345012405099e-01,9.965592647375037805e-01,3.699999999999999956e-01,1.033429464462760183e+00,-2.347316633742083936e-01,1.800006316405827977e+00,1.049382335682528122e+01,7.340000000000000968e-01,1.873400000000000176e+01,5.722782335682528299e+01,3.327613740111701190e-10,1.000000000000000000e+02,0.000000000000000000e+00,5.000000000000000000e+00,9.618699702130698581e-01,2.321109785135507586e+00,1.979405219959167184e+00,1.086299545284692236e+01,4.300515005094674770e+00,6.562480447752247592e+00,8.778860534378071789e-02,2.999999999999999737e-04,1.017535249746097215e+00,-5.309999999999999616e-03,2.961065257101132886e+01,1.079456661532754769e+00,2.108220995795730079e+00,2.114215823805862815e+00,2.108220995795730079e+00,5.439875471729370560e+01,1.087975094345874041e+08,1.057107911902931505e+02,2.114215823805862963e+08,2.460967804713692075e+01,1.847192239547237591e+02,9.634298929694158353e-01,1.124689671753912101e+01,1.070801469537354889e+00,5.413621704285139780e-01,1.683267176533306930e+00,1.008000000000000007e+00,7.689852797354403968e-01,1.105230930146654744e+00,4.097838020840271867e+01,0.000000000000000000e+00,1.260000000000000009e-01,9.634298922600256221e-01,1.096679165491651231e+00,9.854460681389412002e-01,1.074352664092102838e+00,1.701534811468809139e+00,9.846600667382185978e-01
6.600000000000000000e+02,4.583333333333333148e-01,1.605964297677947798e+03,1.213276452676409356e+01,2.913896387186131420e+01,4.744833424835613696e+05,1.274363976840741230e+01,6.724153123995940895e+00,2.172121415135408995e+01,1.899717435074675498e+00,2.288142621068399052e+01,7.562505273022673613e+00,1.783316597580781204e+00,-2.332595654903747984e-01,0.000000000000000000e+00,4.330862486688165518e+02,1.000000000000000000e+00,7.500000000000000000e-01,2.500000000000000000e-01,1.050000000000000044e+00,9.599999999999999645e-01,2.393809047309338212e+01,0.000000000000000000e+00,1.012000000000000011e+00,-9.330382619614991935e-01,1.515819107943663937e+02,5.953763654987593412e+00,1.323659001322653523e+02,6.968396259318283548e-01,0.000000000000000000e+00,1.000000000000000000e+00,1.000000000000000000e+00,4.864136784690852866e-01,5.412220217304415382e-01,6.041238713650318726e-01,1.006474897578774064e+00,8.820356474771507971e-01,1.000000000000000000e+00,1.000000000000000000e+00,1.000000000000000000e+00,8.506422011141587802e-01,8.197364874795275147e-02,8.197364874795275114e+01,5.722998575484548667e+01,1.000162489065113514e+00,5.245236345012405099e-01,9.969817453613822877e-01,3.699999999999999956e-01,1.033812303295489343e+00,-2.322798753106094516e-01,1.815687826462445420e+00,1.049598575517961052e+01,7.340000000000000968e-01,1.873400000000000176e+01,5.722998575517961228e+01,3.341256160638295114e-10,1.000000000000000000e+02,0.000000000000000000e+00,5.000000000000000000e+00,9.585572159414104121e-01,2.324797648316655252e+00,1.970662541724415906e+00,1.085051580364891244e+01,4.295460190041071158e+00,6.555055613607841281e+00,8.780318133931518110e-02,2.999999999999999737e-04,1.012105325783005494e+00,-5.309999999999999616e-03,2.962461326972567122e+01,1.082444043460883076e+00,2.108866707125507833e+00,2.114802871156902686e+00,2.108866707125507833e+00,5.440040511253139499e+01,1.088008102250627875e+08,1.057401435578451299e+02,2.114802871156902611e+08,2.462298422792133934e+01,1.847635328982978820e+02,9.629836286284182423e-01,1.125724676653277179e+01,1.070801469537354889e+00,5.412323440202049252e-01,1.684035803772245377e+00,1.008000000000000007e+00,7.691654795983012827e-01,1.104667180244623292e+00,4.098682437397637557e+01,0.000000000000000000e+00,1.260000000000000009e-01,9.629836279193565440e-01,1.097688393492781023e+00,9.854460681389412002e-01,1.074545239267089780e+00,1.716050847648030953e+00,9.846600667382185978e-01
6.750000000000000000e+02,4.687500000000000000e-01,1.592712463072346736e+03,1.204861452676409250e+01,2.915233316109485173e+01,4.744718010989633622e+05,1.274949125354166135e+01,6.727243857381507652e+00,2.173205937417592182e+01,1.900591776006005595e+00,2.289228612962467579e+01,7.566094568265781639e+00,1.799337253846983842e+00,-2.308231535873883356e-01,0.000000000000000000e+00,4.434841585619223565e+02,1.000000000000000000e+00,7.500000000000000000e-01,2.500000000000000000e-01,1.050000000000000044e+00,9.599999999999999645e-01,2.394945190309074334e+01,0.000000000000000000e+00,1.012000000000000011e+00,-9.232926143495533422e-01,1.529436665769936212e+02,5.953763654987593412e+00,1.321905070109420421e+02,6.895610890066543597e-01,0.000000000000000000e+00,1.000000000000000000e+00,1.000000000000000000e+00,4.868754266738746783e-01,5.426761000716910921e-01,6.041341331008716065e-01,1.006485987324158504e+00,8.820409111811362557e-01,1.000000000000000000e+00,1.000000000000000000e+00,1.000000000000000000e+00,8.506422011141587802e-01,8.199022077110876272e-02,8.199022077110876694e+01,5.723210765281550039e+01,1.000699331311420082e+00,5.245236345012405099e-01,9.973928157081501933e-01,3.699999999999999956e-01,1.034182305208975361e+00,-2.298536963355514440e-01,1.831050920847451913e+00,1.049810765315093164e+01,7.340000000000000968e-01,1.873400000000000176e+01,5.723210765315093340e+01,3.354330146976280957e-10,1.000000000000000000e+02,0.000000000000000000e+00,5.000000000000000000e+00,9.553271819418397426e-01,2.328365074375477128e+00,1.962159373021201247e+00,1.083832885367193910e+01,4.290524447396678376e+00,6.547804406275260725e+00,8.781746781748223096e-02,2.999999999999999737e-04,1.006832191079361394e+00,-5.309999999999999616e-03,2.963820538044643271e+01,1.085352200143382184e+00,2.109495252004820021e+00,2.115374311624380166e+00,2.109495252004820021e+00,5.440190483491154794e+01,1.088038096698230952e+08,1.057687155812189985e+02,2.115374311624380052e+08,2.463598538430385787e+01,1.848066058004343972e+02,9.625496332759456708e-01,1.126732785811731929e+01,1.070801469537354889e+00,5.411061989201089162e-01,1.684784254579256180e+00,1.008000000000000007e+00,7.693423044292443391e-01,1.104114651520540225e+00,4.099511038555438347e+01,0.000000000000000000e+00,1.260000000000000009e-01,9.625496325672036058e-01,1.098671395594057909e+00,9.854460681389412002e-01,1.074732637800387414e+00,1.730269127378758043e+00,9.846600667382185978e-01
6.900000000000000000e+02,4.791666666666666852e-01,1.579538584269886087e+03,1.196446452676409322e+01,2.916535117411835287e+01,4.744602585422877455e+05,1.275518897210119462e+01,6.730253357982523887e+00,2.174261435624626060e+01,1.901443131977163414e+00,2.290285891826839659e+01,7.569588964512434792e+00,1.815032483802290431e+00,-2.284121901706742119e-01,0.000000000000000000e+00,4.537734615587262965e+02,1.000000000000000000e+00,7.500000000000000000e-01,2.500000000000000000e-01,1.050000000000000044e+00,9.599999999999999645e-01,2.396051294311403623e+01,0.000000000000000000e+00,1.012000000000000011e+00,-9.136487606826968477e-01,1.542777611231946935e+02,5.953763654987593412e+00,1.320191623065547901e+02,6.823585769088915676e-01,0.000000000000000000e+00,1.000000000000000000e+00,1.000000000000000000e+00,4.873245818721076428e-01,5.440918797640782456e-01,6.041441318300657670e-01,1.006496779041129441e+00,8.820460519593398274e-01,1.000000000000000000e+00,1.000000000000000000e+00,1.000000000000000000e+00,8.506422011141587802e-01,8.200648142904318205e-02,8.200648142904317695e+01,5.723418968327963796e+01,1.001220929231583012e+00,5.245236345012405099e-01,9.977928534607475308e-01,3.699999999999999956e-01,1.034540040802604643e+00,-2.274528589696305225e-01,1.846101909578287348e+00,1.050018968361628424e+01,7.340000000000000968e-01,1.873400000000000176e+01,5.723418968361628600e+01,3.366480427757778671e-10,1.000000000000000000e+02,0.000000000000000000e+00,5.000000000000000000e+00,9.521774342241939859e-01,2.331817100289033551e+00,1.953887551837229619e+00,1.082642698197032338e+01,4.285704652126263170e+00,6.540722329844060212e+00,8.783147039492328334e-02,2.999999999999999737e-04,1.001710117613035633e+00,-5.309999999999999616e-03,2.965144036035365716e+01,1.088183759528156491e+00,2.110107175162282633e+00,2.115930640450143674e+00,2.110107175162282633e+00,5.440326275417331914e+01,1.088065255083466321e+08,1.057965320225071935e+02,2.115930640450143814e+08,2.464868933388343564e+01,1.848484841105639305e+02,9.621274980407747979e-01,1.127714814935518639e+01,1.070801469537354889e+00,5.409836087170004637e-01,1.685513143886920195e+00,1.008000000000000007e+00,7.695158069680237967e-01,1.103573135618769241e+00,4.100324071452158847e+01,0.000000000000000000e+00,1.260000000000000009e-01,9.621274973323434843e-01,1.099628967186480732e+00,9.854460681389412002e-01,1.074915026663581408e+00,1.744195702578176466e+00,9.846600667382185978e-01
7.050000000000000000e+02,4.895833333333333148e-01,1.566440438309225328e+03,1.188031452676409394e+01,2.917802861280166482e+01,4.744487200595044415e+05,1.276073760979578608e+01,6.733184101960324242e+00,2.175288841011551000e+01,1.902272203888919710e+00,2.291315349148997527e+01,7.572991408204313046e+00,1.830408826653640464e+00,-2.260264094325621642e-01,0.000000000000000000e+00,4.639552920824361308e+02,1.000000000000000000e+00,7.500000000000000000e-01,2.500000000000000000e-01,1.050000000000000044e+00,9.599999999999999645e-01,2.397128291972698122e+01,0.000000000000000000e+00,1.012000000000000011e+00,-9.041056377302486569e-01,1.555847502655594496e+02,5.953763654987593412e+00,1.318517649326819026e+02,6.752312955422947738e-01,0.000000000000000000e+00,1.000000000000000000e+00,1.000000000000000000e+00,4.877615706800401130e-01,5.454706080461492190e-01,6.041538753898744174e-01,1.006507282214268439e+00,8.820510729507076153e-01,1.000000000000000000e+00,1.000000000000000000e+00,1.000000000000000000e+00,8.506422011141587802e-01,8.202243552674531868e-02,8.202243552674531202e+01,5.723623246147337085e+01,1.001727834260646821e+00,5.245236345012405099e-01,9.981822176845198680e-01,3.699999999999999956e-01,1.034886045182352721e+00,-2.250770985140982672e-01,1.860846872297210242e+00,1.050223246181118242e+01,7.340000000000000968e-01,1.873400000000000176e+01,5.723623246181118418e+01,3.378133328624244314e-10,1.000000000000000000e+02,0.000000000000000000e+00,5.000000000000000000e+00,9.491056490279520252e-01,2.335158479418104616e+00,1.945839332329324822e+00,1.081480288827848035e+01,4.280997811747429438e+00,6.533805076531050915e+00,8.784519447248285984e-02,2.999999999999999737e-04,9.967336833013727970e-01,-5.309999999999999616e-03,2.966432908968169357e+01,1.090941216092298438e+00,2.110702992834458946e+00,2.116472326972353102e+00,2.110702992834458946e+00,5.440448718358122449e+01,1.088089743671624511e+08,1.058236163486176622e+02,2.116472326972353160e+08,2.466110352706946074e+01,1.848892070592683297e+02,9.617168359690125845e-01,1.128671542539278860e+01,1.070801469537354889e+00,5.408644538561078186e-01,1.686223061910731680e+00,1.008000000000000007e+00,7.696860384842654224e-01,1.103042431249349864e+00,4.101121776337266311e+01,0.000000000000000000e+00,1.260000000000000009e-01,9.617168352608836956e-01,1.100561867395707827e+00,9.854460681389412002e-01,1.075092564024787034e+00,1.757836400872252014e+00,9.846600667382185978e-01
7.200000000000000000e+02,5.000000000000000000e-01,1.553415876002221921e+03,1.179616452676409288e+01,2.919037573807970531e+01,4.744371906569681596e+05,1.276614165947485269e+01,6.736038463719157043e+00,2.176289049269410825e+01,1.903079663904736041e+00,2.292317843082445705e+01,7.576304735611473440e+00,1.845472610114569978e+00,-2.236655483447498594e-01,0.000000000000000000e+00,4.740307726771650891e+02,1.000000000000000000e+00,7.500000000000000000e-01,2.500000000000000000e-01,1.050000000000000044e+00,9.599999999999999645e-01,2.398177081075993300e+01,0.000000000000000000e+00,1.012000000000000011e+00,-8.946621933789994374e-01,1.568651718597384388e+02,5.953763654987593412e+00,1.316882171724297450e+02,6.681784591259845030e-01,0.000000000000000000e+00,1.000000000000000000e+00,1.000000000000000000e+00,4.881867984989251008e-01,5.468134708351265472e-01,6.041633713246266080e-01,1.006517505962023051e+00,8.820559771868460297e-01,1.000000000000000000e+00,1.000000000000000000e+00,1.000000000000000000e+00,8.506422011141587802e-01,8.203808780070107054e-02,8.203808780070106366e+01,5.723823659386096097e+01,1.002220568540076684e+00,5.245236345012405099e-01,9.985612506923243759e-01,3.699999999999999956e-01,1.035220820969982469e+00,-2.227261530419948343e-01,1.875291738215268511e+00,1.050423659419988098e+01,7.340000000000000968e-01,1.873400000000000176e+01,5.723823659419988275e+01,3.389217795302101877e-10,1.000000000000000000e+02,0.000000000000000000e+00,5.000000000000000000e+00,9.461096004105075119e-01,2.338393693798140216e+00,1.938007343335792054e+00,1.080344952270958103e+01,4.276401037133932270e+00,6.527048485575648762e+00,8.785864529968751002e-02,2.999999999999999737e-04,9.918977429252845424e-01,-5.309999999999999616e-03,2.967688200038103474e+01,1.093626941670253094e+00,2.111283201946898114e+00,2.116999822972414957e+00,2.111283201946898114e+00,5.440558603377085944e+01,1.088111720675417185e+08,1.058499911486207594e+02,2.116999822972415090e+08,2.467323517723584914e+01,1.849288123596274716e+02,9.613172755209808962e-01,1.129603716524508172e+01,1.070801469537354889e+00,5.407486195581677757e-01,1.686914573146417462e+00,1.008000000000000007e+00,7.698530495166568954e-01,1.102522341374325032e+00,4.101904390035053183e+01,0.000000000000000000e+00,1.260000000000000009e-01,9.613172748131462164e-01,1.101470825496674522e+00,9.854460681389412002e-01,1.075265402008166005e+00,1.771196898009350207e+00,9.846600667382185978e-01
